drug_idx,disease_idx,label
917,859,1
21233,1198,0
49050,44,0
4376,45,1
2823,956,1
98614,1066,0
61625,145,0
51,66,1
681,61,1
102175,948,0
7348,885,0
1035,9,1
6081,643,1
938,172,1
49,160,1
1650,217,1
256,97,1
2908,91,1
2698,45,1
94190,0,0
442,252,0
89920,1124,0
46,6,1
43208,1197,0
2126,124,1
6892,394,0
102741,1,0
172,53,1
50489,892,0
66901,431,0
98553,170,0
45,57,1
89093,431,0
4018,1057,1
2232,394,1
4049,877,1
105654,24,0
779,776,1
4476,88,1
89719,36,0
875,344,1
183,233,1
575,44,1
107,776,1
54150,105,0
1517,1400,1
65216,98,0
51418,97,0
75,114,1
888,124,1
304,1200,1
105917,65,0
302,246,1
2686,1094,1
1812,74,1
58972,33,0
2485,1063,1
1318,114,1
99154,13,0
79742,82,0
1536,39,1
1399,282,1
55728,1198,0
1336,480,1
1614,109,1
3916,1342,1
557,235,1
13064,364,0
395,881,1
75666,394,0
100534,339,0
36462,169,0
3768,67,0
331,302,1
4672,632,0
163,955,1
5647,1197,1
492,305,1
3136,259,1
47066,67,0
71727,18,0
2223,17,1
5420,693,1
2112,984,0
2629,18,1
87120,945,0
104849,621,0
2594,18,1
64383,1396,0
49,255,1
423,955,1
58216,1207,0
87953,15,0
378,9,1
65878,6,0
1490,1207,1
98041,114,0
586,417,1
2698,67,1
84583,529,0
4753,21,1
73266,841,0
103594,36,0
87882,1315,0
456,157,1
2887,445,1
103415,47,0
50311,6,0
6117,1,1
78593,37,0
910,245,1
1948,71,0
503,503,1
16045,248,0
99542,340,0
4437,220,1
3550,464,1
1320,1124,0
4292,98,1
244,283,0
2785,150,1
2373,288,1
1622,221,1
75623,999,0
1114,419,1
51600,5,0
64197,40,0
80121,44,0
71115,1456,0
2260,154,1
56437,21,0
1653,337,0
8935,21,0
1421,305,1
11646,351,0
86317,646,0
3217,58,1
65762,1197,0
64449,33,0
83263,78,0
2176,394,0
58908,769,0
83051,186,0
1618,44,1
624,79,1
106344,201,0
93783,82,0
630,169,1
3250,1200,1
82485,38,0
2597,214,1
26361,327,0
2402,877,1
439,882,1
79389,67,0
3657,39,1
1445,424,1
2567,109,1
77863,892,0
1603,40,1
3097,9,1
2549,945,1
1163,458,1
8463,431,0
1655,140,1
69382,253,0
96307,1,0
2071,64,1
4449,487,1
5265,177,1
2204,308,1
66727,98,0
2453,68,1
4342,21,0
837,109,1
5779,458,1
620,170,1
921,21,1
1480,16,1
46971,205,0
2826,21,1
89493,41,0
88479,362,0
79042,1207,0
2273,823,1
80095,97,0
577,206,1
86136,431,0
91951,114,0
1033,78,1
681,288,1
46986,302,0
60469,961,0
288,394,1
1364,531,1
104309,1394,0
58053,17,0
979,18,1
89547,152,0
617,13,1
2737,248,1
86453,68,0
415,1210,1
85691,643,0
83755,98,0
1214,464,1
75,186,1
2084,8,1
433,394,1
79011,548,0
71751,129,0
2956,91,1
2837,249,1
97661,78,0
100723,175,0
917,58,1
85106,189,0
4048,878,1
228,67,1
666,109,1
18561,623,0
452,29,1
6175,1392,1
2446,67,1
93156,221,0
95017,351,0
31,456,1
49974,150,0
24909,458,0
129,111,1
54572,784,0
5705,4,1
1078,21,1
45097,78,0
1040,456,1
546,317,1
57597,47,0
66347,1073,0
576,244,1
313,33,1
3247,41,1
85542,273,0
2725,33,1
51506,13,0
70118,1149,0
1392,109,1
58509,0,0
12095,1339,0
3841,44,1
79842,33,0
4961,1210,1
5341,274,1
49772,65,0
46116,880,0
105416,321,0
1664,37,1
2357,1228,1
76503,1387,0
71413,460,0
19075,47,0
313,45,1
75328,234,0
281,139,1
61405,376,0
49260,1207,0
102951,394,0
83435,263,0
4567,130,1
89923,4,0
1618,619,1
102,13,1
82889,878,0
3788,37,0
68374,44,0
720,305,0
388,776,1
73227,28,0
557,1292,1
40435,47,0
1521,941,1
3932,344,1
2885,524,1
73215,53,0
49341,880,0
58228,429,0
53217,340,0
53375,58,0
3514,258,0
2464,309,1
3101,282,1
686,1352,1
2774,245,1
64601,464,0
4790,373,0
2789,252,1
62071,192,0
917,246,1
6217,551,1
3937,795,1
902,776,1
4315,39,1
55191,962,0
5473,44,1
47630,35,0
79871,13,0
99743,776,0
4882,1210,1
2076,40,1
168,465,1
1350,202,1
302,38,1
18916,693,0
213,177,0
92,263,1
77289,126,0
14,220,1
78867,114,0
82243,57,0
103478,24,0
102189,172,0
32,100,1
114,39,1
99614,24,0
2105,500,1
573,318,1
66,40,1
65758,36,0
1631,867,1
969,173,1
85092,909,0
1674,255,1
336,462,1
559,177,1
4076,621,0
53627,175,0
6934,103,0
3876,21,1
587,171,1
66550,247,0
248,995,1
99309,776,0
60273,431,0
101,1231,1
73462,0,0
2455,1196,1
70131,755,0
2435,431,1
83945,578,0
559,984,1
58476,949,0
80889,1264,0
99376,431,0
3693,40,1
28173,1394,0
82969,61,0
4559,40,1
60962,92,0
3614,29,1
1840,1196,0
36754,245,0
65523,39,0
70234,40,0
2129,44,1
105900,171,0
5000,1197,1
877,1466,1
59345,82,0
99729,194,0
1248,1012,1
5829,256,1
84527,776,0
58244,776,0
30492,78,0
99661,673,0
1664,98,1
70424,220,0
387,24,1
103945,109,0
1716,319,1
72314,1207,0
6016,431,1
2362,1,1
76242,776,0
83,524,1
56920,40,0
1442,1228,1
2920,128,1
411,80,1
91102,880,0
2647,41,1
422,269,1
284,776,1
63360,13,0
2521,431,1
586,13,1
3192,17,1
1616,177,1
47997,33,0
770,109,1
48787,180,0
3724,776,1
2428,282,1
2005,98,1
53222,78,0
3794,877,1
91420,177,0
2126,41,1
1097,364,1
1989,177,1
1120,125,1
28,16,1
59182,24,0
1517,431,1
642,84,1
96483,38,0
876,389,1
16360,1210,0
313,243,1
989,449,1
4417,44,1
67574,12,0
145,269,1
383,47,1
564,776,0
86563,304,0
61732,304,0
3932,517,1
90759,375,0
916,510,0
1524,305,1
5473,24,1
4411,806,1
747,13,1
76004,344,0
115,246,1
3643,78,1
58871,24,0
4955,1196,1
92,948,1
2440,45,1
45287,344,0
256,35,1
84547,39,0
46247,40,0
1183,431,1
5589,517,1
1798,154,1
84827,36,0
1367,205,1
2,150,1
586,617,1
3132,681,1
8680,593,0
51321,177,0
227,45,1
524,305,1
51543,1224,0
60,789,0
894,114,1
100053,431,0
5811,9,1
336,124,1
1408,109,1
3657,89,1
71325,305,0
98006,31,0
105594,41,0
3385,431,1
226,109,1
3292,82,1
1205,248,1
60014,705,0
68409,1196,0
105299,263,0
8502,17,0
1528,157,0
66840,179,0
69884,282,0
55527,249,0
1650,233,1
5844,256,1
93970,109,0
35904,1207,0
66141,47,0
88952,362,0
45,0,1
31355,227,0
1631,12,1
1742,69,1
1104,332,1
480,130,1
17060,1148,0
1591,193,1
70008,681,0
26,533,1
5911,394,1
105281,1207,0
2044,16,1
1795,45,1
68464,109,0
49496,409,0
81039,215,0
2793,5,1
46807,12,0
105994,0,0
57183,586,0
3129,58,1
68655,21,0
1081,1197,1
1746,16,1
163,283,1
73973,91,0
923,621,1
30,45,1
59564,951,0
101,538,1
2046,838,1
2549,206,1
105269,621,0
91438,1456,0
676,65,1
59853,16,0
422,213,1
83357,217,0
2360,252,1
99107,288,0
100515,98,0
101780,105,0
85669,138,0
61184,45,0
56100,24,0
437,775,1
31107,233,0
62,220,1
76038,944,0
12233,33,0
59145,35,0
762,80,1
73431,141,0
76361,37,0
3098,776,1
46989,44,0
2471,503,1
959,1356,0
85844,175,0
4087,877,1
60675,21,0
1362,945,0
583,79,1
2150,504,0
3198,172,0
63481,41,0
26822,180,0
1230,13,1
304,686,1
66206,486,0
1736,9,1
1519,288,1
56451,1196,0
89392,1197,0
70194,776,0
7997,504,0
73679,693,0
912,58,1
4517,9,1
95012,541,0
2912,823,1
1101,196,1
302,73,1
52,12,1
58485,44,0
2820,149,1
2436,172,0
100014,458,0
73069,41,0
64592,1075,0
87026,253,0
68292,18,0
97802,109,0
1539,1207,1
629,478,1
114,9,1
49235,38,0
50443,21,0
53504,61,0
65426,1197,0
91,9,1
1284,1203,1
917,67,1
97794,47,0
458,621,1
101,253,1
588,821,1
53,89,1
226,318,1
3628,9,1
385,1396,1
5978,206,1
4348,13,1
48923,45,0
101078,246,0
2793,6,1
100232,364,0
2199,129,1
1174,9,1
97983,394,0
724,1411,1
93099,281,0
1901,410,1
100766,47,0
2629,394,1
910,157,1
207,54,1
70932,524,0
2920,64,0
2548,331,1
63121,53,0
5978,245,1
456,91,1
3061,1394,1
74079,79,0
81284,6,0
131,109,1
3506,82,1
589,177,1
92,953,1
2086,12,1
56275,763,0
100172,9,0
2817,247,1
2763,21,1
89990,114,0
62232,1207,0
92,201,1
1083,24,0
106404,270,0
76,233,1
2346,202,1
1426,98,1
233,206,1
6063,1194,1
2630,4,1
1333,331,1
2114,1194,1
824,1207,1
3858,394,1
5995,6,1
61048,4,0
1640,639,1
61379,29,0
5065,1198,1
71467,351,0
2885,951,1
2740,1074,1
1169,97,1
69662,1394,0
569,49,1
77489,5,0
2885,503,1
84513,13,0
67537,685,0
4467,899,0
82033,124,0
6063,1,1
5640,1224,1
483,139,1
22787,39,0
3772,363,1
764,9,1
1664,859,1
71705,36,0
84867,1200,0
2052,1394,1
3151,252,1
4736,315,1
1415,281,1
3400,33,1
64479,486,0
76254,41,0
57532,784,0
59849,233,0
166,1,0
160,53,1
82975,9,0
52418,1207,0
435,130,1
2820,776,1
100602,21,0
2549,220,1
72099,16,0
85756,12,0
183,1207,1
94367,859,0
58650,1067,0
1812,21,1
2908,35,1
68888,38,0
2977,458,1
2802,776,1
98223,36,0
94938,6,0
89960,179,0
841,44,1
2929,258,1
88773,47,0
77032,13,0
3526,361,0
2757,21,1
2822,36,1
98543,431,0
67283,930,0
85843,886,0
53524,1197,0
552,809,1
93180,1034,0
54564,17,0
5731,1216,1
93190,170,0
91825,217,0
3061,217,1
61155,173,0
9235,13,0
70612,24,0
81876,438,0
39785,12,0
4412,431,1
2937,636,1
1701,770,1
2974,79,1
2677,1074,1
327,76,1
65,456,1
82770,79,0
3914,244,1
86706,431,0
88867,847,0
618,24,1
45356,246,0
49,44,1
2884,1197,1
2373,312,1
52140,37,0
415,78,1
87340,462,0
55805,859,0
93258,64,0
332,379,1
950,4,1
102050,41,0
724,156,1
38516,878,0
67,270,1
2044,17,1
59120,61,0
78684,1124,0
104913,87,0
67536,1452,0
46223,273,0
6018,1495,1
225,97,1
81960,15,0
1037,5,1
70320,13,0
98256,155,0
1491,776,1
2430,776,1
72203,1138,0
58739,836,0
724,502,1
49215,39,0
522,402,1
1026,4,1
1918,21,1
2986,3,1
578,456,1
1519,263,1
2820,217,1
70988,456,0
71996,28,0
70226,33,0
395,124,1
1475,21,1
306,965,1
80022,151,0
3064,57,1
90522,109,0
188,177,1
1207,342,1
3329,728,1
6080,880,1
437,67,1
2282,33,1
55752,181,0
83007,37,0
70336,138,0
11733,670,0
361,109,1
51162,177,0
593,233,1
22566,458,0
207,39,1
2687,3,1
1615,35,1
3592,78,1
4778,1210,1
3227,89,1
73,491,1
1455,80,1
266,158,1
86952,654,0
101914,24,0
3543,40,1
3396,1122,1
94152,214,0
19263,89,0
57195,16,0
7948,957,0
31564,882,0
134,33,1
70444,980,0
101854,58,0
1205,9,1
2862,13,1
95426,776,0
188,882,1
40276,47,0
2908,541,1
61,175,1
1336,147,1
1708,89,1
1106,79,1
25,39,1
4562,57,1
3885,80,1
86057,124,0
1398,456,1
11,362,1
57686,255,0
2364,247,1
471,1198,1
304,230,1
1350,775,1
5358,9,1
3550,19,1
143,58,1
87199,1196,0
1753,431,1
81374,480,0
2440,69,1
82778,269,0
1602,253,1
15644,321,0
81345,722,0
2209,107,1
175,431,1
2247,138,1
82931,45,0
2092,1396,1
969,207,1
40407,207,0
51823,431,0
302,569,1
346,21,1
987,21,1
3625,460,1
35209,1200,0
72842,18,0
66069,91,0
786,58,1
71859,45,0
1136,717,1
1850,217,1
89483,304,0
3173,74,1
4307,76,0
1045,45,1
6059,36,1
3683,150,1
302,231,1
104053,114,0
90168,21,0
54467,429,0
69955,114,0
53460,752,0
64,1113,1
95302,45,0
2823,776,1
2716,21,1
1039,738,1
4555,776,1
36843,344,0
917,35,1
85048,1214,0
108,253,1
56325,177,0
68999,424,0
966,206,1
4178,877,0
10750,714,0
13063,1433,0
909,14,1
23512,1394,0
4682,776,1
719,264,1
6261,863,0
57920,776,0
2168,458,1
70047,203,0
2175,1237,1
2435,430,1
105092,213,0
651,21,1
52377,521,0
1398,955,1
101026,9,0
2084,394,1
2395,283,1
4220,58,1
437,9,1
1364,379,1
26596,78,0
62521,177,0
52870,1210,0
9400,58,0
1087,1178,1
902,76,1
74610,180,0
29771,911,0
91760,1396,0
2275,859,1
2520,79,1
90088,9,0
76156,1,0
69304,177,0
2371,9,1
95233,768,0
42399,305,0
83164,944,0
2045,17,1
481,21,1
5222,252,1
105551,151,0
3307,246,1
53120,110,0
77447,234,0
62409,39,0
1843,40,0
84772,68,0
3237,776,1
99144,194,0
236,1047,1
4647,1198,1
2260,157,1
3249,685,1
2721,534,0
5030,1197,1
101028,124,0
3686,149,0
114,201,1
101242,950,0
890,201,1
8636,189,0
2885,68,1
72851,78,0
145,16,1
2128,157,1
78838,74,0
3240,61,0
168,215,1
48157,15,0
47212,98,0
59573,92,0
1763,44,1
1622,458,1
1498,252,1
240,1200,1
67947,251,0
11472,602,0
72143,36,0
5054,1197,1
88681,776,0
1183,269,1
4222,776,1
1442,45,1
102,927,1
300,409,1
60435,58,0
61862,661,0
97884,351,0
79026,21,0
87402,517,0
5040,92,0
1169,109,1
3718,878,1
62876,109,0
5978,1012,1
80758,394,0
39,431,1
187,138,1
320,220,1
81751,1207,0
50178,105,0
232,109,1
50007,878,0
724,621,1
52777,1124,0
100419,69,0
51724,616,0
52723,177,0
73,155,1
75,464,1
5495,0,0
83555,1198,0
57708,65,0
65623,65,0
1087,379,1
100559,265,0
53,818,1
52486,58,0
5318,78,1
1028,458,1
91367,791,0
13006,65,0
56,97,1
128,69,1
4965,29,0
82034,109,0
55223,776,0
317,21,1
99968,37,0
1497,1034,1
9559,76,0
1,3,1
262,12,1
890,114,1
2770,58,1
958,192,1
1472,82,1
3333,98,1
557,775,1
103980,89,0
102707,1400,0
167,80,1
122,29,1
3856,431,1
27,1,1
16549,513,0
5128,1198,1
68881,54,0
679,245,1
445,0,1
49810,431,0
76584,458,0
6052,961,1
3097,1224,1
102142,501,0
3161,0,1
85,150,1
3701,220,1
1684,150,1
71641,61,0
992,21,1
2485,285,1
90976,1200,0
90521,1124,0
313,149,1
421,4,1
182,822,1
58463,297,0
55414,401,0
2303,189,1
2713,252,1
59970,16,0
70215,776,0
1632,61,1
102215,21,0
100495,793,0
479,1122,1
5797,9,1
64309,954,0
26,826,1
3363,9,1
2044,107,1
86482,269,0
60459,394,0
1035,510,1
157,220,1
10401,40,0
85206,1234,0
2524,125,1
78651,9,0
1911,569,1
559,501,1
3597,13,1
87377,128,0
916,859,1
10436,97,0
2022,44,1
34366,619,0
86978,5,0
1465,282,1
917,41,1
4474,238,1
97213,209,0
4362,220,1
87891,1241,0
51243,1289,0
52750,776,0
74281,114,0
3937,1269,0
99306,170,0
3696,460,1
212,29,1
4185,21,1
2820,247,1
114,38,1
2956,844,1
61,80,1
3470,79,1
82790,1379,0
437,156,1
77537,342,0
90104,488,0
356,477,1
2458,47,1
182,1200,1
1159,45,1
379,39,1
34466,170,0
5053,431,1
5336,1197,1
72274,58,0
4032,878,1
63,283,1
56,1073,1
606,109,1
222,1200,1
588,822,1
2930,244,1
1631,264,1
54580,119,0
5951,35,1
90619,45,0
74495,45,0
4913,1210,1
822,8,1
1171,18,1
74043,1200,0
93594,31,0
94612,431,0
124,71,1
81769,40,0
91034,45,0
332,57,1
584,213,1
17363,882,0
70703,65,0
124,1082,1
4459,9,1
65386,376,0
96213,76,0
258,207,1
148,3,1
83589,1315,0
90744,21,0
3869,80,1
47034,129,0
91886,80,0
2769,78,1
3653,1381,1
1345,133,1
85979,949,0
85585,1199,0
56039,72,0
59903,1198,0
2175,182,1
10307,15,0
106232,177,0
90487,97,0
48635,1176,0
1717,78,1
96338,125,0
618,411,1
82428,460,0
66192,194,0
57159,9,0
54548,31,0
5978,401,1
88277,1197,0
66651,6,0
2630,119,1
3928,878,1
85468,458,0
62066,129,0
63328,137,0
70624,114,0
583,776,1
50132,12,0
63867,24,0
557,578,1
82091,74,0
84500,1210,0
423,944,1
1528,1118,1
61296,4,0
557,673,1
1130,190,1
2298,78,1
2348,913,1
52415,39,0
1611,45,1
69295,39,0
90922,36,0
562,327,1
1188,245,1
36372,61,0
50902,12,0
61162,389,0
58317,4,0
64096,1400,0
70189,13,0
71,37,1
57140,97,0
1529,743,1
253,76,1
96958,776,0
87403,252,0
2213,57,1
95911,1207,0
10904,795,0
90799,150,0
57614,783,0
86839,608,0
71263,65,0
79813,130,0
85404,230,0
60192,561,0
1491,71,1
748,643,1
86286,1207,0
4382,394,1
358,1197,1
60534,1074,0
69953,114,0
74479,621,0
1398,40,1
97888,248,0
15617,79,0
86057,281,0
2632,1,1
94954,151,0
4047,1196,1
105518,256,0
82261,886,0
97715,105,0
2443,905,1
4853,1196,1
3916,899,1
1281,197,1
51736,80,0
69794,1124,0
437,186,1
1463,1394,1
5142,431,1
5406,363,1
108,305,1
893,423,1
81907,67,0
2741,153,1
40752,911,0
1349,456,1
56,322,1
114,234,1
72375,27,0
1880,0,1
842,109,1
1333,124,1
98153,965,0
2141,328,1
86264,206,0
1693,321,1
101,171,1
1309,1229,1
63082,72,0
44,137,1
5805,460,1
79667,33,0
854,256,1
559,12,1
25,885,1
101529,1196,0
48414,1207,0
568,129,1
80359,80,0
245,214,1
2005,884,1
2428,212,1
262,151,1
73671,229,0
521,375,1
1092,147,1
75152,1200,0
128,515,1
70885,344,0
49041,151,0
87120,718,0
96658,878,0
76005,18,0
2556,80,1
37342,1200,0
1485,394,1
1615,1193,1
3074,145,1
2446,40,1
73574,24,0
65109,41,0
84258,1207,0
98428,87,0
67925,859,0
55483,431,0
47,179,1
588,899,1
5404,175,1
65865,27,0
81001,472,0
1755,555,1
62483,491,0
884,97,1
63308,363,0
60111,1194,0
332,431,1
635,643,1
38258,579,0
1651,233,1
100375,230,0
76982,339,0
58095,177,0
3480,38,1
86047,487,0
80912,8,0
99044,5,0
53301,61,0
5796,186,1
92794,394,0
55947,158,0
105942,41,0
1226,253,1
397,263,1
3593,821,1
52,40,1
969,1027,1
89318,878,0
71,1230,1
2276,78,1
59821,394,0
91982,6,0
681,882,1
95039,72,0
56263,12,0
2043,194,1
37790,431,0
46247,1244,0
3950,1,1
58183,150,0
88063,109,0
2538,281,1
4307,13,1
1283,424,1
104055,244,0
51961,882,0
4560,41,1
4303,215,1
73807,5,0
104372,454,0
4231,177,1
4137,503,0
995,24,1
57441,17,0
91412,171,0
620,48,1
22950,177,0
56802,1394,0
1528,124,1
4527,177,1
50857,58,0
94481,170,0
1886,631,1
508,207,1
346,1138,1
105438,45,0
63549,1482,0
68463,21,0
2244,375,1
3611,1198,1
3897,28,1
3856,214,1
61667,1194,0
1674,9,1
605,109,1
3585,103,0
65180,817,0
101033,1197,0
4067,877,1
4966,247,0
104565,177,0
1690,207,1
81424,47,0
106045,1,0
53269,76,0
1724,21,1
97727,144,0
75531,382,0
1798,33,1
1009,150,1
94929,1,0
3070,129,1
62279,431,0
76911,791,0
38192,9,0
159,394,1
586,78,1
14769,315,0
75,595,1
72292,282,0
103057,111,0
77872,1,0
74702,8,0
3663,9,1
987,661,1
87726,64,0
87655,259,0
1648,47,1
1364,953,1
128,12,1
2783,9,1
3097,1394,1
927,9,1
98739,318,0
2458,269,1
1300,82,1
2428,776,1
48567,18,0
587,283,1
2721,445,0
2502,78,1
95979,877,0
71074,1199,0
2652,24,1
47878,186,0
10107,9,0
47173,3,0
226,29,1
2232,145,1
837,47,1
1698,4,1
2446,45,1
53882,1172,0
5245,1236,1
2316,65,1
101,91,1
5995,141,1
2820,186,1
49216,620,0
3578,292,1
724,248,1
62340,82,0
50687,37,0
77366,783,0
2609,965,0
42944,74,0
102042,40,0
4387,344,1
76164,352,0
1336,29,1
105320,58,0
2630,118,1
4684,150,1
1957,784,1
3935,1121,0
57954,64,0
917,71,1
948,3,1
1464,40,1
102987,464,0
47156,111,0
92623,122,0
318,21,1
62218,89,0
76142,177,0
71056,215,0
912,937,1
15,18,1
78863,1224,0
12295,281,0
60214,175,0
12004,98,0
557,661,1
196,9,1
62,305,1
784,44,1
1443,791,1
81438,157,0
86426,217,0
4342,1023,1
2848,880,1
3738,109,1
59292,253,0
76247,150,0
90257,68,0
102551,9,0
106267,190,0
78171,61,0
2381,1194,1
57209,54,0
17294,145,0
74870,39,0
97281,621,0
62642,24,0
84931,88,0
1648,141,1
3036,172,1
100,502,1
1647,431,1
59688,662,0
1365,150,1
1314,37,1
51328,480,0
98538,9,0
93283,297,0
1831,39,1
61136,177,0
79175,1269,0
1184,40,0
912,245,1
97271,1197,0
1693,9,1
136,461,1
5391,693,1
29,776,1
1773,150,1
27336,147,0
68729,207,0
127,0,1
2100,344,1
57410,379,0
902,68,1
57602,352,0
4697,114,1
2215,13,1
780,33,1
100705,503,0
75668,951,0
20759,47,0
5978,44,1
97360,784,0
84997,466,0
106332,40,0
72913,109,0
56262,510,0
1350,13,1
1463,322,1
5057,38,1
60264,256,0
3028,0,1
59502,1294,0
49179,8,0
87664,262,0
94598,394,0
3170,61,0
414,1,1
89257,130,0
49427,40,0
85,189,1
931,917,1
32,39,1
3437,170,1
98961,24,0
557,1394,1
86487,220,0
1938,170,1
623,194,1
99879,249,0
1212,323,1
93599,456,0
2451,1124,1
10307,491,0
3624,13,1
5218,1207,1
5190,1396,1
1399,173,1
318,197,1
351,111,1
2046,989,1
1625,1124,1
2189,74,1
54245,61,0
16585,1396,0
80406,98,0
69536,1197,0
760,27,1
2449,776,1
78403,82,0
4361,318,1
88344,424,0
884,171,1
1400,9,1
115,177,1
95409,64,0
3120,610,1
157,88,1
3135,124,1
98946,403,0
249,276,1
80450,1197,0
54953,150,0
691,461,1
2527,1423,1
518,9,1
4529,89,1
66574,431,0
357,283,1
1776,486,1
77501,269,0
52632,57,0
2616,1396,1
5574,1411,1
85484,84,0
89094,109,0
89039,58,0
85860,85,0
2171,150,1
97183,74,0
55833,9,0
83593,621,0
327,245,1
187,394,1
3207,0,1
2170,306,1
76801,174,0
66846,21,0
1713,458,1
46968,82,0
83,36,1
4822,1210,1
105100,229,0
221,776,1
1363,9,1
82009,1378,0
1347,1480,1
94346,877,0
1145,124,1
75,253,1
1640,1400,1
26,44,1
2475,491,1
105419,283,0
1188,21,1
62550,44,0
2723,39,1
213,379,1
1885,1226,1
25911,180,0
56615,45,0
7281,65,0
57208,180,0
76,910,1
90925,529,0
1364,946,1
888,522,1
90369,394,0
85,54,1
103119,4,0
58456,41,0
80768,21,0
9876,269,0
79387,1,0
84001,791,0
67819,258,0
68589,283,0
912,98,1
901,38,1
763,87,1
1855,171,1
3008,1207,1
575,951,1
26376,61,0
3646,3,1
1644,38,1
5622,256,1
69630,245,0
92791,776,0
66183,283,0
917,172,1
2025,309,1
72877,1198,0
912,221,1
3924,16,1
60170,45,0
94278,342,0
85257,105,0
46649,61,0
2303,172,1
4925,1198,1
574,3,0
59145,482,0
2475,880,1
222,129,1
4411,199,1
206,125,1
64527,82,0
67433,456,0
46205,337,0
95011,38,0
174,109,1
95030,5,0
809,109,0
60256,175,0
2027,423,1
909,1124,1
3559,456,1
1027,177,1
2831,89,1
70431,189,0
101,946,1
11284,190,0
2043,170,1
105912,109,0
134,464,1
7798,364,0
2485,39,1
92471,0,0
97988,362,0
306,1018,1
1446,82,1
5277,809,1
70545,124,0
105503,9,0
58061,841,0
1935,44,1
1147,12,1
3010,252,1
69194,119,0
99657,56,0
149,1275,1
200,1210,1
85769,125,0
2822,9,1
100755,40,0
255,29,1
317,252,1
69244,21,0
1614,225,1
4511,73,1
73215,68,0
9957,431,0
58516,58,0
59987,1308,0
784,263,1
326,318,1
5995,465,1
101657,248,0
27429,41,0
90027,21,0
69,220,1
27062,859,0
99657,1197,0
61468,1194,0
98998,1207,0
2488,350,1
2098,661,1
3259,431,1
4195,21,1
4423,394,1
1159,0,1
53148,885,0
11223,394,0
2022,502,1
12374,57,0
188,282,1
1333,114,1
92,945,1
67629,1199,0
1664,177,1
1464,21,1
86675,9,0
85922,1394,0
57427,193,0
95878,424,0
163,221,1
423,68,1
4591,269,1
948,145,1
783,621,1
5120,1207,1
2554,24,1
1739,190,1
85395,1197,0
99974,177,0
57758,114,0
1738,193,1
2852,61,1
53369,515,0
60092,795,0
70881,1043,0
1508,138,1
388,174,1
306,21,1
1660,233,1
80234,57,0
2476,344,1
14046,47,0
679,401,1
2022,68,1
2033,351,1
90117,576,0
4328,5,1
91813,5,0
6443,1064,0
49172,158,0
49293,252,0
1649,1,1
1618,503,1
1136,109,1
887,82,1
7250,431,0
61685,1197,0
982,445,1
3634,283,1
74869,124,0
995,437,1
557,38,1
2521,197,1
77508,45,0
1387,582,1
1598,1016,1
86732,956,0
4396,1207,1
5512,41,1
34173,74,0
559,76,1
54534,859,0
48793,460,0
6893,315,0
26963,170,0
1524,220,1
69036,776,0
7677,47,0
16528,76,0
47303,327,0
2561,24,1
76467,39,0
152,141,1
2384,270,1
1693,111,1
79538,140,0
18689,245,0
1898,47,1
16845,331,0
77279,917,0
841,220,1
2114,321,1
111,57,1
51438,194,0
67040,435,0
1373,897,1
7374,114,0
73879,776,0
163,602,1
376,1229,1
18811,460,0
134,0,1
24830,331,0
1336,817,1
1235,270,1
31,38,1
104917,1210,0
8185,794,0
78217,1299,0
85326,89,0
347,1198,1
557,340,1
91828,231,0
898,39,1
65208,65,0
373,630,1
389,394,1
59032,92,0
33601,827,0
834,138,0
63354,109,0
1396,17,0
1661,158,1
128,21,1
97198,473,0
65993,1193,0
67612,217,0
84686,65,0
86933,39,0
2309,98,1
114,61,1
499,905,1
3740,232,1
64871,1199,0
2302,560,1
2716,247,1
29,29,1
2485,64,1
2646,16,1
276,41,1
74215,1236,0
992,97,1
54982,57,0
94635,21,0
2259,175,1
104851,109,0
4724,6,1
103771,78,0
2441,58,1
5232,3,1
54021,5,0
917,45,1
56773,182,0
5321,217,1
1637,74,1
55917,515,0
44583,145,0
1650,129,1
85189,35,0
5165,1202,1
211,1197,1
299,21,1
2503,394,1
888,602,1
302,8,1
63768,109,0
4258,820,1
3543,9,1
81037,776,0
89,35,1
54408,124,0
499,306,1
54147,21,0
69902,885,0
427,21,0
25,882,1
98791,21,0
80218,621,0
313,990,1
508,206,1
65219,424,0
93712,41,0
274,114,1
204,29,1
4325,1269,1
91553,39,0
3162,776,1
1544,45,1
5978,264,1
552,3,1
64481,186,0
77283,1199,0
94,800,1
90447,948,0
69314,107,0
8820,80,0
7911,12,0
92239,1193,0
1815,79,1
4878,1347,1
49462,40,0
3237,943,0
1732,9,1
46,8,1
254,317,1
57665,12,0
82225,1193,0
249,215,1
56969,98,0
18346,35,0
1517,1433,1
1832,961,1
57100,1200,0
2885,177,1
1088,403,1
137,1074,1
49070,318,0
105445,9,0
3966,244,1
500,918,1
50483,35,0
63039,1,0
51870,31,0
95942,196,0
21931,458,0
286,1124,1
48890,253,0
1899,323,1
5705,1207,1
30,160,0
75,57,1
3559,171,1
2446,233,1
4281,15,1
435,16,1
3047,596,1
81266,1197,0
90252,480,0
248,473,1
101,217,1
3478,33,1
2441,36,1
16532,44,0
14861,306,0
413,149,1
1530,61,1
2131,61,1
58581,41,0
1932,1202,1
127,21,1
1702,16,1
1693,863,1
2851,175,1
3624,39,1
70898,504,0
90,29,1
2727,58,1
13433,18,0
1732,38,1
2054,39,1
1204,621,1
2820,1309,1
1450,1465,1
1647,961,1
86524,144,0
61011,264,0
78983,71,0
336,91,1
245,53,1
74588,305,0
11272,1210,0
1475,283,1
67754,429,0
1615,58,1
100,247,1
1644,6,1
5070,1198,1
3810,546,1
2728,171,1
85475,819,0
227,98,1
56,153,1
3143,847,1
885,245,1
89627,4,0
1517,1480,1
88521,21,0
26,97,1
178,882,1
157,156,1
4190,877,1
134,73,1
346,246,1
2428,1210,1
1806,774,1
59779,1394,0
97957,13,0
74610,84,0
3788,8,1
78316,0,0
559,103,1
78715,1198,0
4579,29,1
67760,600,0
90022,460,0
910,9,1
85,984,1
209,820,1
5283,179,1
1626,823,0
96044,41,0
98822,464,0
5574,1428,1
73806,150,0
98287,220,0
5876,233,1
72019,40,0
1089,1207,1
68165,404,0
557,13,1
23383,423,0
226,203,1
5364,0,1
64553,776,0
20393,482,0
91670,258,0
245,1210,1
1350,114,1
84112,1151,0
42843,308,0
79225,288,0
6950,1197,0
2549,56,1
4445,1124,1
2996,817,1
4814,1210,1
70,928,1
67259,45,0
58655,1481,0
4220,177,1
187,80,1
736,109,1
23015,379,0
379,375,1
4192,177,1
62383,9,0
49958,913,0
104,21,1
1708,391,1
91496,39,0
653,40,0
78084,45,0
48,1,1
56607,163,0
75119,859,0
1202,878,1
71520,177,0
3431,21,1
302,247,1
948,80,1
980,175,1
64770,21,0
5315,109,1
1167,738,1
1868,40,0
96329,41,0
90972,177,0
2232,1207,1
3041,58,1
552,783,1
1488,1122,1
183,17,1
3994,64,1
272,169,1
1618,33,1
682,58,1
6023,44,0
44119,172,0
934,184,1
1246,61,1
208,961,1
2603,584,0
68206,593,0
70904,67,0
88934,114,0
2232,130,1
91516,37,0
105136,464,0
68641,431,0
559,892,1
61859,329,0
4116,171,1
464,312,1
4634,129,1
87859,256,0
557,58,1
3478,36,1
2446,654,1
131,654,1
62239,156,0
4338,461,1
85477,213,0
77750,29,0
84118,15,0
1150,89,1
62,154,0
52512,283,0
96673,9,0
20656,337,0
1504,233,1
97250,39,0
94304,12,0
910,158,1
613,1198,1
2700,45,1
53034,69,0
1354,4,1
97133,36,0
4757,431,1
70438,24,0
704,109,1
70210,109,0
84799,424,0
1426,292,1
892,58,1
91850,0,0
17900,150,0
52944,205,0
686,1351,1
6218,309,1
106336,44,0
163,954,1
47570,1200,0
2043,4,1
75850,233,0
52536,283,0
1724,58,1
1090,37,0
51714,349,0
49421,1023,0
2677,1073,1
769,109,1
61623,79,0
79802,24,0
950,466,1
1188,248,1
87886,431,0
100,24,1
1533,521,1
50463,138,0
94529,109,0
1343,1,1
13138,74,0
105314,541,0
2618,349,1
557,600,1
587,173,1
4483,80,1
2712,82,1
434,394,1
2675,1277,1
2716,233,1
72372,433,0
39,114,1
61548,3,0
88996,89,0
100943,29,0
3105,41,1
91529,350,0
938,171,1
5222,74,1
74520,203,0
844,1,1
2422,784,1
16878,955,0
2451,394,1
49207,501,0
1025,97,1
61,109,1
86349,429,0
61,39,1
870,41,1
508,172,1
55388,305,0
16648,288,0
557,150,1
2804,150,1
32172,995,0
2046,464,1
88035,21,0
1492,201,1
72622,776,0
584,1415,0
56283,157,0
233,0,1
65763,6,0
2541,80,1
2841,29,1
93965,217,0
52987,24,0
1739,454,1
194,786,1
505,9,1
722,180,1
1895,45,0
2949,53,1
2676,256,1
72272,1124,0
128,468,1
53195,189,0
95062,433,0
1455,444,1
5059,129,1
47601,97,0
69164,460,0
285,1132,1
2652,180,1
999,84,1
883,39,1
1689,186,1
73,231,1
4301,305,1
62387,47,0
62418,304,0
75177,91,0
968,84,1
365,158,1
96010,394,0
23,18,1
60422,202,0
4570,78,1
85453,21,0
287,332,1
2889,171,1
83295,128,0
69073,36,0
92609,1194,0
458,128,1
77849,21,0
2823,37,1
63094,351,0
2332,776,1
1939,458,1
3138,253,1
1603,189,1
8,808,1
97618,31,0
48552,66,0
1551,9,1
56347,21,0
82092,397,0
1491,503,1
2549,480,1
89505,1124,0
80622,776,0
1350,21,1
1798,155,1
3505,37,1
102738,64,0
119,21,1
2460,18,1
1618,76,1
66552,305,0
89000,578,0
25,150,1
79311,1124,0
88645,207,0
1350,179,1
966,74,1
55029,29,0
101,12,1
56522,97,0
51800,1198,0
11815,109,0
97906,160,0
99717,1200,0
49310,175,0
287,175,1
1537,258,1
60911,128,0
987,654,1
114,105,1
50541,21,0
89340,1124,0
1097,87,1
63789,114,0
6031,9,1
55183,45,0
5057,288,1
1850,201,1
2892,177,1
49386,394,0
24085,518,0
62645,263,0
2629,270,1
2822,38,1
59716,0,0
1163,203,1
11287,175,0
84639,859,0
1865,35,1
111,282,1
51732,477,0
92611,58,0
1739,905,1
58073,29,0
1001,58,0
898,206,1
6111,4,1
313,671,1
73535,180,0
82393,205,0
3597,9,1
3580,288,1
1631,154,1
86124,109,0
54360,431,0
63340,114,0
3162,263,1
2381,1198,1
5978,158,1
1461,89,1
1359,394,1
2852,791,1
96395,141,0
283,89,1
88672,906,0
1909,9,1
888,662,1
1122,203,1
5978,41,1
49098,1467,0
24011,394,0
1446,281,1
883,89,1
945,376,1
96367,438,0
2448,17,1
15620,681,0
1690,744,1
5319,458,1
519,35,1
76590,109,0
922,21,1
2428,258,1
79010,45,0
72146,97,0
2019,445,1
55661,464,0
90515,141,0
49479,76,0
13460,141,0
104020,138,0
31,1138,1
84693,506,0
5166,1202,1
24952,80,0
54712,434,0
4314,1461,1
1103,1193,1
2555,1194,1
583,942,1
55684,728,0
5368,21,1
77384,119,0
2519,175,1
1982,40,1
2043,375,1
1990,882,1
5020,447,1
1366,245,1
86000,47,0
3034,801,1
87994,809,0
101394,882,0
99866,376,0
1700,9,1
63877,202,0
899,6,1
65712,887,0
83,878,1
96313,599,0
124,1294,1
4231,621,1
335,0,1
2921,21,1
91563,791,0
304,44,1
49545,220,0
104186,171,0
154,44,1
90031,880,0
557,1074,1
53702,1207,0
253,156,1
2701,21,1
53534,520,0
78256,859,0
69951,69,0
85756,456,0
67214,218,0
160,129,1
75056,1444,0
56461,200,0
53,44,1
72048,156,0
371,9,1
1578,447,1
73,141,1
20456,76,0
1530,72,1
77600,951,0
100203,362,0
70507,1194,0
266,1466,1
81626,1222,0
40,150,1
101634,220,0
79103,721,0
1015,1198,0
2241,800,1
70873,1124,0
3026,177,1
61980,3,0
140,1444,1
917,1194,1
1304,1207,1
3028,61,1
104489,13,0
233,283,1
70378,435,0
3305,364,0
4743,776,1
2248,394,1
71623,784,0
49485,246,0
884,253,1
577,4,1
1699,150,1
261,956,1
102369,71,0
91598,50,0
2956,304,1
2774,776,1
1791,1075,1
96995,155,0
101168,942,0
76266,128,0
48349,431,0
103228,109,0
1937,58,1
103528,267,0
106151,13,0
106315,6,0
81782,186,0
917,24,1
89467,263,0
559,89,1
302,71,1
102917,431,0
58291,362,0
572,316,1
1657,783,1
71790,177,0
469,806,1
86316,129,0
81448,82,0
1517,125,1
80979,112,0
18465,82,0
157,6,1
114,520,1
78447,4,0
98393,40,0
61,500,1
2451,1200,1
1869,217,1
784,71,1
45597,823,0
64126,431,0
93583,246,0
2795,276,1
72562,45,0
442,1124,1
75,911,1
83660,24,0
51763,431,0
57291,409,0
1168,1200,1
148,1193,1
4237,39,1
5932,394,1
10,177,1
76771,950,0
84405,150,0
104,1200,1
66519,21,0
6172,776,1
133,1193,1
1159,41,1
102014,41,0
2220,1,1
73,248,1
86185,109,0
83870,80,0
4004,177,1
78750,776,0
87100,620,0
100624,41,0
11797,114,0
1017,1016,1
103841,859,0
586,463,1
261,955,1
81345,198,0
82532,8,0
46983,35,0
2169,714,1
5891,394,1
284,17,1
583,150,1
581,488,1
2823,57,1
100539,0,0
46106,141,0
1631,621,1
225,883,1
96916,1197,0
640,361,1
49203,884,0
58318,456,0
10,13,1
91549,221,0
73525,69,0
69029,776,0
3187,98,1
1273,256,1
134,282,1
89,431,1
52377,1063,0
71416,109,0
1187,518,0
97244,400,0
3097,256,1
233,74,1
3597,233,1
50275,1124,0
2796,78,1
1459,1,1
681,523,1
56278,80,0
56374,21,0
54630,1496,0
1418,5,0
1470,13,0
105981,3,0
179,823,1
6009,1198,1
69207,352,0
26608,248,0
65622,170,0
96680,171,0
86609,40,0
85679,57,0
4725,78,1
103091,776,0
436,78,1
63902,776,0
67050,905,0
76,39,1
2616,776,0
4488,2,1
3801,39,0
75516,351,0
61536,44,0
6112,145,1
850,776,1
77161,24,0
119,776,1
496,548,1
2597,1198,1
5494,1151,1
103,220,1
76110,124,0
177,431,1
5554,1198,1
54779,769,0
91145,5,0
206,487,0
32349,4,0
92541,45,0
99078,973,0
2820,779,1
3141,548,0
3634,13,1
3599,21,1
98368,153,0
219,269,1
71422,488,0
49755,436,0
83156,39,0
1476,449,1
3101,1269,0
73298,728,0
2276,403,1
26961,1399,0
1673,304,0
679,882,1
80347,244,0
4398,82,1
52337,13,0
10,64,1
76479,6,0
47817,504,0
62146,45,0
94416,206,0
557,16,1
18,2,1
73614,776,0
1606,318,1
91531,171,0
127,9,1
5040,479,0
77674,109,0
1965,57,1
883,186,1
86217,465,0
1476,177,1
60336,53,0
360,424,1
1641,1200,1
85364,233,0
635,366,1
4194,269,1
61431,921,0
85,621,1
1689,283,1
59291,13,0
95927,264,0
132,331,1
551,78,1
593,9,1
177,47,1
4583,128,1
231,8,1
4952,1196,1
104032,41,0
142,206,1
1836,150,1
62863,288,0
97816,21,0
783,0,1
2435,78,1
4536,21,1
4834,109,1
1313,217,1
917,1218,1
302,153,1
2791,434,1
1010,41,1
53417,9,0
439,621,1
564,40,1
9047,141,0
47877,76,0
1647,441,1
53188,391,0
93658,269,0
101000,451,0
811,909,1
63724,253,0
74836,807,0
1273,119,1
960,784,1
49,288,1
755,992,1
93753,33,0
2154,309,1
82318,996,0
280,865,1
4156,989,1
1017,79,1
389,18,1
103452,246,0
57540,44,0
46943,12,0
86331,1207,0
93239,202,0
870,40,1
76652,1197,0
65505,461,0
2467,16,1
336,199,1
2446,247,1
3273,522,1
48921,431,0
53192,1394,0
917,140,1
4383,107,1
243,138,1
73773,394,0
100448,124,0
4629,331,1
5819,961,1
1148,255,1
1470,17,1
1093,256,1
67,823,1
47226,1193,0
96573,429,0
144,3,1
74280,468,0
100950,114,0
456,114,1
63525,82,0
552,424,1
72839,39,0
2997,483,1
62650,6,0
72038,685,0
60264,160,0
3201,76,1
16161,949,0
98518,281,0
95694,114,0
155,184,1
46994,13,0
312,217,1
63693,905,0
86564,41,0
82237,238,0
0,9,1
2428,897,1
1536,41,1
1843,13,1
88660,76,0
1791,1253,1
74571,154,0
75247,202,0
160,16,1
1997,13,1
4380,643,1
4487,881,1
68583,506,0
74222,424,0
94937,125,0
82048,1082,0
100600,997,0
89401,41,0
24428,171,0
82202,71,0
1671,247,1
77991,424,0
61943,1157,0
4881,1210,1
103168,170,0
80284,39,0
56371,114,0
559,207,1
1367,89,1
3285,53,0
32321,47,0
497,948,1
64618,21,0
226,100,1
2033,35,1
3080,39,1
1552,41,1
6015,431,1
2804,38,1
143,181,1
2131,97,1
912,776,1
1971,1222,1
391,319,1
53746,36,0
5492,1124,1
1796,44,1
569,192,1
1904,175,1
96708,259,0
306,199,1
4594,1122,1
1456,1194,1
30751,995,0
54354,40,0
68126,394,0
917,440,1
86420,33,0
48159,24,0
82144,16,0
2784,270,1
420,1333,0
92446,17,0
4117,889,1
37684,877,0
67061,109,0
5028,40,0
100061,76,0
225,231,1
71079,45,0
56672,1197,0
50195,945,0
2799,225,1
1208,114,1
227,0,1
87935,964,0
2513,783,1
103799,1200,0
5057,103,1
57643,67,0
179,80,1
437,974,1
61507,38,0
59231,1196,0
2822,173,1
94615,175,0
6208,39,1
51837,78,0
92151,961,0
69304,941,0
87773,33,0
1473,158,1
56781,72,0
471,212,1
549,196,1
86346,36,0
64161,288,0
51653,445,0
2142,8,1
1229,9,1
556,829,1
43236,1207,0
219,350,1
396,107,1
1045,114,1
4501,39,1
188,791,1
682,69,1
2908,98,1
60934,1394,0
61022,253,0
5223,1198,1
2880,5,0
2931,889,1
1401,45,1
232,776,1
86469,1466,0
50616,434,0
125,39,1
2617,87,1
177,445,1
681,105,1
57397,950,0
437,984,1
55242,292,0
70000,429,0
615,910,1
70706,351,0
884,38,1
239,80,1
60406,57,0
82440,1197,0
85737,21,0
102711,12,0
5944,97,1
59935,128,0
22117,593,0
48866,58,0
7250,58,0
74640,431,0
1101,403,1
2412,33,1
63820,283,0
3333,953,1
72942,13,0
63585,206,0
1521,948,1
34487,21,0
559,54,1
3657,40,1
76386,578,0
373,21,1
91637,227,0
4303,6,1
103044,85,0
85164,247,0
105912,74,0
1885,5,1
910,12,1
76412,71,0
1847,41,1
5948,434,1
51543,504,0
53994,37,0
95794,5,0
7988,1124,0
1521,57,1
194,65,1
111,13,1
64606,12,0
612,107,1
100993,657,0
102023,1198,0
4974,1196,1
82244,256,0
65989,200,0
2219,1,1
26,24,1
1975,41,1
76599,1224,0
475,239,1
3265,78,1
72335,39,0
54334,150,0
57948,180,0
379,431,1
1910,58,1
4288,473,1
549,1207,1
76414,253,0
68109,21,0
70480,1,0
890,9,1
135,190,1
3242,150,1
18697,282,0
5287,57,1
222,47,1
79670,592,0
578,253,1
879,80,1
2428,39,1
4325,657,1
101119,220,0
5806,1197,1
488,479,1
59958,78,0
4566,1197,1
1789,234,1
635,361,1
6062,1217,1
57583,283,0
917,504,1
96374,918,0
912,114,1
2732,9,1
2289,13,1
80100,270,0
183,480,1
261,951,1
35245,1433,0
47511,1138,0
379,40,1
85016,109,0
35439,74,0
561,564,1
346,37,1
1367,15,1
1528,78,1
966,24,1
1367,114,1
1923,78,1
845,220,1
76485,534,0
78943,220,0
21,150,1
89617,5,0
100027,207,0
1462,1194,1
39,21,1
3638,468,1
85,207,1
70413,394,0
207,954,1
327,13,1
797,15,1
2504,784,1
764,224,1
87349,1244,0
1455,38,1
8928,2,0
262,621,1
25587,89,0
59520,88,0
948,45,1
93660,955,0
281,627,1
69206,5,0
73848,44,0
67011,173,0
157,596,1
91996,1196,0
93460,41,0
593,202,1
56317,943,0
9634,153,0
77801,217,0
5072,431,1
93886,16,0
3563,158,1
53885,105,0
3333,945,1
1350,36,1
764,4,1
357,1400,1
66602,319,0
91453,230,0
83574,2,0
51359,376,0
285,606,1
5073,620,1
1826,394,1
8824,281,0
1758,40,0
1019,795,1
65181,621,0
78920,1196,0
2428,105,1
3550,283,1
1261,309,0
69630,917,0
5577,150,1
8548,151,0
1501,859,1
119,0,1
90868,214,0
76153,109,0
78877,67,0
884,76,1
82950,1366,0
2786,40,1
1742,67,1
13339,1396,0
32647,520,0
86455,1207,0
83909,41,0
51708,38,0
57119,911,0
83359,562,0
351,1200,1
79438,1244,0
4552,433,1
902,67,1
64586,194,0
3353,38,1
75,13,1
9325,28,0
225,37,1
97117,4,0
102015,89,0
36007,776,0
47805,409,0
54474,363,0
2524,1196,1
81445,114,0
115,105,1
66132,942,0
266,263,1
74101,114,0
1362,215,1
51255,9,0
15820,44,0
25107,72,0
1078,140,1
2971,73,1
1620,808,1
28203,103,0
288,139,1
105640,9,0
108,793,1
1910,21,1
3580,177,1
1348,39,1
29039,994,0
2698,504,1
80938,463,0
12909,844,0
312,1012,1
55258,791,0
91435,230,0
437,73,1
94171,114,0
249,1396,1
2435,124,1
4873,1196,1
335,18,1
1618,877,1
114,189,1
35,114,0
103640,456,0
4340,255,0
1370,434,1
99302,394,0
1381,9,1
10434,247,0
28141,282,0
76079,885,0
1365,45,1
1362,776,1
47170,564,0
1773,58,1
65962,41,0
439,173,1
58966,905,0
2939,145,1
1848,1252,1
60270,150,0
12075,58,0
87053,189,0
1350,35,1
187,270,1
725,205,1
1117,221,1
74629,177,0
82962,4,0
578,41,1
97283,998,0
559,264,1
128,582,1
10312,245,0
69085,482,0
1010,40,1
4675,454,0
257,894,1
149,262,1
104491,67,0
102688,1167,0
26924,72,0
575,45,1
2332,0,1
53047,1073,0
102733,41,0
84244,24,0
559,45,1
5540,21,1
1892,205,1
79488,1076,0
2106,835,1
66527,24,0
95873,376,0
128,401,1
4545,776,1
83518,98,0
1747,16,1
2817,245,1
1306,107,1
1418,363,1
37,1396,1
1249,12,1
1891,9,1
51,139,1
127,171,1
2184,347,1
84097,259,0
300,961,1
77039,177,0
638,363,1
69376,317,0
104715,21,0
60075,65,0
1551,21,1
49168,253,0
52103,449,0
63045,397,0
26753,37,0
912,621,1
4954,877,0
86886,119,0
115,12,1
45807,2,0
98961,40,0
103499,58,0
51584,859,0
14235,109,0
81745,179,0
99310,520,0
227,114,1
55905,376,0
68622,114,0
7097,821,0
96148,170,0
52147,114,0
4510,21,1
4429,109,1
1164,886,1
57316,6,0
4289,434,1
6431,694,0
208,612,1
74600,36,0
15739,215,0
1888,58,1
53454,192,0
81092,39,0
7086,1198,0
18593,245,0
74458,177,0
47220,744,0
2608,40,1
67480,89,0
2681,438,1
784,45,1
163,949,1
69622,1,0
84037,64,0
92,950,1
52131,21,0
1808,128,1
92613,89,0
2227,394,1
578,882,1
54,342,1
133,592,1
1974,1122,1
3162,1197,1
105379,44,0
59733,852,0
105403,253,0
85,263,1
79688,942,0
5775,1197,1
97166,15,0
3400,98,1
25559,36,0
95622,139,0
60039,57,0
57096,270,0
143,183,1
55539,217,0
894,67,1
253,139,1
62993,145,0
61512,1037,0
1886,995,1
44,1176,1
182,461,1
79454,820,0
71,33,1
3627,39,1
3072,1197,1
1409,109,1
98642,119,0
45392,877,0
51605,1396,0
2,995,1
1636,114,1
92360,1197,0
46243,256,0
89537,431,0
83878,177,0
68865,175,0
22496,391,0
55543,179,0
26182,433,0
292,394,1
70450,878,0
80883,1207,0
884,13,1
90089,171,0
72250,1124,0
1899,455,1
98569,21,0
83468,45,0
1760,283,1
33958,39,0
83243,1207,0
1606,451,1
90566,685,0
47953,776,0
4983,1210,1
1657,18,1
83474,1197,0
59553,909,0
5314,1283,1
70969,41,0
96487,1207,0
51681,989,0
552,391,1
60401,1193,0
249,1413,1
349,1396,1
910,375,1
18716,174,0
22728,1394,0
2428,13,1
2661,57,1
144,823,1
82395,92,0
94,405,1
78501,12,0
1350,791,1
460,394,1
1004,458,1
50732,942,0
3320,255,1
104286,21,0
969,456,1
3585,776,1
2531,399,1
3279,9,1
964,1252,1
82369,179,0
69752,251,0
94019,265,0
75858,248,0
81808,76,0
26,109,1
99134,41,0
218,0,1
127,67,1
285,558,1
39510,74,0
586,1177,1
270,407,1
631,798,1
31,429,1
2536,634,1
241,327,1
2120,1218,1
102,776,1
65680,199,0
2485,109,1
57275,1124,0
54737,73,0
2020,89,1
102397,19,0
100780,180,0
4277,282,1
56335,394,0
500,1196,1
317,36,1
30673,1394,0
9222,1012,0
423,717,1
3159,109,1
5074,1207,1
1354,351,1
3432,456,1
5977,961,1
98483,478,0
9898,331,0
1521,339,1
127,44,1
916,67,1
4529,491,1
47907,972,0
77199,252,0
4627,175,1
63095,160,0
99843,786,0
92236,990,0
1888,45,0
3043,114,1
59243,264,0
76823,21,0
208,40,1
70,1015,1
105404,44,0
82457,1164,0
81006,305,0
182,124,1
1491,154,1
1905,109,1
81132,1262,0
100036,157,0
2717,318,1
102214,344,0
101777,520,0
105332,224,0
57100,1074,0
95857,464,0
69889,543,0
3913,344,1
1348,531,1
6103,0,1
90620,171,0
84545,40,0
63970,274,0
78199,206,0
81662,21,0
74515,621,0
100,245,1
508,189,1
49,33,1
17044,74,0
97535,78,0
83,264,1
77457,80,0
233,252,1
90314,877,0
65008,776,0
1362,45,1
2639,175,1
54327,45,0
59987,1027,0
63461,259,0
88400,45,0
153,97,1
924,57,1
84364,12,0
16913,109,0
4313,21,1
49,37,1
1614,213,1
410,318,1
755,543,1
78220,616,0
85716,1007,0
575,945,1
82853,37,0
47338,823,0
53907,913,0
2468,394,1
66667,12,0
82141,37,0
74800,57,0
70643,288,0
57224,21,0
95652,1138,0
1398,944,1
2522,175,1
78842,45,0
55928,1207,0
1084,306,1
48740,783,0
1821,39,1
2435,1198,1
661,109,1
2421,823,1
1195,82,1
3936,905,1
99033,639,0
81478,12,0
2031,98,1
99016,510,0
30,221,1
105210,305,0
86338,203,0
4177,247,1
285,29,1
97585,98,0
62314,417,0
60839,114,0
6059,21,1
73732,954,0
3899,434,1
4553,394,1
3527,215,1
72638,18,0
644,431,1
74250,403,0
1448,40,1
890,151,1
4762,128,1
90284,53,0
4065,877,1
79412,150,0
40727,431,0
5651,1197,1
75811,57,0
77214,256,0
825,80,1
101532,961,0
1210,592,1
562,919,1
75,103,1
16165,38,0
253,1237,1
902,292,1
3597,105,1
1598,529,1
76,391,1
225,205,1
3523,763,0
84039,253,0
66021,433,0
14626,1396,0
10680,24,0
99961,13,0
86942,17,0
3505,38,1
82747,1207,0
2412,125,1
4163,238,0
5282,3,1
22117,729,0
156,229,1
222,21,1
1399,38,1
48454,44,0
56,189,1
55611,41,0
88023,1197,0
1699,158,1
1603,233,1
95371,15,0
78255,776,0
809,29,1
82137,144,0
1677,33,1
54888,1235,0
99722,41,0
549,213,1
4445,394,1
2574,220,1
54611,97,0
724,58,1
1674,68,1
784,245,1
72590,533,0
61679,150,0
2476,1207,1
6278,1207,0
85153,948,0
4775,1198,1
96607,9,0
85,97,1
4183,97,1
56049,569,0
1618,40,1
188,456,1
175,98,1
6518,97,0
207,56,1
1530,456,1
890,38,1
5119,1197,1
87623,40,0
1364,205,1
2059,323,0
2469,16,1
99989,1124,0
543,12,1
2820,126,1
95751,465,0
365,431,1
2875,1309,1
3633,433,1
586,438,1
98724,1337,0
79110,173,0
97745,175,0
95821,24,0
70161,114,0
83920,1,0
5252,4,1
101,948,1
37046,252,0
55246,480,0
101,35,1
4401,1296,1
37883,114,0
92644,141,0
1214,45,1
72275,44,0
90540,363,0
51260,431,0
76038,1124,0
59971,263,0
156,171,1
83396,233,0
2049,232,1
100332,140,0
69353,647,0
1394,109,1
10809,942,0
917,503,1
54575,105,0
378,69,1
83942,264,0
84512,1284,0
3550,41,1
5012,21,1
4582,29,1
83506,35,0
1712,460,1
88323,160,0
1426,282,1
912,12,1
1537,84,1
55676,503,0
47042,78,0
2179,203,0
18397,37,0
83454,180,0
1868,621,0
89846,41,0
3197,82,1
48293,1227,0
87101,424,0
724,76,1
564,675,1
85510,16,0
84557,445,0
57739,64,0
2107,1196,1
63951,1152,0
69010,41,0
5978,235,1
53482,177,0
66778,220,0
2446,245,1
2475,431,1
74554,97,0
49175,177,0
68224,1124,0
4962,1210,1
66564,57,0
50460,593,0
629,776,1
69546,391,0
225,68,1
55745,597,0
5978,141,1
92701,761,0
66223,156,0
106159,425,0
56263,45,0
74982,274,0
75405,885,0
88930,194,0
69038,68,0
1664,339,1
1614,1339,1
1018,452,1
437,491,1
95528,44,0
65091,177,0
48676,431,0
1077,528,1
48726,351,0
225,72,1
91477,114,0
3063,92,1
3349,97,1
910,45,1
6623,248,0
1249,158,1
2022,76,1
49200,394,0
191,139,1
70442,859,0
56688,440,0
55438,39,0
95233,1196,0
1509,21,1
74441,1207,0
1040,263,1
38485,458,0
61,1194,1
6083,230,1
995,270,1
577,282,1
4167,109,1
2740,177,1
66641,69,0
912,150,1
1046,776,1
917,245,1
62237,1198,0
552,18,1
47,848,1
1401,205,1
65671,21,0
1749,5,1
228,480,1
207,956,1
1463,45,1
13594,327,0
1631,177,1
2440,172,1
211,145,1
1040,105,1
2287,125,1
62151,1,0
6521,783,0
4852,129,1
3657,41,1
140,0,1
53608,919,0
1515,1197,1
2165,78,1
98812,452,0
92505,140,0
87018,193,0
290,5,1
85855,76,0
233,78,1
47724,150,0
19660,125,0
103447,246,0
47003,109,0
246,9,1
75869,394,0
89341,805,0
33663,150,0
2564,1067,1
1584,18,1
63189,41,0
3879,230,0
76352,1074,0
1724,39,1
35,12,1
106305,217,0
68206,21,0
2440,13,1
4970,109,1
2,627,1
101436,0,0
70084,578,0
495,256,1
73087,109,0
587,12,1
5489,431,1
87306,18,0
4354,150,1
60075,73,0
2526,487,0
917,194,1
7919,40,0
26367,78,0
1616,246,1
4637,704,1
93955,1,0
70731,39,0
2558,1197,1
313,245,1
1614,64,1
3162,61,1
2066,438,1
163,956,1
3217,930,0
54,18,1
103248,481,0
37633,1193,0
54785,124,0
2200,5,1
549,21,1
89226,57,0
66295,648,0
50583,45,0
50588,364,0
49877,41,0
87270,125,0
97843,917,0
15648,97,0
59623,40,0
81141,179,0
6797,318,0
5720,35,1
77159,21,0
48097,568,0
88021,141,0
917,87,1
910,91,1
1484,214,1
1078,17,1
2439,38,1
34224,821,0
79393,1198,0
53420,13,0
3333,58,1
52422,179,0
90044,351,0
2162,1218,1
77009,16,0
995,80,1
74983,177,0
5995,582,1
1336,878,1
97904,181,0
69740,71,0
5130,126,1
83286,8,0
7918,282,0
48229,1400,0
70586,1,0
588,349,1
68711,4,0
60271,0,0
65424,24,0
76588,1235,0
4381,431,1
4495,256,1
1032,91,1
137,61,1
51512,248,0
61937,953,0
1204,1199,1
70995,125,0
1474,47,1
3228,9,1
71587,33,0
83,791,1
987,41,1
1114,1194,1
2956,45,1
912,281,1
73577,172,0
35979,98,0
85421,464,0
1001,130,1
88033,17,0
92,955,1
54387,64,0
77649,21,0
76716,919,0
101074,189,0
327,69,1
3528,6,1
52,186,1
1403,9,1
575,504,1
262,89,1
70055,1120,0
89905,97,0
2435,177,1
1521,951,1
81185,953,0
4303,774,1
1244,586,1
80493,36,0
106239,205,0
53752,1394,0
91373,1207,0
59079,1253,0
3149,776,1
89600,205,0
32135,17,0
54754,431,0
615,776,1
118,844,1
556,724,1
1837,793,1
2668,41,1
427,122,1
376,543,1
2584,1207,1
552,1269,1
300,21,1
313,6,1
108,37,1
87167,787,0
71828,45,0
134,98,1
97128,424,0
74034,1198,0
59086,361,0
53869,84,0
52069,98,0
1913,21,1
66613,586,0
2559,21,1
47007,1207,0
590,177,1
2921,24,1
618,78,1
4668,170,1
5787,9,1
1057,15,1
49,1075,1
3656,464,0
72462,89,0
889,502,0
1225,1198,1
2371,38,1
508,205,1
19789,189,0
71454,1202,0
327,45,1
801,109,1
372,754,1
3125,8,1
61,21,1
79864,352,0
1200,878,1
253,776,1
94584,38,0
64305,681,0
31,9,1
48,1194,1
1195,9,1
101833,1456,0
60545,1261,0
98634,743,0
2434,217,1
4116,172,1
1212,831,1
97433,1207,0
1362,141,1
3795,331,0
70777,1124,0
1448,245,1
3562,822,1
917,231,1
72992,12,0
73459,40,0
76964,171,0
81231,9,0
25474,64,0
124,44,1
9243,431,0
47459,177,0
233,503,1
79398,431,0
5978,424,1
3378,41,1
69654,158,0
1810,24,1
227,37,1
1618,38,1
80401,36,0
91391,82,0
56,1222,1
52973,1198,0
70,13,1
125,886,1
1632,882,1
75588,305,0
4204,897,1
41082,878,0
2106,207,1
6486,21,0
83164,97,0
2648,1207,1
61401,80,0
64162,1073,0
15604,806,0
982,1200,1
73218,35,0
72637,24,0
89278,47,0
51430,247,0
41647,455,0
3399,150,1
88279,464,0
136,564,1
13410,744,0
3031,347,1
54763,66,0
53568,45,0
88953,281,0
92371,64,0
101669,318,0
77261,1207,0
912,82,1
76,1012,1
91503,662,0
5978,189,1
53945,36,0
85410,259,0
5920,61,1
91527,21,0
91803,845,0
86855,181,0
2446,248,1
92089,776,0
2709,4,1
415,65,1
101308,468,0
639,364,1
103890,152,0
1464,57,1
945,529,1
48002,248,0
5893,561,1
51584,45,0
55806,317,0
79717,1210,0
49799,18,0
50456,39,0
3902,1255,1
84401,58,0
50384,221,0
89286,968,0
100999,394,0
3201,795,0
78205,431,0
75156,68,0
227,503,1
159,1200,1
80040,79,0
73764,793,0
50001,4,0
2448,141,0
2029,21,1
49315,21,0
5473,207,1
97812,15,0
3841,394,1
56871,78,0
55897,41,0
4462,220,1
1691,776,1
76892,89,0
78134,35,0
83101,468,0
139,192,1
4306,41,1
134,58,1
577,1199,1
51543,823,0
2888,1143,1
81606,330,0
63162,36,0
3810,394,1
3839,21,1
3919,16,1
52230,109,0
88724,579,0
987,13,1
3746,848,1
10514,57,0
3360,41,1
95860,78,0
2395,6,1
89,177,1
83609,590,0
2885,464,1
317,177,1
3088,503,0
1637,337,1
1920,17,1
102743,199,0
77990,828,0
3926,39,0
101441,35,0
997,40,0
80051,181,0
77561,152,0
60264,1207,0
456,71,1
1701,72,1
254,190,1
437,776,1
96578,878,0
3213,333,0
125,246,1
2661,177,1
24823,170,0
4349,13,1
2020,24,1
1691,263,1
93178,67,0
387,776,0
1511,256,1
529,41,0
2438,518,1
2304,129,1
38221,145,0
56,181,1
898,114,1
51900,221,0
4158,232,1
1272,175,1
948,1210,1
94296,154,0
2119,221,1
80428,253,0
53570,318,0
90939,6,0
3639,1149,1
71781,1196,0
1364,941,1
591,91,1
211,205,0
80228,965,0
77369,9,0
4695,78,1
83153,252,0
49212,105,0
98248,64,0
20631,1197,0
3421,98,0
90406,76,0
106186,13,0
80739,464,0
1399,171,1
154,39,1
450,30,1
1701,769,1
256,207,1
88786,252,0
96925,361,0
70467,292,0
5766,40,1
382,74,0
75875,35,0
93570,859,0
313,40,1
100,504,1
73508,114,0
2052,78,1
4679,455,1
22590,89,0
72588,207,0
21,44,1
69400,1207,0
19,47,1
2107,78,1
206,213,1
3127,263,1
1988,58,0
91385,741,0
19947,245,0
91088,434,0
57589,776,0
87582,478,0
4480,4,1
1039,590,1
9510,9,0
88293,112,0
765,589,1
200,66,1
1477,21,1
910,456,1
20589,0,0
72000,140,0
101822,1207,0
2098,1,1
312,89,1
346,40,1
2796,478,1
2471,125,1
52350,13,0
1129,306,1
68380,1207,0
424,47,1
101126,35,0
415,91,1
413,1207,1
65702,171,0
103494,78,0
55504,1392,0
2637,194,1
2908,109,1
853,256,1
583,941,1
60553,304,0
124,464,1
1314,503,1
939,1394,1
68992,1207,0
60210,114,0
103800,1198,0
9852,88,0
3300,45,1
357,1,1
60361,1093,0
924,45,1
57580,39,0
48169,776,0
90481,114,0
1536,57,1
1039,510,1
1333,1269,1
3431,179,1
54744,776,0
4340,897,1
103833,403,0
53439,41,0
2235,12,1
55641,1124,0
62400,194,0
89068,1207,0
54857,994,0
87236,1207,0
4469,129,1
78635,910,0
6620,50,0
2885,74,1
2126,39,1
48357,13,0
2820,215,1
71861,57,0
213,1207,1
549,8,1
1559,468,1
143,79,1
98506,304,0
88994,16,0
68803,65,0
1618,235,1
542,1080,1
4292,776,1
704,125,1
1398,263,1
61722,363,0
82,431,1
2729,89,1
5145,729,1
59325,968,0
80729,6,0
2281,230,0
995,1236,1
734,482,1
2463,555,1
2516,109,1
62562,270,0
98054,661,0
74,118,1
525,305,1
96104,13,0
77411,520,0
90280,433,0
82,64,1
3473,9,1
3120,1198,1
89255,217,0
104719,220,0
68315,145,0
64265,1196,0
3310,391,1
575,150,1
40,109,1
87747,40,0
1051,24,1
2169,844,1
791,270,1
53331,1196,0
3094,1202,1
1255,878,1
66155,89,0
91812,1210,0
92437,776,0
1473,791,1
5817,363,1
26360,61,0
118,616,1
2289,776,1
90052,6,0
503,91,1
75373,158,0
19468,460,0
1314,33,1
339,1207,1
254,1207,1
84611,89,0
105933,362,0
52670,183,0
17,351,1
4337,1207,1
90689,431,0
246,76,1
157,1222,1
63596,235,0
972,256,1
5237,4,1
2771,58,1
1944,39,1
5901,84,1
96113,76,0
23040,1133,0
70,87,1
98810,878,0
58827,1198,0
3126,1197,0
190,45,1
95393,282,0
1157,24,1
44643,9,0
52414,24,0
1164,24,1
51611,283,0
54504,230,0
3616,40,1
1597,784,1
746,621,1
178,21,1
83766,153,0
3333,503,1
65395,217,0
103331,503,0
78531,1198,0
312,13,1
2175,1197,1
60224,739,0
16969,253,0
63063,607,0
3029,78,0
58351,337,0
90531,13,0
101898,112,0
75316,1456,0
59345,130,0
87801,58,0
624,415,1
57025,776,0
3333,253,1
98920,9,0
78287,109,0
16461,909,0
47670,13,0
2458,961,1
125,40,1
103245,1200,0
3011,0,1
56630,270,0
262,231,1
9637,39,0
96672,125,0
77170,114,0
274,98,1
1745,21,1
1690,21,1
3927,405,0
858,364,1
10712,39,0
77936,65,0
87623,12,0
104208,37,0
63574,150,0
91381,24,0
76656,798,0
60753,87,0
62881,242,0
101682,58,0
1096,430,1
76405,256,0
321,80,1
94935,264,0
3333,949,1
575,501,1
49236,1147,0
51100,97,0
77444,3,0
52672,1289,0
1821,13,1
92264,1396,0
76723,24,0
100404,61,0
2046,376,0
98652,13,0
1615,282,1
3051,253,1
58878,78,0
48607,58,0
124,945,1
105729,21,0
1615,36,1
552,331,1
79255,139,0
1975,233,1
6055,105,1
284,18,1
910,13,1
72196,783,0
3290,269,1
56542,114,0
564,39,1
93948,12,0
2428,533,1
3074,806,1
75459,363,0
83982,634,0
6251,29,1
66796,119,0
93275,246,0
1640,191,1
57548,233,0
317,201,1
5720,233,1
1025,58,1
37832,312,0
29766,1,0
95454,12,0
4124,776,1
934,47,1
2346,89,1
466,817,1
5278,5,1
1444,61,1
1461,12,1
10677,318,0
72248,40,0
50377,78,0
936,6,1
3110,1408,1
24778,40,0
4332,54,1
578,124,1
1414,805,1
1468,152,1
63548,39,0
934,1280,1
77997,35,0
73858,118,0
4993,1322,1
4428,394,1
49791,524,0
8542,248,0
2044,618,1
3548,24,1
81815,783,0
477,47,1
3376,40,1
53616,510,0
16,17,1
1033,431,1
108,1280,1
50479,149,0
1760,172,1
3580,41,1
83272,13,0
97763,503,0
1272,307,1
65398,1196,0
65476,18,0
591,548,1
73180,124,0
70213,1200,0
8756,619,0
976,91,1
1123,29,1
916,92,1
3036,61,1
47094,1118,0
2289,621,1
22728,1,0
2156,47,1
291,776,1
931,452,1
1681,57,1
1008,73,1
101878,504,0
84226,58,0
1603,247,1
74898,941,0
3098,220,1
2222,636,1
177,1068,1
67938,434,0
5864,9,1
912,157,1
75672,878,0
158,1122,1
79531,98,0
5906,410,0
437,340,1
188,97,1
72537,468,0
549,65,1
124,950,1
49115,510,0
57095,462,0
91988,776,0
1783,160,1
2069,364,1
3797,1196,1
76,41,1
102909,776,0
552,602,1
1630,1012,1
59023,37,0
74551,177,0
25275,1196,0
75095,943,0
48862,256,0
3505,58,1
2602,1075,0
81113,67,0
18436,307,0
5985,4,0
1227,105,1
207,456,1
65058,150,0
81103,41,0
95343,1193,0
89166,21,0
64360,409,0
883,13,1
4532,761,1
287,220,1
1075,1226,1
1471,309,1
31,911,1
30795,206,0
99548,270,0
944,114,1
101793,12,0
64057,621,0
49178,98,0
97379,97,0
62132,1394,0
3252,177,1
52473,282,0
1620,9,1
52373,1193,0
2400,1198,1
6059,38,1
82125,16,0
4703,431,1
103073,1122,0
557,245,1
85986,21,0
86407,41,0
104296,431,0
75,594,1
2898,1210,1
49352,581,0
559,1299,1
18686,37,0
2476,606,1
286,270,1
2439,33,1
94803,1198,0
1872,19,1
1910,13,1
2659,776,1
1651,403,1
306,739,1
2912,39,1
54704,141,0
67778,263,0
76184,264,0
3333,171,1
47518,78,0
17362,88,0
2817,671,1
989,57,0
38970,47,0
1631,39,1
1074,17,1
258,39,1
5978,973,1
939,427,1
1887,44,1
3303,504,1
262,246,1
1762,194,1
60401,1198,0
83204,183,0
5758,729,1
89,33,1
75912,179,0
1910,114,1
59701,38,0
1881,288,1
57267,37,0
23175,13,0
88191,9,0
62747,4,0
584,47,1
508,248,1
75447,394,0
71074,776,0
59510,1198,0
1758,1396,1
304,145,1
47575,15,0
67978,91,0
68571,30,0
4441,1076,1
69956,305,0
35,207,1
51438,256,0
101120,97,0
63223,774,0
47785,41,0
100433,217,0
93390,297,0
102870,884,0
101826,232,0
74680,961,0
3366,45,1
90656,256,0
60934,543,0
4031,877,1
197,98,1
100510,1194,0
901,282,1
783,207,1
47401,175,0
90765,53,0
2175,24,1
411,1207,1
57540,45,0
3286,145,1
233,181,1
4123,776,1
10855,9,0
74981,1230,0
92684,215,0
57082,189,0
99169,114,0
849,39,1
78023,177,0
91208,463,0
1072,1,1
71870,9,0
66852,1198,0
1074,80,1
49,1074,1
1981,177,1
94491,8,0
97702,76,0
95756,58,0
131,0,1
1695,941,1
1031,1216,1
40,312,1
75606,1396,0
2126,98,1
157,89,1
4839,1196,1
93434,74,0
3054,1,1
1365,98,1
2467,190,1
811,426,1
67306,9,0
96360,798,0
2557,47,1
80778,506,0
1025,150,1
806,109,1
163,18,1
89397,621,0
53429,1227,0
31185,91,0
66665,1176,0
52114,543,0
88250,39,0
5035,1210,1
2323,150,1
313,1012,1
1136,953,1
4652,1279,1
124,941,1
1297,543,0
62319,775,0
105764,282,0
94639,233,0
95532,1412,0
87688,9,0
2669,172,1
76717,455,0
1350,98,1
75041,160,0
587,458,1
97344,464,0
61489,963,0
94557,1237,0
84535,1263,0
2793,245,1
4999,45,1
288,1334,1
80766,304,0
61,285,1
54447,352,0
977,4,1
437,74,1
86648,394,0
78384,29,0
99916,877,0
1689,776,1
76357,623,0
104997,1,0
3241,270,1
3805,1407,1
1471,247,1
1517,1488,1
2690,1232,1
2776,47,1
47927,221,0
45,252,1
2852,340,1
96618,1200,0
63737,208,0
2428,85,1
4848,1196,1
52486,438,0
77140,943,0
64242,282,0
157,337,1
57134,362,0
19452,13,0
65412,9,0
84902,12,0
94056,1396,0
82705,61,0
81200,175,0
1517,141,1
85944,362,0
77157,791,0
4283,961,1
49897,3,0
69780,45,0
56852,58,0
4205,1198,1
68163,468,0
2820,778,1
1000,53,1
48518,1207,0
5259,221,1
1616,248,1
58057,158,0
934,0,1
87312,252,0
11628,212,0
104338,114,0
102383,961,0
559,882,1
327,12,1
365,264,1
2307,621,1
267,1210,1
60551,124,0
73323,316,0
1732,776,1
6234,1197,1
1319,1,1
56154,5,0
204,47,1
157,186,1
87267,367,0
98438,892,0
374,141,1
72625,1372,0
48163,80,0
2026,98,1
1562,177,1
97551,109,0
88239,38,0
2835,739,1
1771,58,1
232,431,1
91953,306,0
347,954,0
128,859,1
80912,41,0
315,1079,1
85744,245,0
68377,859,0
1280,364,1
52583,39,0
77230,172,0
77443,776,0
80120,153,0
2447,21,1
61944,232,0
765,318,1
1398,255,1
88386,520,0
1336,327,1
87630,4,0
1036,5,1
87480,78,0
46070,76,0
1504,33,1
1148,89,1
6038,344,1
4485,58,1
5057,155,1
2247,14,1
89405,0,0
5140,1197,1
1794,44,1
4669,409,1
3125,304,1
1491,41,1
74742,39,0
4019,128,1
91985,9,0
2374,16,1
3587,21,1
2971,45,1
62098,1200,0
71216,44,0
56876,172,0
2669,171,1
2476,688,1
51186,39,0
706,109,1
82216,1207,0
152,431,1
1565,172,1
3051,431,0
83003,981,0
2467,80,1
2161,843,1
73,233,1
37601,225,0
1400,525,1
3604,233,1
81580,9,0
2645,21,1
93580,394,0
88668,1289,0
1263,8,1
2913,152,1
1442,76,1
102789,31,0
77255,256,0
2503,258,1
233,58,1
888,379,1
87441,21,0
82618,253,0
2647,429,1
76114,61,0
1362,426,1
5298,1198,1
66,510,1
84543,40,0
78542,682,0
256,69,1
983,47,1
246,189,1
49407,376,0
36991,175,0
1259,273,1
1465,776,1
33010,1207,0
1456,0,1
1197,67,1
9237,744,0
76322,905,0
75706,72,0
85526,1207,0
56,1197,1
93511,37,0
233,248,1
222,9,1
80470,40,0
81245,217,0
48294,36,0
346,125,1
68089,368,0
1205,429,1
62309,394,0
63194,109,0
48150,424,0
37,114,1
136,282,1
21566,41,0
2448,1207,1
3677,40,1
74101,481,0
103495,16,0
104795,394,0
19671,1102,0
128,92,1
50991,1,0
71319,109,0
90337,9,0
1929,47,1
95199,1197,0
2445,4,1
69343,150,0
1517,44,1
3061,1226,1
60602,172,0
1731,5,1
2355,175,1
90891,156,0
97786,304,0
63609,45,0
713,109,1
5445,1439,1
2175,1011,1
66563,150,0
4040,859,0
70785,21,0
2446,984,1
437,431,1
63968,37,0
1280,379,1
83372,145,0
2462,193,1
74695,82,0
932,844,1
378,464,1
5228,1392,1
4514,245,1
5635,1202,1
1163,6,1
95588,253,0
114,151,1
3166,647,1
3136,258,1
2128,156,1
53346,109,0
4155,233,0
72611,776,0
30483,45,0
884,39,1
93260,352,0
72775,244,0
618,404,1
99675,1199,0
1205,578,1
54354,1252,0
2245,1197,1
100496,321,0
2852,884,1
2428,1196,1
105829,201,0
56765,6,0
6259,45,0
2885,98,1
2929,21,1
437,235,1
5583,12,1
30,105,1
83568,878,0
8756,154,0
102110,344,0
67313,84,0
336,209,1
100520,435,0
2034,245,1
1350,776,1
3438,170,1
51,388,1
77684,283,0
86840,4,0
302,154,1
63308,246,0
96252,403,0
61795,153,0
642,468,1
89758,98,0
336,824,1
1230,24,1
1535,111,1
90082,410,0
97351,31,0
49705,105,0
474,444,1
67049,171,0
62890,19,0
67902,171,0
47580,288,0
2440,98,1
75,44,1
238,248,1
103452,175,0
967,78,1
54347,177,0
47276,41,0
1615,24,1
945,1030,1
47764,97,0
3156,231,1
2906,823,1
724,504,1
185,139,1
87268,98,0
1405,109,1
76,154,1
56,882,1
68326,61,0
56833,137,0
23,145,1
82514,13,0
63269,82,0
362,195,1
46245,181,0
60356,128,0
8414,109,0
57452,21,0
94551,47,0
91629,114,0
1909,98,1
495,431,1
82548,114,0
62592,423,0
3219,9,1
3132,40,1
72287,265,0
52747,9,0
3116,2,1
105703,177,0
85561,39,0
725,207,1
83601,478,0
102991,114,0
102037,54,0
64820,21,0
89658,35,0
79945,283,0
415,170,1
2434,247,1
56,173,1
64751,1074,0
5514,12,1
60938,12,0
69267,47,0
1530,13,1
64656,318,0
197,233,1
1501,69,1
365,1423,1
59274,949,0
61,433,1
62679,203,0
72078,282,0
101,71,1
5973,431,1
838,109,1
3277,44,1
577,97,1
580,342,1
104490,1193,0
7266,491,0
84233,0,0
98215,36,0
1031,339,1
43995,1296,0
10377,1124,0
96229,1199,0
106077,1207,0
83021,431,0
1689,37,1
95226,948,0
49035,64,0
434,615,0
100463,177,0
4607,269,1
1098,118,1
57014,154,0
88684,129,0
2381,518,1
4284,351,1
306,17,1
88641,391,0
100464,306,0
1657,214,1
124,114,1
102317,246,0
3256,17,1
64863,64,0
2194,905,1
2782,21,0
104078,17,0
259,317,1
1462,1,1
3139,39,1
3333,186,1
5574,196,1
93948,823,0
2022,501,1
780,58,1
45920,129,0
29451,13,0
4075,877,1
104367,431,0
5461,183,1
3080,179,1
441,220,1
209,991,1
647,45,1
100083,431,0
65475,98,0
415,1023,1
85573,35,0
225,1199,1
63759,21,0
95713,431,0
105378,1122,0
1957,145,1
92047,38,0
1350,61,1
40314,401,0
3478,37,1
1614,1193,1
211,270,1
72096,151,0
37,835,1
95679,305,0
63363,82,0
1833,486,1
3370,3,1
125,909,1
5593,15,1
54023,249,0
319,80,1
253,806,1
105432,1227,0
3468,97,1
314,1210,1
24,1207,1
56047,431,0
157,392,1
58423,40,0
89271,379,0
87945,177,0
72518,41,0
87586,905,0
1470,18,1
1616,253,1
98315,8,0
50760,431,0
1197,69,1
91789,109,0
1318,156,1
24930,283,0
62065,910,0
90461,976,0
98911,220,0
5800,24,1
234,752,1
6567,0,0
88952,1322,0
157,233,1
2126,264,1
2793,351,1
61856,1396,0
80226,1207,0
429,670,1
2561,600,1
52194,3,0
2373,158,1
3057,39,1
1141,437,1
2929,1448,1
76485,18,0
1090,445,1
1163,246,1
82942,791,0
853,45,1
73787,40,0
79857,1,0
47858,776,0
71154,220,0
902,501,1
105187,179,0
1456,460,1
57242,333,0
4003,878,1
79880,949,0
71232,65,0
1501,67,1
75554,114,0
1699,172,1
106053,29,0
1401,235,1
5650,78,1
49701,61,0
285,1197,1
963,15,1
62451,878,0
2381,16,1
54124,543,0
2793,78,1
72637,282,0
36616,256,0
57447,431,0
69085,431,0
58356,79,0
83117,307,0
98329,363,0
213,249,1
3116,1194,1
3264,183,1
61110,410,0
1425,109,1
503,502,1
557,234,1
8191,44,0
98364,44,0
56494,517,0
58882,961,0
3213,973,0
97420,0,0
92334,269,0
58450,58,0
1288,98,1
50603,1124,0
4271,4,1
87479,304,0
4482,654,0
21,783,1
2668,76,1
3559,172,1
49,859,1
2853,5,1
103164,880,0
66976,344,0
302,72,1
89888,192,0
55275,281,0
1676,45,1
1812,885,1
163,177,1
497,954,1
170,1200,1
2107,110,1
4201,177,1
1350,233,1
386,0,1
61680,909,0
56485,183,0
1789,58,1
87849,288,0
62334,150,0
105364,41,0
61403,1198,0
1760,173,1
1632,21,1
2412,82,1
96202,31,0
71785,78,0
97604,1216,0
557,153,1
101442,6,0
77727,45,0
52173,600,0
3846,425,1
346,424,1
101644,1207,0
1614,472,1
96159,89,0
74326,3,0
74202,61,0
63933,0,0
584,45,0
49756,64,0
629,831,1
2129,67,1
74630,1196,0
81633,233,0
1039,425,1
1039,5,1
1690,38,1
2381,1207,1
77384,821,0
51715,693,0
2885,579,1
84991,39,0
2604,109,1
803,431,0
72722,14,0
1691,41,1
304,138,1
80208,1394,0
1226,207,1
86567,109,0
64773,44,0
23,17,1
102466,636,0
47497,259,0
3772,265,1
65814,1199,0
4349,24,1
1690,252,1
2713,13,1
76771,21,0
2126,1244,1
78338,231,0
100325,109,0
63811,859,0
91926,502,0
5873,869,1
4980,114,0
83899,800,0
300,1124,1
620,129,1
69691,1269,0
3841,76,1
100759,17,0
67306,41,0
67281,503,0
94063,671,0
5023,1198,1
92180,776,0
2439,961,1
262,1073,1
222,109,1
7941,247,0
30,1199,1
89185,44,0
84621,270,0
2441,256,1
58537,477,0
207,98,1
588,13,1
1313,39,1
48298,9,0
196,344,1
101314,44,0
80353,128,0
4712,12,1
5088,1197,1
2756,58,1
89915,57,0
3195,376,0
69291,788,0
73324,1124,0
53885,15,0
2946,177,1
101164,1334,0
2412,180,1
85734,103,0
103900,636,0
32,1200,1
1175,822,1
85703,74,0
1971,1126,1
52363,1346,0
3637,468,1
5069,639,1
48441,41,0
2303,776,1
99141,76,0
32407,150,0
97369,233,0
2706,61,1
89118,78,0
6809,247,0
34585,418,0
1233,152,1
1739,1124,1
47163,776,0
4029,636,1
78517,319,0
1527,177,1
48656,1207,0
1297,1027,0
96553,186,0
4241,429,1
64160,21,0
5337,309,1
64794,948,0
97331,247,0
6059,35,1
63760,91,0
101625,352,0
5366,4,1
53483,173,0
3543,61,1
72488,256,0
52259,89,0
302,464,1
47933,1198,0
2434,245,1
2175,298,1
2793,141,1
3354,177,1
834,989,0
84836,109,0
75335,37,0
1790,78,1
71182,776,0
78007,40,0
98338,283,0
65046,44,0
74912,270,0
85425,1396,0
70707,776,0
54671,4,0
5340,114,1
98920,989,0
2820,424,1
63004,109,0
46105,1029,0
1363,252,1
63719,49,0
97728,138,0
2459,47,1
1631,1244,1
1971,67,1
78253,502,0
88168,35,0
5374,424,1
551,97,1
1835,114,1
226,430,1
135,920,1
336,905,1
1872,24,1
8468,1074,0
73301,3,0
68790,172,0
88577,274,0
253,177,1
4221,0,1
32209,424,0
100242,114,0
96863,990,0
80626,763,0
63565,1396,0
917,73,1
88333,177,0
4323,79,1
3817,16,1
49817,1198,0
76504,205,0
1188,98,1
5634,125,1
2765,89,1
4126,504,0
64681,621,0
85737,0,0
1572,424,1
2476,1198,1
2989,5,1
31,1012,1
72824,16,0
710,109,1
207,950,1
91682,154,0
73880,233,0
302,263,1
85786,569,0
2510,21,1
69238,253,0
735,109,1
52899,685,0
93547,41,0
1440,181,0
1725,61,1
2435,376,1
78708,880,0
94400,13,0
83671,423,0
84516,97,0
95944,15,0
254,1124,1
2084,31,1
291,220,1
2607,18,1
686,734,1
1270,1194,1
1380,21,1
5067,1197,1
21267,53,0
81,92,1
255,15,1
104591,44,0
172,460,1
108,682,1
3165,521,1
4751,177,1
2820,1308,1
76063,39,0
4707,41,1
136,110,1
286,344,1
830,829,0
98392,221,0
94984,1,0
2558,21,1
2203,47,1
105909,114,0
55153,786,0
93414,140,0
112,1,1
2561,41,1
782,13,1
1325,24,1
33482,9,0
575,282,1
1775,41,1
60949,114,0
105536,76,0
92274,882,0
2732,207,1
1333,460,1
53107,40,0
6197,1198,1
83117,91,0
285,1133,1
97290,172,0
1368,859,1
497,292,1
101708,109,0
70451,129,0
51997,3,0
55691,177,0
105118,78,0
1366,37,1
90226,233,0
44084,82,0
1073,784,1
4138,394,1
97883,793,0
23262,438,0
1611,1187,1
85,541,1
63037,180,0
414,431,1
383,423,1
1433,24,1
92985,6,0
98571,58,0
922,776,1
3876,342,1
69974,24,0
55125,281,0
888,21,1
557,750,1
227,205,1
106456,21,0
64640,186,0
5254,12,1
3597,40,1
3264,184,1
1517,1102,1
378,44,1
644,1234,1
578,73,1
82783,58,0
1354,217,1
76593,109,0
88963,953,0
2018,98,1
1591,931,1
6032,1198,1
72901,158,0
157,930,1
82903,47,0
58121,460,0
178,776,1
85497,362,0
21052,4,0
93856,327,0
2374,1,1
2180,17,1
91,0,1
86331,394,0
11937,501,0
11286,431,0
3051,76,1
48829,109,0
2406,64,1
1620,431,1
752,599,1
5898,394,1
7011,150,0
5270,194,1
74500,47,0
56150,173,0
124,948,1
77865,936,0
59739,5,0
64453,362,0
96172,894,0
7565,783,0
1253,33,1
2554,109,1
3588,643,1
79806,177,0
200,362,1
96777,352,0
58951,304,0
92,288,1
362,109,1
80393,409,0
106101,256,0
35615,140,0
1517,467,1
79767,1197,0
391,4,1
5631,139,1
154,71,1
207,945,1
389,270,1
93348,33,0
2233,47,1
54706,9,0
80851,41,0
1003,363,1
78752,175,0
21167,694,0
1798,9,1
14787,969,0
2371,40,1
1000,518,1
63746,255,0
49743,438,0
2719,256,1
2759,242,1
102716,456,0
917,192,1
60093,194,0
73385,859,0
111,805,1
50008,214,0
92609,431,0
101412,47,0
3605,997,1
77650,76,0
5985,0,1
4496,40,1
7862,150,0
102407,1198,0
705,109,1
73246,418,0
106115,58,0
2635,21,1
1364,58,1
77287,885,0
55833,5,0
98334,744,0
102316,300,0
83961,464,0
70622,114,0
74294,68,0
101420,1207,0
80914,246,0
91163,13,0
48765,943,0
710,300,1
2793,21,1
10771,363,0
1660,13,1
6988,57,0
58260,58,0
57935,118,0
74962,230,0
1966,519,1
104297,177,0
26978,40,0
3026,443,1
77100,206,0
89668,97,0
3876,1464,1
2607,82,1
71222,29,0
66964,97,0
783,61,1
1501,74,1
73,654,1
104376,47,0
83678,510,0
1197,504,1
73402,431,0
57505,1050,0
1722,13,1
90235,517,0
103670,202,0
77087,438,0
5944,0,1
2823,61,1
61986,82,0
63633,6,0
23382,8,0
2439,114,1
68649,37,0
1752,288,1
1691,21,1
88296,36,0
431,431,1
1273,109,1
8319,245,0
644,3,1
3615,44,1
98792,555,0
86,844,1
2435,283,1
99421,58,0
75,170,1
71589,882,0
1290,5,1
86561,0,0
4294,39,1
74325,394,0
1504,217,1
85953,39,0
1254,79,1
50688,197,0
98665,433,0
734,474,1
1696,24,1
2226,269,1
2845,128,1
1128,3,1
79583,153,0
387,40,1
91632,45,0
567,1207,1
313,401,1
51810,4,0
66635,1228,0
50185,125,0
2389,39,0
4166,877,1
503,67,1
77793,177,0
51817,304,0
276,351,1
103526,4,0
80114,9,0
24074,905,0
910,69,1
1930,78,1
902,253,1
4411,1210,1
618,381,1
2651,1396,1
2462,192,1
3692,258,1
44869,233,0
182,1074,1
2175,1124,1
1798,621,1
14788,438,0
3101,546,1
16970,518,0
52369,227,0
1671,1482,1
575,21,1
16126,150,0
50307,156,0
106424,518,0
575,252,1
2561,892,1
79732,533,0
49924,33,0
63119,256,0
49039,6,0
550,693,1
422,17,1
565,41,1
53588,58,0
105133,259,0
76959,943,0
1442,859,1
2215,0,1
73,424,1
79945,24,0
67291,13,0
1400,57,1
3400,37,1
1230,56,1
99981,37,0
106275,177,0
99761,776,0
2754,40,1
5153,1210,1
84775,795,0
81425,391,0
69833,21,0
1485,1198,1
2415,84,1
77555,9,0
58269,4,0
4199,68,1
5202,265,1
3490,0,1
1650,259,1
2820,315,1
1062,1124,1
596,109,1
80288,27,0
1615,208,1
63512,803,0
60738,8,0
1648,31,1
67831,15,0
212,305,1
389,17,1
5971,344,0
778,44,1
1288,40,1
17086,171,0
65038,153,0
378,67,1
5044,1197,1
313,352,1
49378,1210,0
79745,783,0
9076,248,0
2618,270,1
78888,234,0
2537,109,1
76043,109,0
5978,248,1
4675,39,1
60320,171,0
71925,664,0
70914,1396,0
50773,29,0
167,17,1
1632,154,1
497,621,1
58563,477,0
995,379,1
2755,255,1
4751,114,1
92204,288,0
61142,1227,0
80071,19,0
49809,205,0
52521,196,0
72678,818,0
98985,213,0
75814,342,0
1195,13,0
240,350,1
71640,859,0
47452,44,0
1641,220,1
1491,206,1
889,44,1
603,220,1
86911,114,0
2446,593,1
22586,18,0
950,344,1
1400,61,1
59213,776,0
81686,394,0
69910,217,0
90444,16,0
97972,13,0
57163,717,0
2446,68,1
818,464,1
1504,89,1
2307,776,1
6732,5,0
67568,125,0
100877,91,0
47198,1083,0
1591,192,1
10239,68,0
88783,643,0
17157,171,0
233,253,1
3600,1210,1
349,6,1
92745,82,0
58036,1394,0
49301,1197,0
1367,882,1
346,124,1
5607,3,1
92651,394,0
68032,968,0
94598,344,0
66587,431,0
253,72,1
1035,822,1
75025,394,0
85372,517,0
1517,518,1
921,33,1
46971,40,0
6636,82,0
682,76,1
1663,124,0
3080,12,1
1030,784,1
51865,138,0
97511,9,0
16129,24,0
262,44,1
5998,1290,1
73188,29,0
101898,884,0
52722,91,0
78574,246,0
92761,24,0
26,114,1
55784,424,0
61134,431,0
100771,1363,0
87712,98,0
56608,58,0
67453,403,0
69517,13,0
66764,877,0
2384,47,1
4286,1386,1
65967,97,0
456,97,1
1366,205,1
64941,40,0
474,220,1
1002,364,1
90,47,1
2240,180,1
2058,1207,1
2128,153,1
12882,45,0
1812,882,1
4781,1395,1
102345,455,0
104944,461,0
71536,9,0
50606,247,0
1352,15,1
101,4,1
892,13,0
884,37,1
2428,217,1
222,30,1
100249,179,0
9588,35,0
56848,177,0
191,969,1
4473,144,1
92349,57,0
39,196,1
85202,300,0
1275,646,1
93647,351,0
75,24,1
94741,91,0
2175,1198,1
52000,1197,0
207,728,1
92174,38,0
97533,926,0
93974,905,0
2301,9,1
97721,946,0
85514,953,0
101117,937,0
97831,941,0
23352,45,0
2106,97,1
3590,269,1
809,1194,1
96606,615,0
3269,88,1
2544,50,1
3138,45,1
73002,31,0
56124,247,0
53,155,1
75136,930,0
156,172,1
3260,149,1
86202,221,0
1205,13,1
156,177,1
1120,555,1
89610,431,0
88156,39,0
66255,1198,0
59049,97,0
88588,18,0
1840,181,1
90718,9,0
66978,65,0
56013,252,0
902,337,1
562,4,1
90250,636,0
3019,128,1
106426,1429,0
376,776,1
5978,581,1
1763,456,1
302,568,1
10658,9,0
82781,152,0
187,894,1
57068,455,0
48865,141,0
200,230,1
139,283,1
1776,170,1
1321,466,1
50452,882,0
6055,186,1
94820,9,0
75896,141,0
54913,961,0
575,58,1
4346,45,1
89343,76,0
75027,344,0
356,114,1
1401,4,1
285,1075,1
74904,352,0
72474,2,0
126,445,1
102963,255,0
80155,905,0
65459,74,0
3333,45,1
383,41,1
2852,58,1
90190,17,0
65691,1210,0
76504,177,0
851,21,1
950,44,1
54,100,1
77057,886,0
1393,1193,1
5364,74,1
595,109,1
43713,1198,0
307,18,1
95449,776,0
97006,1226,0
548,24,1
11371,16,0
3333,504,1
1271,194,1
1000,17,1
125,171,1
122,2,1
2412,227,1
94211,105,0
4363,220,1
87767,173,0
66198,813,0
97571,13,0
1361,109,1
74513,88,0
3195,456,1
522,82,1
2186,247,1
910,58,1
4747,6,1
3067,192,1
55517,255,0
3480,0,1
101127,884,0
1,577,1
2060,1400,1
1442,24,1
2216,795,1
90,109,1
64649,282,0
3778,147,1
291,1221,1
99393,79,0
527,15,1
81981,172,0
75796,105,0
448,29,1
676,107,1
93072,1207,0
1618,340,1
2594,17,1
5308,45,1
80798,8,0
579,21,1
748,998,1
99153,207,0
61954,460,0
1713,1194,1
94141,1252,0
1139,776,1
475,1197,1
5597,1217,1
83784,48,0
2956,44,1
233,882,1
85442,621,0
73442,263,0
55952,61,0
2971,253,1
94515,79,0
233,172,1
94610,9,0
433,65,1
95782,21,0
6172,1197,1
82671,464,0
262,750,1
423,728,1
100180,181,0
51822,98,0
82975,502,0
97959,29,0
65901,456,0
1891,0,1
70802,35,0
2868,783,1
591,141,1
1618,456,1
3116,109,1
26398,173,0
32381,1198,0
3227,125,1
557,1226,1
4282,47,1
385,631,1
4248,175,1
236,39,1
1618,587,1
2043,45,1
59047,956,0
79431,158,0
75818,776,0
1837,9,1
288,1210,1
78839,1093,0
5978,654,1
4193,791,1
96083,1198,0
56,149,1
313,344,1
332,344,1
1541,45,1
76168,45,0
511,194,1
4717,776,1
75836,859,0
300,263,1
74991,3,0
5084,1194,1
56445,82,0
3967,877,1
53254,928,0
1356,220,1
79256,1023,0
53670,1430,0
60505,194,0
1550,180,1
317,114,1
938,33,1
2790,13,1
4515,4,1
101944,17,0
91956,1124,0
14387,38,0
2519,100,1
70,391,1
521,175,1
65765,394,0
21357,776,0
346,621,1
8420,283,0
66189,464,0
548,35,1
65982,65,0
89424,175,0
90730,109,0
2429,1210,1
90531,39,0
5801,21,1
94359,270,0
73350,44,0
69762,307,0
1139,91,1
500,800,1
69849,1198,0
38,177,1
73373,307,0
2122,1366,1
86909,189,0
1618,288,1
2054,21,1
996,114,1
2554,64,1
779,247,1
79648,71,0
42128,97,0
1671,541,1
76348,175,0
149,614,1
1162,6,1
1204,13,1
2385,109,1
638,364,1
5978,263,1
859,109,1
52582,40,0
1166,114,1
93481,89,0
94486,5,0
155,124,1
1632,339,1
87084,13,0
79205,1,0
270,616,1
101,76,1
99186,109,0
134,201,1
2424,39,0
578,233,1
58842,9,0
1350,877,1
4514,217,1
10,351,1
4162,878,1
73711,1340,0
51727,203,0
4822,315,0
1491,351,1
2988,9,1
102026,1200,0
197,321,1
1033,64,1
62226,1207,0
103837,217,0
946,125,1
55172,37,0
62399,478,0
53178,145,0
69123,270,0
188,247,1
65270,3,0
73248,114,0
9820,1210,0
2796,125,1
1393,109,1
1330,16,1
3480,171,1
1098,183,1
305,80,1
2439,340,1
19834,248,0
14484,247,0
138,114,1
3097,129,1
83758,9,0
9619,1012,0
559,502,1
3480,501,1
55002,89,0
25,263,1
388,768,1
2772,12,1
315,64,1
477,28,1
66282,150,0
1283,24,1
724,973,1
88923,253,0
206,1347,1
1644,45,1
1987,9,1
1910,246,1
1668,133,1
74094,956,0
69894,791,0
88725,456,0
1273,47,1
1606,1194,1
3876,37,1
2554,998,1
75687,270,0
2077,144,1
567,394,1
10179,1124,0
3182,18,1
96530,376,0
6042,1272,1
315,29,1
2568,0,1
76,91,1
3709,194,1
397,776,1
16221,885,0
266,728,1
2885,71,1
503,45,1
60512,901,0
285,418,1
748,4,1
1717,177,1
629,606,1
229,481,1
88132,114,0
1759,480,1
96058,37,0
1365,255,1
74439,319,0
103,577,1
102645,4,0
23596,321,0
47677,231,0
883,245,1
77512,114,0
281,190,1
102513,17,0
17646,434,0
4407,255,0
1865,38,1
36,621,1
84591,477,0
1092,45,1
55052,229,0
73911,776,0
3029,3,1
1539,214,1
66638,282,0
2146,233,1
3208,21,1
1661,160,1
559,968,1
1527,44,1
68048,1010,0
4355,292,1
2728,173,1
71592,1124,0
2737,245,1
56,35,1
54037,361,0
80639,246,0
32309,473,0
1622,2,1
5056,259,0
331,109,1
612,9,1
557,151,1
18,844,1
97077,817,0
5240,1194,1
102273,33,0
79167,524,0
1289,1030,0
225,501,1
1024,98,1
1671,44,1
84612,352,0
47729,179,0
68572,429,0
557,551,1
3869,1461,1
87340,179,0
4259,4,1
73429,270,0
1621,1396,1
49092,776,0
8554,1210,0
4223,431,1
55763,824,0
3323,2,1
115,248,1
1620,1200,1
1040,58,1
46247,13,0
72289,468,0
2908,205,1
69782,1101,0
557,217,1
56,282,1
63603,430,0
71863,84,0
49039,5,0
1146,1155,1
102435,177,0
2885,12,1
86056,58,0
154,72,1
4779,45,1
53117,125,0
65,58,1
2448,1227,1
5673,256,1
178,759,1
1288,124,1
6244,9,1
2452,177,1
51550,13,0
25241,835,0
2048,39,0
2513,394,1
1598,111,1
82464,41,0
1908,79,1
3505,35,1
1367,68,1
2108,9,1
583,948,1
26405,1133,0
96989,53,0
66575,433,0
59194,6,0
586,344,1
61344,1,0
29312,78,0
78558,1197,0
922,1098,0
48463,4,0
93140,6,0
8732,8,0
79501,205,0
32,1394,1
115,58,1
47774,125,0
55055,0,0
97113,39,0
7773,215,0
87005,16,0
578,351,1
1618,791,1
75091,1224,0
100055,213,0
79694,68,0
54,220,1
71052,98,0
1440,154,0
55653,194,0
76507,217,0
557,769,1
448,1193,1
61769,169,0
73148,61,0
94874,503,0
3048,21,1
73,246,1
70412,4,0
1647,28,1
1513,543,1
96,844,1
4417,227,1
68199,91,0
55118,78,0
1696,501,0
92726,58,0
300,1210,1
2439,41,1
72982,776,0
188,885,1
98735,905,0
58234,114,0
1644,58,1
91579,394,0
83369,152,0
2493,84,1
2419,968,1
54,251,1
25,41,1
2486,451,1
1364,9,1
2885,883,1
2043,68,1
26105,114,0
1180,97,1
90896,114,0
93287,443,0
403,364,1
262,69,1
8021,12,0
95516,501,0
86096,194,0
87985,203,0
82953,47,0
1976,5,1
95122,282,0
64377,520,0
66184,961,0
2668,156,1
261,1363,1
32,124,1
51751,608,0
13000,145,0
6522,817,0
85315,248,0
101316,171,0
60026,158,0
5294,130,1
259,66,1
57183,13,0
2702,9,1
49843,531,0
5208,1387,1
3336,8,0
3515,24,1
1666,40,1
56,44,1
75572,776,0
93665,40,0
52866,41,0
75,671,1
55460,175,0
14832,82,0
2471,8,1
71059,145,0
964,15,1
59292,1124,0
45906,121,0
1412,65,1
2145,58,1
64169,729,0
86032,175,0
60060,776,0
101784,606,0
3699,21,1
1749,6,1
5115,1197,1
75191,4,0
66035,39,0
66156,288,0
3775,6,1
966,61,1
52215,24,0
87406,1316,0
3751,18,0
559,57,1
1323,281,1
672,331,1
54779,951,0
76,1309,0
356,1097,1
52902,171,0
289,31,1
1832,648,1
67520,0,0
2517,140,1
1691,61,1
83602,40,0
543,847,1
939,124,1
80548,256,0
72782,157,0
1205,763,1
13618,73,0
73,429,1
73822,36,0
99592,411,0
204,1,1
2441,35,1
545,87,0
2858,615,1
1025,776,1
1345,951,0
50185,57,0
500,561,1
98158,780,0
61202,800,0
70433,1218,0
52853,58,0
75222,256,0
53382,308,0
84612,376,0
58861,24,0
90672,791,0
54807,179,0
59124,431,0
7927,37,0
1812,69,1
4086,878,1
65046,74,0
3236,98,1
679,158,1
78329,5,0
64121,177,0
1907,44,1
72873,177,0
84222,24,0
188,246,1
97881,693,0
94314,64,0
1739,65,1
3680,9,1
789,44,1
56854,58,0
16102,921,0
378,38,1
53670,342,0
72602,41,0
2586,109,1
493,114,1
1661,61,1
1188,282,1
49271,878,0
910,74,1
49617,97,0
2472,1396,1
54704,9,0
54442,13,0
24,253,1
62646,1086,0
56736,791,0
86022,318,0
1465,429,1
105477,6,0
102565,35,0
106083,21,0
1824,6,1
331,149,1
443,1124,1
77624,1200,0
75042,109,0
99129,283,0
32504,41,0
1806,433,1
1097,5,1
927,0,1
1825,79,1
59588,109,0
74733,156,0
101680,362,0
77617,105,0
2765,229,1
679,160,1
1162,21,0
95512,40,0
84509,582,0
57338,147,0
115,9,1
85,282,1
542,12,1
48171,21,0
67662,318,0
93,130,1
376,145,1
97992,776,0
2367,6,1
987,321,1
5585,3,1
69612,859,0
100124,28,0
55946,78,0
47220,91,0
1674,773,1
1637,44,1
2946,21,1
1398,946,1
227,1075,1
62664,67,0
17413,207,0
50192,155,0
68249,318,0
1122,29,1
26,61,1
97491,366,0
3539,137,1
102553,305,0
245,191,1
4939,1198,1
4114,45,1
831,109,1
73019,961,0
93432,53,0
4503,78,1
65499,41,0
86312,36,0
163,282,1
92085,177,0
549,803,1
300,252,1
73424,1207,0
3016,5,1
2126,12,1
378,206,1
135,269,1
5364,72,1
95991,119,0
742,109,1
2608,394,1
1365,859,1
75720,1269,0
1618,255,1
1349,9,1
69,180,1
97232,65,0
2703,207,1
2827,41,1
97470,129,0
1197,68,1
102529,41,0
1365,339,1
78850,72,0
68473,264,0
2074,203,1
3043,1074,1
3599,246,1
66706,4,0
102136,220,0
993,1196,0
75899,37,0
87834,201,0
2383,331,1
335,130,1
11923,423,0
99030,233,0
93518,462,0
49022,394,0
14244,21,0
65749,214,0
2033,177,1
559,253,1
976,0,1
92893,206,0
3196,12,1
4731,431,1
59682,171,0
69196,194,0
91476,429,0
69341,800,0
21611,150,0
46401,29,0
83397,41,0
61224,954,0
125,24,1
4598,78,1
63691,171,0
91809,128,0
18812,920,0
25,884,1
67863,631,0
1288,973,1
56824,283,0
82536,109,0
3548,859,1
365,160,1
23,1207,1
58784,47,0
4354,35,1
1636,759,1
2441,38,1
2275,1198,1
54145,1224,0
94154,431,0
69714,438,0
21726,1394,0
1702,362,1
1426,273,0
68007,150,0
1843,233,0
62351,17,0
71243,239,0
884,429,1
1461,41,1
4631,80,1
81182,318,0
99403,229,0
45356,1196,0
6663,460,0
434,130,1
1000,14,1
1350,157,1
93693,114,0
57997,177,0
1691,1074,1
97595,253,0
65346,53,0
3344,9,1
1333,486,0
70797,798,0
1426,424,1
6207,458,1
2429,877,1
1840,183,1
104109,13,0
50947,256,0
58424,269,0
987,1012,1
2034,91,1
2892,1207,0
587,1194,1
1401,114,1
105310,1196,0
3379,79,1
390,139,1
61754,951,0
942,5,1
6042,1202,1
917,19,1
929,13,1
53793,600,0
99384,391,0
3455,13,1
140,247,1
102990,58,0
27914,61,0
2440,728,1
1676,9,1
1313,91,1
1453,109,1
80610,551,0
2461,29,1
96507,394,0
55345,98,0
3177,776,1
3143,1,1
500,564,1
3852,643,0
89327,253,0
26680,248,0
10836,1396,0
144,500,1
68486,281,0
983,3,1
1501,72,1
542,323,1
1749,124,1
484,379,0
91105,344,0
285,1198,1
96036,263,0
77351,877,0
2820,6,1
2192,270,1
95445,270,0
3116,1197,1
83873,130,0
104836,246,0
2058,249,1
1010,13,1
469,269,1
96957,305,0
1872,91,1
63439,220,0
3066,91,1
4120,878,1
89698,202,0
68189,246,0
3944,743,1
1660,246,1
84439,17,0
746,673,1
873,256,1
1362,91,1
2275,252,1
156,258,1
75612,800,0
3087,376,1
266,189,1
94828,661,0
5501,1124,1
1701,45,1
73398,45,0
1434,39,1
54,47,1
54819,13,0
1448,621,1
87462,0,0
163,1197,1
1325,12,1
811,41,1
98685,1210,0
54695,255,0
74311,175,0
88728,220,0
69081,151,0
94657,1198,0
56,394,1
2676,423,1
233,12,1
2933,460,0
79441,246,0
6195,376,1
645,8,1
140,246,1
78445,961,0
64826,363,0
59963,546,0
2330,715,1
91065,1210,0
47038,882,0
75098,580,0
65476,394,0
2786,105,1
53974,18,0
3493,61,1
86660,1207,0
62008,40,0
236,0,1
3133,36,1
51380,67,0
246,621,1
2897,347,1
73990,37,0
1690,179,1
16263,515,0
557,91,1
2372,8,1
70856,1202,0
109,87,1
103678,431,0
1367,179,1
437,44,1
4179,776,1
72698,13,0
3119,24,1
7032,58,0
8437,41,0
78290,21,0
8463,555,0
73039,390,0
2503,152,1
71631,282,0
102423,21,0
95156,430,0
1119,47,1
1650,258,1
63552,177,0
4407,394,1
969,205,1
63281,774,0
1664,1199,1
2998,39,1
89139,201,0
68780,44,0
66707,1192,0
13075,58,0
47422,424,0
73009,0,0
62003,114,0
9991,190,0
716,65,1
1636,776,1
2428,259,1
4254,149,1
90694,256,0
62966,170,0
987,1290,1
60156,1396,0
4154,16,0
552,270,1
85386,949,0
586,741,1
98244,388,0
5809,12,1
55446,58,0
50834,256,0
77059,177,0
56283,339,0
13181,61,0
95379,24,0
69315,269,0
209,394,1
104406,38,0
8636,182,0
105909,579,0
1701,129,1
52951,5,0
70717,1415,0
1347,65,1
73875,700,0
557,352,1
2228,174,1
1425,522,1
100747,21,0
77298,44,0
332,8,1
2652,1027,1
97498,905,0
910,312,1
101896,39,0
1332,394,1
58738,45,0
78880,339,0
302,97,1
358,263,1
2519,150,1
2743,9,1
78628,98,0
59229,394,0
2627,431,1
334,67,0
79773,1124,0
49455,73,0
5190,169,1
82945,21,0
1345,776,0
2817,40,1
2619,82,1
100095,9,0
104386,327,0
1695,954,1
73914,1322,0
204,1023,1
1035,124,1
992,951,1
93450,53,0
73942,434,0
2071,124,1
3220,4,1
58582,877,0
51721,21,0
245,783,1
286,1102,1
69884,140,0
456,984,1
2371,177,1
70722,38,0
327,58,1
95123,39,0
13063,903,0
82966,235,0
80687,6,0
78982,942,0
3526,9,1
86820,205,0
83370,45,0
92308,64,0
78793,207,0
9600,145,0
100055,400,0
462,394,1
98173,776,0
55272,233,0
285,880,1
62356,878,0
578,1412,1
160,258,1
62170,44,0
1455,220,1
4514,403,1
94174,244,0
95928,281,0
100654,410,0
73242,48,0
225,776,1
2049,859,0
5066,1196,1
4471,541,1
90633,288,0
73203,3,0
92016,57,0
48067,1394,0
2364,217,1
88704,351,0
99766,776,0
2386,28,1
262,502,1
102048,431,0
89350,4,0
1664,283,1
105069,194,0
159,53,1
56,98,1
5765,44,1
96318,37,0
995,560,1
26,21,1
1598,198,1
62463,1202,0
79963,0,0
88501,158,0
890,619,1
77796,776,0
2033,24,1
623,798,1
55572,859,0
54459,155,0
94274,21,0
427,1198,1
1025,593,1
66818,776,0
96510,180,0
46134,737,0
17719,910,0
9677,1257,0
127,74,1
1615,1197,1
207,36,1
2254,634,1
3121,152,1
96468,878,0
49103,247,0
1365,36,1
238,76,1
82893,41,0
1742,504,1
76,88,1
917,40,1
80941,608,0
55216,100,0
497,73,0
358,109,1
6181,21,1
2440,97,1
75524,304,0
84574,47,0
1795,44,1
73213,39,0
1691,231,1
99917,4,0
2471,502,1
5390,269,1
26451,88,0
3099,791,1
3074,1198,1
68112,776,0
426,394,1
5630,1236,1
1934,1,1
90135,1307,0
1969,12,1
97938,214,0
375,379,1
100226,105,0
13881,318,0
789,252,1
101506,0,0
76249,487,0
98234,13,0
57776,424,0
314,431,1
276,12,1
2441,272,1
5057,154,1
1618,177,1
886,256,1
26,29,1
88780,41,0
69318,69,0
49142,1124,0
73456,264,0
21384,909,0
437,129,1
300,65,1
5691,776,1
360,13,1
101958,128,0
78985,1258,0
691,35,1
49520,68,0
4900,1198,1
1033,80,1
101,61,1
1760,180,1
1027,24,1
1456,3,1
67994,1,0
4654,47,1
4832,431,1
60229,109,0
3333,69,1
54187,776,0
103782,128,0
88243,897,0
89147,72,0
4230,394,1
4186,4,1
76536,125,0
81447,45,0
2106,206,1
1781,0,1
557,1098,1
6178,1012,1
4998,1198,1
45315,44,0
1463,44,1
3687,288,1
88862,1394,0
29760,433,0
80108,24,0
378,74,1
98725,80,0
1597,460,1
262,155,1
25739,111,0
247,227,1
2084,478,1
5253,13,0
101469,41,0
71991,220,0
89913,1196,0
88048,346,0
62358,78,0
52322,661,0
56847,194,0
2446,217,1
1499,114,1
910,172,1
3895,878,1
90963,942,0
99894,256,0
973,82,1
73421,114,0
917,98,1
58419,80,0
302,245,1
9411,205,0
7608,460,0
4101,877,1
1032,455,1
3057,40,1
72079,21,0
54746,431,0
575,0,1
79367,3,0
1945,880,1
1365,288,1
2931,232,1
52040,264,0
85,246,1
809,3,1
1345,65,1
579,621,1
89653,468,0
90734,82,0
1173,16,1
2498,137,0
10239,181,0
19158,1122,0
2642,109,1
54862,45,0
35127,247,0
65286,35,0
2905,33,1
53225,431,0
86169,16,0
948,2,1
1205,57,1
5332,13,1
62747,956,0
63960,13,0
63963,405,0
7,170,1
80183,58,0
66667,247,0
133,196,1
80776,401,0
68827,141,0
32511,283,0
912,36,1
101048,149,0
6965,394,0
2823,946,1
63482,564,0
75609,38,0
3298,40,1
315,582,1
88093,73,0
5328,480,1
312,177,1
67005,447,0
724,246,1
2549,3,1
104486,1194,0
2971,44,1
16464,9,0
452,47,1
48012,551,0
61432,150,0
2063,1,1
437,1244,1
91169,35,0
51030,29,0
72284,140,0
26,173,1
103493,921,0
8578,21,0
1610,718,1
82278,16,0
65155,21,0
80330,58,0
28136,525,0
2026,24,1
1780,220,0
335,1198,1
97177,54,0
65770,44,0
233,282,1
48102,16,0
80514,436,0
3101,9,1
100186,15,0
55028,965,0
48564,172,0
83,171,1
14540,78,0
75707,256,0
983,152,1
89837,242,0
76457,465,0
1205,984,1
86085,114,0
100090,58,0
1073,80,1
5369,1200,1
57192,150,0
2126,337,1
45118,69,0
55412,76,0
1113,6,1
518,179,1
50806,331,0
93389,69,0
79334,44,0
100888,91,0
3109,431,1
2208,819,1
77233,145,0
102,1300,1
58946,414,0
96883,1450,0
59734,1207,0
2176,6,1
49734,78,0
2544,128,1
85510,39,0
98655,1198,0
3788,636,1
61510,57,0
85510,19,0
801,1210,1
16523,12,0
59599,441,0
93,139,1
59880,650,0
31638,221,0
3607,643,1
365,150,1
2023,513,1
18,1251,1
587,13,1
66177,68,0
1916,462,1
1074,1198,1
47,180,1
1168,85,1
52627,255,0
388,1124,1
950,961,1
92,171,1
888,1197,1
95123,924,0
83498,150,0
74228,480,0
894,40,1
59985,15,0
83,12,1
21406,12,0
74327,71,0
1177,1197,1
47723,58,0
28687,423,0
2554,1252,1
2848,13,1
81786,776,0
1032,8,1
2005,217,1
1114,348,1
85987,175,0
66237,246,0
47154,1124,0
61927,1124,0
79291,529,0
2793,246,1
72457,481,0
66328,1207,0
81028,205,0
84460,97,0
28097,4,0
63810,263,0
112,1207,1
92625,78,0
73558,150,0
90447,220,0
1811,91,1
3428,39,1
1690,1199,1
48596,151,0
26906,203,0
5460,394,0
2492,742,1
91061,767,0
94011,394,0
8105,288,0
75,581,1
13844,186,0
3400,247,1
1503,97,1
55388,859,0
90521,784,0
550,328,1
191,1124,1
51731,38,0
64609,173,0
19768,24,0
99553,315,0
11027,1197,0
11,518,1
2051,555,1
1565,58,1
89471,38,0
2440,859,1
63425,800,0
3545,21,1
1350,264,1
52127,50,0
65794,946,0
94247,253,0
245,138,1
3064,21,1
103937,4,0
92803,179,0
1464,24,1
1350,728,1
105483,1197,0
783,283,1
3101,91,0
3380,149,1
81489,375,0
87852,88,0
49,249,1
1399,150,1
61320,1269,0
82757,429,0
101258,9,0
6059,37,1
349,596,1
1750,460,1
3634,282,1
194,139,1
71474,9,0
59596,12,0
6521,41,0
4988,109,1
58288,58,0
2059,78,1
79409,24,0
557,56,1
2439,1012,1
86551,35,0
88707,720,0
20486,0,0
70699,37,0
1495,5,1
124,276,1
2823,950,1
51745,76,0
3303,179,1
98062,206,0
77682,109,0
888,125,1
99434,394,0
95715,394,0
80786,943,0
97179,91,0
84,273,1
104859,189,0
70237,33,0
220,45,1
59463,39,0
62275,58,0
52971,91,0
94975,47,0
3619,551,1
76973,157,0
2,114,1
912,125,1
2228,394,1
197,1194,1
4506,897,1
72364,150,0
4907,1196,1
85660,1481,0
47541,1377,0
2485,100,1
23531,503,0
1488,815,1
928,431,1
50214,321,0
85203,1199,0
5968,321,1
691,927,1
1200,877,1
87422,321,0
1328,433,1
51988,200,0
17305,256,0
56002,447,0
77986,694,0
97979,1207,0
56466,951,0
57731,728,0
3368,1,1
56542,41,0
64417,878,0
1697,19,1
89427,954,0
23375,150,0
70287,177,0
73882,78,0
256,189,1
4918,114,1
81935,991,0
134,71,1
70670,253,0
4686,141,1
35,206,1
66850,72,0
2050,1447,1
508,255,1
2558,431,1
60222,456,0
60153,57,0
47973,562,0
53502,403,0
77181,227,0
50039,253,0
256,621,1
91838,21,0
80639,1244,0
789,45,1
177,203,1
2542,281,1
56639,84,0
2148,175,1
3604,4,1
2126,818,1
56228,177,0
3689,150,1
75894,82,0
70180,1396,0
68596,340,0
1108,37,1
27080,173,0
227,61,1
747,91,1
6462,917,0
549,28,1
1226,252,1
4199,69,1
61218,465,0
81641,375,0
15,17,1
1010,39,1
6150,124,1
73261,98,0
86964,1124,0
40858,1428,0
98896,39,0
18892,458,0
2293,57,1
66909,194,0
928,263,1
1350,283,1
51850,6,0
67763,482,0
49030,207,0
1477,728,1
2668,21,1
166,487,1
944,44,1
59799,72,0
1227,283,1
16891,89,0
5072,45,1
102536,801,0
724,233,1
12416,458,0
48176,520,0
213,410,1
2463,1234,1
233,72,1
2438,394,1
55901,33,0
1618,58,1
1750,458,1
2043,44,1
100122,232,0
888,82,1
6007,66,0
1603,41,1
40438,41,0
593,57,1
6207,460,1
17369,149,0
69469,281,0
96276,80,0
112,203,1
4237,424,1
4706,1210,1
4114,21,1
618,847,1
304,233,1
80348,214,0
70586,227,0
157,1308,1
2659,41,0
79968,158,0
1111,1196,1
1401,339,1
89887,0,0
557,305,1
1615,582,1
57466,636,0
1905,78,1
1536,44,1
17327,172,0
50995,109,0
96978,303,0
413,114,0
4061,636,1
71036,798,0
69373,40,0
5979,139,1
26,177,1
68607,616,0
80522,105,0
4512,9,1
61293,950,0
1455,316,1
49706,109,0
376,901,1
70141,61,0
5978,177,1
106230,950,0
49393,82,0
6243,403,1
1393,220,1
8639,73,0
82453,621,0
1825,394,1
4021,35,0
58507,263,0
552,304,1
49989,74,0
48286,40,0
233,858,1
64438,98,0
2829,21,0
71079,1226,0
565,913,1
2110,1457,1
679,13,1
6019,376,1
883,57,1
82351,263,0
578,205,1
75376,798,0
65387,1257,0
66969,363,0
313,88,1
3189,129,1
94893,2,0
66353,1207,0
76654,1245,0
1207,119,1
1721,220,1
503,464,1
16969,431,0
1352,877,1
48143,128,0
203,262,1
90696,15,0
917,252,1
53453,305,0
38199,47,0
65559,61,0
81761,245,0
103882,0,0
61622,39,0
1465,58,1
3635,47,1
1632,157,1
62908,1092,0
80793,784,0
64366,8,0
50770,9,0
3600,1384,1
1249,160,1
68999,1197,0
818,45,1
2852,177,1
3101,1394,1
60199,118,0
73764,1236,0
206,220,1
4497,114,1
724,33,1
2310,456,1
104211,394,0
83285,486,0
98001,41,0
1081,238,1
1820,217,1
1704,84,1
20708,78,0
87950,202,0
3580,21,1
100945,58,0
61,41,1
91581,13,0
1000,18,1
2204,309,1
3277,464,1
95106,37,0
64439,392,0
76446,1245,0
47870,98,0
689,513,1
1403,524,1
3938,80,0
5361,431,1
99466,80,0
91819,98,0
103743,252,0
1049,281,1
82217,80,0
105186,91,0
6261,394,0
302,67,1
1367,33,1
3133,186,1
3633,129,1
89299,109,0
72496,9,0
636,362,1
511,438,1
1130,380,1
54457,182,0
1489,128,1
5058,1194,1
77368,1197,0
61257,9,0
3026,225,1
65349,282,0
82484,153,0
76,156,1
1169,333,1
182,0,1
77873,364,0
23917,78,0
18638,0,0
552,403,1
3127,177,1
4821,344,0
10770,776,0
59119,744,0
724,36,1
5514,41,1
320,65,1
54137,65,0
152,248,1
313,91,1
86375,217,0
68706,953,0
884,69,1
1350,253,1
419,13,1
99203,616,0
64452,47,0
262,157,1
82709,114,0
1282,150,1
562,438,1
365,776,1
2471,171,1
557,105,1
1288,158,1
67312,177,0
90,1193,1
222,1124,1
781,13,1
36222,47,0
306,175,0
442,809,0
82089,125,0
96029,12,0
629,328,1
88726,57,0
559,503,1
4511,68,1
987,1292,1
548,9,1
9959,247,0
569,61,1
49578,58,0
89204,73,0
952,82,1
3828,16,1
71678,35,0
65086,950,0
73808,424,0
47789,247,0
88231,114,0
3563,941,1
1221,186,0
73623,13,0
182,285,1
5296,33,1
9483,6,0
559,186,1
55073,382,0
57303,456,0
1298,37,0
1189,1199,1
60174,24,0
32252,913,0
2023,431,1
413,1011,1
60079,13,0
79769,882,0
289,282,1
2444,248,1
5534,192,1
66948,953,0
2817,1412,1
1030,189,1
52391,37,0
60671,809,0
578,33,1
68111,80,0
59673,1200,0
2920,1210,1
1631,859,1
2872,376,1
557,157,1
20655,578,0
585,175,1
2196,21,1
65310,506,0
53293,130,0
78044,220,0
2380,84,1
2458,220,1
65630,1227,0
4203,21,1
245,145,1
85,38,1
82219,37,0
89346,114,0
1660,91,1
48455,1147,0
3981,878,1
65017,41,0
35,721,1
88192,1199,0
104859,1197,0
48843,1,0
3684,89,1
98115,207,0
98330,78,0
29955,220,0
1367,12,1
90624,36,0
44031,47,0
102682,47,0
47924,13,0
92711,256,0
390,13,0
2709,82,1
3602,84,1
2444,246,1
105942,175,0
1672,394,1
67298,33,0
508,98,1
246,12,1
52017,61,0
851,1396,0
1325,91,1
53893,581,0
346,600,1
3563,0,1
81020,160,0
85206,18,0
97421,80,0
21892,61,0
26,441,1
134,61,1
77490,3,0
69246,968,0
56848,487,0
1650,91,1
1090,1406,1
12308,45,0
12582,139,0
48613,823,0
54693,44,0
85155,968,0
1343,21,1
1905,114,1
1497,190,1
427,313,1
449,139,1
2386,1200,1
21145,1210,0
47679,79,0
4175,44,1
59985,783,0
2004,838,1
1111,848,1
75897,41,0
54466,220,0
274,44,1
101789,15,0
2429,9,0
2956,89,1
89081,58,0
183,623,1
76,114,1
2817,13,1
2151,13,1
81809,456,0
3190,194,1
87096,186,0
1518,270,1
83661,997,0
1269,17,1
618,739,1
47636,130,0
33958,244,0
2607,17,1
101979,955,0
3128,843,0
1055,1193,1
724,1200,1
60082,233,0
4476,21,1
188,45,1
5796,89,1
4667,47,1
18905,109,0
1088,88,1
1052,844,1
47247,0,0
99531,1202,0
73287,1245,0
3101,149,1
87387,36,0
89465,21,0
415,233,1
87887,458,0
1381,791,1
92765,206,0
1517,1210,1
87432,1198,0
97186,79,0
3820,21,1
100983,1198,0
56216,151,0
66668,4,0
253,98,1
59807,9,0
2467,1207,1
92642,39,0
576,924,1
2432,327,1
3609,9,1
3599,91,1
15,16,1
1618,36,1
48245,80,0
39160,605,0
943,78,1
82,109,1
78613,776,0
101972,18,0
2549,67,1
233,502,1
4425,394,1
71632,72,0
1471,246,1
557,284,1
71386,109,0
3491,1197,1
4494,431,1
46511,33,0
5327,1197,1
3447,1200,1
378,0,1
61670,39,0
3132,41,1
917,193,1
63182,431,0
1078,482,1
23375,78,0
95463,6,0
1630,40,1
49125,39,0
57909,673,0
62221,1262,0
724,154,1
99952,67,0
55491,44,0
74877,456,0
96935,124,0
4743,177,1
1102,1198,1
7779,878,0
97341,177,0
87886,1,0
62197,1252,0
7497,156,0
582,307,1
54169,13,0
80302,82,0
1401,158,1
63696,29,0
102090,344,0
8570,9,0
376,1122,1
56,38,1
579,150,1
63523,681,0
1768,205,1
3570,1193,1
63323,832,0
83809,297,0
1975,217,1
2435,282,1
71463,249,0
52634,129,0
276,13,1
702,109,1
81202,87,0
57228,158,0
88666,206,0
644,15,1
53,859,1
378,283,1
84940,1253,0
246,1244,1
36,776,1
115,882,1
2204,877,0
2131,180,1
99827,128,0
1826,84,1
1090,344,1
4691,434,1
3133,21,1
5978,974,1
1393,321,0
2438,344,1
480,344,1
99821,72,0
1351,128,1
69292,793,0
101757,776,0
17648,1012,0
33633,248,0
1582,47,1
1508,269,1
66648,953,0
48487,61,0
72097,171,0
313,510,1
351,66,1
8376,160,0
23549,1394,0
1825,1207,1
64252,150,0
58730,213,0
686,304,1
90454,196,0
68367,920,0
256,150,1
56616,82,0
467,252,1
49374,882,0
41,1210,1
228,97,1
98329,150,0
1809,47,1
61926,39,0
62212,91,0
87937,252,0
67,109,1
358,0,1
4757,4,1
4593,79,1
8834,249,0
89542,460,0
74525,1,0
103717,41,0
679,340,1
586,306,1
3480,76,1
284,9,1
3695,456,1
4561,21,1
92,946,1
1947,82,1
96761,9,0
57639,394,0
25,9,1
313,186,1
24,239,1
89640,4,0
1037,109,0
95775,305,0
5108,31,0
261,776,1
724,41,1
52657,78,0
5982,744,1
512,438,1
266,91,1
39814,606,0
106463,1193,0
80318,776,0
64095,170,0
2200,47,0
52145,54,0
103,1198,1
67419,19,0
188,525,1
61,125,1
101376,1228,0
81909,456,0
55635,156,0
421,647,1
1348,597,1
49153,160,0
1644,496,1
578,364,0
76708,105,0
972,464,0
71,791,1
60311,24,0
95544,795,0
300,1194,1
91601,798,0
1301,175,1
679,24,1
73209,926,0
3358,80,1
1979,38,1
98113,169,0
140,248,1
3167,1382,1
80842,80,0
3644,40,1
57442,114,0
10149,21,0
60390,9,0
3058,477,1
26,64,1
108,92,1
85444,76,0
52499,84,0
81438,1185,0
18874,141,0
48834,431,0
68068,579,0
552,114,1
3173,9,1
97249,430,0
29193,1233,0
16342,1222,0
95232,580,0
26,28,1
85146,234,0
77526,111,0
26,27,1
1645,9,1
80600,9,0
2446,671,1
64780,306,0
2771,36,1
95090,616,0
101298,376,0
1360,109,1
1552,40,1
1739,1198,1
49,882,1
227,207,1
2189,429,1
3010,631,1
18089,16,0
84187,4,0
99312,21,0
7000,105,0
66212,15,0
99920,1269,0
58463,215,0
618,48,1
56,798,1
85998,69,0
68592,431,0
890,620,1
1935,252,1
67561,438,0
1739,431,1
102,177,1
300,407,1
90028,12,0
98966,76,0
2944,80,1
71412,1200,0
2570,18,1
280,18,1
274,207,1
497,776,1
55319,379,0
1362,9,1
60400,231,0
74131,776,0
88431,946,0
79653,114,0
4411,823,1
374,110,1
1040,114,1
258,531,1
302,12,1
1169,344,1
78042,403,0
1136,740,1
4754,1012,1
36258,78,0
207,61,1
2885,793,1
84616,45,0
49915,67,0
4996,1202,1
829,1415,1
99226,479,0
954,304,1
83375,39,0
1448,255,1
388,76,1
54697,621,0
627,1237,1
93068,199,0
1537,129,1
53491,98,0
76720,1207,0
1691,1199,1
56425,71,0
62663,45,0
2017,501,1
252,806,1
51262,24,0
88783,859,0
12695,245,0
883,91,1
1171,130,1
306,1122,1
51023,685,0
95536,431,0
61606,481,0
488,169,1
72749,264,0
100594,281,0
69047,501,0
82934,24,0
1074,1207,1
2608,82,1
3722,128,1
88034,21,0
5304,1198,1
2321,776,1
248,229,1
105599,114,0
1739,145,1
59173,259,0
1674,177,1
1622,433,1
1693,765,1
3565,5,1
423,72,1
236,40,1
7418,155,0
34978,6,0
17209,332,0
63982,1197,0
29484,1200,0
3132,231,1
270,53,1
63272,462,0
2726,58,1
100028,1003,0
1007,3,1
6110,1197,1
1318,1,0
86893,45,0
59853,5,0
63170,258,0
1040,21,1
369,89,0
917,247,1
76135,1198,0
1364,288,1
37837,321,0
2639,543,1
3064,37,1
2122,109,1
75863,948,0
95686,24,0
81003,155,0
2440,177,1
3585,45,1
87650,9,0
61279,68,0
1631,503,1
56965,0,0
106233,12,0
156,341,1
94901,1124,0
68969,24,0
87314,206,0
1703,92,1
62403,177,0
5864,21,1
42908,47,0
90030,229,0
90601,13,0
96181,140,0
66449,682,0
96205,53,0
59911,220,0
1603,141,1
103646,783,0
780,37,1
6602,172,0
3967,878,1
3385,78,1
1403,621,1
313,247,1
1136,944,1
439,177,1
21092,74,0
53968,21,0
1398,37,1
2197,114,1
2639,194,1
76242,35,0
93931,13,0
79590,193,0
51631,33,0
91331,431,0
63300,235,0
83353,885,0
1846,12,1
88039,57,0
2673,1326,1
98384,79,0
778,45,1
1847,89,1
1530,9,1
3924,431,0
69275,820,0
76952,91,0
57895,859,0
2466,1200,1
79910,1,0
78877,16,0
88699,69,0
85756,40,0
86555,29,0
336,1194,1
6059,965,1
456,189,1
1362,246,1
1701,68,1
844,91,0
3634,217,1
1638,21,1
64108,82,0
1536,33,1
559,930,1
555,21,1
65545,477,0
94004,97,0
35215,245,0
4460,114,1
89354,39,0
456,58,1
86663,17,0
82956,97,0
67724,213,0
1406,220,1
91621,47,0
1362,247,1
56959,179,0
148,110,1
100775,157,0
95177,297,0
59353,45,0
3333,608,1
5632,33,1
1615,100,1
102108,431,0
61476,247,0
3615,97,1
2885,882,1
57625,17,0
89953,407,0
50878,150,0
63630,258,0
2165,1227,1
5269,9,1
2248,518,1
51214,45,0
5927,87,1
63603,82,0
91151,206,0
5949,21,1
767,109,1
1069,175,1
2017,155,1
944,621,1
679,246,1
42803,47,0
56569,264,0
69220,903,0
100970,9,0
2735,21,1
100,12,1
724,426,1
188,12,1
64897,1197,0
1758,281,1
3480,456,1
77452,5,0
1063,114,1
77707,58,0
65791,15,0
3300,57,1
66204,403,0
83742,434,0
3676,1207,1
1732,61,1
59362,243,0
93572,45,0
3009,39,1
81670,17,0
84657,45,0
66,39,1
2102,21,1
233,98,1
85,33,1
809,65,1
3406,40,1
9526,1411,0
73,114,1
115,885,1
91409,456,0
746,97,1
60016,1198,0
3014,458,1
75,882,1
1905,795,1
586,348,1
53556,1194,0
97726,109,0
888,1198,1
5473,177,1
2043,175,1
4734,78,1
81699,394,0
96276,437,0
60156,456,0
724,882,1
64150,431,0
3521,40,1
137,205,1
6704,163,0
34918,403,0
103249,776,0
57958,281,0
1689,177,1
3935,78,0
2989,65,1
208,21,1
68121,97,0
85502,220,0
88509,16,0
94271,189,0
1401,0,1
84883,340,0
57472,258,0
114,621,1
96086,16,0
84065,9,0
1690,217,1
2468,486,1
172,125,1
93665,41,0
20227,9,0
1314,69,1
92,619,1
93171,76,0
106258,21,0
2374,394,1
127,116,1
1730,776,1
2817,21,1
519,38,1
66024,68,0
134,38,1
74331,170,0
35,6,1
1631,24,1
88857,1245,0
85460,36,0
55508,57,0
88054,41,0
2065,880,1
2431,220,1
100132,867,0
593,252,1
101053,206,0
139,931,1
61647,220,0
73718,1200,0
2435,614,1
13676,1200,0
56063,21,0
1914,244,1
1647,1394,1
557,776,1
437,141,1
4490,39,1
67676,887,0
71486,207,0
84619,41,0
3644,98,1
75211,13,0
69783,24,0
101,205,1
61755,67,0
983,618,1
433,969,1
77269,394,0
1084,316,1
3840,989,1
20776,0,0
2098,546,1
3109,661,1
1872,40,1
77154,125,0
26,776,1
724,98,1
101249,643,0
24811,141,0
2446,39,1
784,157,1
82854,910,0
90077,738,0
71,35,1
3400,35,1
90361,21,0
2439,78,1
346,1289,1
3596,151,1
54304,953,0
1380,431,1
2128,189,1
62333,394,0
182,82,1
4171,844,1
2451,1224,1
5851,4,1
245,2,1
6051,1224,1
71739,109,0
210,1400,1
557,124,1
572,212,0
618,125,1
60060,1196,0
477,304,1
100385,69,0
1740,4,1
20709,1400,0
497,951,1
93247,111,0
1798,297,1
32606,877,0
80565,1197,0
3074,1197,1
1364,776,1
61493,504,0
1324,1200,1
368,109,1
97129,626,0
92357,776,0
5028,1197,1
104204,13,0
552,21,1
2831,247,1
69670,220,0
59623,33,0
134,883,1
3948,621,0
25161,214,0
1586,1196,1
3984,177,1
346,12,1
83732,431,0
3307,283,0
437,770,1
1225,18,1
105867,1198,0
10586,157,0
1668,1200,1
3659,1,1
60893,1197,0
3563,297,1
59930,431,0
4767,1197,1
261,859,1
95703,391,0
6543,170,0
1521,776,1
1330,460,1
38176,288,0
4206,917,1
60828,472,0
134,69,1
85529,73,0
82037,0,0
11716,481,0
197,892,1
80913,36,0
229,283,1
101540,943,0
2419,170,1
71201,9,0
557,57,1
917,36,1
557,33,1
96436,15,0
2386,1193,1
101227,82,0
59683,76,0
95198,1224,0
2439,339,1
55490,1299,0
92628,560,0
497,949,1
1657,16,1
70590,1199,0
91975,1237,0
73947,9,0
81274,84,0
79405,344,0
1117,4,1
4630,194,1
97712,1,0
615,177,1
542,40,1
83,877,1
96911,109,0
4753,304,1
92,954,1
2126,154,1
101859,3,0
1040,24,1
88673,47,0
1618,68,1
233,246,1
99337,0,0
518,1054,1
94885,1044,0
233,158,1
9717,233,0
93316,129,0
1365,791,1
84629,64,0
63434,403,0
2146,37,1
1098,184,1
2554,61,1
67775,137,0
73892,344,0
2549,71,1
1617,0,1
4487,141,1
100903,45,0
50103,213,0
3220,78,1
70727,97,0
26,0,1
56298,130,0
51860,1194,0
79304,955,0
929,39,1
50482,21,0
8397,39,0
47026,252,0
3,1197,1
1450,9,1
82939,37,0
2175,1200,1
46622,1012,0
2153,245,1
78589,1,0
1336,468,1
56427,472,0
71984,37,0
55357,138,0
2522,141,1
1039,460,1
2126,150,1
2916,838,1
83192,8,0
82571,1207,0
16582,543,0
77750,949,0
70374,8,0
64876,621,0
55294,464,0
841,1224,1
47341,837,0
82625,283,0
3162,97,1
987,424,1
4239,21,1
2225,961,1
2908,231,1
75,172,1
92413,589,0
70848,776,0
2075,227,1
86353,44,0
1516,323,1
1399,623,1
80881,951,0
43698,37,0
90044,1197,0
2767,78,1
615,6,1
79029,1197,0
92586,1194,0
2419,13,1
67328,1199,0
518,792,1
50646,1124,0
75,247,1
4418,906,1
68356,376,0
3132,39,1
61360,877,0
59665,12,0
60144,965,0
1684,447,1
1905,583,1
302,401,1
74729,518,0
80226,142,0
66820,12,0
66260,253,0
1832,431,1
87904,239,0
88745,953,0
77210,58,0
63459,283,0
89516,109,0
4751,61,1
89116,394,0
79925,39,0
85702,1207,0
444,87,1
98418,364,0
285,401,1
48748,156,0
693,169,1
3047,431,1
2453,859,1
3664,37,1
3561,13,1
986,1194,1
1317,21,1
56782,533,0
87300,170,0
910,78,1
2820,364,1
68356,382,0
5885,256,1
5930,8,0
200,590,1
2223,1198,1
950,682,1
1363,114,1
2880,21,1
51305,877,0
69644,156,0
90665,38,0
5743,109,1
1275,40,1
78562,91,0
62800,21,0
57596,451,0
74394,152,0
1023,518,1
48299,949,0
2430,36,1
57918,58,0
71588,394,0
543,41,1
1284,1204,1
644,1226,1
1934,100,1
106222,501,0
4236,283,1
73447,1433,0
103126,283,0
561,111,1
3127,39,1
3004,221,1
70752,391,0
94586,44,0
4427,394,1
1122,344,1
17087,256,0
88091,621,0
358,36,1
2908,78,1
2998,40,1
66784,177,0
72874,247,0
102009,68,0
5375,362,1
207,621,1
72743,521,0
2086,40,1
72244,546,0
636,394,1
401,776,1
2684,529,1
82669,1196,0
557,252,1
249,242,1
902,44,1
53698,798,0
19169,247,0
73677,4,0
1248,39,1
73396,340,0
1684,456,1
2353,425,1
14717,124,0
1738,16,0
57246,18,0
1399,57,1
67192,882,0
1980,82,1
5108,1207,1
69411,61,0
1695,944,1
543,913,1
74201,125,0
49462,6,0
88113,486,0
103607,21,0
61224,1138,0
335,1124,1
3286,214,1
1135,84,1
1097,6,1
3604,72,0
137,282,1
57405,307,0
88814,394,0
70224,941,0
613,395,1
317,282,1
5792,78,1
3915,1207,1
97412,206,0
2905,761,1
4484,4,1
449,65,1
96677,29,0
98707,174,0
86684,1196,0
3039,1,1
1421,114,1
207,205,1
88312,519,0
42230,1018,0
67,16,1
1742,71,1
25,189,1
2275,253,1
45995,542,0
59590,776,0
615,24,1
2779,245,1
49135,13,0
890,253,1
81257,17,0
16806,40,0
1615,220,1
94906,105,0
522,441,1
1632,252,1
77525,220,0
5461,181,1
92072,89,0
157,884,1
134,12,1
101,160,1
91859,28,0
81557,67,0
102128,57,0
94234,13,0
836,109,1
104750,394,0
59694,1241,0
2755,24,1
969,171,1
4006,877,1
5057,9,1
917,8,1
58099,464,0
53878,163,0
2402,9,1
423,718,1
5720,44,1
811,12,1
55719,570,0
136,13,1
1738,221,1
12172,318,0
5272,47,1
13368,78,0
2362,1124,1
48802,6,0
1035,0,1
13455,1394,0
97,921,1
328,859,1
106292,67,0
90714,431,0
1130,119,1
56549,1207,0
1603,24,1
1101,823,0
1410,109,1
77689,942,0
1368,1228,1
253,394,1
135,17,1
4684,502,0
888,1139,1
94326,264,0
59306,125,0
67018,114,0
1288,1245,1
258,426,1
1691,520,1
2458,431,1
435,109,1
2389,1198,1
131,87,1
96872,776,0
71,21,1
87555,37,0
98638,546,0
2805,434,1
313,150,1
1549,4,1
568,4,1
98768,394,0
57934,221,0
99187,128,0
3634,243,1
4707,24,1
1838,196,1
378,282,1
2412,258,1
5057,189,1
5235,177,1
87542,198,0
2286,745,1
88598,621,0
11576,35,0
85289,258,0
2453,72,1
81109,152,0
62363,1124,0
90430,315,0
68042,639,0
5632,58,1
101000,946,0
77637,252,0
100,1012,1
4691,170,1
4421,89,0
2631,272,1
65383,5,0
105812,41,0
1850,200,1
1401,252,1
76402,306,0
1366,35,1
7918,206,0
643,376,1
2821,650,1
58969,39,0
88165,1207,0
97530,252,0
575,773,1
3932,1198,1
103001,386,0
72709,5,0
84965,114,0
2572,744,1
27815,234,0
96727,829,0
69393,787,0
50504,1207,0
53624,24,0
83203,141,0
496,186,1
18,642,1
4745,1197,1
79235,56,0
1426,54,1
39918,78,0
3648,316,1
106454,776,0
1892,24,1
97390,265,0
5238,39,1
987,24,1
15826,47,0
24112,801,0
781,24,1
6509,332,0
74863,1228,0
90114,776,0
46711,1200,0
72600,122,0
3344,35,1
78714,44,0
467,1029,1
328,39,1
3333,76,1
47830,33,0
12222,686,0
74441,98,0
91018,267,0
42,767,1
60405,249,0
66,41,1
76206,270,0
90470,269,0
188,207,1
5978,78,1
80817,45,0
54834,878,0
801,144,1
2823,943,1
98078,669,0
1616,13,1
5729,362,1
46963,546,0
940,78,1
2549,955,1
1136,76,1
2327,776,1
28179,1012,0
104,206,1
2193,337,0
1504,35,1
2175,482,1
57564,1,0
1339,109,1
282,538,1
96323,671,0
944,394,0
547,1097,1
21,50,1
2439,141,1
87565,36,0
93409,253,0
1460,337,1
3480,35,1
75261,844,0
5978,661,1
569,543,1
497,764,1
64987,946,0
1690,180,1
3344,263,1
95125,125,0
620,363,1
99765,304,0
83,288,1
1243,474,1
2389,269,1
92343,503,0
83018,283,0
1456,2,1
90348,147,0
1832,256,1
966,200,1
1708,24,1
56299,114,0
804,220,1
44953,61,0
104547,467,0
1952,89,1
4112,119,1
75591,15,0
1464,1199,1
564,44,1
4095,878,1
5766,39,1
95434,61,0
68954,98,0
987,1294,1
5155,283,1
91073,0,0
15037,80,0
2894,905,1
88803,491,0
94975,344,0
97635,39,0
56542,1200,0
64041,283,0
100,157,1
866,1,1
76903,33,0
346,186,1
1851,24,1
61446,138,0
72893,1207,0
1309,49,1
95839,44,0
66733,28,0
578,217,1
1491,9,1
910,621,1
2738,776,1
90110,1054,0
170,133,1
9627,728,0
73603,9,0
1247,1012,1
1255,877,1
91669,542,0
69377,61,0
124,951,1
74494,1023,0
92440,344,0
72541,44,0
93923,157,0
314,800,1
3671,138,1
66695,16,0
20655,78,0
59233,54,0
2605,394,1
5922,342,1
407,456,0
261,0,1
519,33,1
548,37,1
74152,1210,0
67647,273,0
2517,76,1
51510,39,0
543,89,1
104279,3,0
10154,1193,0
97150,57,0
1380,0,1
2650,455,1
95292,152,0
85,884,1
931,97,1
103524,269,0
559,24,1
41767,24,0
3942,636,1
102326,456,0
12374,889,0
70709,305,0
2837,738,1
3536,41,1
4244,21,1
98082,431,0
2273,710,1
1632,207,1
48296,1073,0
6212,1198,1
61686,21,0
1740,1200,1
70600,844,0
94838,40,0
20446,220,0
17928,47,0
61808,776,0
351,456,0
87229,91,0
1136,220,1
442,1198,1
2300,58,1
54216,44,0
7112,114,0
784,464,1
811,129,1
3493,150,1
1166,486,1
52000,1199,0
2468,877,1
89691,451,0
90600,1,0
96326,89,0
3745,486,1
2408,194,1
1123,1207,1
65,5,1
1657,17,1
69512,100,0
59248,15,0
37476,170,0
185,65,1
100841,1309,0
1288,1228,1
1596,252,0
97981,33,0
5619,488,0
58806,458,0
177,484,1
101,520,1
100138,256,0
92465,84,0
73804,119,0
8,304,1
115,37,1
2136,318,1
37,562,1
55739,1245,0
938,173,1
87675,1222,0
98782,233,0
2820,1411,1
75,179,1
593,24,1
79148,194,0
227,150,1
5297,478,1
84785,84,0
6130,256,1
82707,309,0
52960,18,0
357,3,1
78187,423,0
83348,12,0
1678,21,1
100,501,1
77416,599,0
167,618,1
39813,78,0
5261,16,1
1364,21,1
2725,9,1
3882,877,1
220,776,1
313,1308,1
192,4,1
104047,24,0
62224,926,0
15472,44,0
4411,12,1
6278,89,0
1690,263,1
71007,431,0
1365,272,1
1267,109,1
747,189,1
188,9,1
65138,352,0
22657,256,0
8680,39,0
23817,61,0
927,776,1
1650,252,1
70488,1279,0
2868,362,1
92382,18,0
103960,41,0
8808,473,0
89984,138,0
603,2,1
19,430,1
4943,9,0
34970,262,0
5398,0,1
249,546,1
73,1012,1
53,91,1
78441,322,0
26180,47,0
96058,177,0
730,408,1
67296,73,0
53593,154,0
3656,9,1
811,911,1
65102,12,0
84114,1210,0
1830,78,1
262,41,1
89338,243,0
4202,203,1
391,195,1
403,880,1
56,431,1
1273,152,1
96716,823,0
2439,171,1
72760,24,0
87174,0,0
67257,35,0
942,747,1
200,130,1
518,207,1
379,9,1
2647,12,1
6243,391,1
55478,177,0
127,351,1
101,98,1
89012,362,0
3580,179,1
270,270,1
95864,776,0
86333,484,0
62774,238,0
3113,76,1
72797,89,0
69944,199,0
96451,45,0
85464,9,0
82192,37,0
71035,91,0
61734,288,0
139,31,1
67625,4,0
1399,791,1
79832,183,0
81874,40,0
2835,149,1
83276,1207,0
220,76,1
87187,1012,0
54240,41,0
550,61,1
26547,281,0
88487,247,0
104545,47,0
68927,1210,0
618,382,1
2428,283,1
82843,431,0
1637,0,1
46977,29,0
67230,478,0
590,153,1
98130,704,0
62371,1198,0
5256,1296,1
67994,344,0
4628,47,1
11629,458,0
88370,394,0
61,1222,1
40739,1197,0
99427,58,0
18626,994,0
97730,5,0
1426,56,1
70250,68,0
55736,44,0
1205,541,1
2885,682,1
93127,44,0
934,518,1
75355,1290,0
368,30,1
100,246,1
35465,318,0
1035,315,1
65421,180,0
3398,6,1
1283,12,1
97550,339,0
47645,177,0
14,354,1
1092,249,1
23944,80,0
637,362,1
108,882,1
4290,965,1
85069,776,0
81632,227,0
96099,5,0
430,150,1
1847,13,1
82183,21,0
253,1269,1
4294,40,1
1910,263,1
1081,460,1
63950,150,0
2780,79,1
94652,41,0
46245,884,0
178,761,1
80443,173,0
784,41,1
25572,24,0
436,150,1
2607,270,1
76153,130,0
74784,623,0
91026,149,0
20627,12,0
6024,142,1
3507,33,1
1426,776,1
103114,636,0
50387,177,0
1163,9,1
1447,693,1
100639,82,0
91969,253,0
807,109,1
91760,431,0
52445,305,0
101803,6,0
3385,1394,1
1517,1486,1
2462,21,1
99417,57,0
2372,88,1
3333,501,1
288,76,1
2956,1044,1
97469,2,0
88426,124,0
56628,71,0
70066,394,0
90390,897,0
59591,39,0
77505,175,0
93335,786,0
1282,57,1
60783,456,0
15776,139,0
149,109,1
1207,520,1
3873,232,1
557,206,1
2953,138,1
12003,173,0
87595,21,0
1707,364,1
93955,918,0
70478,197,0
97893,243,0
71509,58,0
1102,1199,1
2602,1210,1
104269,21,0
157,58,1
559,179,1
5965,109,1
564,41,1
67241,0,0
106115,1207,0
78982,74,0
58872,1197,0
1623,431,1
2912,12,1
106,1241,1
47576,431,0
91640,31,0
53,114,1
155,433,1
81920,5,0
85903,61,0
167,269,1
47001,57,0
4186,1193,0
88886,150,0
4944,1196,1
568,329,1
69038,147,0
99992,394,0
2434,776,1
2768,502,0
56676,9,0
65566,9,0
83973,71,0
84,776,1
74623,776,0
115,283,1
2993,6,1
2440,264,1
83345,269,0
58051,44,0
927,44,1
2383,1032,1
26389,45,0
71714,520,0
5978,39,1
16046,627,0
67329,38,0
490,114,1
1664,282,1
85113,1244,0
82170,84,0
100435,4,0
4465,24,1
2337,321,1
2669,456,1
66028,339,0
4678,1234,1
76914,24,0
86192,5,0
4175,13,0
115,13,1
4191,394,1
34327,141,0
82811,4,0
69604,564,0
403,331,1
55664,6,0
47929,89,0
2046,45,1
69,1283,1
4514,186,1
25464,269,0
1626,1124,1
78181,40,0
72574,1227,0
76608,245,0
4810,109,1
3929,190,1
105759,503,0
60083,41,0
103648,270,0
1035,147,1
2430,502,0
94562,621,0
2519,78,1
3181,47,1
96183,256,0
66539,776,0
91,21,1
1331,50,1
2559,184,1
100177,78,0
1399,172,1
1350,39,1
92680,880,0
98175,1394,0
2004,13,1
433,806,1
54999,40,0
96643,57,0
1628,109,1
54524,13,0
910,654,1
50416,9,0
5560,21,1
1434,40,1
342,252,1
58329,538,0
84211,220,0
35010,30,0
44502,74,0
578,668,1
4644,363,1
576,124,1
5899,643,1
88934,98,0
5164,1,1
2010,76,1
1946,9,1
1008,45,1
51202,21,0
262,245,1
2224,700,1
2688,4,1
1615,44,1
1546,21,1
182,405,1
97322,15,0
944,39,1
100628,49,0
1969,21,1
50334,36,0
53,401,1
94547,4,0
85189,1227,0
6173,1193,1
61072,149,0
60522,175,0
1336,798,1
6055,24,1
8027,363,0
93813,256,0
1445,89,1
97935,40,0
73926,172,0
1681,623,1
71926,541,0
81573,776,0
71014,137,0
37377,139,0
1366,548,1
1689,523,1
557,37,1
56543,61,0
383,114,1
80585,504,0
389,312,1
81234,1210,0
2187,53,1
93795,220,0
19866,944,0
2992,21,1
1664,340,1
85093,477,0
2885,948,1
1440,111,1
80815,583,0
101757,281,0
101264,189,0
2815,149,1
92266,4,0
896,21,0
85791,89,0
48,933,1
413,1010,1
81802,208,0
304,189,1
99921,882,0
51639,149,0
93432,29,0
960,783,1
6340,460,0
64418,1098,0
88376,58,0
104529,1197,0
503,504,1
644,557,1
2647,21,1
54354,9,0
67476,39,0
102991,1197,0
99234,16,0
94187,1176,0
5405,1407,1
81868,206,0
0,21,1
92092,910,0
72762,480,0
90703,1197,0
5720,207,1
47259,946,0
21,234,1
50119,630,0
64627,784,0
3579,109,1
57833,882,0
102918,47,0
68538,256,0
56,154,1
374,632,1
1136,950,1
72545,269,0
64686,217,0
72022,438,0
76483,124,0
1606,1220,1
69186,522,0
4537,0,1
91137,220,0
1398,942,1
32520,21,0
2608,45,1
61660,21,0
73177,9,0
92983,245,0
934,1394,1
4348,24,1
75971,1222,0
27595,209,0
60160,438,0
69981,74,0
503,245,1
987,91,1
1850,179,1
48897,1207,0
21306,139,0
1739,18,1
9090,40,0
2859,114,1
92785,192,0
95767,270,0
3109,878,1
78920,15,0
57247,504,0
59629,45,0
1644,1252,1
1279,768,1
66791,91,0
3940,1207,1
576,455,1
100993,221,0
65139,256,0
29720,12,0
265,170,1
70373,465,0
940,4,1
92833,79,0
2721,58,1
898,207,1
103173,40,0
1695,15,1
1466,140,1
256,504,1
97127,531,0
1195,480,1
2471,253,1
55745,1094,0
71421,1058,0
1154,9,1
1381,1199,1
3314,800,1
11749,12,0
6055,619,1
82642,67,0
4367,1207,1
81080,169,0
82596,149,0
747,217,1
3038,434,1
107,844,1
52483,114,0
103662,647,0
5283,882,1
90210,12,0
101471,41,0
12,1200,1
1354,24,1
163,53,1
748,615,1
3208,36,1
2281,189,1
1944,12,1
50895,5,0
89976,3,0
37589,38,0
63653,16,0
92265,408,0
1519,520,1
8105,13,0
4476,391,1
1905,1122,1
2549,852,1
99833,1394,0
1508,877,1
902,91,1
998,1043,1
51768,67,0
71200,558,0
69048,451,0
522,310,1
86121,21,0
3065,114,1
2422,114,0
74353,12,0
289,1303,1
6603,205,0
1648,1,1
4247,910,1
105878,460,0
95970,870,0
65646,776,0
756,330,0
306,616,1
3543,207,1
81838,379,0
6063,41,1
624,1045,1
55719,1073,0
3644,292,1
1536,38,1
1231,1269,1
5271,5,1
85344,105,0
4196,109,1
85644,431,0
188,1074,1
3877,232,1
99684,822,0
2453,74,1
1648,500,1
4518,203,1
557,1299,1
3284,951,1
332,92,1
898,37,1
72634,1394,0
102490,542,0
59214,40,0
197,24,1
75900,194,0
1880,776,1
51451,218,0
104720,976,0
4851,1319,1
6463,776,0
3295,109,1
280,145,1
336,431,1
105855,878,0
3587,41,1
1458,1193,1
3550,57,1
100861,37,0
102216,562,0
4222,150,1
95468,92,0
70122,1253,0
1054,80,1
784,156,1
4747,849,1
83667,263,0
101,69,1
6055,217,1
102588,145,0
2554,150,1
47005,230,0
27806,661,0
5071,1207,1
3780,232,1
1399,431,1
62559,577,0
52390,44,0
1885,1194,1
71,520,1
59673,464,0
1169,381,1
80921,172,0
53582,0,0
104192,264,0
96520,877,0
16458,911,0
78819,431,0
5454,1396,1
93516,1210,0
92390,458,0
74431,125,0
67075,282,0
267,317,1
6843,394,0
11518,1193,0
557,491,1
624,323,1
747,233,1
1171,1400,1
48828,1198,0
2745,9,1
37587,458,0
1398,207,1
67849,331,0
52067,282,0
83838,9,0
17272,24,0
98631,152,0
1537,1198,1
1063,882,1
2289,12,1
82640,654,0
2097,41,1
3207,337,0
89592,12,0
96870,1200,0
522,80,1
80612,36,0
4105,877,1
22,327,1
85,593,1
64177,12,0
95331,281,0
5989,859,1
261,156,1
94027,57,0
61943,458,0
45255,69,0
4571,480,1
62790,426,0
3333,948,1
73303,460,0
98892,433,0
1370,599,1
22113,35,0
4613,1166,1
56930,503,0
2049,634,1
83661,1257,0
55126,114,0
57284,318,0
1520,9,1
3697,255,1
78758,318,0
50096,636,0
3101,456,1
58862,8,0
50041,214,0
899,1199,0
125,551,1
88965,1218,0
2768,29,1
68608,1200,0
5534,221,1
4361,1216,1
1314,44,1
6096,1456,1
374,170,1
3116,460,1
1517,45,1
1618,6,1
2611,9,0
222,1193,1
97188,8,0
4459,12,1
70593,18,0
5733,114,1
845,1200,1
52321,251,0
557,582,1
6030,1198,1
10439,214,0
55676,40,0
3273,431,1
1205,263,1
68552,844,0
575,955,1
1926,58,1
2215,776,1
3490,1197,1
1791,955,1
88401,520,0
98131,21,0
2721,44,1
21352,283,0
48494,305,0
54245,45,0
5961,1456,1
3432,58,1
57397,1207,0
68144,24,0
2660,57,1
4222,0,1
5491,1424,1
5481,259,0
1810,37,1
91880,56,0
2310,171,1
3157,21,1
306,905,1
82709,39,0
84361,0,0
571,1210,1
80881,506,0
49,151,1
1530,67,1
5253,431,1
317,179,1
1226,72,1
557,263,1
75,1197,1
1131,444,1
84895,1314,0
724,769,1
942,229,1
365,36,1
63883,4,0
14233,21,0
69971,1500,0
2458,2,1
104065,153,0
349,795,1
1679,177,1
102637,246,0
63299,109,0
1393,196,1
942,434,1
97064,793,0
26,584,1
564,45,1
60654,97,0
3884,1251,0
67179,13,0
85418,53,0
95654,9,0
75752,233,0
2440,158,1
60429,114,0
2970,835,1
87902,882,0
96781,13,0
2885,153,1
72534,217,0
15617,103,0
67768,410,0
2779,39,1
1195,61,1
1465,177,1
4067,878,1
56206,150,0
79356,892,0
1367,4,1
83633,1194,0
104091,4,0
59222,130,0
801,431,1
2471,92,1
67784,1122,0
46223,246,0
2796,215,1
262,776,1
94217,17,0
3238,844,1
68794,488,0
106439,501,0
346,91,1
890,882,1
82147,37,0
54,29,1
4759,776,1
4805,1194,1
910,67,1
86742,1194,0
73669,776,0
71453,504,0
100147,631,0
74430,229,0
66739,269,0
75,76,1
63845,24,0
2516,961,1
157,91,1
83713,1176,0
66442,924,0
2462,882,1
456,154,1
71156,13,0
226,47,1
14935,13,0
124,97,1
1416,249,0
57257,1,0
624,414,1
5982,109,1
54054,1207,0
114,776,1
68830,1196,0
98674,1227,0
1774,78,1
68596,76,0
76199,171,0
83520,217,0
3010,119,1
1620,519,1
2716,202,1
5999,783,1
13,47,1
1775,403,1
85410,5,0
1264,217,1
60391,6,0
2929,36,0
1490,269,0
1366,217,1
62428,401,0
1398,33,1
89956,429,0
1812,13,1
92535,69,0
547,41,1
101441,145,0
625,807,1
2441,13,1
52,13,1
704,270,1
415,880,1
968,21,1
69,28,1
437,41,1
1448,177,1
4399,795,1
101440,73,0
95513,1394,0
81959,89,0
105133,478,0
4749,392,1
5780,128,0
1033,65,1
79664,9,0
581,843,1
1212,913,1
69046,883,0
63593,945,0
18882,21,0
101154,318,0
22881,47,0
65595,109,0
98389,9,0
341,31,1
101714,1193,0
2155,351,1
1195,137,1
70201,45,0
102689,100,0
94902,593,0
2412,252,1
64288,36,0
1442,160,0
809,124,1
2,15,1
78989,253,0
67,460,1
81413,344,0
3850,776,1
85,579,1
76399,57,0
99916,109,0
104334,109,0
5512,1012,1
267,66,1
47893,41,0
57094,155,0
2852,98,1
64134,1202,0
3693,39,1
96908,105,0
81481,1197,0
5715,13,1
3238,616,1
81216,109,0
3735,4,1
24011,98,0
75783,207,0
222,1,1
12736,910,0
52905,40,0
25,76,1
56756,35,0
69278,1074,0
729,281,1
55468,1400,0
7,212,1
1098,173,1
78854,1193,0
61,776,1
47,16,1
67811,621,0
17439,233,0
2757,58,1
1211,256,1
100166,48,0
2460,283,0
724,147,1
6050,776,1
132,15,1
74493,112,0
894,150,1
1398,941,1
7544,39,0
3051,45,1
149,114,1
85,89,1
88873,1253,0
30447,150,0
80380,145,0
62877,239,0
2601,316,1
100189,458,0
61953,21,0
12525,248,0
6732,882,0
317,33,1
1333,423,1
133,47,1
1990,207,1
82092,220,0
1283,39,1
5925,109,0
69936,16,0
74898,431,0
4752,431,1
62570,233,0
94597,461,0
2429,480,1
225,73,1
60112,1193,0
93781,351,0
73429,859,0
80572,175,0
2446,156,1
53889,145,0
3057,12,1
1205,54,1
3811,795,1
71018,57,0
2885,621,1
1107,692,1
2439,39,1
2640,776,1
4546,1196,1
587,124,1
559,885,1
55807,209,0
60968,38,0
68690,362,0
49696,21,0
1078,53,1
552,269,1
81110,91,0
101,423,1
78453,145,0
80103,648,0
31351,1198,0
68098,35,0
3116,456,1
7000,206,0
15037,253,0
548,38,1
2908,464,1
103063,362,0
73913,12,0
100881,431,0
993,169,1
69428,41,0
351,130,1
1455,344,1
54685,97,0
61134,41,0
2412,9,1
3195,431,1
96085,152,0
1364,950,1
616,1200,1
93729,227,0
62120,235,0
3105,12,1
1188,105,1
46477,555,0
100999,172,0
11275,100,0
63918,568,0
77136,114,0
300,78,1
1239,1364,1
88985,58,0
73412,80,0
1472,431,1
2415,394,1
100423,40,0
93861,1197,0
3991,80,1
1065,9,1
1075,111,1
135,1222,1
85426,57,0
76858,270,0
3563,233,1
84605,207,0
52,245,1
130,47,1
286,125,0
194,12,1
5,8,1
2668,154,1
5987,551,1
82318,1011,0
1674,73,1
74085,728,0
69704,1124,0
96248,905,0
70932,776,0
69361,253,0
1159,40,1
692,84,1
3173,67,1
5181,1237,1
87661,639,0
24116,460,0
69912,97,0
73156,58,0
94903,9,0
1758,214,1
70579,847,0
253,1207,1
77660,177,0
96275,249,0
58474,38,0
70180,3,0
3624,41,1
1965,24,1
104738,270,0
142,1235,1
3505,263,1
3260,1396,1
2468,227,1
47615,24,0
7970,21,0
57636,183,0
61112,776,0
1615,1199,0
78198,284,0
106,24,1
71123,212,0
1522,212,1
3373,82,1
61349,180,0
2294,44,1
1999,150,1
71313,272,0
99344,621,0
3505,36,1
2820,363,1
656,152,1
1693,456,1
2126,1412,1
18563,1197,0
78575,39,0
63849,67,0
1398,464,1
63106,91,0
1350,155,1
77893,140,0
2123,829,0
47262,1197,0
58991,206,0
801,1193,1
2023,21,1
70448,217,0
1236,21,1
1063,207,1
999,27,1
1742,501,1
286,247,0
99133,776,0
2410,1196,1
79668,82,0
87854,114,0
79005,189,0
1063,776,1
1603,217,1
324,109,1
1161,35,1
37,15,1
79465,3,0
48301,76,0
591,809,1
4568,1207,1
73113,1198,0
934,65,1
4024,869,0
102,1444,1
87491,253,0
53468,1122,0
3115,114,1
17861,30,0
3644,44,1
89355,882,0
945,1031,1
2618,17,1
1781,220,1
1529,431,1
1125,518,1
6178,41,1
62508,171,0
65784,364,0
76558,482,0
103249,821,0
2373,646,1
92368,867,0
336,12,1
52965,58,0
100696,1296,0
1533,1197,1
383,82,1
90562,9,0
1321,431,1
75539,1097,0
5389,145,1
71054,150,0
1350,248,1
1805,623,1
1897,80,1
105892,818,0
70162,458,0
13843,610,0
35,80,1
85400,82,0
1836,44,1
35,1207,1
2461,379,1
2820,5,1
262,253,1
76,245,1
456,252,1
3748,636,1
79057,61,0
93329,1155,0
92859,14,0
8605,130,0
95016,456,0
70603,125,0
1853,40,1
4677,58,1
995,138,1
2186,1,1
70876,761,0
2146,35,1
2152,461,1
76177,253,0
5740,229,1
55183,91,0
80161,776,0
1872,21,1
105335,13,0
76256,245,0
60111,1245,0
64936,64,0
10846,170,0
99311,1124,0
60302,41,0
803,1443,0
60441,949,0
26635,61,0
793,394,1
8768,247,0
85899,481,0
23,138,1
55803,465,0
2440,541,1
51359,21,0
4347,150,1
3573,431,1
84293,177,0
102638,478,0
66275,177,0
581,97,1
12472,331,0
208,256,1
80221,441,0
437,339,1
163,151,1
102738,190,0
910,71,1
88920,82,0
61722,776,0
77867,41,0
262,1200,1
3591,269,0
85092,124,0
2225,331,1
47085,139,0
4716,318,1
71182,1197,0
16738,568,0
62910,137,0
60656,205,0
897,41,1
104356,282,0
437,600,1
101127,80,0
3267,468,1
48269,203,0
102534,114,0
92596,846,0
75073,9,0
52205,97,0
104069,87,0
784,246,1
66873,65,0
4045,878,1
99609,155,0
70730,173,0
82926,394,0
1800,253,0
55887,154,0
1357,109,1
2659,282,1
72376,230,0
3320,9,1
3307,245,1
90086,0,0
5195,1227,1
541,309,1
93823,87,0
58789,39,0
99807,312,0
1703,887,1
58117,4,0
10176,248,0
78623,262,0
162,47,1
222,57,1
102760,114,0
88153,522,0
1503,21,1
70253,13,0
1829,5,1
99795,484,0
3333,114,1
6250,233,1
1234,175,1
2175,394,1
67407,761,0
83287,258,0
220,631,1
1691,39,1
75630,220,0
2005,885,1
64861,21,0
76407,300,0
5330,401,1
71441,71,0
96054,8,0
1923,44,0
83842,41,0
68131,580,0
2605,53,1
97,920,1
154,502,1
70,88,1
50025,352,0
1788,40,1
62274,949,0
70549,859,0
1363,531,1
64196,237,0
3563,953,1
68954,44,0
764,217,1
74257,1193,0
45548,661,0
75,0,1
101464,158,0
182,125,1
98323,38,0
34850,352,0
1352,878,1
2446,189,1
765,380,1
71149,363,0
51210,9,0
995,994,1
908,808,1
27493,40,0
2708,82,1
105133,394,0
53595,213,0
65549,76,0
76113,13,0
139,882,1
5452,140,0
3097,504,0
47265,8,0
1122,661,1
3,880,1
46258,215,0
88147,1210,0
3109,1200,1
26,1200,1
3920,265,1
1491,12,1
2779,88,1
62652,78,0
884,35,1
100591,58,0
57975,770,0
9698,172,0
59946,217,0
2364,114,1
53973,80,0
34549,337,0
88321,379,0
16022,477,0
81043,221,0
2476,194,1
1007,431,1
1631,456,1
4543,44,1
47734,1207,0
3386,91,1
74751,133,0
77726,882,0
227,89,1
99041,562,0
77799,76,0
84156,130,0
15961,147,0
2755,45,1
239,40,1
53554,84,0
884,1199,1
85382,283,0
5558,264,1
12403,394,0
2412,41,1
8230,2,0
55681,504,0
69200,283,0
44359,1193,0
1622,21,1
82493,61,0
2468,130,1
96262,68,0
87058,865,0
78773,431,0
50650,1197,0
102033,39,0
70148,17,0
103080,255,0
376,795,1
1824,5,1
4459,150,1
4608,21,1
105738,675,0
3378,40,1
94979,1417,0
3178,122,1
6892,89,0
519,24,1
1070,179,1
101151,656,0
52757,72,0
3867,80,1
2329,76,0
238,429,1
91724,783,0
3333,943,1
3971,263,1
478,379,1
1648,122,1
58553,3,0
53501,693,0
94868,114,0
56538,177,0
5057,252,1
64527,1207,0
1335,152,1
23404,9,0
81366,214,0
3593,820,1
71493,13,0
5427,1396,1
910,39,1
83576,1224,0
1338,177,1
21195,403,0
8056,948,0
61,172,1
2578,202,0
100297,202,0
1639,1457,1
71,39,1
3578,57,1
73841,38,0
93311,44,0
57388,76,0
108,885,1
912,233,1
362,270,1
18897,248,0
304,39,1
2005,776,1
57791,220,0
233,33,1
76576,82,0
30488,1299,0
40030,558,0
103685,40,0
96326,1194,0
74668,221,0
219,798,1
1033,776,1
1471,308,1
2431,21,1
1691,0,1
593,37,1
4830,1207,1
4117,232,1
88299,302,0
480,1237,1
30,33,1
575,38,1
843,109,1
2779,24,1
410,795,1
88237,344,0
101740,3,0
102512,58,0
71958,109,0
2043,67,1
67537,76,0
2446,300,1
402,109,1
52557,24,0
94482,5,0
5456,693,1
91061,431,0
5946,175,1
1636,38,1
3622,431,1
724,217,1
7621,195,0
2049,248,0
413,214,1
97598,464,0
5429,1196,1
102413,844,0
95926,109,0
102485,447,0
61,844,1
48286,905,0
14983,24,0
56627,41,0
4408,455,0
48681,643,0
913,1224,1
87460,656,0
62922,955,0
57582,87,0
1366,202,1
99208,58,0
73761,5,0
77381,39,0
3578,98,1
722,172,1
365,283,1
1519,189,1
102136,17,0
90169,13,0
80887,282,0
987,252,1
74699,58,0
4862,1210,1
593,253,1
4694,884,0
56198,202,0
1584,190,1
92,791,1
67126,9,0
53912,431,0
2885,69,1
2907,950,0
423,152,1
48823,1207,0
14651,673,0
18355,878,0
207,179,1
1927,1207,1
67986,45,0
72835,207,0
240,4,1
1501,45,1
4471,464,0
2265,468,1
2412,140,1
90746,4,0
3605,1379,1
76869,44,0
96707,255,0
60037,633,0
31,33,1
1910,776,1
801,1124,1
62006,47,0
499,175,1
47370,9,0
100497,141,0
98403,919,0
3822,21,1
59846,9,0
2126,424,1
1678,9,1
77024,886,0
3284,955,1
327,73,1
71592,1073,0
46748,170,0
1075,809,1
55232,5,0
106264,3,0
1039,1322,1
48942,109,0
57438,431,0
1136,946,1
1640,1124,1
43720,80,0
5353,256,1
67,1093,1
3064,1073,1
222,430,1
67545,344,0
3296,502,0
66606,61,0
84508,281,0
2862,403,1
1739,138,1
91589,38,0
2453,174,1
644,307,1
74153,518,0
75678,189,0
56920,456,0
3131,1207,1
5222,71,1
1664,36,1
86920,546,0
10160,180,0
335,224,1
72001,141,0
75254,177,0
285,1074,1
2371,13,1
58892,175,0
4354,38,1
100931,141,0
91994,541,0
3097,776,1
158,128,1
100591,382,0
618,442,1
3870,1296,1
75314,53,0
2574,445,1
922,882,1
61616,877,0
1615,283,1
4332,98,1
82561,555,0
56407,424,0
225,71,1
63730,561,0
118,776,1
99092,125,0
97293,145,0
103385,1198,0
681,150,1
86115,44,0
126,472,1
81312,394,0
91738,53,0
70626,366,0
100846,9,0
103298,0,0
3710,47,1
61092,1197,0
157,209,1
50803,673,0
302,68,1
56728,160,0
2822,114,1
320,309,1
7524,809,0
644,18,0
3008,602,1
764,423,1
76,202,1
79274,1075,0
2449,17,1
83,38,1
1847,24,1
2367,5,1
2675,877,1
67399,145,0
85887,109,0
55221,57,0
87103,175,0
746,9,1
3934,878,1
58213,87,0
497,352,1
31753,524,0
157,41,1
86915,944,0
92468,111,0
2373,394,1
81785,1107,0
1741,114,1
1399,58,1
81034,232,0
209,258,1
2295,318,1
2606,256,1
51054,89,0
83423,698,0
63307,1210,0
99431,656,0
84933,149,0
1075,242,1
890,337,0
51352,954,0
69664,246,0
2222,1471,1
270,84,1
79694,1200,0
80453,948,0
83529,431,0
578,72,1
59055,784,0
3162,177,1
3360,57,1
724,253,1
100468,21,0
69895,177,0
49711,882,0
93848,477,0
5229,1200,1
48244,456,0
48969,91,0
3938,21,1
9117,1012,0
1312,776,1
2771,39,1
134,37,1
2545,9,1
11733,351,0
48613,245,0
2537,1,1
42085,6,0
88279,13,0
1401,253,1
182,58,1
522,1198,1
126,152,1
72970,252,0
105349,1207,0
101805,84,0
1430,109,1
55491,654,0
3791,431,1
49,173,1
487,53,1
71530,235,0
20802,139,0
88363,394,0
67783,1307,0
85790,54,0
2559,283,1
1865,57,1
24085,429,0
4823,306,1
69194,283,0
1542,551,1
66270,58,0
55744,157,0
62724,1207,0
1887,41,1
92391,883,0
48757,140,0
63180,673,0
60628,391,0
90698,0,0
104921,109,0
385,109,1
19640,173,0
84728,154,0
87132,433,0
83017,74,0
552,5,1
25729,989,0
890,180,1
437,189,1
3867,394,1
2820,352,1
100678,80,0
934,269,1
89,4,1
559,33,1
1434,13,1
154,654,1
92413,173,0
62574,270,0
87993,791,0
86590,784,0
5343,264,1
2665,82,1
1066,438,1
51345,304,0
53034,91,0
52752,21,0
61939,71,0
917,9,1
315,456,1
104019,217,0
75747,44,0
101093,394,0
85752,245,0
3303,501,1
51451,12,0
990,394,1
4858,1322,1
3569,259,1
91071,1196,0
68926,1151,0
102105,270,0
83005,956,0
26,209,1
784,39,1
87615,285,0
1371,256,1
4696,480,1
3609,98,1
3293,150,0
4784,1224,1
506,5,1
64805,433,0
63230,12,0
53,141,1
328,78,1
5845,21,1
105101,246,0
48752,776,0
10537,97,0
350,5,1
1622,500,1
7088,331,0
1659,149,1
87116,327,0
5562,39,1
421,522,1
841,31,1
781,12,1
59823,1,0
51707,45,0
4349,91,1
92903,33,0
104457,177,0
67189,464,0
70176,431,0
154,126,1
629,918,1
77322,36,0
98269,269,0
6242,306,1
58151,1217,0
68748,9,0
67342,189,0
84734,274,0
13075,1200,0
709,109,1
51076,1227,0
49934,784,0
103599,13,0
85551,114,0
377,18,1
1089,1196,1
6825,394,0
2474,394,1
84325,884,0
4332,39,1
5441,80,0
101433,478,0
3630,776,1
88699,829,0
60948,18,0
2126,125,1
934,394,1
4623,1207,1
1664,0,1
188,150,1
102748,129,0
253,40,1
51804,705,0
577,352,1
559,339,1
104372,1,0
1456,196,1
54920,1200,0
50547,984,0
58611,2,0
2045,68,1
3336,1199,1
61432,1124,0
56515,29,0
86799,253,0
443,823,1
1111,546,1
485,65,1
3565,215,1
86515,98,0
2915,823,1
2644,327,1
75683,776,0
930,12,1
6682,91,0
50928,431,0
100403,9,0
2848,12,1
21623,248,0
47059,352,0
519,21,1
603,21,1
70152,79,0
23084,24,0
1092,400,1
1631,9,1
77958,82,0
104786,1198,0
66408,203,0
346,36,1
49532,431,0
99038,256,0
127,1222,1
5222,72,1
87525,39,0
1676,21,1
1366,255,1
2440,21,1
87844,256,0
2467,18,1
56611,6,0
55806,221,0
70700,58,0
54093,270,0
66802,342,0
1463,125,1
338,337,0
8077,12,0
85655,150,0
92710,394,0
65986,951,0
1448,173,1
1568,1396,1
2102,1198,1
3819,460,1
1648,5,1
108,9,1
4649,362,1
942,1394,1
83233,252,0
104010,21,0
60553,150,0
104834,327,0
92,73,1
1661,103,1
26265,12,0
84412,91,0
20620,306,0
423,956,1
6407,245,0
1959,646,0
1517,1207,1
54721,78,0
1504,114,1
88136,16,0
75307,21,0
2429,776,1
879,45,0
51800,956,0
105003,568,0
47340,4,0
57264,78,0
33611,245,0
2361,80,1
6055,58,1
285,672,1
56542,394,0
74601,21,0
2702,21,1
910,882,1
78558,1196,0
104809,1194,0
1190,41,1
424,225,1
84918,149,0
912,1197,1
87450,169,0
94008,235,0
11858,150,0
81241,76,0
47,125,1
85374,56,0
74700,776,0
101652,1221,0
3151,13,1
81507,38,0
48027,53,0
179,639,1
87939,74,0
2196,194,1
1706,458,1
5612,669,1
53140,109,0
618,243,1
63902,145,0
549,121,1
1288,189,1
5720,253,1
48233,82,0
2575,17,1
559,74,1
557,258,1
1288,13,1
2016,98,1
639,399,1
77494,431,0
2554,1296,1
2129,71,1
46596,282,0
87384,38,0
83712,327,0
21849,882,0
98450,438,0
247,304,1
188,297,1
1911,78,1
101185,109,0
92929,626,0
3075,21,1
640,224,1
3173,237,1
2029,9,1
90349,503,0
1288,160,1
103136,177,0
2549,24,1
58190,37,0
69475,945,0
100214,45,0
62940,38,0
1630,91,1
68794,351,0
4401,1210,1
99165,38,0
58272,1,0
94510,92,0
101179,522,0
95011,124,0
5737,560,1
99710,229,0
2563,13,1
97218,955,0
1812,58,1
64355,78,0
98528,221,0
170,270,1
2095,229,1
82249,367,0
70148,1197,0
351,238,1
67194,97,0
73363,1197,0
67057,128,0
5431,249,1
99019,961,0
71588,44,0
4093,877,1
47289,57,0
675,139,1
724,1257,1
57006,89,0
2428,35,1
3585,177,1
67751,1197,0
81511,38,0
74490,0,0
48869,388,0
477,431,1
83821,305,0
100202,160,0
2722,1197,1
647,270,1
279,84,1
80263,24,0
78442,129,0
4707,40,1
35,401,1
91,54,1
128,302,1
2747,2,1
2289,882,1
86046,31,0
682,67,1
5012,1197,1
2574,431,1
114,40,1
26649,80,0
53588,0,0
306,192,1
2953,1207,1
89599,316,0
2882,269,1
5211,1207,1
262,33,1
1259,431,1
62565,685,0
2439,1199,1
51963,58,0
856,1197,1
128,581,1
88508,878,0
365,41,1
50933,47,0
105754,140,0
4901,1210,1
71490,67,0
82199,504,0
59968,41,0
66190,78,0
4513,961,1
1074,269,1
1289,546,1
59397,776,0
3305,1,1
10164,233,0
63406,9,0
267,65,1
73043,177,0
4514,246,1
64549,518,0
888,323,1
61447,533,0
1796,9,1
102004,249,0
79969,61,0
1164,151,1
549,1197,1
10402,234,0
952,485,1
1782,16,1
3799,35,0
73313,859,0
67374,1369,0
102390,9,0
39952,47,0
1527,45,1
43506,557,0
94930,820,0
2003,58,1
5220,482,1
1411,1193,1
55184,72,0
57622,91,0
567,17,1
3244,21,1
2852,620,1
64010,21,0
703,270,1
4391,452,1
3333,91,1
56,0,1
317,481,1
60464,24,0
902,155,1
233,247,1
89098,76,0
105,109,1
63740,519,0
18925,82,0
2473,224,1
58892,364,0
1677,283,1
1778,78,1
62305,8,0
4428,1207,1
3143,208,1
641,419,1
69074,180,0
365,1228,1
62471,19,0
1090,251,1
35,1138,1
131,431,1
48140,340,0
233,504,1
2997,3,1
64190,431,0
377,759,1
78058,41,0
95356,16,0
912,65,1
11031,78,0
61137,105,0
40761,1207,0
14862,394,0
113,4,1
2795,21,1
1150,233,1
108,160,1
4705,9,1
65060,21,0
1177,1207,1
966,882,1
89721,431,0
2932,1196,1
1061,245,1
56119,41,0
84128,583,0
1699,38,1
87300,78,0
4114,177,1
63123,791,0
2009,251,1
79734,65,0
102623,91,0
2213,61,1
61,917,1
79050,1207,0
6006,1197,1
101130,160,0
66486,189,0
437,252,1
2885,189,1
1362,491,1
92922,362,0
85,1098,1
88381,540,0
125,186,1
80325,242,0
992,45,1
681,9,1
20957,44,0
81644,196,0
2848,48,1
2503,121,1
77755,97,0
2435,458,1
61341,45,0
463,972,1
1455,606,1
77451,130,0
902,1199,1
4761,256,1
62451,36,0
2749,231,1
75234,158,0
74423,1197,0
1032,323,1
222,78,1
645,481,0
57173,229,0
81626,1433,0
106251,138,0
1062,145,1
25860,141,0
254,139,1
88158,160,0
1644,776,1
1448,171,1
4728,138,0
212,430,1
2800,1044,1
94526,9,0
5832,44,1
2,65,1
154,124,1
64997,518,0
2467,431,1
270,150,1
5899,194,1
5583,39,1
78609,6,0
26,232,0
57238,0,0
70268,80,0
83,620,1
3585,61,1
6362,33,0
3047,318,1
78128,89,0
748,256,1
4528,39,1
62085,344,0
55278,150,0
79029,379,0
46084,844,0
942,141,1
87119,823,0
101749,269,0
1075,243,1
1505,6,0
60423,342,0
74008,114,0
101712,76,0
2817,150,1
3599,6,0
2488,76,1
1905,478,1
58227,997,0
500,849,1
629,694,1
467,464,1
2645,130,1
652,835,1
105,4,1
3910,61,1
90393,44,0
253,253,1
45393,13,0
162,29,1
3872,636,1
3138,44,1
105717,1196,0
157,1394,1
10356,1124,0
87837,172,0
5276,98,1
507,194,1
34911,917,0
12273,344,0
79106,252,0
112,41,1
2530,821,1
62662,202,0
3197,873,1
103112,61,0
55136,68,0
47952,170,0
4640,517,1
4016,1197,1
992,950,1
2005,247,1
60940,282,0
56,999,1
300,109,1
522,431,1
188,235,1
105265,21,0
75055,97,0
1412,877,0
81530,1075,0
72894,21,0
52783,69,0
38457,1133,0
103522,109,0
2018,578,1
352,220,1
1399,227,1
82,177,1
91749,233,0
83594,138,0
80322,1116,0
912,248,1
159,1124,1
78167,269,0
93178,1347,0
3218,40,1
5682,256,1
79830,44,0
192,270,1
99654,13,0
4965,1196,1
16596,270,0
6166,256,1
5995,581,1
11439,579,0
1468,1399,1
86348,394,0
98150,681,0
2661,621,1
5562,352,1
4929,1198,1
332,114,1
51047,208,0
1620,78,1
336,242,1
1981,292,1
4345,33,1
3813,636,1
5720,206,1
1420,510,1
72172,173,0
642,431,1
61075,194,0
50393,58,0
5388,139,1
17608,394,0
557,36,1
82576,789,0
59525,57,0
3658,6,1
65606,57,0
1824,905,0
48613,18,0
58307,18,0
100747,267,0
1363,896,1
3089,431,1
2920,431,1
83,959,1
240,961,1
66919,9,0
2481,109,1
66850,76,0
3772,364,1
256,456,1
8081,247,0
2443,73,0
58272,961,0
4870,878,0
876,543,1
105508,84,0
106044,65,0
559,35,1
253,768,1
5632,35,1
47833,186,0
1366,859,1
157,155,1
220,472,1
90200,913,0
1336,87,1
103395,21,0
47824,97,0
90166,97,0
1081,768,1
627,707,1
253,207,1
76961,1124,0
76909,394,0
188,619,1
139,297,1
124,955,1
4906,1196,1
74130,1207,0
4453,394,1
101742,431,0
253,820,1
2997,100,1
728,87,1
19802,458,0
99950,1272,0
89510,270,0
19,1058,1
52317,430,0
1618,9,1
106053,145,0
2360,114,1
2554,300,1
6020,97,1
89476,468,0
5978,582,1
593,38,1
127,39,1
57218,18,0
1620,239,1
894,68,1
90487,339,0
50750,9,0
77749,292,0
4550,186,1
81629,39,0
2189,194,1
3159,220,1
99642,1194,0
2944,24,1
561,327,1
586,878,1
128,89,1
64135,791,0
924,44,1
100212,1199,0
2956,82,1
12753,242,0
1644,541,1
95338,817,0
589,9,1
163,944,1
183,53,1
76183,79,0
346,429,1
543,892,1
2451,53,1
66079,946,0
90844,1218,0
83564,64,0
306,209,1
54994,9,0
2817,246,1
1645,98,1
265,8,1
124,13,1
2023,8,1
79221,155,0
3043,180,1
84720,568,0
4378,1162,1
1244,57,1
2045,961,1
2887,794,1
4589,362,1
58640,114,0
3578,283,1
106418,743,0
70846,744,0
89397,173,0
33660,109,0
69279,256,0
1035,924,1
96852,158,0
179,344,1
88768,431,0
47333,1010,0
578,129,0
578,247,1
262,1197,1
1760,171,1
7733,403,0
64465,456,0
77510,53,0
458,1122,1
57469,256,0
5341,282,0
55500,175,0
2423,251,1
3250,37,1
26400,776,0
81838,456,0
60012,1207,0
1648,1194,1
188,158,1
640,256,1
1825,21,1
72487,64,0
90532,943,0
25,58,1
2112,1207,1
78363,80,0
99502,88,0
72763,1198,0
37910,631,0
2831,217,1
94797,82,0
86597,1196,0
1699,35,1
106322,58,0
642,693,1
64453,114,0
2517,109,1
79928,109,0
1684,461,1
6407,951,0
95588,149,0
90850,615,0
2565,376,1
240,430,1
2746,36,0
100798,73,0
1608,31,1
2825,1207,1
84504,341,0
106188,58,0
31920,114,0
2088,16,1
103354,33,0
102998,3,0
50825,58,0
2740,97,1
52957,58,0
197,91,1
134,884,1
51795,215,0
106408,394,0
1469,3,1
101284,282,0
2909,194,1
809,4,1
2341,57,1
101839,180,0
2137,84,1
483,65,1
73803,233,0
2561,39,1
3178,45,1
45,61,1
136,456,1
74812,44,0
81886,1073,0
82064,529,0
80067,256,0
51121,13,0
437,98,1
49325,262,0
46935,47,0
50310,21,0
209,344,1
50299,53,0
218,639,1
96844,158,0
207,955,1
1491,74,1
95307,33,0
3061,233,1
5091,1197,1
96649,1185,0
1632,1228,1
23331,273,0
2357,21,1
2138,394,1
69130,24,0
85133,776,0
2633,171,1
6075,58,1
61,647,1
53486,1023,0
1464,0,1
67756,949,0
57470,107,0
222,259,1
66961,71,0
67043,19,0
61368,71,0
2461,84,1
47940,67,0
52711,9,0
47454,429,0
2428,124,1
92706,424,0
1042,78,1
61760,510,0
1403,264,1
368,1194,1
48796,5,0
5775,1124,1
63383,880,0
74092,84,0
95179,1245,0
1136,949,1
2132,455,1
49834,72,0
32,170,1
1398,956,1
559,0,1
78856,620,0
2130,394,0
78294,152,0
233,884,1
1374,515,1
77838,175,0
1205,884,1
88059,13,0
29433,109,0
25088,61,0
93815,392,0
88706,477,0
91925,114,0
1136,139,1
90140,98,0
102588,235,0
47,174,1
4290,1315,1
53128,430,0
500,961,1
103568,80,0
31,13,1
106346,91,0
88,140,1
1425,220,1
1192,905,1
4182,844,1
93899,880,0
100736,61,0
3689,288,1
93203,41,0
105034,886,0
2503,21,1
3378,45,1
66686,64,0
60,1194,1
3376,41,1
59371,809,0
80059,233,0
97826,202,0
30,40,1
70555,40,0
52953,460,0
2823,9,1
83893,607,0
353,220,1
433,1207,1
62894,89,0
103898,13,0
300,1448,1
2175,154,0
82948,58,0
24,252,1
101,173,1
55286,74,0
59593,71,0
145,137,1
84103,394,0
65658,1197,0
17384,0,0
127,207,1
2,80,1
437,878,0
62265,44,0
79465,12,0
3450,542,1
256,21,1
78761,214,0
83457,264,0
83155,80,0
71139,468,0
3569,1394,1
9253,91,0
52753,67,0
1465,859,1
104536,47,0
5057,97,1
96999,91,0
5978,352,1
58261,17,0
745,776,1
30,744,1
2471,71,1
105648,37,0
74088,58,0
18,805,1
64379,206,0
76,1200,1
2542,451,1
76015,158,0
83187,429,0
56680,661,0
1061,431,1
29527,89,0
102094,9,0
10524,199,0
3676,1198,1
1455,1394,1
68289,114,0
94393,1202,0
3495,431,1
3395,175,1
1914,431,1
87199,1198,0
53591,221,0
8323,510,0
95879,373,0
25,57,1
13359,458,0
3751,220,0
89809,363,0
151,47,1
80568,394,0
105652,6,0
86460,431,0
59197,154,0
47372,54,0
6242,327,1
1471,280,0
1313,13,1
101761,125,0
84116,245,0
2076,39,1
156,670,1
86615,91,0
4193,285,1
4488,460,1
1732,33,1
48067,942,0
86097,464,0
647,44,1
1401,206,1
4248,961,1
46944,21,0
3075,57,1
57929,220,0
54782,37,0
100413,29,0
72755,1198,0
97050,129,0
4819,569,1
9529,1012,0
58116,403,0
2165,174,1
73532,1396,0
3393,1199,1
56562,382,0
884,776,1
849,12,1
85,91,1
336,217,1
416,50,1
64962,460,0
102471,1396,0
92325,458,0
1491,89,1
87447,3,0
552,327,1
60737,784,0
4528,1230,1
90076,464,0
103128,92,0
66667,300,0
90887,29,0
102990,169,0
1296,220,1
8678,263,0
2384,269,1
3634,477,1
4293,1262,1
71593,401,0
47061,36,0
4461,424,1
1283,189,1
2230,238,1
2644,1196,1
365,40,1
4202,283,1
285,673,1
3652,98,1
2390,270,1
536,305,1
96099,233,0
5767,1,1
89300,12,0
3162,233,1
97483,541,0
2189,306,1
100684,114,0
47931,283,0
104156,221,0
503,89,1
71536,783,0
2115,636,1
549,109,1
917,38,1
2961,917,1
75,283,1
67562,67,0
1275,39,1
1031,456,1
46140,621,0
4342,1262,1
92,9,1
70,383,1
1461,177,1
86995,124,0
59271,538,0
1367,35,1
99432,327,0
1517,145,1
99361,71,0
32,1267,1
306,44,1
82779,333,0
21107,78,0
49092,1033,0
187,17,1
90049,45,0
97399,482,0
12374,36,0
280,270,1
68985,619,0
1152,170,1
332,189,1
2434,21,1
2440,520,1
576,125,1
38,339,1
104735,45,0
1816,318,1
104370,877,0
73964,1456,0
79537,114,0
62777,558,0
68785,58,0
1989,379,0
114,36,1
74399,65,0
11556,145,0
64581,92,0
204,122,1
841,1269,1
65452,859,0
69374,105,0
220,140,1
68293,636,0
1644,235,1
54573,1207,0
522,190,1
87576,351,0
5864,160,1
969,58,1
735,8,0
3644,456,1
24,97,1
60972,68,0
227,339,1
53623,1044,0
81703,251,0
63104,9,0
88915,399,0
155,125,1
901,37,1
6087,40,1
1224,79,1
75036,78,0
270,408,1
78531,17,0
3303,13,1
5749,4,1
222,119,1
2131,160,1
378,205,1
618,398,1
81021,217,0
92669,1210,0
86278,13,0
102289,44,0
104211,501,0
894,206,1
467,253,1
65958,221,0
75490,776,0
4132,21,1
2374,458,1
1374,109,1
60444,39,0
2804,37,1
5944,1075,1
1865,21,1
3127,40,1
103664,9,0
4486,40,1
3023,9,1
5631,1456,1
2670,82,1
3550,9,1
72981,44,0
3563,955,1
300,209,1
72942,1210,0
2779,248,1
125,91,1
73743,548,0
578,965,1
1030,221,1
2440,464,1
5715,233,1
2779,160,1
97692,58,0
253,154,1
4731,961,1
90340,909,0
6120,109,1
22561,157,0
1951,109,0
1314,39,1
2118,39,1
912,189,1
3866,21,1
104106,9,0
7048,776,0
1637,643,1
3097,1197,1
77378,621,0
984,344,1
86593,39,0
897,39,1
97153,82,0
575,207,1
101604,193,0
56705,4,0
93239,1446,0
1511,82,1
313,57,1
291,29,1
5944,21,1
70592,636,0
1530,621,1
179,1224,1
100931,859,0
3173,39,1
1474,878,0
53064,82,0
1362,40,1
57778,72,0
54462,190,0
3343,78,1
98404,608,0
55497,1388,0
65471,946,0
48597,309,0
101528,375,0
752,375,1
1518,3,1
2620,244,1
413,18,1
58558,621,0
25163,431,0
228,227,1
668,109,1
591,351,1
2895,21,0
3401,78,1
104018,1172,0
76333,41,0
1035,40,1
1086,364,1
59433,179,0
71025,40,0
55839,482,0
7418,154,0
3406,5,1
2194,458,1
93135,9,0
249,21,1
4174,9,1
86406,129,0
70970,322,0
1690,791,1
58431,138,0
2146,183,1
4277,21,1
5789,3,1
67330,207,0
1450,141,1
73480,1032,0
6904,859,0
5222,69,1
89306,877,0
2420,89,0
13485,207,0
488,1417,1
104827,41,0
72341,1207,0
1017,694,1
63283,1124,0
3939,109,1
121,394,1
783,288,1
61758,98,0
3116,144,1
104928,205,0
1521,206,1
285,348,1
4840,1227,1
3036,173,1
79066,9,0
68967,351,0
1665,41,1
1450,41,1
7750,1396,0
101696,15,0
613,184,1
65014,460,0
82330,269,0
95623,181,0
3090,1197,1
10134,255,0
49222,259,0
67521,21,0
66846,776,0
751,599,1
944,171,1
12392,180,0
902,464,1
1380,776,1
543,39,1
2549,205,1
559,9,1
101767,170,0
1367,160,1
1914,9,1
81898,33,0
2195,768,1
53573,961,0
587,433,1
74007,109,0
61560,57,0
64826,4,0
1979,36,1
227,44,1
90116,109,0
65065,259,0
590,21,1
55709,1221,0
49263,1196,0
63458,180,0
6219,119,1
1807,288,1
992,13,1
1612,333,1
578,74,1
1971,74,1
92065,1176,0
105424,255,0
966,237,1
542,397,1
306,76,1
466,363,1
88433,1197,0
61,281,1
82134,18,0
76053,817,0
67188,510,0
96033,694,0
69185,41,0
68228,263,0
85032,36,0
66408,363,0
85,520,1
101788,8,0
266,163,1
4297,9,1
3594,149,1
2880,79,1
63468,98,0
5922,662,0
2522,543,1
73,245,1
92569,1075,0
3069,114,1
101,24,1
987,1200,1
224,1,1
15663,1241,0
1136,954,1
1694,199,1
62664,0,0
4520,1313,1
4239,776,1
82228,636,0
72365,724,0
72144,15,0
80054,269,0
92814,776,0
315,460,1
5097,1198,1
92598,717,0
2794,9,1
1466,31,1
1632,33,1
2022,367,1
55372,859,0
48202,9,0
3876,1253,1
62759,220,0
1490,394,1
2012,267,1
4046,394,1
35452,61,0
90,1202,1
51264,41,0
97023,788,0
1350,33,1
85489,24,0
317,1024,1
61824,1456,0
89539,21,0
313,1394,1
1403,525,1
3227,247,1
78044,265,0
93505,150,0
2046,548,0
63334,152,0
57590,394,0
4737,3,1
28945,177,0
86236,424,0
32,465,1
4177,1249,1
182,1194,1
386,776,1
74730,344,0
910,503,1
6080,6,1
157,12,1
82862,878,0
65026,9,0
2576,109,1
4635,1337,1
94413,221,0
157,189,1
883,248,1
84577,460,0
465,145,1
80161,28,0
2510,4,1
2189,170,1
63829,40,0
85358,17,0
1288,424,1
5346,57,1
3707,403,1
1660,456,1
69880,1227,0
1812,45,1
66282,376,0
94574,84,0
139,9,1
5484,1,1
1381,44,1
12627,56,0
3795,431,1
58014,61,0
54726,1124,0
121,80,1
53000,887,0
4293,1428,1
1508,18,1
64723,258,0
61364,45,0
79623,1461,0
1501,502,1
101234,503,0
62015,265,0
585,347,1
91117,21,0
105278,587,0
86101,880,0
51186,72,0
3366,57,1
2605,17,1
128,157,1
49123,128,0
50296,460,0
197,248,1
86354,1197,0
1615,826,1
48217,109,0
60018,431,0
23978,615,0
72765,327,0
101,200,1
2023,917,1
2773,405,1
82826,5,0
21,45,1
71720,394,0
53999,729,0
55121,798,0
91796,196,0
931,431,1
211,1124,1
60552,555,0
92769,114,0
2791,3,1
1789,40,1
59512,252,0
61815,156,0
68731,821,0
65948,255,0
1133,16,1
893,364,1
78705,89,0
7314,1134,0
383,270,1
70789,39,0
59313,97,0
95520,64,0
575,288,1
302,76,1
52993,217,0
1631,431,1
52721,318,0
1563,405,1
92595,205,0
51689,362,0
2373,171,1
85207,24,0
5777,91,1
12083,98,0
901,728,1
8435,269,0
100879,835,0
1517,1256,1
87619,522,0
1521,183,1
1081,1194,1
6219,118,1
74883,14,0
54034,69,0
12827,1200,0
320,142,1
100633,1244,0
306,58,1
8257,456,0
47010,40,0
54980,9,0
89515,9,0
1492,97,1
2471,69,1
4928,1198,1
3981,877,1
50539,636,0
90607,33,0
1724,153,1
2386,431,1
2440,171,1
53575,0,0
36369,451,0
923,39,1
2896,364,1
17918,201,0
2842,0,1
2431,64,1
21401,248,0
50588,24,0
73852,621,0
81261,1197,0
104701,282,0
40533,283,0
1589,376,1
5002,1198,1
63704,671,0
1758,460,1
61,0,1
40663,306,0
1333,130,1
82568,433,0
121,53,1
1075,9,1
2823,217,1
75951,41,0
71014,190,0
63896,270,0
70437,114,0
64264,40,0
442,270,1
902,594,1
90176,72,0
157,1200,1
125,38,1
88378,158,0
16538,1197,0
4578,953,1
80767,109,0
4337,190,1
2964,431,1
2735,946,0
97906,124,0
253,97,1
1216,776,1
66561,1199,0
71529,65,0
31,56,1
56647,614,0
92870,139,0
81658,431,0
84397,114,0
48410,1207,0
456,248,1
98500,27,0
97524,44,0
46922,220,0
64223,114,0
3238,31,1
5162,1210,1
1572,621,1
87668,177,0
65403,394,0
79031,18,0
98386,246,0
256,67,1
576,3,1
54830,58,0
262,61,1
1273,118,1
3127,41,1
102399,72,0
86390,362,0
105011,646,0
114,35,1
91707,1210,0
1070,520,1
4665,128,1
212,112,1
99452,859,0
4152,109,1
92052,1198,0
53,504,1
5027,1118,1
80333,35,0
4668,9,1
101519,621,0
178,447,1
172,639,1
1760,13,1
376,900,1
983,78,1
79963,177,0
85154,18,0
2877,800,0
75882,3,0
84582,431,0
3329,424,1
69555,29,0
1005,128,1
3162,58,1
88207,942,0
67754,1176,0
5039,1197,1
1937,270,1
54263,21,0
95259,58,0
1354,429,1
101001,45,0
48896,1207,0
1170,592,1
1926,456,1
77034,1198,0
3856,1124,1
3946,961,1
2406,109,1
101940,18,0
86793,16,0
65271,578,0
1406,47,1
1352,110,1
89437,16,0
2005,263,1
167,114,1
74008,109,0
88434,233,0
149,441,1
95082,111,0
3622,892,1
49804,71,0
1227,206,1
97363,67,0
124,954,1
3101,124,1
89836,878,0
98209,155,0
1742,73,1
9915,964,0
4838,133,0
95820,41,0
995,561,1
85,885,1
2875,1279,1
789,534,1
101019,237,0
52831,175,0
5373,1176,1
23373,139,0
783,45,1
90611,768,0
562,961,1
4057,877,1
1133,1197,1
101017,206,0
2605,1227,1
938,149,1
71021,41,0
4508,541,1
1352,461,1
91256,76,0
17460,57,0
2401,518,1
790,17,1
2208,996,1
2194,460,1
80678,97,0
84613,252,0
71079,252,0
310,686,0
983,203,1
3802,844,1
102666,215,0
52025,64,0
856,80,1
19254,1234,0
1404,80,1
3167,349,1
102739,843,0
2389,16,1
95856,245,0
96069,58,0
509,1198,1
622,78,1
80854,844,0
1367,158,1
3294,340,1
4732,39,1
104694,173,0
901,98,1
66509,67,0
680,44,1
222,24,1
877,273,1
1349,179,1
3939,47,0
10702,394,0
414,9,1
3528,5,1
3653,125,1
85231,363,0
2438,1124,1
320,249,1
385,47,1
115,272,1
3009,12,1
89318,946,0
261,45,1
86076,472,0
222,404,1
182,97,1
52490,587,0
74467,283,0
5978,37,1
122,4,1
3043,21,1
1362,41,1
2443,917,1
751,1197,1
102490,423,0
2138,362,1
3048,283,1
78964,693,0
2725,255,1
101,944,1
77939,348,0
1241,1439,1
415,175,1
35195,245,0
73125,621,0
360,423,1
57,79,1
2907,394,1
910,155,1
387,233,1
47,828,1
1387,880,1
17518,1001,0
2779,41,1
423,946,1
1349,255,1
74769,1224,0
3197,150,1
602,109,1
99672,97,0
4008,87,1
94791,951,0
68730,1197,0
74808,220,0
134,9,1
779,88,0
32181,154,0
3391,0,1
2446,1244,1
92595,5,0
768,109,1
2732,426,1
59220,24,0
5214,1207,1
5896,394,1
56198,1124,0
88362,71,0
19207,392,0
50170,344,0
81523,38,0
2194,89,1
79084,776,0
902,150,1
101659,44,0
2885,45,1
13721,9,0
92226,140,0
105456,150,0
4641,961,1
66321,89,0
31687,74,0
94944,79,0
99836,394,0
30,464,1
53076,838,0
45,253,1
222,258,1
5712,233,1
70548,1200,0
68998,859,0
2446,284,1
552,130,1
3771,16,1
4116,58,1
81262,21,0
2268,31,1
4164,878,1
6008,1456,1
227,882,1
2179,913,1
65863,263,0
584,321,1
1022,1122,1
98859,97,0
2129,68,1
3804,877,1
64827,252,0
508,292,1
67298,1124,0
79092,776,0
704,245,1
77882,65,0
53961,477,0
14732,304,0
53,548,1
9465,24,0
56,24,1
548,234,1
56688,581,0
74233,109,0
222,186,1
559,481,1
5246,1210,1
477,434,0
274,40,0
1398,74,1
73655,431,0
373,5,1
114,177,1
3074,394,1
3561,44,1
48105,312,0
95337,57,0
64630,696,0
759,685,1
4006,878,1
64026,69,0
61786,40,0
80550,24,0
29090,994,0
61423,35,0
7102,248,0
49325,190,0
70299,1197,0
1329,1210,0
92911,91,0
5978,105,1
2439,468,1
1462,122,1
910,608,1
1521,942,1
105785,569,0
916,69,1
51831,13,0
722,643,1
99956,1197,0
60228,403,0
2502,1196,1
101,39,1
69750,24,0
3116,882,1
5014,1197,1
67499,433,0
3529,503,1
1243,451,1
100174,1412,0
50161,0,0
60110,97,0
175,394,1
190,36,1
52305,249,0
245,1,1
83615,194,0
1464,177,1
99655,4,0
73745,33,0
49573,394,0
317,41,1
1374,92,1
94956,270,0
3587,351,1
4481,1192,1
188,962,1
1367,73,1
61426,1194,0
944,177,1
97480,175,0
1824,13,1
5461,209,1
2340,21,1
97429,109,0
85689,24,0
2131,158,1
85884,468,0
437,76,1
33267,878,0
53,129,1
16162,97,0
1248,40,1
1644,40,1
55153,253,0
74054,137,0
97884,1228,0
3417,105,1
306,956,0
406,1197,1
59429,214,0
5030,1207,1
93864,859,0
3133,114,1
1455,306,1
1797,282,1
358,283,1
1173,31,1
59547,13,0
50577,73,0
2862,196,1
68566,341,0
76,37,1
4948,1210,1
95822,114,0
1620,24,1
104633,460,0
37437,82,0
61253,776,0
2,629,1
76781,2,0
48500,1177,0
3597,98,1
4058,878,1
618,961,1
2740,58,1
65689,852,0
593,21,1
6261,255,0
67,1210,1
2188,87,1
2820,111,1
4782,344,1
3400,91,1
49,114,1
102730,551,0
61683,232,0
85973,905,0
261,21,1
7658,138,0
746,202,1
83608,1193,0
2358,82,1
1976,319,1
48889,607,0
106219,620,0
79404,0,0
61571,1448,0
1460,859,1
2213,456,1
4578,951,1
101979,13,0
90362,283,0
615,344,1
4242,621,0
1350,884,1
1488,128,1
68230,1456,0
2933,318,1
404,6,1
83906,48,0
4162,877,1
780,21,1
57617,394,0
1796,76,1
102869,66,0
2485,13,1
2022,72,1
39,662,1
50877,199,0
1378,109,1
64218,67,0
83369,44,0
2514,138,1
1151,173,1
1043,221,0
51599,283,0
3265,5,1
87469,424,0
53015,305,0
88692,263,0
3527,1194,1
103409,380,0
48611,29,0
13428,16,0
2659,24,1
2320,9,1
320,97,1
6233,91,1
77036,776,0
992,253,1
5562,429,1
68433,352,0
54666,1243,0
437,621,1
76106,141,0
68781,0,0
2521,145,1
2602,263,1
81796,5,0
74937,171,0
11760,518,0
4,53,1
1175,821,1
216,65,1
3467,1207,1
104448,246,0
5636,4,1
81050,1412,0
49872,67,0
578,352,1
77293,255,0
3903,877,1
17585,97,0
4857,1196,1
4405,220,1
1377,1198,1
94171,593,0
3344,36,1
71647,431,0
79366,36,0
66241,327,0
456,69,1
5407,1396,1
419,844,1
84471,109,0
252,1336,1
3784,8,1
2700,776,1
1354,1012,1
1387,581,1
100263,110,0
248,114,1
1546,98,1
557,207,1
591,217,1
37675,253,0
827,1207,1
2820,1258,1
83574,39,0
85524,269,0
66673,1199,0
427,1,1
6176,9,1
1572,89,1
51439,65,0
5634,229,1
81771,1207,0
5978,12,1
74820,21,0
104948,191,0
73000,221,0
103742,13,0
2562,1207,1
48630,303,0
73692,17,0
54070,270,0
306,487,1
13110,67,0
81397,1023,0
2885,282,1
2916,956,0
1403,456,1
1701,44,1
55190,623,0
25078,97,0
11187,248,0
3109,1074,1
2206,643,1
16788,321,0
1757,520,0
1699,160,1
57575,351,0
3284,953,1
67950,186,0
2728,172,1
85606,103,0
45089,256,0
96097,38,0
3708,1198,1
12512,4,0
314,333,1
686,48,1
51255,394,0
60231,945,0
66239,953,0
225,173,1
92087,1299,0
3303,45,1
4257,41,1
2126,234,1
72300,621,0
67439,1,0
112,48,1
12345,139,0
101,40,1
2145,859,1
3468,58,1
55827,270,0
88189,179,0
2381,53,1
2772,61,1
69955,6,0
52,248,1
67093,31,0
80084,78,0
97563,177,0
18077,205,0
77797,238,0
1370,82,1
72464,776,0
69084,408,0
56493,205,0
78335,1194,0
92997,150,0
500,73,1
2069,363,1
92,501,1
65243,76,0
91799,433,0
627,87,1
2554,149,1
59804,44,0
93668,805,0
69345,150,0
95039,45,0
15036,331,0
208,613,1
4036,989,1
66030,1193,0
98345,304,0
29235,776,0
106361,1280,0
1363,5,0
58544,21,0
618,431,1
4116,173,1
47233,61,0
1485,1207,1
96081,981,0
56590,54,0
106146,4,0
73776,9,0
1214,468,1
4079,232,0
101753,9,0
49,97,1
320,431,1
93385,1198,0
109,905,1
4345,38,1
1499,24,1
1368,171,1
85987,125,0
288,806,1
2603,1207,0
2467,82,1
73628,481,0
91213,1199,0
60593,114,0
152,78,1
66098,172,0
1876,215,0
676,460,1
74216,865,0
102,9,1
58808,45,0
1463,431,1
557,464,1
95863,878,0
40,1197,1
17180,460,0
50747,45,0
51453,1196,0
2561,351,1
1058,256,1
2508,806,1
56753,231,0
261,941,1
65668,201,0
11717,2,0
62672,953,0
50782,502,0
2488,109,1
2087,376,1
1350,76,1
25,12,1
89022,894,0
1059,1198,1
97279,194,0
1758,394,1
83137,389,0
4737,170,1
12270,481,0
50389,258,0
49426,379,0
1368,15,1
21384,224,0
17941,1035,0
49872,44,0
542,374,1
9961,205,0
79218,487,0
99744,1249,0
47576,64,0
93175,877,0
2575,1198,1
142,205,1
287,29,1
2593,263,0
46356,1132,0
50657,124,0
1494,1092,1
1621,109,1
1752,150,1
67879,31,0
1650,0,1
64290,78,0
1272,141,0
48107,35,0
24841,1196,0
1836,263,1
2340,61,1
4978,44,0
95528,347,0
76626,431,0
1865,33,1
2478,145,1
1363,506,1
53471,109,0
976,21,1
86863,8,0
84759,394,0
101,38,1
77626,729,0
100179,41,0
80706,48,0
1090,1010,1
111,1394,1
233,578,1
102895,13,0
1366,1200,1
59692,109,0
73003,352,0
17,19,1
103492,97,0
81505,124,0
5399,693,1
3056,41,1
1163,1394,1
3845,606,1
8432,248,0
86238,150,0
49528,1151,0
96976,424,0
69947,283,0
72042,69,0
93204,1244,0
225,98,1
39856,58,0
936,78,1
2462,114,1
503,57,1
84413,1194,0
32,491,1
82819,37,0
1643,1207,1
1752,179,1
66419,0,0
28396,1198,0
56033,1198,0
91284,29,0
62408,283,0
578,884,1
3405,613,0
4386,344,1
10501,478,0
2966,16,1
4020,256,1
47611,130,0
792,897,1
4938,1207,1
105903,942,0
101690,47,0
615,909,1
1107,124,1
2737,247,1
69817,87,0
552,1197,1
3505,33,1
26829,394,0
58798,21,0
128,72,1
62115,21,0
1306,58,1
26669,248,0
52694,401,0
92066,431,0
2507,109,1
67449,910,0
54045,72,0
14011,944,0
912,431,1
1163,92,1
6603,256,0
77167,58,0
69209,50,0
249,390,1
87454,58,0
987,233,1
3297,189,1
31638,288,0
1724,156,1
4315,40,1
3536,39,1
77846,9,0
5239,1196,0
229,621,1
1398,69,1
188,541,1
16853,156,0
226,12,1
87736,14,0
5954,413,1
91224,394,0
934,1124,1
128,272,1
49645,21,0
98029,1222,0
68493,391,0
681,681,1
3047,1396,1
1364,456,1
50183,12,0
11553,1207,0
1000,258,1
78390,38,0
1236,283,0
62687,1197,0
930,39,1
4242,274,0
64314,13,0
9983,220,0
82683,242,0
102261,73,0
2951,327,1
6088,78,1
2535,1012,0
4010,4,1
106242,394,0
21717,14,0
92752,305,0
1525,4,1
83282,9,0
8380,1413,0
78952,19,0
65899,124,0
521,9,1
58507,0,0
78472,41,0
2820,581,1
102713,780,0
99676,35,0
13519,823,0
23685,1197,0
3869,1460,1
1270,482,1
94063,431,0
100442,394,0
2636,9,0
2548,364,1
22995,41,0
578,776,1
127,72,1
69721,636,0
88135,231,0
1095,54,0
2885,681,1
3530,114,1
2643,156,1
992,76,1
48071,21,0
1530,71,1
102,282,1
1364,24,1
97177,945,0
2508,65,1
711,109,1
1367,41,1
83417,73,0
577,233,1
804,47,1
3700,889,1
74278,173,0
91232,205,0
48420,189,0
3626,39,1
233,67,1
2908,38,1
256,206,1
82349,206,0
248,149,1
97091,82,0
45972,97,0
10726,21,0
85,217,1
88861,270,0
78705,13,0
3303,44,1
95550,129,0
575,177,1
106040,48,0
90695,69,0
2665,256,1
2446,253,1
54280,859,0
1226,206,1
73225,80,0
208,431,1
6044,433,1
99213,13,0
166,47,1
59718,246,0
66758,885,0
1509,56,1
57855,98,0
78252,57,0
94044,351,0
2875,0,0
90615,30,0
2993,5,1
38253,205,0
5416,65,1
912,89,1
1087,331,1
4178,776,1
103801,87,0
13585,468,0
86373,946,0
912,403,1
923,41,1
52452,17,0
3480,37,1
88466,179,0
9484,312,0
87757,784,0
47786,247,0
87100,1012,0
1509,24,1
91521,456,0
89651,8,0
508,245,1
49384,98,0
95204,61,0
624,8,1
96158,137,0
12675,9,0
561,24,1
851,776,1
47884,118,0
84597,501,0
48339,195,0
1200,5,0
2457,589,1
1270,1102,1
106340,21,0
76893,466,0
49158,474,0
1517,47,1
1226,9,1
559,68,1
306,582,1
2726,9,1
508,114,1
97409,207,0
80532,283,0
1306,65,1
10924,1194,0
102579,177,0
74623,364,0
76622,1200,0
128,300,1
486,24,1
233,173,1
100754,173,0
1398,68,1
55894,128,0
64439,87,0
5073,9,1
92604,21,0
87623,431,0
99156,133,0
74461,431,0
68212,5,0
902,0,1
875,87,1
89747,76,0
3535,1197,1
102402,14,0
2563,179,1
783,1334,0
65240,452,0
1224,1124,1
188,89,1
98422,1299,0
49596,45,0
6115,431,1
91779,431,0
87928,323,0
57694,109,0
983,438,1
119,621,1
2018,13,1
2920,394,1
48232,214,0
80620,1176,0
89598,21,0
913,258,1
365,13,1
2129,74,1
2885,67,1
71616,263,0
1644,5,1
43339,292,0
100689,9,0
3883,80,1
5219,801,1
1031,171,1
4408,394,1
1584,394,1
48927,73,0
95051,253,0
3519,15,1
411,1124,1
81524,431,0
3214,312,1
88936,472,0
463,283,1
300,1050,1
60544,29,0
3480,33,1
83749,1138,0
3703,193,1
4242,351,1
1672,269,1
270,1227,1
965,87,1
4379,431,1
99225,89,0
968,172,1
86982,944,0
71652,13,0
53441,53,0
63980,12,0
2700,44,1
1644,57,1
67736,1194,0
48290,41,0
84900,487,0
61735,1237,0
87756,128,0
1249,150,1
299,1423,1
1632,91,1
26,788,1
63125,175,0
98543,21,0
1027,654,1
6448,248,0
42776,47,0
106336,9,0
73855,253,0
57499,41,0
1637,256,1
81892,18,0
70888,17,0
106068,741,0
67,1229,1
77536,138,0
72810,1394,0
746,177,1
64536,68,0
1464,172,1
5823,58,1
188,1073,1
26,184,1
94991,247,0
11394,196,0
75588,177,0
124,942,1
57163,884,0
84850,394,0
682,501,1
57221,1224,0
4528,41,1
1398,951,1
4671,139,1
1891,523,1
327,502,1
78905,431,0
966,73,1
17184,97,0
5575,1394,1
48618,41,0
68809,1207,0
53,673,1
76734,149,0
320,215,1
101,1232,1
1544,76,1
4014,304,1
1521,225,1
1524,29,1
50548,193,0
27508,1386,0
102739,114,0
97743,431,0
3,114,1
1108,36,1
1227,207,1
2817,103,1
57520,40,0
2908,45,1
313,38,1
910,68,1
10,433,1
101876,487,0
77868,67,0
59370,306,0
77057,21,0
50247,1138,0
4249,21,1
4482,58,1
57435,621,0
79154,124,0
2116,82,1
2325,53,1
1240,504,0
242,78,1
676,749,1
990,16,1
2549,776,1
583,538,1
413,1017,1
99043,24,0
104503,47,0
66616,173,0
369,581,1
3680,233,1
77092,13,0
82342,133,0
2045,1147,1
98502,1194,0
79811,1075,0
986,458,1
58640,431,0
1908,128,1
69919,456,0
55053,1,0
304,80,1
105534,3,0
3795,1207,1
21,39,1
2856,150,1
50999,24,0
7201,124,0
73491,859,0
6550,1197,0
1788,870,1
51337,78,0
55714,256,0
56265,1124,0
288,344,1
64757,47,0
48351,488,0
52541,1196,0
63,344,1
3080,859,1
84013,600,0
61004,13,0
66661,125,0
54,213,1
37053,474,0
67088,58,0
102042,844,0
27523,114,0
47467,89,0
75179,206,0
591,57,1
21464,376,0
3789,636,1
24928,114,0
105594,195,0
2189,71,1
650,943,0
90165,500,0
3294,288,1
5642,1200,1
6056,40,1
2462,776,1
64820,88,0
575,943,1
387,41,1
57292,79,0
358,33,1
25286,1075,0
15379,783,0
68906,533,0
69236,220,0
222,1194,1
1508,656,1
138,9,1
63311,255,0
84357,9,0
65080,948,0
68399,525,0
98316,141,0
90513,17,0
69475,308,0
924,37,1
3257,190,1
2820,245,1
2823,13,1
1664,41,1
65276,418,0
59304,97,0
76467,36,0
17247,220,0
17070,125,0
99960,1394,0
83238,1124,0
2080,259,1
103176,247,0
63003,1269,0
46218,220,0
48311,329,0
68876,452,0
3239,21,1
25,40,1
61801,445,0
19939,41,0
101254,13,0
76397,615,0
65365,283,0
557,48,1
57662,98,0
1500,9,1
1362,478,1
383,1249,1
2096,58,1
75314,945,0
67550,215,0
966,47,1
83217,41,0
4633,744,1
12092,1,0
77683,220,0
5910,361,0
2194,21,1
72170,648,0
53504,41,0
365,35,1
86004,217,0
2672,363,0
77716,5,0
253,45,1
101714,6,0
2213,97,1
55595,1210,0
618,383,1
1053,221,1
1616,245,1
87515,590,0
68943,1244,0
71,9,1
60854,44,0
44635,1198,0
1788,89,1
902,39,1
24058,91,0
95081,500,0
361,58,0
74097,150,0
4824,763,0
1350,200,1
2786,39,1
97057,45,0
4880,1196,1
1136,948,1
3688,124,1
95031,1124,0
101657,1269,0
2455,91,1
101119,776,0
2610,488,1
90564,66,0
26,473,1
82397,1124,0
911,173,1
68611,109,0
82627,15,0
41606,53,0
2145,9,1
97594,114,0
101,186,1
966,217,1
546,45,0
172,190,1
62848,426,0
91759,1222,0
69347,221,0
6904,1139,0
1674,44,1
4872,1296,1
72045,950,0
88027,2,0
3523,392,1
351,44,1
89895,6,0
5954,315,1
190,151,1
72875,877,0
79758,426,0
86621,33,0
499,543,1
204,431,1
103278,37,0
50127,844,0
93585,9,0
175,47,1
1501,71,1
54057,21,0
2774,246,1
1661,98,1
6699,172,0
2596,39,1
13362,504,0
8598,394,0
73095,74,0
73441,878,0
155,182,1
79615,776,0
1077,820,1
95354,956,0
3038,1122,0
70848,259,0
96105,654,0
1798,1073,1
2300,150,1
1679,9,1
561,124,1
3490,230,1
79343,79,0
2621,877,1
3240,401,1
85628,205,0
66460,138,0
1350,12,1
84100,586,0
96339,322,0
1969,91,1
88927,478,0
60723,114,0
32268,45,0
1381,205,1
101497,9,0
262,91,1
937,33,1
85,103,1
503,12,1
4439,551,1
69655,9,0
1806,110,1
62743,9,0
151,170,1
1268,58,1
94906,529,0
901,283,1
38,12,1
105285,989,0
47833,1129,0
83149,589,0
1491,464,1
74650,24,0
127,73,1
1905,917,1
7790,245,0
104988,16,0
26,440,1
2440,930,1
75,189,1
66914,65,0
52114,54,0
497,953,1
618,794,1
3975,109,1
74735,253,0
75403,128,0
64391,1407,0
77460,394,0
1726,154,0
4923,114,1
53021,367,0
103959,4,0
239,41,1
88719,673,0
67276,523,0
3515,424,1
437,930,1
51747,109,0
69485,844,0
2806,47,1
2554,4,1
47155,137,0
4671,1207,1
1615,33,1
4199,67,1
47048,347,0
61526,155,0
3944,957,1
1362,1070,1
336,13,1
1618,69,1
2107,13,1
18,21,1
5330,217,1
1542,100,1
97577,1004,0
36203,173,0
3153,1015,0
83248,9,0
2804,33,1
725,506,1
1365,882,1
3435,361,1
104062,1198,0
2486,995,1
88047,14,0
1693,1060,1
75162,205,0
39345,73,0
2905,35,1
76958,394,0
285,139,1
46692,12,0
2228,65,1
2698,13,1
52637,9,0
3853,583,1
81253,21,0
97243,247,0
2997,29,1
69,85,1
6211,920,0
66032,233,0
2334,13,1
51,394,1
86363,192,0
11550,58,0
106114,172,0
3658,5,1
91601,394,0
552,321,1
2364,39,1
4454,177,1
219,199,1
17855,220,0
2418,1207,1
92927,110,0
66038,480,0
50959,78,0
59364,45,0
5222,859,1
78941,882,0
5720,205,1
784,154,1
51677,192,0
77830,1224,0
2734,91,1
95506,37,0
349,401,0
62576,82,0
1644,44,1
68007,220,0
7335,654,0
56215,119,0
1472,281,1
93193,170,0
95045,478,0
88567,246,0
48963,362,0
91032,173,0
1842,1334,1
1364,1199,1
49742,9,0
56615,125,0
6055,39,1
47323,904,0
1329,464,0
6426,21,0
61427,179,0
1350,156,1
4291,1394,1
2175,184,1
65557,16,0
106050,89,0
74143,768,0
4324,394,1
85418,69,0
10612,24,0
34314,399,0
94978,1194,0
944,105,1
437,578,1
48567,45,0
149,64,1
99305,305,0
89256,263,0
15524,1245,0
2554,220,1
89739,234,0
1078,111,1
1641,64,1
72731,281,0
90030,519,0
910,114,1
79635,150,0
2982,47,1
983,821,1
1010,9,1
56045,1230,0
36652,247,0
87143,646,0
4387,394,1
2486,318,1
75,177,1
111,9,1
1697,351,1
574,847,1
889,524,1
5620,869,1
29148,1196,0
92,114,1
2817,24,1
65144,21,0
67221,21,0
5172,555,1
65623,6,0
1789,38,1
2835,546,1
1647,149,1
25,24,1
307,16,1
3229,431,1
1965,44,0
3109,376,1
58275,255,0
266,13,1
48672,410,0
4578,941,1
28114,91,0
1040,37,1
704,269,1
274,189,1
3162,217,1
55104,206,0
82947,37,0
1000,1207,1
23764,44,0
4365,184,0
48690,18,0
5309,21,1
1659,994,1
4821,1196,1
361,114,0
72378,89,0
54783,61,0
4617,78,1
21,235,1
1614,220,1
67760,252,0
514,29,1
6243,88,1
5310,21,1
2703,217,1
49,621,1
50049,9,0
4511,71,1
63172,460,0
5720,252,1
76183,76,0
47555,39,0
83156,0,0
4208,41,1
433,784,1
1536,255,1
78941,394,0
57661,87,0
200,317,1
182,5,1
586,82,1
2357,150,1
1807,207,1
2503,1124,1
2635,13,0
753,140,1
2549,68,1
724,818,1
898,776,1
21457,44,0
1981,282,1
1039,1415,1
53590,1124,0
818,24,1
92449,80,0
3360,39,1
4531,239,1
79333,877,0
927,153,0
2809,452,1
46256,445,0
3896,5,1
562,376,1
1739,783,1
3333,773,1
91350,80,0
2084,1076,1
74720,109,0
25555,82,0
101008,35,0
6047,460,1
69917,195,0
3043,1075,1
2232,16,1
64833,852,0
55781,47,0
1693,1,1
54974,1193,0
1399,809,1
2212,776,1
194,661,1
27062,170,0
2978,78,1
315,795,1
95004,47,0
94586,40,0
559,340,1
3793,111,1
79467,49,0
784,91,1
103717,800,0
52405,76,0
82792,13,0
64307,521,0
49203,682,0
2120,431,1
75313,9,0
98220,105,0
69155,114,0
3064,282,1
36748,920,0
2134,376,1
70198,464,0
58046,97,0
1519,177,1
71457,190,0
70871,541,0
266,21,1
626,379,1
78698,464,0
93523,1207,0
5046,1207,1
49353,21,0
99822,242,0
753,109,1
780,9,1
102042,5,0
51,270,1
101,97,1
1401,41,1
2644,147,1
507,892,1
2544,137,1
4672,362,1
53295,78,0
53,770,1
1510,1207,0
912,0,1
73737,1236,0
884,114,1
2359,644,1
245,969,1
93019,169,0
65433,1237,0
99333,1237,0
586,776,1
979,620,0
2602,798,1
601,109,1
922,352,1
94364,885,0
898,945,0
66590,381,0
3127,13,1
34853,1210,0
710,302,1
266,264,1
52126,41,0
64896,98,0
2068,221,1
45,525,1
1136,943,1
104237,270,0
61519,0,0
2549,72,1
793,362,1
3902,78,1
82139,82,0
101907,21,0
3569,258,1
552,65,1
8938,45,0
456,24,1
594,4,1
3043,1073,1
1615,592,1
2106,121,1
88924,1400,0
1781,118,1
2281,13,1
559,202,1
1092,458,1
8031,45,0
79020,47,0
86620,48,0
72516,363,0
2469,259,1
2227,1207,1
3738,795,1
100957,811,0
88401,84,0
82814,38,0
440,14,1
555,150,1
104906,551,0
64250,196,0
47753,111,0
98339,1199,0
969,253,1
27644,72,0
63871,252,0
4410,394,1
99321,66,0
1833,3,1
53,98,1
75964,160,0
5490,783,1
4057,245,0
80586,1072,0
14,195,1
100015,189,0
1689,36,1
3680,431,1
51,1124,1
764,429,1
62361,21,0
1598,376,1
2771,35,1
68572,1196,0
82223,54,0
1807,205,1
2371,621,1
63188,35,0
1997,1131,1
983,281,1
96631,431,0
1563,27,1
681,1396,1
6088,433,1
2310,172,1
387,248,1
30303,35,0
59655,114,0
5376,21,1
73,45,1
2885,264,1
172,394,1
18585,141,0
5024,1207,1
1758,478,1
5221,1198,1
917,1207,1
33180,1196,0
2752,150,1
87148,431,0
86036,170,0
1403,481,1
75,40,1
60035,39,0
125,21,1
104529,256,0
61970,21,0
3772,399,1
37363,24,0
2652,33,0
80222,24,0
54,78,1
93893,125,0
1933,269,1
131,21,1
1612,1210,1
53815,4,0
59153,29,0
59281,523,0
49,179,1
1615,403,1
2082,87,1
256,501,1
327,54,1
27527,13,0
72513,177,0
50958,859,0
384,1227,1
5125,1197,1
1615,21,1
1244,89,1
46961,392,0
61815,1196,0
9362,12,0
94838,38,0
518,97,1
724,974,1
2189,880,1
3816,877,1
1997,27,1
335,1207,1
14029,21,0
61530,4,0
98807,502,0
62,47,1
103554,220,0
87907,1198,0
103697,65,0
87111,466,0
255,109,1
1366,456,1
46941,269,0
96648,179,0
52805,217,0
2774,247,1
75217,177,0
2820,13,1
1517,1315,1
32870,1198,0
73974,740,0
2885,950,1
352,109,1
3735,468,1
2310,58,1
1226,160,1
82202,18,0
95896,109,0
4959,1196,1
285,419,1
1364,943,1
5048,1197,1
88100,759,0
127,69,1
58837,109,0
34473,1415,0
74464,517,0
15010,67,0
1075,8,1
54011,109,0
5329,1197,1
76103,776,0
2412,160,1
50871,961,0
2416,78,0
422,220,1
302,92,1
1368,12,1
467,1197,1
917,175,1
90952,45,0
2208,636,1
74494,24,0
101211,29,0
1664,39,1
21,18,1
92516,150,0
101528,21,0
285,111,1
98176,431,0
94536,12,0
72421,15,0
1176,175,1
17617,252,0
2126,24,1
35678,197,0
313,464,1
95836,100,0
73921,201,0
13234,328,0
77388,57,0
2190,776,1
84348,431,0
66073,844,0
1691,936,1
313,48,1
83304,1210,0
29338,44,0
386,31,1
2451,17,1
31095,837,0
61626,764,0
1070,200,1
59637,21,0
1090,425,1
92436,24,0
88819,466,0
1878,1198,0
92806,114,0
64732,12,0
49492,12,0
5414,1349,1
47656,878,0
6407,251,0
99573,918,0
77753,440,0
85131,0,0
1350,9,1
47155,1448,0
75287,91,0
52,24,1
21518,192,0
1739,269,1
62314,458,0
72622,997,0
1644,1199,1
87945,109,0
2131,456,1
789,24,1
437,247,1
102620,1,0
73684,129,0
327,776,1
456,156,1
1738,192,1
1777,1217,0
644,1193,1
681,1322,1
225,506,1
1689,38,1
938,456,1
79644,255,0
69378,621,0
1432,263,0
64355,562,0
101854,463,0
1616,791,1
26,849,1
1502,0,1
65204,800,0
1892,207,1
8380,253,0
79605,140,0
79651,363,0
78643,221,0
61,82,1
100196,40,0
575,1222,1
99406,79,0
82643,41,0
163,621,1
1524,788,1
7614,13,0
65046,109,0
1151,172,1
4302,454,1
1521,181,1
93512,3,0
1572,6,1
1108,35,1
96246,58,0
589,541,1
1693,28,1
86464,61,0
99071,175,0
465,362,1
84343,1197,0
15209,141,0
15721,91,0
103932,28,0
81739,431,0
188,180,1
83673,24,0
846,9,0
3965,21,1
100501,1207,0
104708,229,0
73441,247,0
969,24,1
10375,844,0
5116,1263,1
49284,434,0
65077,153,0
577,339,1
76724,742,0
2510,542,1
368,29,1
92048,795,0
977,40,1
105486,149,0
4933,21,1
1840,182,1
902,57,1
91924,776,0
1508,270,1
58511,91,0
61,481,1
2083,462,1
19490,91,0
3303,76,1
75942,98,0
68044,21,0
168,431,1
65624,58,0
295,5,1
1910,245,1
950,0,1
403,9,1
5293,89,1
2307,177,1
5222,501,1
4462,29,1
61952,47,0
99957,38,0
681,97,1
72211,431,0
2214,1076,1
64784,1194,0
95134,1067,0
351,1207,1
49386,98,0
644,376,1
99146,429,0
97794,1207,0
62367,881,0
3014,460,1
331,1256,1
71883,98,0
92128,233,0
82471,24,0
85091,352,0
2034,89,1
52,39,1
95778,153,0
73289,57,0
92186,744,0
59184,58,0
1288,351,1
136,170,1
101897,776,0
53438,4,0
165,8,1
52594,91,0
2439,431,1
72866,253,0
2885,456,1
1615,15,1
76533,502,0
569,177,1
1471,114,1
5057,98,1
1519,57,1
63570,795,0
4018,1198,1
5264,1451,0
922,12,1
29704,230,0
1493,245,1
2652,179,1
2439,205,1
1188,13,1
2549,207,1
1689,207,1
21616,248,0
1350,263,1
94605,445,0
2115,58,1
1674,0,1
18952,247,0
49384,776,0
69741,253,0
1092,502,1
14258,292,0
253,13,1
1491,207,1
3048,282,1
19852,21,0
15457,510,0
4389,394,1
284,232,1
3323,776,1
3385,478,1
933,0,1
5180,1198,1
314,1197,1
102169,269,0
54325,1196,0
53963,61,0
127,177,1
63533,1210,0
261,153,1
91775,203,0
101937,1277,0
2930,455,1
1432,40,1
398,21,1
105679,1197,0
423,788,1
97059,9,0
47197,455,0
93502,98,0
78884,897,0
83848,1,0
89156,53,0
301,220,1
641,175,1
15435,506,0
72046,686,0
80805,56,0
8142,91,0
62389,282,0
85198,776,0
91489,44,0
10562,1197,0
66376,456,0
2831,248,1
80348,1073,0
82230,206,0
10889,496,0
49691,109,0
5899,220,1
83617,152,0
97203,91,0
81786,1,0
1715,47,1
1098,431,1
74215,270,0
88278,97,0
5433,269,1
1035,39,1
3563,949,1
94607,18,0
68455,172,0
1602,13,1
42721,581,0
108,1083,1
3294,339,1
50823,73,0
127,40,1
124,15,1
266,78,1
47773,247,0
59673,35,0
376,269,0
60181,137,0
82446,401,0
3563,950,1
4751,21,1
3116,28,1
100168,58,0
7100,139,0
6568,33,0
54483,1198,0
73169,859,0
83384,206,0
104017,543,0
969,177,1
4126,1012,1
1114,418,1
172,130,1
67990,281,0
89539,114,0
67885,91,0
784,74,1
82718,367,0
59,173,1
866,1198,0
59,44,1
179,1207,1
255,1339,1
83075,9,0
346,351,1
57002,21,0
48845,175,0
902,621,1
51927,318,0
244,109,1
1423,109,1
228,122,1
43166,78,0
58934,4,0
2721,45,1
105165,13,0
78600,246,0
83534,109,0
1910,205,1
2220,98,0
181,327,1
101482,186,0
71695,150,0
60292,621,0
285,817,1
38,44,1
1028,1456,0
2535,783,1
24841,877,0
549,2,1
549,438,1
1867,1210,1
59473,621,0
1842,460,1
1420,9,1
89809,98,0
16893,16,0
67141,109,0
1521,953,1
8603,1379,0
98086,44,0
5654,1198,1
83514,40,0
2043,69,1
3664,36,1
2544,401,1
52799,80,0
59180,35,0
91789,885,0
197,903,1
613,447,1
100,217,1
1226,205,1
83,776,1
306,212,1
9565,82,0
2116,8,1
144,1197,1
87184,39,0
61716,877,0
87477,13,0
2412,1237,1
102988,229,0
84,5,1
76955,443,0
51863,4,0
976,9,1
255,47,1
5015,1197,1
56562,383,0
78228,91,0
5191,1224,1
3454,122,1
1205,297,1
85534,1253,0
100607,300,0
2535,1198,1
128,153,1
103597,125,0
577,776,1
86868,71,0
3043,45,1
59482,4,0
42,50,1
93422,36,0
945,431,0
49168,177,0
3687,9,1
477,824,1
29,109,1
619,256,1
95574,431,0
102317,220,0
5493,1384,0
30459,192,0
61334,71,0
65127,884,0
427,58,1
81430,623,0
1492,9,1
92423,76,0
66365,252,0
582,9,1
665,4,0
134,179,1
68057,38,0
18,641,1
647,991,1
92791,130,0
56205,318,0
46262,38,0
30,263,1
25565,285,0
46569,47,0
97344,481,0
56153,200,0
2144,331,1
80476,145,0
1249,13,1
2578,171,0
98422,1290,0
95809,184,0
1647,865,1
3120,0,1
98198,870,0
58923,38,0
97563,114,0
2602,118,1
57845,1197,0
966,207,1
86479,177,0
7521,403,0
910,351,1
1661,206,1
4345,4,1
2884,1198,1
1621,169,1
423,951,1
95413,270,0
1074,1394,1
76252,97,0
60266,33,0
45709,941,0
50458,1012,0
65850,0,0
1615,394,1
3936,327,1
1077,259,1
3530,456,1
684,256,1
233,45,1
66582,125,0
3625,458,1
3036,9,1
1419,128,1
1386,149,0
4234,21,1
207,150,1
69853,548,0
1502,776,1
62296,247,0
6055,776,1
2389,270,1
1491,21,1
557,339,1
1368,1482,1
2466,1396,1
13371,597,0
59848,29,0
3277,202,1
996,180,1
30,61,1
1381,41,1
9341,150,0
71011,0,0
57914,21,0
28609,225,0
71713,621,0
10382,351,0
106128,21,0
108,1074,1
314,209,1
101895,172,0
82866,577,0
1605,460,1
83024,1200,0
2559,150,0
93405,230,0
77945,776,0
987,1244,1
101,943,1
61963,462,0
105743,190,0
3113,859,1
1530,776,1
77494,263,0
215,130,1
89529,68,0
3478,38,1
480,1236,1
90113,892,0
5057,1074,1
3791,256,1
60391,13,0
1644,21,1
106199,12,0
98352,89,0
67661,114,0
1074,270,1
102278,145,0
76915,177,0
12564,150,0
57836,1,0
8564,9,0
1377,344,1
20072,53,0
14107,74,0
1221,776,1
3372,82,1
79471,181,0
70785,352,0
54798,71,0
1611,78,1
1455,35,1
1364,179,1
99555,0,0
503,248,1
57629,1032,0
70819,194,0
55279,21,0
18,1423,1
1306,82,0
197,141,1
104451,263,0
960,500,1
97931,156,0
8678,546,0
98985,154,0
2386,3,1
3173,37,1
57944,1012,0
258,40,1
3829,21,1
84945,954,0
90561,160,0
54,1193,1
2175,16,1
37388,73,0
4693,179,1
66808,45,0
69337,114,0
1896,145,1
204,1439,1
75,621,1
61411,367,0
100353,199,0
1035,435,1
1464,41,1
72395,456,0
61699,128,0
65373,800,0
1081,4,1
77804,456,0
2194,1394,1
231,202,1
99840,456,0
1443,9,1
5447,1207,0
1334,394,1
1367,9,1
74281,776,0
58455,21,0
82351,220,0
2126,491,1
61456,137,0
99114,381,0
75164,9,0
65926,0,0
102323,114,0
67660,820,0
68503,13,0
2740,9,1
60644,948,0
2375,615,1
66,13,1
86861,114,0
313,78,1
21411,245,0
92,105,1
3745,487,1
1720,1193,1
987,264,1
69797,283,0
2618,318,1
1142,30,1
4357,255,1
92233,1198,0
22949,177,0
593,186,1
41908,24,0
95333,382,0
58962,1207,0
50,15,1
3300,24,1
23701,431,0
22818,21,0
1393,29,1
105994,111,0
58,47,1
38345,994,0
578,91,1
154,253,1
25531,0,0
96369,44,0
3695,173,1
1850,57,1
102307,614,0
85522,68,0
78688,35,0
2798,124,1
75645,285,0
53199,1210,0
70372,109,0
68879,527,0
103743,282,0
68964,282,0
33497,256,0
94860,33,0
101,73,1
91393,205,0
1465,45,1
1619,80,1
1122,181,0
40306,53,0
557,607,1
94091,639,0
73362,21,0
3876,543,1
2823,38,1
50260,394,0
3129,33,1
3597,41,1
12130,905,0
52498,128,0
4388,394,1
61019,394,0
3928,877,1
76043,82,0
4787,1197,1
101,501,1
2428,141,1
1836,9,1
175,53,1
1448,4,1
108,33,1
87236,194,0
2776,129,0
1945,1196,1
495,434,1
809,47,1
17096,806,0
1465,98,1
871,256,1
256,61,1
61723,189,0
98321,24,0
890,352,1
1364,180,1
1508,1017,1
69250,1232,0
47709,234,0
96618,44,0
97274,1207,0
69447,40,0
5412,1207,1
2446,44,1
2971,503,1
54349,447,0
72041,45,0
48897,256,0
225,504,1
3040,221,1
2885,501,1
5929,394,1
225,33,1
8869,456,0
53490,114,0
507,175,1
3707,259,1
76672,1198,0
20595,74,0
49270,76,0
106236,351,0
60900,955,0
61107,172,0
911,97,1
69465,6,0
64847,995,0
71980,456,0
98438,44,0
66305,98,0
279,461,1
85270,4,0
51986,283,0
494,281,1
58770,80,0
82546,21,0
3064,283,1
50565,423,0
2389,783,1
5969,21,1
76997,177,0
1227,9,1
96806,65,0
313,274,1
2046,97,0
91473,1255,0
57270,124,0
3023,39,1
5402,1334,1
2660,170,1
302,984,1
583,954,1
60986,36,0
93039,124,0
500,76,1
10150,220,0
137,1075,1
163,21,1
77377,1473,0
1292,39,1
3461,1,1
2434,246,1
910,160,1
91587,107,0
57017,821,0
52866,337,0
101,74,1
505,347,1
140,1197,1
1268,28,1
51579,318,0
97793,263,0
54365,2,0
2563,27,1
53593,880,0
50050,21,0
1111,918,1
56766,111,0
56250,41,0
4440,431,1
3107,954,0
2451,270,1
97065,175,0
576,913,1
91202,58,0
220,990,1
104,27,1
59003,71,0
818,21,1
69772,1023,0
88601,309,0
69473,880,0
55810,431,0
3406,6,1
86418,911,0
74613,125,0
888,79,1
256,45,1
3041,9,1
93819,844,0
77407,89,0
883,429,1
557,424,1
805,109,1
98856,45,0
5757,6,1
78953,122,0
104433,1199,0
63247,171,0
66905,12,0
2554,14,1
76985,285,0
83599,50,0
233,76,1
618,843,1
3943,21,0
3591,673,1
68129,41,0
92136,130,0
442,269,1
2490,109,1
1632,253,1
50810,12,0
74397,124,0
55905,98,0
92042,800,0
1033,13,1
2788,207,1
222,15,1
471,1326,1
98240,1194,0
72303,464,0
26,172,1
62888,36,0
2430,35,1
927,150,1
1049,15,1
77976,18,0
552,220,1
319,1207,1
94407,65,0
67090,460,0
58398,882,0
2189,175,1
1646,449,1
73863,501,0
65691,194,0
46973,269,0
100114,124,0
103899,961,0
73732,232,0
5650,433,1
1030,431,1
77098,1405,0
902,73,1
318,787,1
63273,401,0
87894,904,0
93794,48,0
944,41,1
79362,207,0
211,190,1
83,272,1
59077,961,0
49310,157,0
5385,15,1
82788,233,0
96973,47,0
88787,13,0
236,394,1
1805,297,1
1182,80,1
75447,6,0
4995,1196,1
58928,65,0
163,192,1
2423,109,1
81739,800,0
105466,87,0
2788,100,0
4676,4,1
2412,37,1
56724,18,0
708,109,1
43835,1210,0
883,533,1
3116,431,1
58336,200,0
781,351,1
47912,3,0
53186,220,0
209,768,1
57576,72,0
64800,78,0
62757,305,0
32,111,1
497,481,1
5564,729,1
332,351,1
306,273,1
49624,149,0
97969,304,0
76120,65,0
95020,114,0
2389,0,1
88544,177,0
92,21,1
1546,13,0
86978,264,0
1325,9,0
1288,252,1
2115,0,1
85069,18,0
2820,569,1
63667,53,0
3814,878,1
76511,1313,0
1017,961,1
61157,1198,0
82665,109,0
5117,1194,1
106062,621,0
559,541,1
41448,2,0
74008,3,0
1171,17,1
81174,21,0
2852,339,1
311,29,1
65177,31,0
258,114,1
1657,270,1
68119,150,0
986,460,1
105294,172,0
67001,58,0
989,163,1
302,615,1
72737,129,0
71776,374,0
86267,58,0
196,3,1
76,35,1
1363,207,1
306,140,1
103801,220,0
552,138,1
79697,776,0
18079,6,0
49958,21,0
83249,394,0
77617,431,0
3042,109,0
2126,1200,1
4277,283,1
128,154,1
80236,15,0
73467,793,0
61354,312,0
681,180,1
378,36,1
1205,1098,1
1981,61,1
23605,776,0
2756,21,1
12337,945,0
1372,84,1
1933,394,1
2461,1116,1
1078,49,1
930,1012,1
97582,1074,0
3333,44,1
3507,38,1
75124,41,0
4735,18,1
92266,203,0
261,943,1
2885,955,1
1307,21,1
58480,38,0
52910,682,0
1033,647,1
103722,931,0
102851,129,0
2974,487,1
82023,776,0
57338,700,0
47122,458,0
2434,9,1
21283,41,0
1107,125,1
1348,205,1
92701,954,0
84403,741,0
2817,217,1
1061,247,1
1366,38,1
3529,504,1
70100,76,0
70206,878,0
95449,1447,0
304,394,1
87950,21,0
4069,885,1
6055,0,1
60680,1,0
57608,269,0
233,623,1
4201,776,1
4194,1197,1
78652,56,0
1092,152,1
106417,109,0
54271,15,0
3262,264,1
62583,111,0
59665,21,0
84002,39,0
4068,793,0
96719,1207,0
3838,21,1
1411,431,1
1189,41,1
2530,820,1
91914,249,0
97326,431,0
104057,89,0
3305,458,1
3636,16,1
1033,401,1
61927,109,0
3279,1200,1
94165,68,0
3358,1207,1
56794,180,0
47251,40,0
84080,109,0
72130,331,0
437,579,1
48253,24,0
63804,139,0
90104,1198,0
69889,40,0
103876,130,0
12713,12,0
75953,1,0
18,282,1
63477,202,0
61554,955,0
369,1200,1
74448,21,0
14802,24,0
69126,58,0
89078,24,0
3897,29,1
910,247,1
101021,28,0
91193,1279,0
8596,458,0
19504,245,0
105154,882,0
93126,38,0
66900,1198,0
75260,602,0
57372,80,0
724,114,1
346,1258,1
83938,873,0
2210,394,1
7011,40,0
66407,1198,0
227,73,1
2005,114,1
300,203,1
1636,158,1
8487,39,0
1987,19,1
83141,1394,0
180,109,1
315,220,1
8831,994,0
48932,68,0
51659,1074,0
426,1076,1
59469,1207,0
2735,44,1
185,1207,1
236,12,1
500,199,1
1819,282,1
2085,344,0
102249,1074,0
724,1396,0
72682,1202,0
927,173,1
1504,13,1
5461,184,1
3043,179,1
99741,394,0
74064,217,0
2035,555,1
84242,264,0
93318,45,0
88916,91,0
57163,40,0
96439,21,0
2017,576,1
85154,9,0
191,1210,1
65031,1468,0
587,1200,1
72132,29,0
1708,88,1
556,330,1
96105,198,0
557,1289,1
306,458,1
84185,501,0
2627,362,1
3585,0,1
72953,579,0
72487,1294,0
222,302,1
85,264,1
5174,1207,1
79270,129,0
5155,9,1
4342,1428,1
68311,1375,0
456,155,1
924,464,1
104105,12,0
72883,1124,0
12131,671,0
91323,502,0
1798,37,1
1092,431,1
5107,394,0
10138,671,0
1169,1210,1
1354,39,1
2202,309,1
82799,1226,0
1632,1468,1
4292,57,1
1963,58,1
70535,175,0
95463,238,0
4635,407,1
2574,47,1
62111,157,0
67233,150,0
96250,1439,0
87916,1224,0
102081,151,0
5013,1207,1
456,89,1
47727,352,0
56649,878,0
103207,602,0
69907,1,0
679,247,1
5978,35,1
335,21,1
76439,69,0
83199,15,0
55406,53,0
100026,149,0
1350,41,1
30449,40,0
82269,0,0
1521,0,1
27,145,1
50709,394,0
15740,247,0
313,280,1
289,89,1
1473,1124,0
51036,220,0
64753,265,0
85052,177,0
209,145,1
612,302,1
64481,693,0
62391,47,0
1314,502,1
99971,9,0
84511,0,0
2076,1012,1
339,1439,1
66288,270,0
2480,30,1
5778,3,1
5856,256,1
1501,44,1
168,6,1
80247,1394,0
72370,58,0
1061,9,1
1632,37,1
2819,466,1
55138,306,0
1889,4,1
73333,220,0
90145,347,0
335,138,1
16250,220,0
79673,58,0
1584,602,1
3333,189,1
75263,84,0
23924,13,0
2431,47,1
3633,431,1
82035,1202,0
55230,169,0
98389,206,0
30,98,1
76712,114,0
80208,823,0
287,152,1
1179,1224,1
59917,9,0
31,859,1
3173,33,1
83473,351,0
4043,877,1
106246,1164,0
88934,776,0
80,92,1
58409,264,0
2017,392,1
93296,859,0
1506,149,1
1288,1244,1
3453,13,1
70631,283,0
74069,269,0
1674,74,1
125,245,1
17751,1185,0
4229,1224,1
96862,192,0
53,74,1
3632,434,1
101979,39,0
2706,24,1
2885,885,1
4888,233,0
3193,431,1
2412,175,1
103367,464,0
47127,877,0
100601,87,0
2170,194,1
62348,503,0
2106,1163,1
4116,61,1
378,150,1
70876,156,0
153,593,1
3162,35,1
92845,1,0
910,97,1
591,438,0
3245,92,1
62,78,1
603,961,1
2924,784,1
8670,994,0
55772,502,0
3948,844,1
1204,21,1
51627,518,0
1610,1210,1
1693,1058,1
86652,465,0
2596,57,1
76008,391,0
114,44,1
496,44,1
3423,1197,1
2557,29,1
74259,1202,0
111,15,1
875,114,1
1965,892,1
285,91,1
1724,40,1
88255,114,0
79917,464,0
2196,41,1
157,431,1
3321,247,0
74181,24,0
63236,0,0
92503,57,0
85810,776,0
2737,91,1
79378,440,0
1403,45,1
65608,12,0
53918,859,0
56684,109,0
57439,452,0
56298,24,0
1668,798,1
91447,128,0
3275,639,1
60993,13,0
5492,80,1
1739,53,1
2476,80,1
52246,177,0
53,502,1
60368,39,0
579,341,1
3336,13,1
3692,259,1
64220,13,0
1227,205,1
992,955,1
1615,65,1
73425,89,0
84559,221,0
1865,58,1
74495,283,0
23075,263,0
98686,460,0
136,21,1
93084,252,0
59909,17,0
88455,776,0
82904,145,0
50588,0,0
73514,80,0
557,282,1
156,24,1
552,1198,1
8854,256,0
1314,73,1
1696,41,1
3641,3,1
62966,57,0
48899,502,0
167,1197,1
84790,621,0
20,78,1
48077,1193,0
86231,158,0
3658,477,1
969,206,1
87747,1196,0
3587,283,1
65084,170,0
2668,155,1
69927,315,0
47947,5,0
74041,431,0
724,1228,1
99233,150,0
84488,950,0
1004,388,1
81874,98,0
55799,151,0
4181,29,0
801,270,1
1855,173,1
8546,1005,0
332,103,1
86915,153,0
1753,401,1
49831,33,0
617,38,0
33892,24,0
66339,171,0
106413,643,0
1288,156,1
2036,401,1
75552,53,0
437,789,1
362,65,1
82,220,1
3107,468,1
77426,1411,0
54895,258,0
1395,64,1
3099,792,1
104939,1197,0
3524,39,1
179,137,1
883,233,1
61621,805,0
1454,1,1
72627,41,0
60,1023,1
97052,880,0
94606,138,0
256,44,1
2929,1196,1
79663,58,0
67854,5,0
88776,350,0
236,15,1
952,466,1
104,1405,1
84230,292,0
1364,0,1
85309,506,0
81320,1,0
3493,177,1
45139,1193,0
351,486,1
1062,58,1
53505,5,0
691,285,1
86449,91,0
98153,1207,0
1632,57,1
100564,45,0
84151,431,0
190,506,1
76515,1207,0
191,1198,1
5864,61,1
2386,47,1
67465,76,0
41606,1194,0
93988,820,0
51075,352,0
184,31,1
253,39,1
2912,170,1
1513,194,1
26,171,1
578,58,1
81769,253,0
100078,45,0
82596,248,0
583,945,1
281,409,1
48065,1210,0
72638,620,0
4228,0,1
139,292,1
103616,36,0
89286,217,0
63616,144,0
85343,9,0
85266,5,0
1044,221,1
346,568,1
1652,9,1
2885,252,1
73358,570,0
1154,21,1
67014,791,0
53819,955,0
228,472,1
17332,139,0
100125,776,0
83378,386,0
1362,424,1
104,533,1
97510,1226,0
548,61,1
3101,172,1
57360,1198,0
1714,1197,1
97235,177,0
66905,151,0
946,435,1
652,152,1
101069,376,0
101189,89,0
75137,961,0
443,80,1
298,5,1
67615,776,0
5494,431,1
287,305,1
61657,274,0
39109,82,0
59566,798,0
1354,0,1
19871,180,0
3022,125,1
85,58,1
195,410,1
2885,57,1
72538,5,0
1696,424,1
108,681,1
56414,621,0
59587,251,0
697,80,1
547,1200,1
681,12,1
1612,616,1
89984,41,0
62631,1200,0
99453,39,0
1780,21,1
1292,434,1
910,21,1
2460,17,1
55778,1207,0
27666,2,0
21854,129,0
73665,1399,0
29955,44,0
7348,68,0
3634,114,1
72512,284,0
98285,57,0
437,502,1
92967,877,0
76632,1223,0
26703,458,0
104412,220,0
56,150,1
934,137,1
98078,361,0
934,270,1
3260,1237,1
84082,152,0
157,434,1
41507,1448,0
61601,58,0
96713,40,0
890,173,1
50091,78,0
11173,251,0
82100,44,0
10,89,1
4688,9,1
48752,21,0
64743,319,0
94195,431,0
84199,1166,0
83,292,1
3168,403,1
227,1249,1
3009,394,1
58281,157,0
80266,72,0
2867,256,1
5764,61,1
59629,1207,0
3064,9,1
632,80,1
88913,217,0
1904,87,1
57691,58,0
559,71,1
55149,17,0
765,795,1
91401,886,0
565,12,1
99641,41,0
3334,114,1
4040,877,1
1163,394,1
982,47,1
47763,843,0
4911,1210,1
85164,202,0
58779,145,0
5933,394,1
2570,1315,1
203,461,1
50038,501,0
3524,41,1
76039,125,0
81837,1124,0
80365,877,0
75,909,1
59364,253,0
27644,4,0
1798,177,1
60304,84,0
1171,1210,1
76,141,1
554,273,1
99337,209,0
68185,458,0
175,269,1
62474,68,0
8846,38,0
3101,58,1
56373,965,0
110,174,1
284,235,1
55868,253,0
1335,1399,1
10548,885,0
101,945,1
6113,141,1
79980,173,0
85715,6,0
59327,776,0
81382,263,0
91903,1207,0
59546,191,0
67279,504,0
80634,45,0
62938,404,0
995,1207,1
95024,1456,0
16918,114,0
106161,91,0
6069,24,1
23287,18,0
101724,82,0
262,429,1
92401,27,0
92442,233,0
77481,1394,0
73,1007,1
64025,29,0
6029,1200,1
82802,477,0
2150,5,0
413,1314,1
56,76,1
78881,82,0
1693,112,1
47423,98,0
415,89,1
6894,158,0
4392,1480,1
92684,272,0
89104,186,0
2947,423,0
81618,456,0
4403,394,1
4549,431,1
98180,3,0
46158,840,0
50705,180,0
7994,878,0
99269,847,0
1739,394,1
2071,233,0
2779,247,1
1768,58,1
62290,80,0
97,1210,1
9165,413,0
65227,89,0
90817,16,0
1440,327,1
96889,352,0
1030,8,1
2346,429,1
119,177,1
84568,24,0
67478,79,0
2412,177,1
66096,87,0
17421,1210,0
19256,41,0
248,5,1
2268,1394,1
1159,39,1
93699,44,0
902,13,1
65483,6,0
641,420,1
1475,282,1
1033,220,1
74457,608,0
1814,225,0
4436,124,1
100150,555,0
7157,74,0
320,298,1
49035,593,0
51561,269,0
4473,47,1
79743,44,0
105159,256,0
76523,892,0
577,114,1
561,1198,1
100387,110,0
74573,137,0
63189,263,0
327,21,1
62253,12,0
417,800,1
63734,424,0
1306,47,1
86941,4,0
53070,305,0
59213,761,0
98983,21,0
76697,126,0
938,9,1
5944,58,0
4253,84,1
784,248,1
72307,89,0
549,394,1
57635,945,0
244,715,1
3612,147,1
1363,76,1
48150,129,0
88779,125,0
75601,344,0
2471,501,1
11740,918,0
41185,344,0
219,64,1
811,39,1
15679,541,0
63377,1,0
125,217,1
84526,38,0
79804,961,0
686,175,1
50604,72,0
19161,263,0
3801,233,1
1614,119,1
233,69,1
101942,78,0
5950,1447,1
317,253,1
302,1197,1
136,84,1
79826,0,0
313,246,1
98415,9,0
3018,488,1
75051,1207,0
3101,53,1
61477,0,0
2820,91,1
68717,19,0
62475,36,0
679,57,1
4987,1197,1
67418,41,0
49131,29,0
1725,179,1
2449,21,1
1445,886,1
557,882,1
47390,776,0
1597,138,1
55813,548,0
5452,112,1
103840,282,0
3028,9,1
1304,1197,1
1767,13,1
3016,1210,1
456,247,1
74447,464,0
3841,45,1
3652,264,1
2431,140,1
727,1207,1
1362,5,1
38229,100,0
88819,833,0
4718,4,1
4058,877,1
2412,12,1
90575,270,0
5941,13,1
85529,1396,0
47992,407,0
2192,394,1
2642,1481,1
42843,401,0
89311,1199,0
58039,1090,0
427,466,1
697,366,1
2627,394,1
557,968,1
5900,394,1
1485,1197,1
13349,172,0
1350,150,1
104157,58,0
88710,252,0
57181,71,0
101663,362,0
54589,927,0
59588,479,0
98183,1466,0
488,300,1
2659,283,1
25905,961,0
5686,1224,1
98114,38,0
3010,905,1
3346,114,1
49313,91,0
50243,151,0
1367,76,1
3695,171,1
5132,1198,1
1389,170,1
827,394,1
77840,157,0
2446,72,1
2690,921,0
2525,248,1
1939,140,1
6294,40,0
50463,21,0
3543,206,1
90492,4,0
16891,1396,0
5574,4,1
48067,1338,0
3876,64,1
1455,251,1
104333,58,0
5209,217,1
50303,58,0
809,251,1
332,44,1
495,82,1
1400,97,1
1616,21,1
2504,783,1
60865,306,0
94286,270,0
106212,21,0
95084,47,0
4217,966,1
1171,394,1
809,500,1
121,191,1
48956,57,0
85568,128,0
349,995,1
67215,73,0
972,431,1
105814,882,0
101040,430,0
1336,304,1
54376,394,0
26469,1143,0
552,1394,1
1758,130,1
4565,1,1
3378,24,1
60126,247,0
99586,776,0
83594,57,0
1623,256,1
2003,283,1
2771,9,1
115,233,1
79777,41,0
74182,150,0
80678,434,0
362,66,1
853,423,1
336,1,1
133,109,1
222,303,1
2716,24,1
79245,394,0
1372,285,1
61,31,1
3615,61,1
82500,9,0
76655,71,0
103594,394,0
902,41,1
62811,1124,0
35863,331,0
2150,39,0
48950,71,0
88203,45,0
987,750,1
557,1200,1
50818,15,0
88668,620,0
73952,1431,0
320,203,1
103241,623,0
1560,82,1
132,327,1
4878,1349,1
559,41,1
681,169,1
1205,56,1
3151,97,1
365,177,1
56711,36,0
471,431,1
7673,683,0
4802,1207,1
74116,911,0
2471,252,1
2479,110,1
52293,1023,0
65114,776,0
68168,109,0
5364,68,1
2115,172,1
93975,98,0
52479,431,0
327,177,1
2088,259,1
88116,39,0
95503,13,0
358,1303,1
67995,41,0
4088,877,1
80980,394,0
105307,906,0
63065,203,0
2018,263,1
2806,897,1
1766,41,1
3074,454,1
47494,72,0
2208,626,1
2475,1196,1
17551,5,0
87144,48,0
103155,172,0
91041,177,0
51789,114,0
83789,423,0
2384,859,1
54466,39,0
853,621,1
1456,76,1
102107,649,0
14610,74,0
81940,246,0
37,170,1
2549,344,1
3868,805,1
3474,5,1
75133,1197,0
93380,233,0
2908,263,1
79068,39,0
1572,141,1
7918,776,0
1374,905,1
100,13,1
92,941,1
887,776,1
1615,0,1
90216,234,0
5791,859,1
53724,138,0
12959,139,0
98093,1407,0
93,65,1
20412,205,0
557,568,1
1865,114,1
115,282,1
71103,177,0
49,201,1
81808,1245,0
1171,837,1
853,1194,1
1739,965,1
99138,44,0
91087,129,0
63972,45,0
94,27,1
3010,562,1
1407,109,1
67540,109,0
68388,16,0
328,44,1
46197,1197,0
396,1276,0
76,424,1
92755,673,0
98866,231,0
96629,35,0
101040,88,0
2075,462,1
306,388,1
101138,776,0
50534,1363,0
20,229,1
77995,394,0
1657,823,1
62030,41,0
1501,503,1
81383,944,0
32614,6,0
50919,21,0
1526,220,1
52687,91,0
67561,45,0
227,36,1
93442,137,0
108,878,1
5380,1194,1
53603,956,0
56277,125,0
58241,41,0
72221,791,0
230,0,1
76338,24,0
82467,225,0
306,193,1
3195,809,1
3644,255,1
59924,58,0
88336,252,0
2852,885,1
66478,39,0
262,501,1
2786,431,1
26561,245,0
26,1210,1
48945,72,0
422,15,1
1194,9,0
724,38,1
4481,255,1
73973,583,0
2645,460,1
4243,41,1
33135,31,0
4887,15,1
2848,78,1
49,682,1
70906,24,0
2440,154,1
2919,179,0
2672,859,1
103203,458,0
54448,4,0
2885,58,1
3320,764,1
38251,151,0
3929,1197,1
87909,177,0
262,206,1
35,41,1
3507,35,1
113,1210,1
63338,961,0
575,264,1
5270,438,1
227,58,1
2677,1075,1
69580,57,0
1119,431,1
90316,4,0
1651,33,1
80522,45,0
47068,555,0
884,504,1
534,305,1
61379,481,0
887,281,1
86502,256,0
71,61,1
1207,878,1
64802,3,0
70814,80,0
92216,44,0
76249,480,0
94299,776,0
23185,21,0
73502,21,0
1850,177,1
266,321,1
3277,45,1
413,58,0
29542,130,0
51621,171,0
1724,252,1
5395,57,0
17348,24,0
57407,352,0
79081,184,0
280,16,1
37296,177,0
69941,125,0
78539,17,0
417,1033,1
30488,56,0
647,258,1
67183,3,0
53780,56,0
102021,40,0
1753,12,1
5873,1482,1
92166,125,0
1914,389,1
1933,823,1
83,24,1
8266,247,0
1493,248,1
5785,376,1
1493,246,1
894,74,1
78390,91,0
7614,1252,0
423,97,1
149,177,1
2458,305,1
73688,38,0
76983,45,0
4237,41,1
100167,1,0
63595,17,0
62065,379,0
3915,394,1
2853,880,1
63710,114,0
901,78,1
80057,458,0
101108,44,0
88107,24,0
3086,78,1
58368,14,0
3173,36,1
78079,39,0
581,1207,1
65972,1197,0
1033,546,1
6699,292,0
56277,724,0
2629,1124,1
253,9,1
85964,73,0
3237,791,1
105733,44,0
63736,13,0
2965,170,1
94937,109,0
6535,203,0
81758,1224,0
4578,954,1
68422,45,0
4670,98,1
14749,24,0
66137,561,0
88396,431,0
95552,319,0
3300,593,1
3224,269,1
6220,1207,1
96237,150,0
8674,150,0
67270,27,0
5017,776,0
913,259,1
79235,8,0
63647,92,0
104003,263,0
1409,30,1
2269,53,1
1898,430,1
68967,424,0
358,220,1
987,1258,1
1030,500,1
6464,375,0
2786,114,1
89841,331,0
1626,1207,1
173,333,1
86642,114,0
21390,1321,0
5193,1207,1
552,6,1
901,114,1
104835,681,0
173,382,1
1896,191,1
5971,903,1
1611,435,1
1098,3,1
1508,362,1
61195,946,0
346,245,1
2211,251,1
227,177,1
64457,1193,0
64523,936,0
83625,217,0
3120,1202,1
1131,1197,1
71367,79,0
327,61,1
1131,41,0
88951,13,0
96,704,1
92701,37,0
73351,194,0
56610,29,0
1400,256,0
388,1197,1
99321,955,0
92714,89,0
68588,87,0
437,0,1
1398,1199,1
48821,1486,0
46739,189,0
1313,40,1
1856,205,0
48778,610,0
4396,394,1
589,61,1
2856,91,1
94820,177,0
94504,140,0
1118,256,1
252,1203,1
1921,39,1
85813,991,0
91831,1,0
51504,905,0
2054,40,1
3601,256,0
67132,451,0
3097,192,1
74637,69,0
911,456,1
135,18,1
60315,8,0
451,0,0
58883,884,0
128,73,1
103,18,1
4351,1433,1
96735,44,0
104918,1124,0
16005,909,0
17603,21,0
225,885,1
89850,98,0
2050,434,1
4653,139,1
3684,13,1
66030,45,0
1333,458,1
875,129,1
27039,39,0
7988,40,0
4635,408,1
100342,0,0
94746,270,0
1161,0,1
5330,177,1
1035,570,1
2843,139,1
63101,1198,0
3162,38,1
3961,12,1
62234,288,0
332,403,1
100591,24,0
50226,233,0
11722,21,0
5182,1197,1
2885,172,1
365,481,1
73462,281,0
5934,394,1
83357,776,0
213,327,1
2345,21,1
101798,1073,0
47,5,1
427,431,1
77666,288,0
1463,6,1
1092,203,1
18823,44,0
866,1194,1
2412,98,1
67343,408,0
102656,21,0
70727,189,0
377,616,1
1637,72,1
76107,741,0
10680,248,0
47575,401,0
89224,282,0
67572,145,0
86167,114,0
64647,84,0
61010,44,0
58913,220,0
93,66,1
96769,944,0
46962,91,0
156,1074,1
93562,518,0
68321,17,0
1758,784,1
1367,37,1
48802,487,0
62501,9,0
1464,114,1
2060,1207,1
27751,78,0
4345,37,1
103663,1396,0
52901,154,0
2753,61,1
1647,109,1
615,114,1
139,76,1
105736,213,0
6806,1,0
54552,466,0
984,203,1
79403,65,0
36275,882,0
73700,590,0
1189,39,1
4455,249,1
94982,205,0
1679,57,1
76085,1197,0
54814,1313,0
405,16,1
76005,409,0
88375,276,0
1659,364,1
79743,191,0
89607,270,0
4732,41,1
1366,9,1
83337,177,0
26567,247,0
1074,1224,1
12155,130,0
1139,35,1
1431,65,1
91089,37,0
211,17,1
70566,177,0
2626,806,1
79736,927,0
15504,196,0
81185,682,0
2434,233,1
1979,154,0
48,220,1
24865,263,0
360,142,1
1279,1198,1
1124,150,0
2677,621,1
437,501,1
2559,282,1
63007,9,0
172,1207,1
30454,39,0
93813,0,0
71691,65,0
2905,38,1
2367,80,1
55822,822,0
3122,45,1
61548,76,0
75156,308,0
1136,64,1
935,6,1
342,114,1
2145,184,1
4578,950,1
76663,21,0
437,245,1
4755,0,1
71463,410,0
586,124,1
2194,456,1
1061,40,1
1631,253,1
885,13,1
108,35,1
84251,76,0
81832,381,0
557,39,1
64471,35,0
48378,58,0
934,80,1
79687,39,0
54371,206,0
365,54,1
378,72,1
4663,1207,1
3490,776,1
316,480,1
60333,44,0
89791,233,0
934,182,1
14255,270,0
106353,401,0
69,111,1
47993,568,0
4373,31,1
4511,45,1
46237,621,0
15435,504,0
62288,783,0
55264,177,0
4636,1122,1
2112,269,1
254,920,1
61840,21,0
4442,394,1
5312,78,1
79949,37,0
106103,1198,0
1136,941,1
65423,282,0
917,248,1
780,621,1
106381,21,0
676,269,1
586,327,1
3540,0,1
2446,337,1
72973,1210,0
2870,53,1
5107,105,0
73282,859,0
79845,1198,0
3629,1121,1
91044,149,0
103608,12,0
90043,111,0
58228,41,0
1937,145,1
1469,1,1
5798,110,1
1900,149,1
1403,288,1
1372,80,1
48458,729,0
924,35,1
49045,31,0
2435,0,1
96404,3,0
21421,344,0
336,639,1
76156,297,0
78885,1279,0
4414,394,1
1193,884,0
70549,15,0
1689,596,0
561,798,1
97871,1210,0
51676,541,0
99026,950,0
188,481,1
60786,1207,0
97464,431,0
72216,194,0
69985,180,0
817,281,1
66,247,1
100183,24,0
3844,21,1
74759,213,0
5999,74,0
89126,1075,0
72699,882,0
2636,1198,0
552,13,1
83746,843,0
4973,1196,1
62156,21,0
689,887,1
77149,65,0
876,606,1
1690,456,1
76,431,1
3856,1210,1
84238,675,0
55891,0,0
3109,1073,1
57328,1124,0
817,256,1
2534,458,1
3171,877,0
902,288,1
105544,394,0
77084,44,0
417,894,1
77955,118,0
91285,129,0
63075,961,0
90836,12,0
75,233,1
62016,1197,0
41754,407,0
122,220,1
71916,124,0
4578,944,1
21616,809,0
182,114,1
1858,859,1
66269,206,0
99464,302,0
1529,379,1
746,401,1
2446,155,1
3876,1463,1
262,156,1
3223,61,1
19843,247,0
5978,429,1
83415,1207,0
3122,109,1
84774,434,0
912,38,1
703,145,1
47943,40,0
228,44,1
1193,1207,1
397,579,1
987,189,1
91618,247,0
43451,78,0
4990,1196,1
1381,40,1
101153,91,0
248,795,1
1104,29,1
4332,56,1
92604,89,0
5103,351,0
3574,455,1
94282,233,0
313,242,1
2549,943,1
1808,82,1
100976,1207,0
3120,1224,1
108,263,1
90590,91,0
1672,4,1
4295,776,1
679,283,1
34170,21,0
96528,17,0
95311,45,0
99480,47,0
227,501,1
2820,973,1
8409,37,0
90935,53,0
1318,153,1
3861,636,1
47697,340,0
4395,394,1
1512,82,1
4384,394,1
197,89,1
4719,13,1
48505,114,0
83755,221,0
95133,520,0
327,885,1
1288,153,1
53427,87,0
3550,282,1
4485,9,1
1882,9,1
1078,213,1
103373,82,0
96443,669,0
923,40,1
1674,54,1
1850,89,1
70900,480,0
80721,288,0
225,172,1
79523,58,0
15201,1124,0
1982,41,1
5720,114,1
99808,1400,0
71033,38,0
81480,41,0
65051,673,0
53,156,1
47737,1075,0
2823,45,1
2738,91,1
95379,776,0
2764,150,1
80884,194,0
18713,138,0
3055,9,1
568,259,1
2435,220,1
2820,510,1
68396,372,0
1775,78,1
99384,45,0
724,151,1
912,35,1
974,82,1
80713,941,0
3495,170,1
57371,206,0
73263,951,0
90521,138,0
1204,173,1
69,179,1
83,160,1
1850,886,1
155,126,1
5940,256,1
968,1094,1
910,607,1
140,221,1
3063,8,1
47428,15,0
188,36,1
1528,704,1
2820,246,1
18276,877,0
220,47,1
2115,78,1
5199,1197,1
1207,1194,1
4116,179,1
3294,24,1
70763,533,0
46449,64,0
233,114,1
56289,9,0
2485,41,1
3527,124,1
79370,5,0
1631,172,1
92755,1197,0
85127,270,0
88728,40,0
1164,89,1
584,304,1
8086,466,0
285,175,1
4012,844,1
1318,155,1
11273,171,0
3289,150,1
67273,859,0
360,40,1
579,98,1
84718,180,0
1141,303,1
81223,124,0
99372,71,0
1467,391,1
910,248,1
137,882,1
76473,15,0
67024,109,0
157,885,1
134,1073,1
104192,445,0
397,9,1
1783,61,1
245,784,1
57692,351,0
1205,981,1
1618,464,1
4357,447,1
49092,40,0
5364,67,1
2232,458,1
74713,9,0
5720,283,1
77045,91,0
77698,206,0
8686,29,0
56836,1249,0
66672,431,0
106001,109,0
2998,41,1
283,258,1
94072,33,0
71291,24,0
1437,1207,1
2292,141,1
105676,449,0
254,1224,1
80707,283,0
1618,253,1
73193,53,0
3490,114,1
79333,269,0
97724,24,0
642,39,1
81482,33,0
77946,194,0
73113,2,0
5745,1396,1
97557,327,0
62094,61,0
65246,776,0
1615,29,1
1381,39,1
53,246,1
5582,859,1
82286,961,0
1531,1090,0
91705,956,0
65481,154,0
65098,431,0
374,57,1
1448,21,1
54328,1207,0
52752,394,0
88689,44,0
93741,917,0
421,1,1
635,256,1
85389,501,0
83,1074,1
437,607,1
1887,217,1
1364,597,1
4928,1197,1
96944,13,0
79943,308,0
14826,877,0
2384,64,1
2229,1,1
101263,9,0
5153,1207,1
79256,1394,0
2407,45,0
56877,160,0
98133,306,0
2009,3,1
1350,235,1
69810,41,0
48715,153,0
2045,69,1
59682,68,0
67104,267,0
59052,1101,0
97596,821,0
92661,145,0
65799,13,0
69729,1394,0
86689,430,0
89351,97,0
1424,1396,0
62339,464,0
58993,196,0
2467,961,1
9120,40,0
1521,447,1
73107,1232,0
54158,795,0
3238,614,1
69384,89,0
86470,464,0
3693,41,1
1517,460,1
83477,950,0
1651,37,1
25909,150,0
292,139,1
477,149,1
1519,58,1
1398,180,1
39868,803,0
75086,41,0
88931,1394,0
2247,145,1
1288,882,1
2428,41,1
1690,9,1
2820,229,1
60065,17,0
1074,394,1
102391,1200,0
79300,364,0
4345,35,1
171,152,1
1572,12,1
1625,80,1
190,1249,1
2033,40,1
101796,582,0
1692,281,1
1950,44,1
468,80,1
6848,394,0
89921,1061,0
934,233,1
65,215,1
88505,21,0
79283,9,0
72283,140,0
183,463,1
54861,620,0
85719,183,0
800,109,1
101368,54,0
582,124,1
3290,270,1
27900,47,0
738,109,1
57688,9,0
2386,1307,1
5944,158,1
157,109,1
14961,833,0
2381,270,1
105039,464,0
1517,65,1
982,203,1
97595,882,0
51058,44,0
23367,36,0
67835,798,0
41768,74,0
912,37,1
183,249,1
4798,1210,1
64034,73,0
6084,230,1
4515,258,1
54,45,1
53009,215,0
51714,468,0
100599,263,0
300,331,1
1052,192,1
78180,700,0
2428,156,0
79855,78,0
86341,35,0
76614,89,0
49190,288,0
88937,1074,0
92452,298,0
629,529,1
2920,344,1
103298,58,0
58217,33,0
86217,82,0
89,21,1
6208,40,1
139,839,1
5232,4,1
188,520,1
55656,9,0
1699,3,0
67280,44,0
1101,13,1
5512,39,1
48243,1394,0
101375,39,0
1381,57,1
4418,1227,1
5890,5,1
155,40,0
68121,18,0
77940,17,0
103716,74,0
87080,0,0
50208,72,0
1345,139,1
1645,21,1
3615,150,1
65626,13,0
497,941,1
45773,139,0
2015,344,1
104845,213,0
60660,21,0
87997,73,0
5057,171,1
95867,882,0
883,0,1
75630,109,0
912,551,1
3604,12,1
105944,941,0
64095,9,0
79683,21,0
26,1,1
1333,5,1
94425,517,0
317,621,1
1052,0,1
2519,129,1
88500,57,0
16039,39,0
1448,263,1
4861,1296,1
71281,220,0
2848,76,1
172,124,1
51,18,1
220,431,1
86134,0,0
4243,40,1
2616,1032,1
97331,114,0
81908,1194,0
707,109,1
73848,24,0
64931,69,0
3128,217,1
94830,18,0
75829,33,0
10869,6,0
4309,394,1
335,394,1
101555,235,0
51377,173,0
47771,256,0
91178,47,0
898,33,1
50546,114,0
68715,41,0
250,21,1
47324,0,0
2594,784,1
68033,297,0
2739,429,1
76,155,1
102404,930,0
77973,431,0
1465,21,1
1891,13,1
92388,15,0
3329,252,1
84173,141,0
52260,1,0
3367,21,1
1074,1124,1
90200,1198,0
95688,24,0
55916,80,0
82274,21,0
60416,91,0
96325,1198,0
78179,179,0
289,283,1
91916,445,0
76672,1197,0
75951,431,0
93941,297,0
62378,288,0
35020,733,0
82691,317,0
92726,15,0
4342,4,1
85595,87,0
68,28,1
2771,177,1
91390,9,0
89347,529,0
593,464,1
70285,150,0
49141,221,0
4741,527,1
59761,33,0
153,282,1
65000,76,0
603,1194,1
1354,233,1
98176,243,0
6704,72,0
127,582,1
76130,61,0
3264,0,1
917,431,1
64404,621,0
36491,13,0
2545,616,1
68401,45,0
104663,118,0
62742,124,0
2360,61,1
91929,29,0
559,1244,1
1636,177,1
748,682,1
80429,141,0
72856,1424,0
49146,1226,0
484,140,1
557,391,1
152,245,1
681,937,1
48457,66,0
15456,1198,0
48684,1198,0
2201,18,1
468,744,1
85581,466,0
2608,138,1
82209,80,0
589,0,1
19881,21,0
304,66,1
45427,242,0
59469,770,0
2817,189,1
87195,76,0
1488,394,1
1508,14,1
80961,111,0
57883,65,0
29079,175,0
88075,352,0
92393,636,0
77042,175,0
1571,382,1
101008,501,0
295,21,1
61695,445,0
357,89,1
75634,352,0
3925,468,1
48191,16,0
102333,173,0
623,327,1
360,124,1
559,69,1
106,73,0
85,56,1
51584,1203,0
94460,175,0
94909,150,0
46205,72,0
561,175,1
1860,78,1
26607,245,0
64271,40,0
76316,394,0
1132,16,1
3615,1075,1
243,17,1
437,155,1
1799,91,1
80650,248,0
98540,80,0
89765,21,0
85,600,1
82859,202,0
3574,373,1
48047,37,0
2053,313,0
50299,776,0
1632,255,1
57693,37,0
317,38,1
85833,1207,0
2386,1194,1
1655,21,0
69901,776,0
1270,31,1
1401,234,1
94707,433,0
62751,203,0
59801,945,0
259,65,1
2956,1193,1
4041,16,1
2230,403,0
2165,21,1
101439,91,0
2902,829,1
50255,801,0
6549,1315,0
9438,215,0
933,445,1
55449,129,0
57626,91,0
2440,74,1
89915,1193,0
98058,282,0
74649,41,0
686,227,1
71289,1194,0
1692,252,1
54521,306,0
187,140,1
101,297,1
6732,480,0
86980,76,0
6771,245,0
50,175,1
76413,464,0
32381,92,0
4708,24,1
89700,1253,0
332,39,1
82760,189,0
356,431,1
69430,481,0
66411,109,0
56483,1243,0
79385,1196,0
88059,16,0
92004,12,0
13452,248,0
60990,331,0
27162,339,0
1952,886,1
2386,21,1
50508,201,0
557,253,1
30,38,1
87966,0,0
591,247,1
883,548,1
31266,1224,0
3507,37,1
97455,124,0
6208,41,1
17383,220,0
41147,61,0
135,969,1
26431,429,0
818,1200,1
5895,394,1
995,394,1
2045,44,1
315,472,1
3113,98,1
983,1356,1
53927,4,0
2412,35,1
125,89,1
25971,38,0
1520,128,1
85566,4,0
68842,431,0
71610,776,0
521,308,1
51506,149,0
587,191,1
613,182,1
3946,45,0
2729,91,1
2022,74,1
227,504,1
77023,47,0
83487,248,0
286,79,1
1493,1075,1
82838,9,0
59513,431,0
4852,1030,1
70114,264,0
99708,69,0
51049,24,0
1366,40,1
5903,394,1
2519,47,1
926,57,1
557,1245,1
104631,41,0
26,878,1
1244,217,1
67560,1138,0
588,820,1
853,114,1
581,89,1
78447,1198,0
92343,315,0
1722,105,1
65618,974,0
61387,79,0
93884,16,0
73974,37,0
2186,109,1
1314,464,1
87452,24,0
84288,151,0
61572,89,0
885,248,1
2373,1207,1
76,21,1
724,1245,1
54721,13,0
51701,138,0
96755,45,0
1632,158,1
39189,1200,0
19873,376,0
76,911,1
1622,673,1
127,206,1
924,207,1
3832,504,0
69302,15,0
30589,173,0
246,98,1
575,944,1
99267,29,0
58238,206,0
263,29,1
86655,41,0
50867,309,0
578,39,1
6157,1456,1
104735,6,0
1910,401,1
56049,548,0
3143,220,1
3624,9,1
62804,78,0
2175,21,1
93670,1198,0
2374,1198,1
1455,82,1
559,150,1
75378,181,0
304,40,1
349,994,1
67620,930,0
92426,17,0
1445,248,1
98501,41,0
99735,331,0
18494,482,0
2443,258,0
76467,253,0
1218,15,1
2234,0,1
912,711,1
764,776,1
1650,231,1
70656,776,0
579,177,1
99141,468,0
1691,681,1
3628,283,1
1366,252,1
1739,823,1
53822,424,0
1427,1212,1
69447,39,0
82940,40,0
2412,1301,1
88671,1394,0
106193,21,0
590,150,1
73173,431,0
99328,130,0
53287,61,0
2099,109,1
71396,15,0
423,192,1
39312,780,0
105424,21,0
71288,433,0
2689,91,1
75212,270,0
47825,503,0
2889,456,1
45169,47,0
832,109,1
4704,315,1
3903,878,1
1367,207,1
7869,1012,0
54331,194,0
98586,44,0
1224,1198,1
992,948,1
188,245,1
902,264,1
2618,18,1
1036,4,1
686,193,1
54174,9,0
64160,151,0
97067,3,0
102278,80,0
69623,424,0
1598,555,1
2045,431,1
5512,40,1
25,464,1
1398,67,1
437,157,1
81187,130,0
49422,79,0
2364,35,1
2217,256,1
149,39,1
52905,1094,0
47105,29,0
346,263,1
62105,263,0
4587,175,1
73965,189,0
5647,729,1
5222,73,1
51518,776,0
37812,297,0
3599,245,1
987,1151,1
101233,180,0
304,65,1
5287,39,1
52963,309,0
76963,53,0
85,12,1
57818,172,0
50259,177,0
73349,13,0
62413,8,0
90803,157,0
2820,119,1
57073,282,0
317,39,1
93502,1308,0
1265,78,1
6161,256,1
54531,39,0
2997,21,1
62378,1207,0
249,487,1
500,97,1
2908,9,1
34733,270,0
11359,78,0
336,616,1
1088,13,1
13684,431,0
4444,484,0
1207,251,1
31,12,1
80931,1,0
6063,40,1
83514,431,0
92,949,1
36441,1068,0
4662,29,1
12655,344,0
89279,503,0
72035,501,0
52846,200,0
1336,316,1
3309,89,1
2608,1207,1
56,297,1
1556,41,1
92507,1356,0
77094,525,0
3612,543,0
662,109,1
60313,15,0
67887,58,0
17798,169,0
1609,124,1
53393,779,0
1445,57,1
16203,458,0
5978,1151,1
3865,128,1
1092,253,1
9138,177,0
724,13,1
55167,230,0
77851,478,0
98477,437,0
71404,39,0
923,0,1
2227,65,1
80322,47,0
5274,1202,1
37641,305,0
49601,0,0
2276,141,1
2673,821,1
78230,21,0
12332,1210,0
563,327,1
74447,175,0
5962,1197,1
52619,15,0
2975,1269,1
84,6,1
103129,9,0
915,599,1
2476,175,1
79601,141,0
2535,394,1
76,12,1
2194,263,1
49,180,1
884,68,1
47902,994,0
54150,401,0
80870,451,0
188,98,1
56280,196,0
414,160,1
285,170,1
75988,321,0
332,776,1
219,270,1
1033,1394,1
83238,882,0
95193,942,0
3529,72,1
65927,304,0
63075,205,0
75276,33,0
1403,89,1
83411,35,0
262,35,1
522,440,1
1837,21,1
4002,16,1
1163,460,1
106431,207,0
92208,202,0
83489,40,0
99459,3,0
98044,9,0
1752,21,1
552,40,1
338,376,1
212,220,1
91837,1074,0
2365,1269,1
5884,256,1
3710,1,1
103180,97,0
1136,105,1
4630,905,1
144,137,1
88472,56,0
117,878,1
565,39,1
699,84,1
62177,643,0
5107,1200,1
101,65,1
3347,17,1
173,800,1
7948,16,0
3136,58,1
2185,0,1
1074,344,1
268,21,1
4668,227,1
69548,9,0
1273,519,1
1156,6,1
36735,233,0
1204,206,1
1501,504,1
225,76,1
3378,949,1
90475,330,0
1501,24,1
1670,79,1
104080,56,0
3574,570,1
157,1289,1
1401,179,1
51,269,1
62527,282,0
55276,91,0
65077,125,0
81105,1277,0
2158,331,1
2764,21,0
8388,255,0
50177,911,0
4891,1210,1
45788,1306,0
188,92,1
64840,213,0
856,145,1
10749,955,0
92124,24,0
130,109,1
55755,548,0
52209,965,0
1491,68,1
103982,78,0
62850,316,0
1648,29,1
54790,24,0
83325,21,0
105626,24,0
5618,114,1
443,1210,1
3284,45,1
50438,173,0
75709,193,0
75,776,1
80207,47,0
641,372,1
92745,41,0
312,40,1
16881,246,0
336,1198,1
84991,9,0
1364,171,1
1350,205,1
2750,89,1
19481,160,0
2702,248,0
4279,364,1
50160,125,0
1644,114,1
60470,12,0
3383,419,0
1791,24,1
28502,331,0
103140,308,0
95388,878,0
51171,776,0
55498,1124,0
5772,352,1
1366,246,1
2788,54,1
2503,464,1
3047,78,1
69796,950,0
89507,24,0
5992,1456,1
92282,852,0
91970,288,0
445,78,1
1637,361,1
51668,464,0
73195,383,0
1205,24,1
102630,21,0
591,13,1
4541,21,1
1035,397,1
101,246,1
5057,13,1
5478,1124,1
105924,431,0
218,53,1
1674,981,1
4962,141,0
82203,263,0
60039,91,0
2303,9,1
51075,9,0
2412,142,1
388,57,1
69284,394,0
19,431,1
46310,233,0
64610,64,0
98646,140,0
59648,1207,0
1987,1012,1
93635,172,0
47129,944,0
79127,119,0
2920,29,1
188,206,1
101,1230,1
37,1,1
62925,323,0
1664,38,1
1140,152,1
62693,13,0
59523,98,0
91166,89,0
74835,18,0
552,972,1
2437,53,1
426,21,1
64709,269,0
85500,455,0
578,71,1
30445,791,0
1448,456,1
61997,78,0
368,882,1
85698,937,0
73,12,1
18645,78,0
49866,305,0
1463,477,1
77737,172,0
228,835,1
3129,9,1
5864,859,1
84378,9,0
19977,327,0
12759,1480,0
106,220,1
60707,9,0
1362,229,1
88487,177,0
100794,97,0
207,37,1
29441,598,0
3984,621,1
467,45,1
1789,114,1
58184,877,0
1979,37,1
3740,245,0
77585,21,0
5765,252,1
63568,39,0
3056,40,1
54326,220,0
2504,270,1
54092,9,0
82945,6,0
96650,548,0
84726,9,0
46201,247,0
104,78,1
85092,937,0
55049,114,0
57751,53,0
209,114,1
2642,114,1
1241,214,1
51840,1198,0
96781,1255,0
967,24,1
53127,759,0
72895,869,0
59233,488,0
88593,1032,0
101935,9,0
42110,74,0
163,253,0
93152,363,0
2017,253,1
1644,150,1
944,456,1
79219,109,0
14387,431,0
1425,152,1
5236,1207,1
369,15,1
575,35,1
70501,74,0
1790,221,1
5720,36,1
103477,220,0
5540,151,1
1631,189,1
676,458,1
240,175,1
70998,602,0
95201,114,0
105590,327,0
68904,58,0
67,145,1
100615,147,0
1928,941,0
725,838,1
96419,221,0
25256,283,0
99367,45,0
586,175,1
65900,431,0
89825,309,0
3067,193,1
2502,0,1
1347,1307,1
137,776,1
3743,776,0
90930,65,0
104,9,1
4632,362,1
586,1415,1
86881,502,0
59978,5,0
225,1074,1
99692,242,0
85,177,1
225,35,1
96884,1187,0
96665,78,0
54824,6,0
4508,21,1
4842,1194,1
1533,15,1
62529,431,0
74691,500,0
226,1,1
56428,53,0
63262,394,0
360,318,1
97501,152,0
67457,877,0
15901,375,0
2451,16,1
2618,783,1
3876,263,1
70760,405,0
987,245,1
75039,40,0
2435,125,1
252,1210,1
480,17,1
1034,1149,1
315,333,1
102189,1196,0
90643,13,0
86486,500,0
88031,41,0
219,304,1
2971,71,1
74021,12,0
497,177,1
57093,0,0
869,44,1
71293,344,0
127,431,1
1631,114,1
21836,776,0
48589,80,0
94262,456,0
1336,1132,1
74,119,1
62059,1197,0
5978,207,1
102774,40,0
26475,844,0
8398,1223,0
397,578,1
109,78,1
3530,424,0
2451,114,1
5230,1197,1
83263,130,0
54598,673,0
68885,57,0
21591,40,0
1095,859,1
70510,950,0
105986,44,0
3122,681,1
2671,58,1
10528,543,0
106451,31,0
1465,339,1
90770,153,0
2669,791,1
1503,57,1
54601,41,0
950,253,1
69626,270,0
60609,110,0
3480,45,1
54490,84,0
500,45,1
64816,4,0
101153,621,0
57499,281,0
104096,41,0
954,431,1
19342,27,0
106,2,1
56913,429,0
80526,37,0
2969,16,1
25,776,1
3906,1210,1
1787,472,1
139,483,1
69636,18,0
69842,12,0
2289,177,1
227,234,1
1615,433,1
14,47,1
3134,21,1
56,821,1
417,3,1
101,68,1
1615,91,1
3162,36,1
5787,21,1
783,114,1
83713,37,0
87879,109,0
48661,155,0
904,175,1
456,217,1
49148,403,0
3195,2,1
74878,474,0
60,1,1
86692,21,0
826,80,1
841,125,1
272,215,1
49110,17,0
336,40,1
96821,1210,0
1173,344,1
1821,40,1
64250,403,0
3100,64,1
76132,461,0
2215,263,1
6113,1482,1
56678,274,0
49019,1075,0
1631,74,1
47540,614,0
82555,593,0
2480,500,1
64654,292,0
1136,407,1
2175,12,1
2602,119,1
2559,220,1
74220,189,0
22330,1193,0
8482,525,0
78850,233,0
1399,98,1
6059,263,1
1149,13,1
511,380,1
3640,3,1
74688,305,0
5946,1176,1
60510,111,0
94497,40,0
75307,1396,0
83221,654,0
70194,61,0
3143,486,1
2820,189,1
85037,194,0
99086,12,0
69,431,1
55938,230,0
54896,39,0
4514,1394,1
99552,9,0
4318,21,1
320,125,1
89434,824,0
575,91,1
63870,98,0
89334,212,0
70,48,1
262,233,1
84337,6,0
68683,201,0
93038,1222,0
222,1198,1
3536,215,1
5238,41,1
73756,149,0
48836,510,0
1456,394,1
90042,859,0
542,913,1
98173,128,0
6425,401,0
51712,194,0
934,21,1
69459,195,0
2112,270,1
81996,171,0
65582,1197,0
4229,394,1
77059,456,0
101,103,1
302,35,1
1768,255,1
55349,1396,0
92,98,1
2890,203,1
92032,24,0
97711,1379,0
1221,12,1
50725,21,0
1637,186,1
1,2,1
216,1315,1
73224,71,0
48339,97,0
135,921,1
1172,256,1
21367,233,0
3580,54,1
91327,420,0
82757,98,0
2177,203,1
1267,15,1
93731,283,0
96188,98,0
68999,40,0
86761,248,0
2371,21,1
85,763,1
7981,305,0
45232,1196,0
66055,1339,0
428,1018,1
53510,318,0
3284,44,1
4314,1460,1
61838,125,0
93444,776,0
83555,394,0
952,1198,1
1203,61,1
3644,57,1
62218,82,0
302,504,1
91085,823,0
2453,253,1
96911,394,0
86842,175,0
3461,2,1
75,21,1
1806,215,1
93839,1212,0
46961,41,0
5942,394,1
389,806,1
3615,9,1
1411,40,0
8557,249,0
82297,133,0
2820,410,1
57113,593,0
81435,582,0
2334,205,0
105339,36,0
1367,39,1
1035,44,1
2713,177,1
58742,45,0
65585,91,0
94,84,1
63609,362,0
1508,518,1
80254,44,0
51381,256,0
36099,468,0
59307,109,0
67014,6,0
72527,1283,0
104,105,1
78499,401,0
64610,1197,0
1170,431,1
86611,79,0
57978,402,0
5791,40,1
64435,829,0
3915,1197,1
1444,456,1
57310,270,0
10734,315,0
81454,217,0
101,621,1
97751,125,0
17854,109,0
105623,160,0
2584,80,1
559,72,1
48901,280,0
3409,9,1
2908,1197,1
593,352,1
4743,21,1
1435,468,1
80817,41,0
1256,79,1
3002,1202,1
59738,687,0
49586,189,0
83054,1040,0
4042,636,1
1061,89,1
328,45,1
226,39,1
637,79,1
52831,33,0
917,53,1
4435,35,0
3581,175,1
1739,445,1
2525,247,1
5920,158,1
71375,180,0
53381,186,0
214,47,1
3195,776,1
46807,269,0
2043,74,1
7414,610,0
96803,394,0
1723,45,1
2019,97,1
83572,878,0
304,41,1
48333,379,0
84544,9,0
2878,194,1
4953,1365,1
1690,111,1
1337,194,1
5978,673,1
4964,431,1
56753,36,0
1205,98,1
58725,913,0
30635,245,0
74689,205,0
80098,304,0
89174,246,0
69392,21,0
1681,21,1
3626,40,1
1799,177,1
351,45,1
61677,430,0
2471,67,1
256,39,1
2184,1043,1
106463,79,0
61769,394,0
5726,1197,1
439,180,1
2559,217,1
642,41,1
59403,2,0
703,21,1
801,269,1
1749,433,1
77224,192,0
12114,9,0
1724,253,1
1474,109,1
50356,255,0
3047,6,1
3342,582,1
80389,177,0
2741,154,1
3466,791,0
1148,13,1
95934,246,0
965,1056,1
102014,33,0
5712,9,1
2964,1255,1
1197,344,1
5112,149,1
86152,1396,0
81121,220,0
249,474,1
75,12,1
839,109,1
1226,71,1
79707,445,0
78174,125,0
32154,40,0
197,44,1
76646,44,0
2212,58,1
68915,119,0
336,125,1
60243,220,0
3229,776,1
3589,256,1
2788,206,1
4447,321,1
1758,1124,1
232,1197,1
1399,21,1
99878,17,0
94727,945,0
569,145,1
1921,177,1
75572,245,0
2633,173,1
47000,58,0
75785,125,0
4472,170,1
46294,24,0
2386,237,1
74701,776,0
197,45,1
97423,220,0
99988,18,0
619,12,1
2300,38,1
80716,175,0
1888,12,1
5028,517,1
1448,13,1
60984,47,0
2698,503,1
63512,394,0
85117,5,0
365,45,1
629,817,1
63635,429,0
1576,29,1
100894,128,0
33244,481,0
3014,269,1
625,175,1
207,953,1
36714,214,0
1517,486,1
1473,438,0
1894,1197,0
85,21,1
253,205,1
575,151,1
1937,138,1
48736,39,0
282,40,0
923,217,1
71,45,1
567,312,1
91238,598,0
1399,39,1
75128,941,0
57728,5,0
126,15,1
51645,361,0
2799,1044,1
1616,9,1
233,91,1
207,949,1
101863,111,0
153,297,1
4195,1222,0
52902,4,0
17664,897,0
2446,13,1
39496,0,0
992,252,1
98359,361,0
32548,150,0
74846,776,0
78447,125,0
1399,37,1
49876,12,0
92452,206,0
101727,129,0
102857,464,0
90065,1226,0
78349,114,0
1631,41,1
80621,214,0
1517,78,1
1349,97,1
138,506,1
48342,91,0
76974,253,0
917,965,1
2678,776,1
52716,488,0
849,40,1
55194,1198,0
1435,431,1
156,0,1
3370,1198,1
74289,16,0
4788,3,1
4546,583,1
15679,202,0
3132,5,1
1352,13,1
62008,419,0
57788,9,0
56089,961,0
125,9,1
82685,207,0
3489,5,1
228,74,1
2752,61,1
8503,35,0
65483,61,0
88339,944,0
165,177,1
3005,783,1
1372,1,1
1717,12,1
92587,220,0
2448,394,1
96095,38,0
48763,12,0
60498,0,0
95192,880,0
51857,1198,0
26801,177,0
82100,352,0
310,47,1
72731,248,0
2610,444,0
1025,21,1
10921,36,0
61,217,1
2885,884,1
104784,47,0
2570,17,1
4804,1194,1
91633,128,0
5951,859,1
5583,429,1
363,27,1
99034,39,0
1030,462,1
65343,39,0
4941,149,1
7675,47,0
93404,150,0
270,617,1
1108,97,1
74789,401,0
87263,0,0
1414,21,1
2122,399,1
437,248,1
88327,89,0
4870,18,0
1521,955,1
89730,795,0
67006,256,0
942,403,1
2060,1124,1
587,91,1
80783,1124,0
3314,27,1
1493,89,1
70539,1423,0
336,14,0
85455,171,0
724,155,1
70,382,1
226,1193,1
83671,45,0
1848,1253,1
69229,309,0
67684,229,0
1798,776,1
52874,16,0
3545,177,1
22049,15,0
992,943,1
1364,951,1
87286,175,0
74010,76,0
302,217,1
1024,39,1
95588,57,0
62760,149,0
2050,617,1
2175,149,1
74741,40,0
49,38,1
101675,518,0
681,158,1
59258,394,0
1650,12,1
62960,783,0
90418,518,0
2343,175,1
4566,517,1
58636,129,0
91035,21,0
704,431,1
4746,74,0
388,1198,1
56464,593,0
63121,40,0
37675,58,0
21,784,1
95131,92,0
175,784,1
106049,78,0
83242,73,0
99690,13,0
69467,255,0
424,220,1
1472,375,1
1242,1207,1
957,592,1
82712,109,0
2961,913,1
253,155,1
73990,217,0
47227,57,0
1354,57,1
5487,1197,1
868,65,1
783,44,1
217,327,1
2779,158,1
91722,306,0
3354,791,1
95030,943,0
1717,89,1
1501,114,1
50214,172,0
2435,1394,1
71083,78,0
2213,9,1
437,982,1
2439,172,1
59689,657,0
2267,21,1
66848,97,0
315,9,1
65539,1303,0
46598,391,0
1917,24,1
3442,16,1
94987,949,0
2371,35,1
4408,198,0
79130,189,0
1398,948,1
542,373,1
233,171,1
59,172,1
439,1199,1
54804,17,0
883,217,1
2562,454,1
48601,41,0
1883,150,1
91,98,1
2428,233,1
6364,472,0
81378,282,0
51054,728,0
313,720,1
15862,67,0
1750,84,1
64821,44,0
61066,149,0
312,24,1
91594,1,0
1548,1198,1
71200,154,0
2810,433,1
77703,13,0
403,363,1
62495,844,0
84389,21,0
44141,1210,0
658,109,1
47631,47,0
124,67,1
1640,454,1
2885,97,1
3281,16,0
318,15,0
884,600,1
86335,15,0
546,139,1
6828,905,0
75522,89,0
64621,1413,0
1661,205,1
63919,464,0
1530,791,1
80161,217,0
1850,91,1
66087,1197,0
98083,944,0
6222,58,1
1792,431,1
4224,523,0
55567,194,0
97037,4,0
75,245,1
362,269,1
752,968,1
73013,40,0
5016,1394,0
95314,84,0
97528,213,0
2175,109,1
92322,1198,0
2384,18,1
1779,82,1
100940,13,0
104220,877,0
1640,823,1
944,283,1
1336,1134,1
68356,305,0
455,950,0
4163,877,1
1530,541,1
58259,53,0
2885,673,1
84030,941,0
69431,859,0
61592,776,0
5043,1207,1
103474,71,0
99612,217,0
88758,880,0
72461,45,0
1664,481,1
11040,109,0
95913,57,0
1296,4,1
1077,409,1
1341,1193,1
76056,379,0
1615,213,1
59435,820,0
103938,114,0
2817,58,1
68705,744,0
82068,18,0
84931,207,0
1572,40,1
62977,300,0
1615,1210,1
825,1207,1
890,200,1
16416,5,0
2439,12,1
49506,773,0
81337,177,0
83343,21,0
2041,452,1
81552,78,0
68005,79,0
99315,8,0
88800,50,0
748,423,1
3600,614,1
61713,1122,0
332,21,1
69257,40,0
1591,483,1
1631,57,1
1427,1214,1
77543,15,0
58423,39,0
69613,15,0
3346,776,1
56,998,1
83849,71,0
76101,145,0
127,581,1
85099,306,0
227,776,1
78792,1,0
2128,1220,1
1436,80,1
2817,233,1
679,91,1
2607,50,1
656,109,1
5944,61,1
2559,255,1
3104,488,1
96372,344,0
910,150,1
6349,504,0
587,776,1
104958,217,0
104650,41,0
1036,451,1
704,247,1
486,1210,1
101,82,1
105644,125,0
679,9,1
465,394,1
61352,647,0
84686,89,0
1658,375,1
83690,177,0
5215,114,1
1350,153,1
71008,1197,0
3801,2,1
55017,44,0
4056,431,1
1077,404,1
76371,1124,0
2953,145,1
82642,145,0
98496,783,0
1086,363,1
53244,1197,0
200,460,1
85976,215,0
59928,203,0
5913,1421,1
70728,84,0
4628,29,1
3158,129,1
96776,9,0
65776,729,0
144,31,1
1135,79,1
103856,40,0
1528,125,1
2146,33,1
233,579,1
57408,158,0
90712,1083,0
256,1004,1
3716,878,1
1789,36,1
262,456,1
11,1498,0
82088,1031,0
77812,917,0
95854,541,0
72376,538,0
103413,961,0
83022,0,0
97281,600,0
2240,97,1
49332,351,0
77305,464,0
2527,1066,1
2134,776,1
85229,186,0
2999,1147,1
97223,776,0
929,41,1
84281,13,0
3578,177,1
52656,789,0
220,274,1
1614,321,1
77147,949,0
86797,29,0
91642,431,0
50204,186,0
55881,4,0
55225,1098,0
86621,1,0
87617,21,0
1056,149,1
3371,256,0
5125,202,0
55818,220,0
1061,248,1
1658,737,1
381,776,1
52582,39,0
2559,1118,0
57742,968,0
70374,542,0
313,568,1
1821,233,1
2852,282,1
3084,1394,1
48480,15,0
5367,21,1
73674,460,0
99008,881,0
87100,177,0
59297,41,0
4275,4,1
4402,40,1
102188,1012,0
2673,729,1
95760,3,0
4639,21,0
48881,882,0
33174,430,0
5235,91,1
200,784,1
1017,693,1
1146,877,1
55207,154,0
5366,125,1
49413,600,0
2618,1207,1
28459,119,0
152,233,1
11,269,1
17577,6,0
57957,460,0
349,451,1
7186,1405,0
30743,995,0
48408,394,0
58898,614,0
5707,255,1
549,58,1
77957,9,0
61267,114,0
72796,78,0
4243,217,1
1615,109,1
1878,431,1
32006,1210,0
2741,157,1
1367,429,1
2562,1197,1
21,480,1
67593,44,0
19752,4,0
104454,169,0
57080,58,0
578,177,1
121,214,1
159,270,1
2218,1,1
61042,18,0
4205,776,1
126,304,1
94367,878,0
2642,776,1
93536,462,0
69172,21,0
2446,74,1
3280,40,1
1365,180,1
1618,37,1
135,270,1
3538,4,1
97374,109,0
72155,189,0
64648,617,0
47676,57,0
4560,44,1
4137,621,1
3824,21,1
104844,175,0
2967,917,1
68249,5,0
682,68,1
69162,150,0
55328,305,0
16202,82,0
102564,12,0
5201,1198,1
65999,170,0
2829,523,0
618,368,1
49,1073,1
3569,78,1
91709,267,0
666,1197,0
49027,21,0
3595,4,1
764,644,1
31172,21,0
591,153,1
841,3,1
154,41,1
3025,40,1
94364,73,0
1393,1,1
1142,379,1
59564,5,0
613,183,1
55574,951,0
104508,425,0
54213,73,0
18,151,1
3284,942,1
93713,84,0
84382,39,0
1910,97,1
95663,217,0
49,58,1
750,21,0
154,12,1
87668,12,0
63291,1194,0
4151,877,1
4623,190,1
3932,905,1
106063,621,0
1334,669,1
105091,61,0
103405,255,0
780,180,1
83,172,1
5432,693,1
31,39,1
55846,456,0
86427,39,0
1993,16,1
67374,776,0
51348,37,0
934,220,1
30436,621,0
11258,36,0
2174,394,1
1632,151,1
71924,65,0
2412,755,1
3451,57,1
1024,44,1
68159,24,0
1451,58,1
1041,845,1
78513,78,0
89003,256,0
739,45,0
65764,246,0
262,1074,1
91172,12,0
4632,139,1
76184,39,0
327,246,1
98302,125,0
428,5,1
80305,380,0
79536,984,0
2527,239,1
4681,1162,1
3162,352,1
227,57,1
88986,109,0
57230,629,0
65407,300,0
2046,329,1
83194,194,0
5803,1207,1
58148,1207,0
100070,38,0
53,481,1
586,39,1
32209,245,0
99483,281,0
100182,39,0
13547,248,0
676,139,1
1350,105,1
96390,172,0
118,21,1
1702,578,0
2535,362,1
3529,502,1
3006,623,1
13866,352,0
84496,38,0
1884,21,1
54,776,1
582,150,1
1632,620,1
5011,1207,1
27039,878,0
58787,500,0
197,217,1
92665,141,0
157,125,1
32,196,1
47137,1197,0
102074,458,0
104809,125,0
76097,12,0
1205,237,1
97331,27,0
3240,6,1
7235,39,0
5771,15,1
157,245,1
253,74,1
96963,339,0
16988,173,0
60314,149,0
88553,468,0
59671,15,0
1517,921,1
50033,259,0
90695,263,0
95161,109,0
103548,253,0
542,111,1
376,98,1
4610,1196,1
1099,714,1
68548,501,0
332,24,1
76868,91,0
23619,1428,0
1469,877,1
94390,193,0
1305,12,0
56484,342,0
88568,97,0
1504,776,1
46212,89,0
4558,9,1
69430,447,0
73598,6,0
35,215,1
1654,305,1
81224,478,0
57654,776,0
72060,114,0
1781,522,1
81052,150,0
76160,33,0
95109,401,0
83210,38,0
51,686,1
1300,776,1
3016,6,1
923,793,1
99336,935,0
2989,6,1
522,1207,1
73129,946,0
4634,259,1
780,45,1
313,673,1
157,1411,1
56,411,1
88325,190,0
3947,198,1
94002,283,0
101844,281,0
200,21,1
1702,137,1
2170,438,1
378,207,1
1698,13,1
93721,109,0
75501,5,0
177,304,1
134,151,1
5832,56,1
730,991,1
90244,47,0
60106,147,0
48834,72,0
1644,35,1
1008,69,1
59720,76,0
3647,202,1
262,39,1
652,15,1
1616,247,1
65035,859,0
59369,776,0
50611,327,0
3122,776,1
72418,394,0
3628,962,1
70132,1198,0
213,147,1
2929,466,1
3335,3,1
2811,669,1
85144,87,0
254,921,1
888,815,1
64681,31,0
1971,73,1
80758,892,0
5640,820,1
983,838,1
1695,942,1
68274,621,0
938,36,1
238,247,1
1448,114,1
90261,375,0
2440,594,1
34582,47,0
58802,6,0
3714,918,1
1169,209,1
54132,504,0
61925,501,0
896,911,1
3585,21,1
681,926,1
1699,37,1
71281,9,0
934,181,1
1550,12,1
97526,5,0
1713,460,1
91503,248,0
1185,203,1
3198,53,1
590,12,1
222,456,1
1644,0,1
317,9,1
47140,209,0
2181,220,1
722,179,1
500,307,1
1084,327,1
4116,21,1
3298,39,1
65083,78,0
85120,502,0
1084,606,1
86010,235,0
4170,61,1
48863,27,0
5057,253,1
105317,68,0
679,98,1
20233,462,0
968,452,1
3604,930,0
971,82,1
8200,247,0
89,38,1
910,24,1
368,485,1
53,153,1
4513,256,1
2823,954,1
67855,776,0
54630,1198,0
18553,642,0
20691,150,0
3191,130,1
1367,342,1
4715,200,0
12910,808,0
98917,313,0
1188,12,1
387,245,1
86647,91,0
4023,877,1
93646,525,0
75037,1194,0
103506,1196,0
76039,183,0
3652,580,1
87931,1343,0
2649,21,1
2565,189,1
972,13,1
1455,47,1
2107,431,1
2908,401,1
63274,1220,0
2419,12,1
1108,150,1
30094,130,0
67469,1207,0
14173,431,0
86818,269,0
1541,44,1
98802,520,0
557,186,1
921,1216,0
830,109,1
553,1303,1
88029,405,0
4111,273,1
75820,28,0
2917,555,1
22009,150,0
3303,57,1
885,89,1
1889,29,1
1503,776,1
50917,151,0
2373,297,1
914,124,1
1508,145,1
3298,41,1
64115,114,0
48845,41,0
2430,9,1
286,783,1
55230,339,0
2526,109,1
582,175,1
8125,252,0
2452,255,1
70187,1200,0
48854,5,0
2722,65,1
27836,2,0
3173,72,1
7292,190,0
64202,12,0
682,253,1
49791,68,0
85,578,1
65943,462,0
209,822,1
73752,639,0
26478,1193,0
3697,177,1
3644,464,1
2418,109,1
81053,288,0
115,36,1
51907,111,0
84437,5,0
95878,233,0
80268,639,0
7098,674,0
863,109,1
1812,177,1
84492,880,0
5634,215,1
5930,41,0
2782,110,0
52802,352,0
2796,1394,1
5810,330,1
1372,1105,1
9641,9,0
52205,1224,0
51849,739,0
54765,1296,0
52096,13,0
87027,137,0
13577,882,0
97197,109,0
3457,47,1
207,58,1
87592,9,0
97772,35,0
81373,41,0
2584,394,1
84106,109,0
305,394,1
4474,431,1
47975,878,0
1979,217,1
69974,1163,0
317,264,1
5973,1197,1
43339,824,0
262,21,1
102818,141,0
95777,482,0
86221,262,0
1399,74,1
253,65,1
106396,24,0
73100,434,0
68791,58,0
92669,738,0
575,776,1
60485,9,0
207,951,1
1362,24,1
5231,362,1
97037,580,0
101,942,1
5052,1198,1
2885,578,1
2908,0,1
81790,1207,0
1183,304,1
73,76,1
1636,36,1
4090,58,0
102632,114,0
851,1198,0
77612,53,0
99225,1198,0
2049,836,1
5342,220,1
3359,78,1
75948,0,0
101846,232,0
90511,173,0
98566,1124,0
59583,203,0
134,67,1
2789,205,1
512,194,1
73968,693,0
65653,170,0
3480,72,1
629,561,1
1032,1088,1
1691,177,1
300,118,1
3332,9,1
1314,38,1
97453,112,0
4199,72,1
521,309,1
1690,264,1
3368,1194,1
423,391,1
13874,9,0
681,425,1
14903,256,0
72509,1207,0
2353,1200,1
1668,788,1
561,64,1
564,319,0
783,58,1
4432,1093,1
992,941,1
79662,17,0
104229,79,0
57013,449,0
3097,193,1
9716,704,0
3069,522,1
79027,39,0
98778,520,0
1798,61,1
55910,160,0
61558,541,0
59483,776,0
70,78,1
4771,1207,1
1632,98,1
360,39,1
912,968,1
101148,44,0
105439,379,0
724,503,1
73722,150,0
95235,61,0
100194,403,0
79881,33,0
2194,331,1
78206,541,0
2402,463,1
61617,1197,0
4463,205,1
62497,581,0
85178,886,0
2502,84,1
1288,245,1
104437,140,0
157,1309,1
1755,529,1
1350,252,1
74401,9,0
289,1210,1
71517,8,0
59533,227,0
593,177,1
501,128,1
289,394,1
99799,1194,0
61568,9,0
2562,460,1
2724,9,0
2235,217,1
77087,87,0
72141,21,0
49289,141,0
5564,344,1
3064,114,1
59162,105,0
71511,114,0
100003,1032,0
102773,379,0
2415,179,0
557,481,1
87285,5,0
2926,45,1
1008,67,1
69809,884,0
45,21,1
86139,40,0
200,813,1
17725,1197,0
55755,45,0
52589,220,0
2885,73,1
40,4,1
5920,160,1
106010,447,0
4305,1,1
62004,237,0
90037,44,0
75696,431,0
1752,61,1
2189,569,1
1403,61,1
89848,16,0
2412,179,1
44004,317,0
104315,177,0
4397,1200,1
66571,98,0
86510,16,0
1724,9,1
124,69,1
1616,57,1
91618,29,0
87960,89,0
1508,82,1
587,125,1
89044,31,0
4544,4,1
1188,189,1
100301,173,0
86432,424,0
3327,125,1
83637,192,0
62252,33,0
38749,192,0
3876,33,1
7235,229,0
2520,1118,1
37337,1460,0
100897,783,0
68593,67,0
102787,823,0
2260,156,1
83288,255,0
86951,491,0
7570,169,0
3133,38,1
912,5,1
413,1237,1
5459,424,1
61,1200,1
2716,217,1
151,44,1
575,253,1
127,61,1
124,73,1
83,151,1
82517,177,0
73,568,1
2973,9,1
888,1200,1
100113,503,0
5479,24,0
571,1196,1
77716,456,0
96724,98,0
66307,1207,0
313,491,1
1146,79,1
2536,636,1
890,150,1
72715,9,0
47114,65,0
47326,45,0
57906,29,0
3899,1176,1
69,776,1
2471,172,1
60190,252,0
69917,783,0
82142,245,0
69695,47,0
948,430,1
6116,1,1
304,1124,1
1136,128,1
81354,196,0
3584,65,1
1618,776,1
78417,17,0
31744,882,0
76,40,1
60957,154,0
125,97,1
61744,122,0
552,394,1
62802,677,0
86413,177,0
50328,155,0
1205,885,1
89192,114,0
75490,33,0
618,391,1
106067,784,0
3357,233,1
77743,1207,0
63277,15,0
90016,1162,0
883,246,1
43072,501,0
1466,221,1
33594,631,0
57495,913,0
97046,321,0
1455,688,1
98680,878,0
240,29,1
2827,40,1
1288,263,1
98165,28,0
98540,138,0
2613,109,1
103898,92,0
106036,189,0
5978,217,1
98700,1207,0
2025,436,1
48299,40,0
49941,24,0
1501,464,1
2088,196,0
64143,1408,0
86368,44,0
88209,44,0
681,58,1
2907,1194,1
59573,79,0
6867,1132,0
1310,128,1
3707,4,1
56527,661,0
101186,403,0
2125,13,1
2130,6,1
63605,1394,0
99023,502,0
47205,41,0
41,49,1
78220,1196,0
101226,118,0
125,910,1
206,4,1
106135,119,0
256,40,1
63952,82,0
47673,91,0
2189,12,1
84912,445,0
96061,189,0
31403,29,0
55914,82,0
67528,259,0
60863,1,0
101590,39,0
612,114,1
80670,431,0
1362,248,1
2412,150,1
62997,21,0
5205,89,1
1688,6,1
1632,105,1
76,9,1
17826,568,0
3237,21,1
102449,124,0
47363,4,0
887,256,1
4332,41,1
3480,177,1
89824,9,0
3591,245,1
2468,433,1
104877,1197,0
21337,179,0
2428,394,1
447,80,1
92479,220,0
989,0,1
69339,98,0
52,551,1
261,942,1
67397,1461,0
102160,682,0
5473,9,1
4682,0,1
200,65,1
1517,53,1
47674,40,0
60828,823,0
37046,39,0
995,474,1
2384,145,1
67226,171,0
182,800,1
934,196,1
3808,877,1
97931,12,0
2145,181,1
49024,1263,0
92855,171,0
90125,73,0
14170,139,0
95793,155,0
5944,682,0
61966,1252,0
68465,206,0
89683,420,0
898,103,1
1780,9,1
1674,150,1
3354,21,1
84006,74,0
68965,53,0
79939,150,0
56562,340,0
96832,315,0
4223,4,1
81245,506,0
7305,847,0
149,21,1
12380,1193,0
95617,394,0
97022,6,0
909,145,1
6088,6,1
71520,98,0
647,269,1
5650,880,1
105676,1196,0
1519,13,1
48795,859,0
336,546,1
1019,53,1
53,71,1
54729,1124,0
1336,109,1
74007,57,0
98370,61,0
2790,1365,1
106258,37,0
29120,14,0
2520,1378,1
2817,429,1
3854,8,1
2034,247,1
969,21,1
91648,172,0
910,201,1
77734,327,0
30,44,1
53382,892,0
84515,17,0
71737,582,0
2246,823,1
56963,64,0
52885,39,0
85453,6,0
9964,27,0
81712,431,0
1950,13,1
317,744,1
48089,129,0
8724,1267,0
1850,9,1
3122,431,1
82998,670,0
56520,157,0
87844,319,0
88902,109,0
94466,9,0
2549,948,1
77889,1202,0
1806,125,1
82192,45,0
1739,639,1
55535,776,0
41656,1198,0
89901,608,0
63,1279,1
90658,139,0
2211,558,1
32374,39,0
1493,9,1
79255,64,0
109,1200,1
76965,207,0
103589,220,0
49061,1188,0
62858,36,0
93,317,1
67903,884,0
302,253,1
3208,172,1
4529,233,1
76229,327,0
7549,1200,0
104832,1124,0
57242,80,0
84353,411,0
2885,1074,1
21561,248,0
80672,246,0
1366,186,1
88875,1224,0
841,768,1
4083,878,1
1528,69,0
253,71,1
2371,114,1
2544,616,1
2561,13,1
65238,207,0
912,247,1
82552,138,0
2446,352,1
54357,224,0
2018,12,1
2440,503,1
95294,931,0
43668,39,0
101,950,1
16758,3,0
2458,1172,1
54937,171,0
85567,205,0
75051,1,0
1615,581,1
1111,452,1
47022,270,0
104844,125,0
73847,13,0
188,38,1
561,685,1
49744,40,0
80434,1413,0
2440,157,1
25388,110,0
3244,53,1
72943,1396,0
262,58,1
2373,150,1
391,273,1
48598,227,0
88109,39,0
55985,263,0
70658,40,0
1545,128,1
2088,258,1
81293,541,0
47338,394,0
31,172,1
10001,139,0
85103,256,0
5410,894,1
45813,179,0
62985,460,0
76295,170,0
2282,38,1
88087,152,0
1448,9,1
624,389,1
90041,45,0
101517,17,0
65291,97,0
1564,437,1
2126,352,1
3036,171,1
1538,138,1
285,1157,1
1170,1198,0
582,141,1
261,954,1
433,783,1
1197,502,1
54889,111,0
5915,352,0
83617,80,0
49917,1198,0
68488,220,0
87443,0,0
578,172,1
10016,177,0
90594,16,0
453,29,1
74317,186,0
63552,669,0
65,410,1
90710,71,0
48456,243,0
2558,31,1
75659,177,0
2645,119,1
92722,88,0
60164,878,0
388,394,1
58161,858,0
1077,238,1
3297,21,1
1399,501,1
99472,171,0
997,58,1
84613,447,0
3689,180,1
500,431,1
40009,0,0
1455,1207,1
2703,205,1
697,423,1
87912,157,0
578,40,1
62182,29,0
75789,456,0
987,151,1
72858,478,0
69438,621,0
3265,6,1
1737,312,1
99854,438,0
67576,4,0
1695,943,1
52397,4,0
995,50,1
2648,80,1
3344,37,1
37230,994,0
53242,140,0
2784,1198,1
2106,205,1
549,30,1
1075,375,1
73,41,1
63209,1197,0
62304,1296,0
3543,179,1
7642,282,0
1465,233,1
1521,207,1
53626,9,0
910,179,1
68913,8,0
102701,138,0
2395,78,1
100663,33,0
228,225,1
1678,97,1
9701,950,0
1821,217,1
2977,9,0
2228,806,1
76449,109,0
50411,247,0
578,141,1
79453,97,0
59967,175,0
64286,82,0
969,12,1
58277,778,0
99176,269,0
4402,1012,1
90314,9,0
57542,321,0
88808,18,0
94046,82,0
85490,220,0
1957,408,1
1464,237,1
207,57,1
127,429,1
72872,24,0
1644,464,1
63423,109,0
60349,953,0
20,379,1
6178,40,1
49200,884,0
557,770,1
56951,255,0
21993,717,0
17579,337,0
358,1394,1
902,156,1
57579,578,0
66082,76,0
58386,283,0
75883,3,0
68537,394,0
1645,65,0
102285,776,0
80212,12,0
128,256,1
61082,58,0
5433,270,1
3043,1375,1
51757,394,0
105833,18,0
2388,109,1
92390,21,0
502,4,1
105135,776,0
20390,327,0
50358,362,0
76426,546,0
50153,1144,0
71497,259,0
92803,33,0
94785,40,0
94583,4,0
965,169,1
56,58,1
1348,40,1
2522,431,1
68721,91,0
2282,324,1
437,71,1
779,246,1
304,786,1
79607,3,0
96324,424,0
80999,1194,0
48681,45,0
947,961,1
90195,969,0
6170,145,1
5978,24,1
1753,233,1
2165,58,1
56402,36,0
69862,125,0
87731,878,0
15601,39,0
1458,431,1
317,235,1
100050,171,0
2151,1,1
80871,21,0
2451,89,1
64815,1200,0
91385,98,0
912,21,1
90890,686,0
62681,822,0
102202,41,0
61024,1124,0
6004,270,1
1179,4,1
56710,82,0
5720,859,1
575,56,1
67831,97,0
1314,36,1
1031,40,0
156,791,1
72318,1198,0
783,12,1
2412,89,1
53910,31,0
1671,237,1
88648,1198,0
2131,179,1
659,109,1
456,67,1
69287,776,0
101,247,1
2751,78,1
49901,305,0
71720,1073,0
1098,1197,1
1067,175,1
71143,776,0
306,130,1
2626,833,1
69521,107,0
227,883,1
16822,337,0
559,790,1
1033,9,1
4968,1196,1
101,504,1
1490,174,0
72947,1198,0
2558,0,1
10778,111,0
3989,877,1
87367,1199,0
74374,65,0
912,255,1
95129,109,0
915,39,1
85897,44,0
1684,776,1
1332,362,1
54587,206,0
70604,282,0
68549,173,0
1268,0,1
2468,1,1
2812,14,1
317,57,1
47800,954,0
67813,58,0
8232,623,0
22210,252,0
51163,776,0
35,673,1
4479,9,1
932,31,1
1826,5,1
426,193,1
105048,24,0
54347,61,0
71861,621,0
3899,78,1
1615,78,1
82305,29,0
47809,263,0
97147,0,0
184,2,1
90979,41,0
2467,17,1
99715,1200,0
2249,141,1
84595,21,0
3111,220,1
1455,281,1
83685,1366,0
2005,234,1
30,205,1
309,109,1
42,394,1
883,177,1
225,41,1
78627,105,0
4288,474,1
2210,1196,1
49295,16,0
233,73,1
2422,783,1
37701,202,0
1485,17,1
6226,5,1
78289,41,0
1366,0,1
582,776,1
76258,68,0
6996,54,0
52377,47,0
50917,33,0
81632,460,0
12440,61,0
96229,65,0
1618,173,1
66209,820,0
70044,865,0
811,1012,1
262,882,1
2415,18,1
26,649,1
56360,114,0
1448,248,1
2820,568,1
77120,0,0
108,883,1
1543,65,1
97724,1151,0
851,0,1
68092,89,0
1693,170,1
2842,5,1
1717,431,1
48841,1196,0
917,424,1
961,53,1
2987,256,1
80983,57,0
4148,1379,1
52579,256,0
858,363,1
336,425,1
95351,280,0
3236,41,1
91676,13,0
101621,410,0
1009,58,1
83,586,1
96462,149,0
58265,76,0
70750,124,0
2189,1090,1
1537,877,1
69852,996,0
98765,76,0
119,2,1
302,41,1
57389,82,0
480,18,1
1610,995,1
2658,82,1
682,72,1
982,15,1
245,394,1
62191,12,0
95902,1,0
420,1207,1
1452,787,1
3026,621,1
57401,21,0
77796,40,0
53076,107,0
101689,160,0
336,243,1
3057,1012,1
93628,16,0
5349,177,1
82535,305,0
94248,1200,0
5638,431,1
34520,68,0
9469,1197,0
437,255,1
45,9,1
101167,39,0
58016,105,0
2514,16,1
93018,171,0
4655,431,1
1078,58,1
49702,24,0
332,58,1
996,1394,1
16758,954,0
154,13,1
922,37,0
63914,40,0
575,206,1
99261,24,0
44305,364,0
1758,78,1
94219,276,0
35071,47,0
66874,194,0
4362,1200,1
62280,1319,0
140,21,1
4127,0,1
64395,114,0
61718,27,0
99605,57,0
644,114,1
55029,78,0
1932,1272,1
4189,233,1
72331,728,0
86367,78,0
4204,47,0
300,824,1
95614,519,0
98473,1200,0
38253,177,0
187,269,1
1313,41,1
62212,57,0
67718,877,0
89875,1296,0
48954,57,0
70,1394,1
3585,44,1
100470,431,0
1464,158,1
85170,769,0
313,477,1
992,956,1
102417,21,0
47622,217,0
29114,138,0
3759,8,1
784,13,1
3294,776,1
618,124,1
93588,1,0
336,263,1
3543,180,1
92102,109,0
2421,1124,1
76975,69,0
238,600,1
57842,1210,0
55441,39,0
79043,1124,0
72876,220,0
23727,1074,0
59716,177,0
103753,1229,0
73811,6,0
1444,882,1
5921,693,1
22653,220,0
4084,877,1
1797,9,1
870,39,1
1114,468,1
83370,464,0
2170,4,1
5006,13,0
102299,18,0
2821,1200,1
54884,45,0
351,783,1
51511,177,0
1464,160,1
783,9,1
1693,249,1
68719,1394,0
61939,1,0
98939,643,0
320,1023,1
84029,45,0
3139,431,1
383,9,1
423,1203,1
52978,246,0
578,424,1
4105,878,1
30643,45,0
90543,157,0
80197,500,0
90077,235,0
697,1207,1
86229,80,0
88530,0,0
26,800,1
101830,189,0
90152,40,0
62689,45,0
100883,252,0
1017,124,1
6039,1198,1
559,61,1
73941,15,0
1981,105,1
259,214,1
13766,1001,0
97504,1198,0
60920,65,0
1314,71,1
2885,1073,1
79234,394,0
1349,1074,1
1033,202,1
489,305,1
313,125,1
49774,40,0
95295,323,0
392,65,1
95324,930,0
47502,1124,0
1161,776,1
1166,780,1
4322,41,1
1024,45,1
1693,203,1
1535,194,1
97903,171,0
456,246,1
61297,193,0
2997,213,1
57290,882,0
98806,596,0
71074,592,0
423,710,1
14141,0,0
55503,462,0
2740,1073,1
71,158,1
4208,39,1
96216,394,0
6248,9,1
88480,220,0
227,464,1
1982,45,1
2468,258,0
46,92,1
1519,882,1
3639,273,1
3266,82,1
784,859,1
73017,909,0
70100,956,0
55143,964,0
3634,242,1
902,578,1
66818,581,0
46492,173,0
7079,79,0
85,292,1
155,181,1
48522,630,0
188,253,1
74313,339,0
50440,150,0
2017,504,1
80728,152,0
1509,9,1
156,122,1
942,175,1
5931,419,0
87368,1197,0
2914,24,1
70102,150,0
1398,945,1
91421,171,0
56707,61,0
71499,944,0
4306,40,1
227,217,1
2437,456,0
1163,169,1
56,184,1
228,72,1
615,1199,1
68649,158,0
227,41,1
56591,41,0
87436,3,0
2386,196,1
34700,634,0
64805,80,0
1212,633,1
500,13,1
969,621,1
70,329,1
47509,264,0
34734,501,0
91284,0,0
1660,89,1
69477,460,0
12882,821,0
41643,1118,0
1207,255,1
5464,319,1
13462,53,0
2852,284,1
3120,1207,1
68520,65,0
1197,65,1
66707,480,0
76403,9,0
2073,905,1
1205,177,1
2956,225,1
48958,944,0
1255,79,1
2440,504,1
75403,878,0
64666,40,0
2779,1200,1
53584,58,0
368,12,1
1036,386,1
21993,431,0
65348,9,0
64771,660,0
396,214,1
52603,186,0
1560,431,1
71127,110,0
942,392,1
1367,206,1
105350,269,0
61952,394,0
3443,1197,0
5978,859,1
4114,44,1
53319,45,0
5312,1393,1
63318,255,0
73,247,1
102860,91,0
97841,245,0
1973,255,1
99657,654,0
4836,1394,0
54007,1269,0
51898,362,0
49191,284,0
3664,33,1
1631,13,1
1614,394,1
811,429,1
50409,21,0
2530,1,1
91029,956,0
3209,177,1
92391,4,0
1979,98,1
4338,685,1
2449,18,1
46845,928,0
2040,306,1
76,206,1
31,97,1
2568,776,1
1441,109,1
750,643,1
8292,392,0
47831,233,0
69922,431,0
4040,878,1
59180,621,0
5462,15,1
1231,3,1
62535,21,0
99969,61,0
55465,45,0
62433,21,0
6010,1456,1
95660,121,0
2740,529,0
1647,827,1
140,192,1
2002,13,1
59819,989,0
105523,1394,0
2167,488,1
1690,253,1
2544,844,1
288,66,1
61196,1227,0
1272,438,1
76,231,1
8165,17,0
83060,186,0
84676,894,0
89329,89,0
46981,37,0
76728,1017,0
96253,205,0
82451,1198,0
1114,417,1
60362,209,0
100896,150,0
724,157,1
3971,776,1
103637,41,0
937,21,1
157,13,1
127,172,1
51167,195,0
65640,61,0
1097,318,1
82413,44,0
1023,14,0
1609,125,1
96617,58,0
79834,431,0
1074,252,1
54964,21,0
98051,177,0
1035,820,1
54242,13,0
61927,1342,0
94695,45,0
83951,16,0
96,623,0
104724,3,0
3109,1075,1
233,207,1
92986,78,0
50713,1394,0
90068,189,0
65684,961,0
1364,506,1
54909,302,0
6548,303,0
3162,24,1
927,263,1
73961,283,0
21836,1073,0
54869,128,0
91914,156,0
554,206,0
105,3,1
272,1009,1
102108,874,0
73,154,1
32371,256,0
79560,13,0
552,305,1
48787,38,0
3521,39,1
100176,21,0
3333,263,1
101095,97,0
461,64,1
1092,263,1
79155,18,0
4232,878,1
107,218,1
578,171,1
43961,403,0
2609,331,1
853,141,1
1541,64,1
3856,21,0
549,431,1
4085,430,1
3600,1224,1
58279,76,0
975,9,1
58583,671,0
1366,253,1
1477,208,1
10473,89,0
47318,40,0
1423,430,0
95734,339,0
88640,438,0
61,6,1
28153,64,0
17459,157,0
1364,172,1
3993,636,1
81573,112,0
227,885,1
93920,97,0
1981,21,1
85054,1450,0
2175,1194,1
60480,253,0
95895,39,0
910,154,1
48911,910,0
86439,503,0
103947,456,0
91,151,1
1709,403,1
101562,58,0
77289,711,0
74823,878,0
3985,741,1
103590,1198,0
4703,203,1
2554,776,1
96822,38,0
1279,569,0
6136,256,1
1890,39,1
96643,1229,0
101,248,1
292,344,1
92262,305,0
52349,35,0
57238,456,0
81222,460,0
92390,255,0
64134,154,0
2451,269,1
5123,8,0
818,1394,1
64240,0,0
10431,78,0
131,1075,1
6150,6,1
2131,21,1
7566,171,0
548,882,1
3209,263,1
3151,253,1
1671,40,1
69179,16,0
49367,4,0
87229,156,0
1647,15,1
72960,461,0
86013,13,0
101164,139,0
1708,12,1
61672,456,0
422,64,1
4274,317,0
383,961,1
1782,1197,1
92312,15,0
92899,1015,0
208,394,1
96529,431,0
69007,91,0
1637,253,1
2622,109,1
51543,140,0
81297,0,0
62719,0,0
56349,569,0
1676,13,1
78510,40,0
166,500,1
3675,65,1
50229,41,0
5980,486,1
2825,269,1
63788,742,0
6152,256,1
86921,15,0
61679,4,0
1738,4,1
4411,798,1
3902,1176,1
14023,40,0
76861,9,0
3971,177,1
2549,944,1
5717,431,1
87544,171,0
20540,1194,0
12882,776,0
104474,1011,0
57355,882,0
1066,111,1
74574,258,0
1163,245,1
2282,37,1
14736,394,0
4554,9,1
1746,321,0
966,69,1
2953,639,1
49,205,1
360,1194,1
2446,12,1
53395,98,0
2312,124,1
69286,150,0
969,114,1
1288,76,1
87172,170,0
61127,35,0
1636,761,1
5057,1075,1
63108,255,0
5057,793,1
4194,270,1
3615,114,1
66548,621,0
2504,17,1
38411,21,0
4411,304,1
88651,47,0
3173,38,1
42,1200,1
647,344,1
2682,233,1
70357,72,0
1392,1193,1
47034,877,0
3333,950,1
93587,283,0
101,956,1
77452,27,0
89,283,1
100734,114,0
71033,189,0
1039,6,1
7332,458,0
105569,12,0
1491,153,1
942,78,1
67617,41,0
47049,342,0
561,61,1
197,464,1
69827,57,0
4354,36,1
2853,1170,1
3378,954,1
91099,17,0
3109,82,1
2698,502,1
1934,47,1
50000,16,0
4749,1394,1
58368,1257,0
618,814,1
54365,156,0
5566,215,1
618,1394,1
82545,9,0
103265,109,0
60735,463,0
115,1027,1
10555,438,0
561,13,1
567,270,1
577,58,1
3716,877,1
2848,382,1
4386,1210,1
55444,6,0
2146,36,1
48668,1323,0
80795,114,0
752,1258,1
1977,1012,1
1625,394,1
2150,189,0
1539,1224,1
3550,424,1
443,190,1
437,818,1
1615,1226,1
333,109,1
58241,791,0
188,252,1
578,173,1
557,9,1
16734,150,0
4418,388,1
640,643,1
90622,889,0
2656,1200,0
1982,859,1
639,331,1
2986,347,1
93310,1044,0
1159,1207,1
88611,157,0
48253,437,0
94405,33,0
64642,180,0
1442,44,1
6879,247,0
1364,344,1
2434,57,1
4294,0,1
965,149,1
559,40,1
1208,456,1
390,65,1
57709,124,0
52889,13,0
82725,455,0
23975,130,0
61360,24,0
87262,966,0
2725,37,1
2905,37,1
99113,78,0
1161,44,1
376,542,1
96131,89,0
1226,69,1
91426,795,0
855,256,1
83370,955,0
78727,174,0
66825,36,0
286,1207,1
98784,948,0
63161,73,0
98527,97,0
2448,137,1
3954,273,1
70910,1207,0
5561,150,1
1668,546,1
63942,17,0
90045,180,0
1615,39,1
5319,221,1
31,98,1
5044,1207,1
77804,847,0
2786,58,1
101642,1224,0
4504,546,1
1197,44,1
7650,520,0
63648,1197,0
5344,91,1
88053,67,0
68334,221,0
51028,125,0
191,344,1
80474,376,0
56102,175,0
1350,38,1
2416,109,1
70309,965,0
64245,125,0
256,506,1
295,795,1
2549,114,1
56314,35,0
70612,1377,0
496,40,1
1509,0,1
76141,16,0
91557,504,0
78105,73,0
629,27,1
94564,13,0
3655,130,1
81901,859,0
780,98,1
55897,948,0
2444,247,1
1033,31,1
87275,17,0
4081,877,1
82808,778,0
83004,202,0
74801,259,0
68055,171,0
106163,9,0
2799,1193,1
6025,1197,1
1644,859,1
84539,91,0
81783,150,0
227,21,1
104583,255,0
6058,31,1
97211,1199,0
284,234,1
99549,61,0
80322,1308,0
1758,45,1
69018,904,0
306,16,1
140,805,1
49258,44,0
66493,150,0
82267,137,0
141,1433,1
77773,232,0
52371,822,0
3320,21,1
3176,41,1
85420,76,0
93223,686,0
54136,954,0
228,1040,1
71770,1197,0
5720,217,1
82089,953,0
76540,18,0
356,841,1
50691,776,0
2718,431,1
99923,16,0
2597,729,1
1461,57,1
96118,9,0
188,44,1
862,109,1
67387,315,0
134,13,1
462,1207,1
48317,791,0
890,33,1
2175,137,1
64315,486,0
79932,98,0
25577,61,0
56323,803,0
1618,35,1
57606,105,0
1398,41,1
62633,17,0
56880,189,0
142,207,1
2716,91,1
54358,39,0
1812,884,1
6011,1456,1
2506,776,0
2066,456,1
4485,681,0
86502,431,0
97721,217,0
58474,180,0
1030,269,1
2771,24,1
671,109,1
629,795,1
4107,128,1
2046,280,1
236,256,1
72959,71,0
97590,504,0
63487,153,0
760,262,1
3010,97,1
50794,255,0
26679,321,0
48706,111,0
75138,205,0
2381,784,1
5057,791,1
437,790,1
1620,3,1
70698,74,0
77666,79,0
74444,67,0
18306,614,0
2131,58,1
4809,1193,1
100240,1198,0
92,942,1
992,12,1
76318,98,0
78265,114,0
67292,44,0
1604,431,1
1336,256,1
59576,128,0
1758,125,1
894,205,1
49941,1207,0
884,9,1
176,1413,1
3272,145,1
85,403,1
69155,244,0
89836,76,0
101581,3,0
5818,150,1
84142,61,0
86656,21,0
1647,584,1
54288,9,0
157,246,1
87322,1197,0
29937,225,0
77494,1394,0
1487,315,1
1456,776,1
76143,128,0
30367,98,0
2124,1207,0
80330,283,0
10665,98,0
55940,97,0
238,41,1
13519,40,0
68704,45,0
5309,40,1
1622,468,1
1478,776,1
57710,39,0
3627,41,1
67134,21,0
73028,246,0
552,546,1
73549,460,0
97399,207,0
177,29,1
53049,89,0
87633,429,0
99377,487,0
64788,89,0
1312,1012,0
56,171,1
106257,76,0
2853,6,1
3026,593,1
575,946,1
25598,98,0
72828,1224,0
557,1012,1
57484,955,0
5057,172,1
58480,844,0
16648,21,0
1426,13,1
1501,68,1
88381,47,0
62454,45,0
987,247,1
58051,281,0
60842,1226,0
54913,1210,0
77705,431,0
2924,1197,1
52758,41,0
262,171,1
70494,263,0
58327,57,0
103108,431,0
238,13,1
1009,466,1
82956,319,0
39768,68,0
89406,21,0
60963,234,0
14736,403,0
70356,89,0
1228,9,1
586,89,1
437,58,1
818,44,1
101130,468,0
293,1124,1
2440,156,1
930,41,1
5968,13,1
249,78,1
1365,61,1
73317,455,0
81825,561,0
2086,217,1
39952,992,0
54,40,1
4991,1196,1
1120,420,0
246,776,1
83,58,1
69034,9,0
2311,58,1
1592,21,1
70008,40,0
52402,206,0
101078,27,0
3200,590,1
105209,17,0
1631,1007,1
53760,39,0
62154,582,0
55310,538,0
92325,1198,0
68427,18,0
1500,39,1
56539,41,0
4247,41,1
3587,39,1
50105,252,0
74955,21,0
9555,153,0
1029,41,1
480,1198,1
92049,47,0
84568,3,0
2115,171,1
54274,434,0
79667,100,0
1798,57,1
1615,30,1
5264,477,1
1939,1198,1
99539,130,0
266,449,1
5274,4,1
1533,522,1
80968,41,0
25718,442,0
2217,423,1
36710,246,0
2702,882,1
94371,58,0
135,129,1
5448,502,0
81752,124,0
3270,477,0
256,38,1
78144,76,0
37799,458,0
54209,91,0
61278,13,0
85783,18,0
78011,1210,0
92867,44,0
7,15,1
62817,1458,0
1205,351,1
71035,129,0
1902,458,1
1289,1478,0
101221,641,0
1399,283,1
35630,245,0
945,175,1
190,38,1
100798,80,0
1333,308,1
60569,394,0
101104,1197,0
49850,58,0
75087,179,0
49810,621,0
2440,67,1
85120,394,0
629,456,1
781,673,1
550,913,1
58730,80,0
78812,186,0
197,41,1
580,27,1
78612,13,0
60603,479,0
5914,394,1
39582,1197,0
57890,13,0
2381,269,1
92517,670,0
233,538,1
1690,728,1
2194,217,1
100968,33,0
4740,41,1
80447,394,0
2825,137,1
3443,78,1
84945,1200,0
58,1023,1
4869,205,0
87862,246,0
72713,207,0
89461,661,0
724,37,1
618,12,1
75715,80,0
3883,39,0
23777,882,0
547,39,1
1367,504,1
938,37,1
1087,363,1
786,256,1
5913,920,1
74537,394,0
2713,21,1
62531,394,0
3108,364,1
317,98,1
64725,256,0
52203,1296,0
75646,217,0
1288,235,1
679,233,1
304,76,1
51541,66,0
1914,8,1
55731,776,0
10666,245,0
4314,214,1
56872,347,0
3864,155,0
55674,97,0
134,1435,1
4460,138,1
1249,151,1
96463,362,0
94184,67,0
102354,319,0
47096,39,0
1810,38,1
3391,844,1
138,35,1
44584,730,0
83735,33,0
92061,158,0
586,877,1
72048,631,0
559,283,1
50654,1227,0
1275,41,1
49085,283,0
5933,109,0
100595,194,0
376,21,1
94536,13,0
54583,18,0
80424,82,0
5461,182,1
26586,246,0
68606,1289,0
72959,38,0
85558,4,0
61,45,1
75472,109,0
102261,429,0
25535,225,0
68942,21,0
338,124,1
88166,191,0
40043,1207,0
12426,673,0
3616,39,1
670,109,1
4288,1396,1
26,394,1
49054,1207,0
47965,114,0
82033,177,0
26,961,1
62347,464,0
85593,394,0
99374,942,0
527,431,1
5977,175,1
78643,13,0
4015,98,1
3500,47,1
48842,776,0
65,465,1
78516,431,0
92428,125,0
1968,175,1
2364,37,1
54304,621,0
86090,8,0
66174,61,0
1045,44,1
5720,57,1
71737,434,0
61582,57,0
62902,35,0
15502,109,0
313,973,1
98847,877,0
47113,844,0
3536,40,1
78994,1,0
77733,151,0
54793,776,0
284,44,1
102899,169,0
2022,913,1
82554,53,0
222,229,1
56308,546,0
3154,1,1
2530,822,1
100113,44,0
75382,776,0
3955,996,1
76809,283,0
26,1280,1
4228,776,1
89222,776,0
1517,598,1
2629,17,1
94344,882,0
60839,1,0
1403,105,1
47011,109,0
128,252,1
53036,1218,0
78870,284,0
51720,1252,0
63482,9,0
83283,65,0
365,98,1
898,36,1
56332,87,0
1349,150,1
64500,37,0
14173,263,0
1348,158,1
1352,685,1
3336,89,1
306,92,1
1911,1305,1
74257,91,0
1465,41,1
88273,57,0
18,283,1
62262,109,0
1235,394,1
1642,109,1
683,394,1
245,66,1
73586,39,0
3026,776,1
66883,21,0
108,12,1
21607,248,0
6216,170,1
1517,0,1
1488,79,1
2475,364,1
4345,114,1
104516,18,0
222,65,1
97966,248,0
1760,179,1
3422,78,1
5978,0,1
312,21,1
68086,82,0
1078,64,1
124,1200,1
102422,318,0
552,118,1
2630,480,1
950,281,1
58515,9,0
97957,1124,0
357,1210,1
8438,1194,0
7941,733,0
3563,948,1
864,424,0
105912,9,0
106385,430,0
61730,1198,0
327,671,1
1508,1124,1
1461,424,1
2544,458,1
6012,318,1
46228,89,0
87108,109,0
172,221,1
53,58,1
2820,141,1
81940,57,0
80,78,1
456,1245,1
1384,319,1
58253,31,0
7478,431,0
2433,1122,1
2998,431,1
69307,109,0
1035,367,1
1796,21,1
77874,36,0
95828,466,0
88514,233,0
90062,9,0
1644,13,1
3162,12,1
47134,882,0
4658,74,0
2848,238,1
10219,196,0
31,114,1
22738,1076,0
960,53,1
96227,45,0
358,282,1
4669,408,1
60538,3,0
855,281,1
89959,305,0
2770,114,1
106302,917,0
51719,776,0
371,87,1
1035,821,1
3279,233,1
1477,449,1
377,21,1
70509,885,0
256,33,1
1406,109,1
1484,1369,1
76792,18,0
1517,344,1
96313,203,0
3475,114,1
4116,9,1
889,58,1
42840,139,0
5311,1198,1
100073,174,0
1081,770,1
261,39,1
64998,1378,0
95302,76,0
22023,73,0
105309,58,0
63,362,1
80106,0,0
85980,506,0
81382,859,0
73262,111,0
2078,776,1
1812,68,1
577,57,1
72135,39,0
88908,4,0
791,529,0
213,6,1
2519,203,1
1637,776,1
99094,394,0
96865,17,0
105438,203,0
46034,206,0
83238,776,0
38351,245,0
71,38,1
755,438,1
42288,87,0
59220,217,0
5978,568,1
86807,98,0
3340,1,1
92,180,1
841,140,1
76289,13,0
10394,1394,0
98169,255,0
414,158,1
352,1198,1
966,98,1
2379,24,1
5951,37,1
86497,424,0
207,288,1
25,282,1
187,239,1
12077,391,0
2645,118,1
1306,13,1
87101,673,0
950,555,1
1791,941,1
591,154,1
30,206,1
99214,114,0
26605,458,0
3876,15,1
2018,76,1
1407,3,1
92800,1197,0
1161,36,1
72121,202,0
1098,21,1
2485,196,1
103601,297,0
5672,256,1
1843,89,1
101,941,1
105656,331,0
47190,352,0
313,114,1
59985,21,0
2374,227,1
74503,114,0
262,9,1
78313,248,0
75018,39,0
83499,202,0
53,177,1
1350,180,1
55061,282,0
71830,61,0
363,480,1
137,883,1
74479,258,0
86160,69,0
1878,256,1
85321,16,0
90358,1,0
1637,68,1
75554,424,0
2293,98,1
365,37,1
73974,111,0
1336,124,1
2911,1318,1
48881,206,0
69638,431,0
84444,1258,0
60167,1470,0
101395,111,0
227,252,1
17194,21,0
38,45,1
167,1198,1
365,38,1
1022,79,1
65965,33,0
2440,57,1
74744,403,0
63845,1303,0
74705,129,0
84304,954,0
81789,12,0
377,761,1
313,351,1
4982,1296,1
177,562,1
3692,129,1
1089,1441,1
4684,21,0
911,58,1
1797,21,1
66894,1196,0
81286,109,0
1615,1241,1
40717,13,0
15436,1252,0
101844,6,0
1742,74,1
884,502,1
83734,58,0
675,920,1
1243,473,1
103380,39,0
979,137,0
896,910,1
78771,911,0
92443,39,0
102385,40,0
557,54,1
64965,1007,0
6059,449,1
5988,1467,1
304,14,1
61,194,1
1631,21,1
51005,80,0
56556,1200,0
63813,37,0
54885,21,0
1636,76,1
66799,304,0
2461,803,1
97102,57,0
21,40,1
327,9,1
320,124,1
2544,1198,1
5025,1193,1
3406,41,1
46206,69,0
54733,9,0
134,97,1
76105,1394,0
5179,4,1
3281,97,1
1872,233,1
95384,71,0
977,39,1
917,177,1
1618,41,1
36787,376,0
1971,72,1
47159,1285,0
98608,431,0
104293,510,0
104635,41,0
4988,54,0
103094,190,0
1175,344,1
2045,71,1
1630,41,1
2440,73,1
477,203,1
473,1339,1
1221,24,1
28943,247,0
328,41,1
2412,431,1
4448,394,1
53106,776,0
1420,3,1
157,654,1
188,615,1
91913,1456,0
915,1197,1
86097,5,0
729,1145,1
82488,620,0
282,251,1
4936,1198,1
19109,61,0
2524,480,1
1366,41,1
1465,40,1
917,445,1
84891,1411,0
128,44,1
12772,139,0
1366,21,1
60310,1124,0
100139,1038,0
2732,114,1
55209,44,0
66433,44,0
13030,468,0
875,458,1
2543,64,1
565,315,1
105517,61,0
68370,776,0
48491,392,0
105876,61,0
103907,253,0
3694,394,1
1921,41,1
52128,82,0
51291,40,0
52781,84,0
71412,1198,0
62534,620,0
100,429,1
61698,0,0
6362,35,0
102717,9,0
100469,351,0
89547,213,0
9855,72,0
115,98,1
9717,114,0
31,217,1
55861,520,0
1636,282,1
3478,35,1
559,36,1
89368,40,0
1426,283,1
3032,9,1
2817,41,1
2529,170,0
927,21,1
1820,233,1
82823,220,0
2215,21,1
1235,784,1
3036,21,1
57247,481,0
2671,456,1
76473,0,0
3101,21,1
4332,40,1
92442,650,0
2713,339,0
890,252,1
76375,24,0
57900,478,0
5978,124,1
927,45,1
917,21,1
3931,309,1
48557,21,0
4560,40,1
2554,541,1
148,4,1
91864,234,0
1619,256,0
73632,256,0
67719,344,0
320,434,1
3482,40,1
87026,5,0
99872,408,0
60623,15,0
63541,1366,0
79984,1012,0
1539,107,1
549,220,1
376,199,1
2057,776,1
336,89,1
2908,170,1
86776,252,0
81903,504,0
583,955,1
89,37,1
13787,205,0
82595,189,0
2097,12,1
65498,394,0
2900,945,0
2652,13,1
69875,196,0
73521,249,0
486,1207,1
83292,41,0
57,1221,1
724,263,1
72562,744,0
256,1199,1
82482,9,0
177,220,1
97030,41,0
106347,270,0
1713,1197,1
74401,177,0
2126,1394,1
5038,1198,1
58389,68,0
84113,388,0
4280,194,1
5610,100,1
3045,84,1
98257,12,0
103268,89,0
163,953,1
95254,248,0
2762,114,1
796,84,1
66574,248,0
2374,145,1
403,1196,1
2512,1196,1
924,36,1
36535,103,0
934,174,1
1528,394,1
188,884,1
53630,8,0
1099,109,1
70972,141,0
1560,13,1
1455,1,1
101941,431,0
63453,598,0
1891,40,0
97465,21,0
2823,44,1
57175,431,0
3527,78,1
61513,283,0
1695,949,1
94317,220,0
163,82,1
95536,57,0
2619,1034,1
149,1222,1
1733,78,1
2440,72,1
74112,154,0
5762,1086,1
1111,583,1
100098,40,0
2468,1210,1
1655,109,1
94112,18,0
415,141,1
81085,616,0
561,91,1
1401,180,1
88588,45,0
61,926,1
74695,431,0
57,1275,1
5944,9,1
82610,251,0
681,160,1
500,583,1
77996,220,0
101479,89,0
1401,150,1
576,367,1
91675,951,0
28147,282,0
100300,351,0
66791,203,0
74756,619,0
1090,878,1
213,1227,1
61530,231,0
92732,776,0
49581,1456,0
47202,791,0
1455,431,1
177,170,1
81328,918,0
212,24,1
6539,214,0
1368,253,1
100964,944,0
56024,57,0
75473,945,0
56539,246,0
61176,621,0
63765,281,0
48718,149,0
83772,84,0
4291,40,1
21605,321,0
2956,0,1
21320,1394,0
61,363,1
81595,186,0
56298,67,0
923,233,1
1491,155,1
28095,468,0
80722,13,0
75718,783,0
247,170,1
26587,21,0
53351,21,0
51497,3,0
652,109,1
22365,21,0
91826,4,0
2373,61,1
89435,40,0
155,877,1
12855,431,0
555,661,1
79494,9,0
2088,657,1
104281,78,0
97809,109,0
75998,40,0
1798,21,1
96605,21,0
4093,878,1
61308,1198,0
5805,4,1
72314,808,0
542,39,1
60152,158,0
2608,367,1
1038,6,1
63452,282,0
91442,431,0
26,149,1
81538,64,0
74270,190,0
52463,946,0
93015,12,0
102690,449,0
115,217,1
1070,41,1
1555,344,1
1666,39,1
1610,462,1
57185,172,0
88536,438,0
98805,177,0
4163,878,1
77358,363,0
2196,40,1
1304,16,1
91467,21,0
77686,177,0
48867,1207,0
104461,65,0
58267,1122,0
63528,1198,0
104,5,1
180,47,1
306,1085,1
5919,394,1
61065,304,0
24705,403,0
23,454,1
9116,974,0
2911,1316,1
2510,1396,1
101,953,1
50571,456,0
80244,504,0
5301,57,1
31585,33,0
4130,80,1
965,474,1
42,17,1
68806,47,0
375,364,1
82741,686,0
5524,15,1
53746,431,0
1196,1,1
51920,24,0
69383,98,0
162,1202,1
100869,80,0
55518,1244,0
103481,58,0
53,67,1
83650,270,0
78190,157,0
58424,17,0
67067,44,0
43211,504,0
1937,798,1
66403,1365,0
49283,82,0
104990,191,0
94642,171,0
60668,76,0
1009,882,1
62677,229,0
51665,58,0
1530,68,1
48689,114,0
88439,9,0
73426,1198,0
29245,1147,0
1407,15,1
1010,12,1
227,506,1
18032,911,0
1755,111,1
1618,504,1
11309,736,0
85694,282,0
61012,423,0
73914,587,0
69270,49,0
92591,152,0
302,156,1
874,828,0
1401,1199,1
6165,632,1
112,3,1
97057,28,0
103916,4,0
50,1194,1
51321,44,0
42721,28,0
106195,1336,0
379,41,1
82702,91,0
82193,1073,0
69277,776,0
49,91,1
55958,518,0
104,1207,1
1657,394,1
3221,1198,1
2319,2,1
49941,1198,0
101,911,1
56432,292,0
1953,40,0
1367,305,1
1063,205,1
94726,282,0
1362,89,1
1063,58,1
95371,283,0
437,504,1
10321,74,0
387,247,1
67349,835,0
1403,13,1
2902,308,1
92276,5,0
1691,621,1
47010,429,0
57535,403,0
96156,344,0
998,1224,1
83,98,1
1224,138,1
391,196,1
31164,150,0
2480,184,1
12705,376,0
84078,259,0
2997,852,1
71723,256,0
51644,105,0
2439,98,1
53847,252,0
1753,673,1
1463,841,1
285,58,1
83420,1252,0
85204,1124,0
4193,97,1
48677,394,0
150,128,1
262,40,1
73310,256,0
1691,1075,1
139,105,1
90697,57,0
67142,1122,0
1399,67,1
360,41,1
352,486,0
3075,541,1
2471,58,1
94704,13,0
1643,18,1
412,1223,1
437,177,1
78522,124,0
17443,72,0
1685,21,0
10837,795,0
88733,878,0
81101,72,0
1005,249,1
66541,394,0
90368,68,0
288,65,1
4520,230,1
92,37,1
79122,256,0
1090,21,1
3099,6,1
2993,847,1
39,41,0
84624,0,0
3848,61,1
103708,217,0
2544,460,1
1521,540,1
4400,460,1
1791,283,1
55976,224,0
4779,1197,1
173,381,1
108,621,1
66735,128,0
724,770,1
330,80,1
93183,327,0
25559,403,0
3612,431,1
82100,175,0
56939,175,0
1472,256,1
4315,89,1
86052,300,0
84002,454,0
100207,258,0
67745,441,0
94684,177,0
3587,54,1
95007,170,0
63896,87,0
97230,173,0
76102,282,0
83172,424,0
78433,269,0
636,80,1
1604,145,1
1797,58,1
89632,394,0
76737,456,0
30,283,1
91891,333,0
65665,456,0
96711,21,0
75686,16,0
101879,352,0
968,13,1
76,909,1
51056,220,0
226,431,1
3057,24,1
76676,12,0
1188,91,1
88816,401,0
88447,111,0
266,160,1
4999,44,1
1229,29,0
2481,1311,1
2122,795,1
83,1073,1
1789,57,1
4802,318,1
2468,381,1
924,352,1
75074,13,0
2476,543,1
88435,21,0
2627,138,1
2608,41,1
47785,739,0
2822,33,1
73972,1197,0
313,227,1
102304,1074,0
1130,543,1
85926,24,0
2766,45,1
65421,37,0
2956,6,1
24084,1199,0
125,13,1
587,282,1
78476,109,0
85,36,1
2706,114,1
91126,5,0
61011,44,0
1956,1,1
4031,878,1
302,155,1
5671,1456,1
2005,245,1
2412,256,1
64034,593,0
56390,407,0
87637,1356,0
62085,693,0
1678,791,1
156,97,1
104,205,1
51418,877,0
902,40,1
27180,521,0
47732,124,0
1,614,1
188,234,1
912,1226,1
65828,78,0
50540,179,0
4294,910,1
924,776,1
154,252,1
3095,15,1
94190,733,0
66856,186,0
104653,49,0
1033,29,1
5323,24,1
894,177,1
69332,35,0
3022,124,1
2213,150,1
67051,73,0
104528,1,0
4886,1197,1
2594,783,1
2698,69,1
3061,91,1
559,621,1
66966,948,0
1205,245,1
90667,177,0
1399,937,1
234,828,1
84878,376,0
57659,74,0
4286,661,1
4642,1186,1
79086,394,0
69298,41,0
49067,79,0
4258,344,1
163,943,1
17998,169,0
87783,98,0
52903,206,0
62019,13,0
902,1007,1
64813,316,0
1035,374,1
1674,114,1
69596,460,0
3120,1124,1
50064,1202,0
74275,321,0
9876,97,0
5225,1197,1
1367,69,1
67466,460,0
97879,6,0
55684,305,0
52264,232,0
5362,0,1
729,529,1
68337,40,0
911,172,1
61850,35,0
1374,87,1
4897,1224,1
91260,541,0
3187,91,1
75447,962,0
57497,306,0
1584,145,1
1896,1224,1
2844,194,1
1067,194,1
70142,16,0
69087,431,0
62805,12,0
16769,24,0
62355,138,0
69238,882,0
587,21,1
5009,1210,1
1350,97,1
68373,1,0
183,21,1
890,217,1
412,40,0
77612,776,0
3675,1207,1
72771,139,0
103435,391,0
2885,892,1
89225,196,0
65226,29,0
618,400,1
108,884,1
53213,173,0
3122,44,1
828,529,1
47051,1194,0
94350,394,0
23,214,1
90779,61,0
2034,693,1
62425,248,0
336,21,1
80237,39,0
64146,6,0
105607,21,0
55360,17,0
61,181,1
56913,817,0
5057,153,1
3497,114,1
75309,1207,0
2251,1196,1
2373,80,1
2027,1196,1
56850,208,0
5620,45,0
82287,40,0
89889,1210,0
272,229,1
96057,33,0
222,1277,1
2675,878,1
1941,9,1
188,859,1
55193,4,0
66698,946,0
256,24,1
586,419,1
88697,92,0
1445,352,1
10960,78,0
1300,53,1
87178,276,0
909,646,1
25,231,1
77363,715,0
249,6,1
87271,21,0
2574,64,1
2525,45,1
80214,394,0
1414,776,1
28873,65,0
86824,78,0
72034,172,0
53058,283,0
54802,89,0
102303,39,0
49393,884,0
267,139,1
2382,256,1
64617,18,0
52740,47,0
2519,12,1
26,175,1
724,12,1
34773,8,0
233,57,1
54440,35,0
86775,884,0
82517,431,0
68681,431,0
9402,621,0
55748,776,0
72465,615,0
7958,207,0
83381,1280,0
1742,9,1
36006,150,0
915,40,1
98308,560,0
66241,1456,0
3066,89,1
101254,431,0
593,13,1
5322,21,1
94566,344,0
86347,1196,0
5765,253,1
71142,177,0
2194,58,1
62789,1017,0
68616,160,0
57661,44,0
262,154,1
48561,98,0
50051,65,0
1690,44,1
336,1405,1
346,89,1
88516,305,0
14525,1198,0
71975,208,0
77661,859,0
726,80,1
127,12,1
1491,114,1
2644,431,1
313,1264,1
96430,252,0
47990,109,0
89063,39,0
73772,4,0
5908,394,1
934,836,1
75285,1439,0
1965,506,0
944,172,1
37444,21,0
172,269,1
1661,207,1
93048,429,0
1631,45,1
99184,220,0
300,244,1
52967,205,0
103,3,1
82969,180,0
527,305,1
52462,1197,0
96995,21,0
3386,520,0
49,206,1
79430,8,0
4559,39,1
67029,859,0
3064,38,1
7059,337,0
55128,105,0
3398,431,1
66658,207,0
1760,282,1
92,38,1
1288,21,1
4175,45,1
4552,6,1
811,40,1
55629,69,0
302,39,1
1844,118,1
80340,1194,0
80502,882,0
81240,33,0
220,984,1
95082,220,0
921,37,1
57576,57,0
1253,35,1
924,206,1
1298,24,1
2549,9,1
77352,160,0
4616,394,1
1671,0,1
3442,394,1
1864,138,1
313,44,1
5620,1482,1
1349,21,1
2461,1473,1
25804,74,0
484,1194,1
1739,97,1
78984,179,0
948,64,1
722,21,1
4655,220,0
231,6,1
300,85,1
249,965,1
5908,58,0
1651,36,1
41508,21,0
69229,1207,0
1768,57,1
2908,776,1
92159,17,0
76,0,1
1461,40,1
96863,671,0
2518,269,1
81302,122,0
233,71,1
3563,21,1
97165,462,0
2675,1176,0
383,40,1
1465,424,1
103511,0,0
1356,431,1
1615,733,1
3064,54,1
92094,500,0
93820,1124,0
944,24,1
63502,1396,0
60565,205,0
1432,12,1
56217,29,0
898,593,1
86549,252,0
6047,841,1
7805,671,0
1851,41,1
1072,47,1
2554,1253,1
176,109,1
14929,247,0
378,98,1
2997,1307,1
225,69,1
2615,305,1
96408,878,0
97095,480,0
102947,878,0
54327,943,0
60823,931,0
53,245,1
2007,47,1
2991,458,1
1912,24,1
74482,174,0
85502,551,0
18012,2,0
90979,1025,0
11,394,1
5080,80,1
68174,78,0
212,431,1
4413,431,1
65127,40,0
77191,693,0
15198,283,0
90452,1197,0
370,1123,1
1349,4,1
67321,0,0
81608,220,0
64089,249,0
58227,1073,0
79756,149,0
21565,2,0
28088,13,0
102706,362,0
20054,456,0
82875,220,0
3927,1245,0
75056,431,0
56583,944,0
2558,45,0
1263,379,1
12244,783,0
98635,284,0
48701,1,0
3456,78,1
13777,392,0
48819,44,0
91526,13,0
82247,729,0
78946,231,0
10,39,1
10623,248,0
103330,35,0
3703,894,1
172,318,1
4761,431,1
2875,138,1
62422,13,0
99060,44,0
99727,37,0
559,217,1
1336,592,1
83,283,1
63441,880,0
72627,53,0
73551,621,0
416,1207,1
10,621,1
7959,207,0
10750,1210,0
83415,128,0
675,65,1
54,352,1
96375,897,0
63729,363,0
2364,13,1
31429,1207,0
74498,58,0
63520,9,0
54647,1194,0
1465,283,1
75436,3,0
50989,27,0
1363,205,1
2826,40,1
85851,39,0
75633,12,0
46868,12,0
72660,886,0
84237,881,0
51821,150,0
634,798,1
78217,1124,0
1718,233,1
98146,321,0
7873,12,0
2348,315,1
63868,1390,0
3567,321,1
618,129,1
2005,105,1
97620,36,0
2089,189,1
1122,321,1
1298,431,1
14352,447,0
95199,859,0
747,57,1
79549,1400,0
89409,114,0
76861,44,0
83514,1303,0
724,1458,1
90294,6,0
65654,337,0
59726,37,0
3050,3,1
61479,761,0
5217,1198,1
473,15,1
48433,270,0
55708,177,0
84376,189,0
2274,9,1
4763,84,1
63181,170,0
99907,220,0
4486,352,1
200,361,1
70668,318,0
85266,58,0
36768,21,0
55,47,1
4296,233,1
79300,105,0
101092,463,0
1068,175,1
83798,253,0
312,0,1
105053,1207,0
90976,639,0
5448,877,1
10446,0,0
99255,61,0
3333,73,1
61554,9,0
253,157,1
2412,39,1
47248,942,0
641,194,1
65350,283,0
82600,40,0
26,972,1
108,61,1
58670,24,0
48,21,1
65417,1207,0
3243,6,1
8431,80,0
1768,179,1
66820,98,0
306,1172,1
1345,892,1
4875,1198,1
345,783,1
1414,13,1
60584,256,0
312,91,1
2126,89,1
1755,198,1
2618,1197,1
96124,502,0
618,928,1
1517,1198,1
6640,269,0
1197,501,1
6022,140,1
917,69,1
100761,426,0
90314,1210,0
17135,1394,0
9599,69,0
3926,232,1
96851,78,0
56032,114,0
54824,80,0
1794,45,1
3367,424,1
46400,114,0
9642,477,0
51316,183,0
1467,403,1
541,436,1
4024,12,0
96786,740,0
2559,151,1
56363,458,0
3064,56,1
48301,1124,0
225,39,1
75540,821,0
101604,149,0
2755,9,1
11081,375,0
155,662,1
58081,1207,0
53396,615,0
68256,877,0
898,150,1
86677,13,0
912,124,1
92302,394,0
3890,430,1
2453,61,1
71986,252,0
3056,39,1
92828,431,0
351,361,1
6394,41,0
49979,1197,0
456,74,1
8824,615,0
3294,0,1
73337,376,0
2440,984,1
4135,1233,1
25587,985,0
910,288,1
81426,776,0
4293,1411,1
2045,97,1
88681,116,0
197,39,1
89665,114,0
55672,259,0
29897,1198,0
89684,248,0
888,249,1
50834,29,0
7162,481,0
35823,1210,0
57061,885,0
1939,394,1
96944,1124,0
18521,252,0
54683,485,0
49,253,1
5137,1210,1
80074,283,0
3206,488,1
1990,431,1
68316,80,0
90909,217,0
131,78,1
102536,40,0
5978,351,1
97564,98,0
64911,584,0
87665,423,0
84450,17,0
48879,196,0
68165,72,0
59692,29,0
177,15,1
284,21,1
45436,15,0
1910,351,1
47765,452,0
3876,1252,1
103610,44,0
1631,1098,1
98833,89,0
93268,429,0
253,89,1
1914,375,1
35416,184,0
3600,1185,1
62781,171,0
76,217,1
1062,138,1
1298,179,1
629,1323,1
57169,45,0
66782,308,0
102991,1194,0
987,882,1
480,402,1
49052,1412,0
15436,431,0
78783,9,0
2602,1229,1
2945,1196,1
75696,152,0
567,269,1
47269,13,0
1546,151,0
288,4,1
47127,394,0
70847,91,0
49205,206,0
2826,0,1
54,44,1
557,403,1
66629,39,0
2989,66,1
81947,18,0
12,170,1
249,995,1
70604,125,0
1398,179,1
365,44,1
60943,941,0
2848,381,1
7808,1194,0
48567,0,0
1208,150,1
63442,1207,0
92142,84,0
362,472,1
2804,180,1
2412,259,1
90332,40,0
67642,1,0
114,45,1
88614,195,0
3265,111,1
83,150,1
351,546,1
50867,263,0
1305,8,1
59774,128,0
896,456,1
98411,37,0
5768,333,1
7048,186,0
2549,956,1
49373,340,0
969,76,1
302,74,1
65008,253,0
19173,331,0
4384,1224,1
85,40,1
437,234,1
954,681,1
100447,256,0
545,316,1
23100,685,0
1530,114,1
97752,12,0
69991,502,0
285,347,1
23,646,1
73504,31,0
5057,150,1
567,1197,1
101653,3,0
29043,47,0
78647,150,0
809,125,1
30454,40,0
94951,4,0
987,510,1
1647,175,1
1095,45,1
226,243,0
3360,19,1
48991,149,0
893,21,1
49325,1198,0
84382,40,0
2053,1456,0
559,252,1
54431,315,0
98798,1236,0
5016,961,1
47512,1224,0
552,1222,1
104896,35,0
99028,341,0
1445,245,1
848,926,1
5350,288,1
49604,53,0
68447,0,0
13627,214,0
56737,200,0
16197,1197,0
49336,12,0
18590,139,0
86020,105,0
1387,6,1
39210,438,0
83,13,1
995,44,1
4840,1236,1
281,407,1
852,776,1
79182,795,0
4592,169,1
55316,557,0
81398,951,0
3528,124,1
2439,207,1
60570,97,0
57992,172,0
96323,1344,0
72019,58,0
18,177,1
2305,13,1
1616,105,1
1650,13,1
1365,282,1
102287,784,0
5271,6,1
1322,13,1
188,1196,1
262,504,1
2096,48,1
62802,217,0
75,1012,1
80717,38,0
83,0,1
7577,180,0
4366,394,1
2550,84,1
6724,193,0
105439,1197,0
45207,282,0
144,47,1
1306,776,0
86440,21,0
346,1257,1
83604,458,0
74536,463,0
3204,18,1
3124,464,1
281,65,1
61715,150,0
98574,394,0
2430,37,1
89403,913,0
66873,29,0
53790,41,0
2820,12,1
84753,54,0
79242,531,0
80726,33,0
49425,3,0
5640,822,1
102504,41,0
64,109,1
53924,9,0
3174,12,1
100449,950,0
100176,1,0
102452,0,0
69,29,1
144,1124,1
59578,207,0
63299,0,0
1530,464,1
2549,73,1
3149,9,1
2201,17,1
327,504,1
97782,520,0
1107,673,1
114,57,1
3482,41,1
2682,89,1
1442,61,1
4116,180,1
262,72,1
96608,40,0
75248,41,0
3378,944,1
83123,177,0
1616,91,1
105851,29,0
61232,105,0
869,45,1
2885,945,1
5943,394,1
5562,41,1
138,288,1
96610,1193,0
50060,17,0
20605,245,0
65,78,1
5955,376,1
67514,1197,0
53,154,1
78595,431,0
4316,431,1
92101,122,0
33389,33,0
1033,394,1
84440,739,0
68369,24,0
2554,1194,1
1268,21,1
62820,480,0
127,68,1
1565,61,1
2364,246,1
48922,160,0
4177,248,1
87251,1210,0
1427,434,1
641,418,1
55909,79,0
2844,175,1
63581,72,0
5389,518,1
2788,205,1
1120,111,1
89109,281,0
50681,65,0
1416,80,1
77254,1005,0
92502,776,0
5720,37,1
81,112,1
90072,194,0
101491,118,0
1887,776,1
262,71,1
498,281,1
49174,581,0
99564,84,0
1354,41,1
23103,1073,0
66971,57,0
50534,207,0
2313,220,1
78432,205,0
680,58,1
300,408,1
57321,125,0
80299,17,0
52832,109,0
90446,150,0
884,0,1
66922,961,0
54974,1207,0
1365,283,1
136,800,1
3982,616,1
92329,58,0
47164,233,0
5047,1197,1
45,76,1
53857,39,0
97610,82,0
70884,9,0
76,189,1
327,401,1
1349,1073,1
1117,192,1
1401,592,1
88312,237,0
205,84,1
366,739,1
220,44,1
93850,47,0
71908,160,0
53436,284,0
2403,194,1
934,151,1
1693,39,0
188,776,1
2119,129,1
71121,258,0
4880,67,0
2539,1207,1
70601,13,0
74324,661,0
1136,119,1
85577,150,0
262,98,1
100597,88,0
1031,1197,1
104860,351,0
127,776,1
253,67,1
99912,73,0
60980,39,0
71321,1198,0
2971,69,1
10503,247,0
3480,464,1
233,13,1
3223,456,1
93,460,1
73578,150,0
3578,12,1
92260,456,0
445,1394,1
124,74,1
53596,45,0
9484,220,0
73295,431,0
780,36,1
2605,1010,1
82695,1224,0
4159,636,1
1366,12,1
346,33,1
50026,36,0
55777,542,0
1937,1124,1
76010,324,0
111,177,1
71665,21,0
1354,40,1
4852,1031,1
4586,1032,1
1401,57,1
3151,39,1
2645,458,1
95466,788,0
46943,487,0
58318,35,0
75160,36,0
2412,391,1
2933,878,0
21049,468,0
93469,1,0
1348,61,1
1676,44,1
52920,15,0
3312,9,0
3473,1309,0
589,45,1
79639,114,0
1826,1207,1
7330,681,0
419,21,1
100515,6,0
76138,773,0
5057,57,1
102536,39,0
47683,0,0
32,880,1
3208,173,1
47263,616,0
60199,518,0
34582,776,0
82305,999,0
66593,1394,0
958,1400,1
331,1210,1
61462,177,0
351,776,1
136,283,1
67449,555,0
99349,1124,0
46312,172,0
229,151,1
3543,205,1
218,394,1
1039,458,1
902,761,1
71475,213,0
461,109,1
1891,24,1
162,1366,1
665,109,1
100390,292,0
417,192,1
1207,877,1
2088,1224,1
1062,431,1
4202,282,1
3327,433,1
2440,481,1
2690,177,1
225,503,1
61672,252,0
9635,1085,0
65410,1196,0
102261,944,0
69809,1194,0
1297,1151,1
103217,58,0
88352,58,0
45255,1198,0
2517,220,1
562,175,1
5620,153,0
3638,449,0
115,621,1
3523,329,1
51084,41,0
5250,961,1
49,456,1
2524,394,1
910,76,1
944,9,1
78527,78,0
2804,35,1
987,40,1
59470,270,0
2908,206,1
61976,458,0
227,235,1
1034,1085,1
3846,169,1
4369,128,0
5057,33,1
289,3,1
892,882,1
336,1450,1
5720,282,1
937,38,1
1987,424,1
1284,44,0
2153,91,1
95677,253,0
2668,0,1
550,244,1
1664,621,1
1637,859,1
552,192,1
557,288,1
24,394,1
3341,582,0
5970,1279,1
1363,24,1
1368,41,1
75,89,1
14937,57,0
90508,510,0
5095,1207,1
2303,171,1
1292,111,1
105485,36,0
74681,119,0
194,18,1
575,205,1
917,394,1
82380,500,0
44705,69,0
89643,1207,0
68237,859,0
1434,41,1
171,128,1
2677,883,1
280,1207,1
1031,173,1
1615,114,1
227,352,1
55952,3,0
3284,13,1
31,233,1
2428,1394,1
2373,58,1
724,1258,1
52195,140,0
1318,154,1
64317,931,0
2079,128,1
78476,91,0
98878,39,0
78806,114,0
1531,6,1
1636,97,1
71554,950,0
91713,41,0
2440,9,1
1517,1124,1
295,80,0
5145,1197,1
784,24,1
2552,128,1
2668,9,1
102006,152,0
3277,98,1
64200,58,0
4605,78,1
156,313,1
53381,21,0
185,66,1
2348,510,1
1364,150,1
4386,1197,1
63491,109,0
1368,252,1
2901,58,0
3114,24,1
75989,111,0
70164,190,0
3113,9,1
59178,13,0
1536,36,1
112,39,1
72383,776,0
2374,362,1
53488,37,0
841,1198,1
1701,69,1
86460,381,0
65646,491,0
274,205,1
78673,141,0
70678,58,0
61161,600,0
2346,12,1
2791,688,1
363,84,1
3341,27,0
85517,9,0
222,1210,1
49,9,1
106115,1198,0
2126,429,1
76,621,1
841,21,1
1878,466,1
99981,189,0
1872,45,1
995,344,1
2230,333,1
2519,376,1
66144,145,0
73884,12,0
26013,256,0
78677,381,0
95632,39,0
1403,177,1
2260,367,1
89120,445,0
100830,776,0
1367,97,1
459,45,0
78644,97,0
4648,78,1
514,305,1
106058,3,0
2047,1198,1
1664,456,1
89828,951,0
29,141,1
1630,429,1
69667,263,0
2822,456,1
4430,997,1
90711,1198,0
74931,434,0
3672,78,1
50099,1124,0
52774,227,0
103649,41,0
604,109,1
86959,4,0
86587,520,0
25,44,1
54879,12,0
518,252,1
1622,78,1
92584,1074,0
81817,8,0
2549,941,1
1471,245,1
87228,269,0
96100,776,0
102851,24,0
4303,229,1
724,481,1
4418,394,1
93161,288,0
215,270,1
1350,173,1
8600,693,0
2103,1413,1
3930,177,1
549,1124,1
996,78,1
4232,877,1
57484,105,0
487,327,1
262,68,1
64375,484,0
828,281,1
83037,45,0
2440,252,1
56207,282,0
1631,501,1
79719,155,0
3520,47,1
561,89,1
500,347,1
59845,606,0
2176,5,1
3606,145,1
80219,129,0
82859,352,0
213,13,1
87469,109,0
258,58,1
54559,351,0
589,21,1
3501,45,1
51035,791,0
97380,232,0
5221,1197,1
1525,305,1
1400,776,1
1063,283,1
917,37,1
19821,82,0
94444,44,0
76414,283,0
97000,865,0
90318,430,0
61,171,1
83101,608,0
50388,4,0
90506,80,0
4725,433,1
62906,140,0
397,283,1
108,1396,1
1016,852,1
88373,793,0
1394,246,0
5505,321,1
1599,1198,1
1092,460,1
1853,41,1
10299,1,0
76436,39,0
53682,606,0
1136,942,1
85058,89,0
2034,24,1
50441,283,0
10203,9,0
2241,27,1
85,744,1
94162,9,0
7358,1396,0
2554,29,1
93783,306,0
82450,154,0
103196,171,0
105886,21,0
2561,40,1
48107,401,0
5967,1493,1
811,258,1
46136,125,0
433,722,1
75803,1073,0
644,198,1
85777,643,0
80779,57,0
75131,154,0
80466,344,0
77141,542,0
1760,38,0
79420,234,0
86676,78,0
50339,66,0
82015,40,0
898,105,1
100176,1198,0
11696,72,0
97596,98,0
6230,9,1
50,64,1
91679,14,0
262,45,1
96804,98,0
85760,247,0
82014,128,0
4190,251,1
51118,13,0
4972,1198,1
69295,40,0
27544,40,0
6073,9,1
5801,177,1
77204,763,0
54293,0,0
3507,36,1
92,464,1
105905,961,0
101069,882,0
2428,403,1
57966,474,0
3008,28,1
89960,58,0
105598,486,0
84001,930,0
105500,941,0
4411,394,1
76921,24,0
315,458,1
679,105,1
4484,215,1
2632,114,1
48377,114,0
6156,114,1
69260,173,0
99543,246,0
59912,383,0
48531,87,0
56503,445,0
85666,36,0
127,1138,1
3054,220,1
100544,942,0
42386,141,0
2022,73,1
883,671,1
25531,234,0
88183,953,0
84772,502,0
3620,8,1
105984,177,0
64592,44,0
5037,1227,1
88562,207,0
97964,41,0
87562,40,0
83789,37,0
739,109,1
89625,480,0
93914,220,0
10526,40,0
79118,180,0
968,173,1
93787,3,0
75751,118,0
89559,27,0
2128,154,1
77589,820,0
1081,281,1
3615,45,1
4517,179,1
902,1222,1
1398,943,1
144,239,1
81219,375,0
5978,621,1
61492,256,0
927,114,1
3443,1,0
5708,1207,1
1188,246,1
9474,431,0
1597,130,1
893,468,1
2820,233,1
1188,776,1
260,327,1
47728,110,0
26198,173,0
57309,5,0
59775,252,0
884,98,1
2543,109,1
63609,520,0
70299,130,0
559,67,1
76,506,1
5378,529,1
1493,247,1
8570,247,0
55622,455,0
88082,65,0
63020,410,0
910,255,1
108,200,1
88140,21,0
5995,5,1
93883,118,0
3284,950,1
188,288,1
69648,364,0
924,0,1
2331,1227,0
60991,892,0
1141,300,1
67636,122,0
5532,78,1
3110,28,1
1033,105,1
5632,36,1
2916,989,1
55783,4,0
3227,246,1
64959,1194,0
12750,478,0
105557,776,0
96455,205,0
3911,878,1
50182,434,0
5461,6,1
16969,1012,0
578,0,1
1444,1238,1
57309,45,0
578,13,1
2997,1,1
1851,21,1
71931,97,0
37657,1197,0
960,220,1
2884,1400,1
97651,61,0
437,24,1
2764,339,1
65577,145,0
1632,217,1
104941,91,0
67690,246,0
82559,1202,0
5743,431,1
73470,24,0
99695,431,0
102776,15,0
50175,202,0
88886,129,0
106077,9,0
948,91,1
104680,1051,0
1240,21,1
1307,91,1
3704,205,1
361,302,1
916,71,1
98228,242,0
84327,926,0
172,304,1
3101,1194,1
67458,21,0
99140,73,0
90279,47,0
20,8,1
1399,936,1
77179,152,0
2608,145,1
1393,47,1
66769,745,0
91586,1210,0
47,1394,1
33799,247,0
2412,40,1
1671,114,1
37301,332,0
1401,1249,1
91209,1226,0
3366,502,1
10372,6,0
50,424,1
4178,331,1
1972,79,1
1521,950,1
101052,270,0
10826,88,0
4455,230,1
465,458,1
83802,394,0
1990,206,1
105785,39,0
1798,24,1
6653,1199,0
56185,207,0
1061,58,1
60431,9,0
56640,491,0
29955,402,0
225,114,1
4286,1200,1
939,78,1
68779,1199,0
910,1027,1
959,488,1
4514,13,1
3162,21,1
83253,270,0
83554,16,0
54757,16,0
2080,129,1
64741,1197,0
1364,945,1
37824,39,0
10,429,1
82422,21,0
5054,1207,1
1440,1076,0
317,1012,1
104861,647,0
1690,61,1
94392,129,0
2189,149,1
59643,561,0
1672,109,0
1636,98,1
1463,5,1
101396,44,0
37307,1315,0
108,252,1
96710,39,0
5197,704,0
5483,1396,1
95696,245,0
105989,263,0
3459,24,1
97814,1394,0
4725,6,1
96874,35,0
47735,217,0
19946,344,0
5343,1200,1
66949,1147,0
100192,126,0
59431,364,0
1620,1198,1
10658,58,0
1661,177,1
86643,1124,0
155,663,1
2476,741,1
85,205,1
88219,6,0
741,109,1
14992,76,0
93792,283,0
2258,742,1
439,61,1
1644,1253,1
622,431,1
57413,76,0
62856,504,0
96430,109,0
105755,17,0
26,430,1
4449,486,1
61045,195,0
87360,1457,0
1288,1200,1
2990,169,1
88645,951,0
33994,527,0
1793,78,1
1354,91,1
2387,109,1
589,150,1
14171,818,0
92403,173,0
1398,114,1
99664,281,0
100473,464,0
25384,61,0
3803,636,1
467,646,1
70848,859,0
755,118,1
313,1309,1
105570,1193,0
3342,170,1
3599,510,1
82988,73,0
320,1202,1
2519,29,1
68257,0,0
1504,9,1
71673,36,0
3615,1074,1
64612,518,0
16155,921,0
6653,141,0
41,21,1
583,956,1
94459,246,0
1279,344,1
49193,501,0
3901,877,1
91611,37,0
3514,305,1
66163,105,0
91713,206,0
36128,47,0
1615,124,1
86460,220,0
1690,114,1
964,1253,1
64370,44,0
100078,44,0
1366,114,1
134,68,1
102946,451,0
76874,1311,0
1897,4,1
1030,270,1
98152,107,0
654,109,1
17191,80,0
1693,431,1
2817,391,1
47256,151,0
94477,506,0
89684,1011,0
35,24,1
61399,258,0
3329,91,1
327,247,1
679,39,1
188,33,1
4986,27,0
23693,21,0
91699,39,0
48961,905,0
25,1394,1
167,76,1
4322,456,1
358,38,1
397,189,1
52834,332,0
50607,1197,0
1605,394,1
518,180,1
1491,67,1
99836,24,0
1766,39,1
233,28,1
78014,1,0
64838,678,0
42,270,1
89833,45,0
28995,149,0
65169,16,0
101713,6,0
78967,171,0
54821,173,0
503,72,1
86673,114,0
63402,179,0
4146,1202,1
49302,41,0
6630,1255,0
1401,35,1
77787,235,0
55932,124,0
62228,109,0
1677,37,1
57648,114,0
76417,232,0
4613,1008,1
62275,145,0
4166,878,1
73770,1200,0
31,246,1
2643,155,1
5982,189,1
89439,72,0
995,1237,1
1037,129,1
85209,452,0
61707,256,0
46314,247,0
67937,194,0
2072,1396,0
500,194,1
88979,1275,0
1249,776,1
10181,233,0
1081,1124,1
69123,220,0
1350,620,1
912,263,1
76862,244,0
11733,33,0
566,319,1
2443,431,1
12339,170,0
100784,172,0
90478,462,0
75188,423,0
74174,189,0
1464,791,1
3525,84,1
2524,124,1
1426,464,1
79855,264,0
776,4,1
2626,152,1
66968,31,0
80221,65,0
1312,92,1
43261,206,0
258,13,1
54113,905,0
4828,1296,1
85944,36,0
724,501,1
88080,319,0
4055,878,1
104921,235,0
1448,97,1
38715,47,0
36534,503,0
19728,21,0
607,1,1
3655,1198,1
28121,150,0
672,209,1
3528,215,1
724,88,1
724,247,1
1851,984,0
5978,9,1
1455,111,1
2723,24,1
69901,202,0
3080,1012,1
32470,149,0
68575,256,0
97685,40,0
157,78,1
3309,40,1
7669,247,0
57324,177,0
3378,941,1
78861,182,0
2446,91,1
98598,821,0
1367,593,1
30,0,1
180,195,1
168,80,0
549,614,1
2605,768,1
576,1197,1
5057,206,1
362,765,1
1362,859,1
79672,281,0
4736,974,0
100,155,1
72844,109,0
92721,1210,0
4714,24,1
4569,1124,1
3270,39,0
575,541,1
3968,8,1
16368,98,0
68060,276,0
77717,151,0
1910,12,1
3067,221,1
2053,21,0
3264,182,1
23,1197,1
82435,39,0
98160,45,0
67,50,1
3101,125,1
92749,235,0
60162,899,0
583,944,1
93471,1202,0
70688,6,0
4086,877,1
73,217,1
57428,1147,0
53,233,1
83806,69,0
987,12,1
23075,1210,0
53,76,1
67148,40,0
101724,318,0
79163,98,0
38,21,1
71639,256,0
2292,477,1
23,394,1
1450,40,1
4354,37,1
55549,21,0
67553,1349,0
56414,315,0
289,21,1
82101,21,0
70656,1200,0
93341,0,0
1226,531,1
72274,18,0
532,424,0
83419,1207,0
60389,1124,0
4208,1230,1
95615,431,0
92,68,1
423,942,1
397,105,1
79829,1478,0
1517,1197,1
65933,529,0
1380,151,1
96087,220,0
94910,14,0
186,230,1
1030,1124,1
559,510,1
2907,224,1
5057,114,1
51203,308,0
1031,172,1
3634,91,1
950,256,1
557,654,1
73785,82,0
2446,154,1
49167,68,0
47180,263,0
86049,394,0
3597,24,1
19504,109,0
5409,214,1
1136,951,1
1616,621,1
61853,551,0
84137,832,0
59483,45,0
103244,788,0
27562,485,0
7771,344,0
49962,206,0
781,429,1
89668,859,0
200,969,1
19921,1124,0
5057,35,1
592,309,1
4724,5,1
52177,97,0
57606,65,0
2314,12,1
37446,47,0
86576,239,0
99292,105,0
70463,109,0
16544,9,0
134,233,1
311,64,1
59477,64,0
5651,517,1
629,58,1
102168,21,0
101265,776,0
437,253,1
60507,220,0
63280,480,0
5170,281,0
884,44,1
2908,76,1
9605,16,0
16,1400,0
317,1074,1
114,98,1
5978,1394,1
69893,38,0
3010,253,1
1398,39,1
2306,78,1
3626,41,1
50751,961,0
244,47,1
2008,9,1
2728,114,0
70653,3,0
413,1236,1
3333,882,1
68863,174,0
56997,177,0
69473,788,0
1046,21,1
3186,12,1
4000,232,1
114,21,1
72132,581,0
4474,21,1
67658,1,0
91422,1194,0
90928,153,0
1797,283,1
1829,6,1
38275,29,0
3869,214,1
2594,270,1
5096,47,1
154,68,1
59558,282,0
3652,763,1
3116,149,1
72587,729,0
63691,458,0
2275,225,1
1236,541,1
90005,12,0
9157,269,0
98913,0,0
47007,352,0
56327,147,0
1606,141,1
97642,981,0
1283,5,1
4643,1124,1
56,1074,1
4394,145,1
281,806,1
820,306,1
2577,40,0
225,0,1
2019,213,1
57569,44,0
1758,1198,1
49520,64,0
2935,24,1
37159,245,0
24043,82,0
99550,130,0
1662,376,0
67290,71,0
5057,1073,1
38456,1415,0
55391,784,0
74823,1197,0
5093,1227,1
314,27,1
74580,21,0
55695,776,0
55737,44,0
2251,433,1
65968,215,0
65932,39,0
86051,468,0
4190,1194,1
54565,1198,0
624,694,1
61164,33,0
74742,87,0
5783,394,1
902,255,1
85787,618,0
2713,9,1
5516,150,1
1365,13,1
285,634,1
37013,47,0
2789,206,1
109,1269,1
332,40,1
60259,252,0
81023,2,0
1235,53,1
81067,79,0
2651,169,1
2213,180,1
2956,776,1
94313,174,0
1614,47,1
82028,259,0
998,409,1
4578,946,1
91784,1216,0
56815,541,0
84912,147,0
20656,124,0
1237,8,1
77273,351,0
1674,72,1
2903,152,1
1714,480,1
83,35,1
22273,256,0
480,149,1
1661,150,1
59048,1394,0
71414,207,0
50572,154,0
1205,282,1
2476,431,1
85146,114,0
1004,460,1
61881,98,0
2974,460,1
100302,109,0
55949,24,0
216,1296,0
211,1224,1
1455,376,1
2561,12,1
59762,946,0
70407,319,0
101943,61,0
5279,170,1
1763,89,1
46965,89,0
58492,9,0
101006,157,0
98158,800,0
1399,40,1
243,346,1
51722,510,0
85894,229,0
54623,109,0
47653,263,0
100232,401,0
105789,305,0
2313,109,1
93438,175,0
934,58,1
108,36,1
1288,155,1
5695,1468,1
853,105,1
361,29,1
883,12,1
60783,1210,0
1403,44,1
91673,321,0
2066,780,1
95758,933,0
52500,401,0
4079,1198,1
3043,1199,1
474,15,1
72299,80,0
49236,128,0
453,109,1
5013,1197,1
68448,35,0
83703,35,0
825,394,1
365,501,1
1077,407,1
437,429,1
48234,900,0
55772,173,0
63708,76,0
5560,150,1
225,456,1
946,124,1
51898,892,0
57643,18,0
2897,194,1
53050,91,0
1114,53,1
76764,882,0
85596,189,0
3425,246,0
4194,17,1
1025,0,1
78622,47,0
2412,253,1
1528,21,1
341,21,1
1030,1193,1
73222,859,0
1664,97,1
95473,73,0
70355,73,0
73431,12,0
346,39,1
97097,9,0
691,38,1
3224,270,1
188,24,1
64041,363,0
542,801,1
83334,686,0
100347,510,0
4097,16,1
78697,13,0
5745,169,1
66309,39,0
83,1083,1
23289,344,0
80933,173,0
78518,109,0
50415,1227,0
12715,994,0
74992,39,0
1227,623,1
83662,1193,0
90198,91,0
3596,776,1
317,436,0
97634,551,0
1467,903,1
64426,65,0
992,1222,1
2068,31,1
79212,329,0
81131,0,0
7212,175,0
917,65,1
291,3,1
2865,984,0
73870,431,0
96192,114,0
388,206,1
499,1147,1
5428,693,1
74817,39,0
500,68,1
917,502,1
94641,28,0
6094,0,1
4458,686,1
1603,89,1
99314,41,0
14190,177,0
1631,76,1
318,616,1
88013,45,0
127,424,1
98904,621,0
53222,21,0
84921,344,0
74131,19,0
51570,29,0
74282,169,0
89635,114,0
1368,1197,1
53814,177,0
2360,253,1
157,1237,1
93956,569,0
56591,429,0
78280,44,0
50041,270,0
1223,194,1
86420,235,0
10297,920,0
4943,1198,1
637,1456,1
47320,173,0
4411,58,1
1302,29,1
99393,1191,0
593,33,1
9446,431,0
258,859,1
2698,72,1
86286,145,0
456,579,1
285,213,1
219,964,1
2633,58,1
1455,33,1
388,344,1
67,269,1
856,1124,1
101,9,1
256,885,1
3660,13,1
26,733,1
63993,15,0
97726,269,0
1445,91,1
1400,523,1
2049,636,1
2885,180,1
83095,500,0
31,21,1
60061,80,0
82130,109,0
3307,247,1
2884,1194,1
53285,1200,0
63006,69,0
5945,39,1
50865,5,0
2510,480,1
4199,44,1
2629,16,1
80422,9,0
4407,1207,1
1614,1,1
934,183,1
61192,82,0
1333,1198,1
49654,61,0
1618,45,1
443,1207,1
222,213,1
74090,130,0
724,39,1
4481,1249,1
54254,24,0
3333,9,1
71523,259,0
3097,12,1
63019,4,0
3724,109,1
2279,1,1
1807,9,1
60400,220,0
1517,906,1
5619,145,1
96804,89,0
86348,45,0
92931,5,0
101198,88,0
759,800,1
2549,6,1
75422,44,0
99619,18,0
4619,21,0
106344,283,0
76225,67,0
5871,742,1
50239,431,0
2364,76,1
88763,776,0
618,28,1
2956,570,1
55720,19,0
2982,64,0
75903,1075,0
1419,79,1
86770,1221,0
1990,21,1
190,98,1
3064,35,1
85037,13,0
3591,202,1
3620,1252,1
95217,269,0
2049,996,1
26735,139,0
99322,80,0
1684,255,1
1591,616,1
2018,114,1
2415,145,1
99349,1196,0
552,41,1
82681,1207,0
56076,5,0
5063,109,1
101,180,1
1797,105,1
52129,363,0
2669,21,1
1208,58,1
59779,410,0
2463,418,1
61461,823,0
73303,1207,0
92,45,1
5311,517,1
91061,382,0
62896,41,0
81204,281,0
56474,12,0
2029,593,1
2022,344,0
79837,114,0
3811,379,0
56079,213,0
2192,1207,1
88252,877,0
8661,285,0
4120,877,1
66876,391,0
77995,688,0
1791,97,1
51361,47,0
3249,800,1
63029,58,0
557,867,1
5563,318,1
97841,45,0
93107,387,0
423,193,1
102778,35,0
72054,621,0
63953,1207,0
74876,1207,0
28079,24,0
62307,621,0
70480,48,0
104382,1196,0
1448,38,1
188,593,1
246,57,1
60628,194,0
48399,425,0
53682,64,0
3827,232,1
64853,534,0
1657,784,1
90103,323,0
59257,491,0
94853,844,0
1521,954,1
53728,347,0
262,67,1
125,172,1
4621,394,1
2168,0,1
40004,74,0
54428,1197,0
2542,1226,1
2708,4,1
2461,21,1
89997,156,0
1420,220,1
51732,5,0
2437,149,1
65392,1301,0
3615,1073,1
921,38,1
222,58,1
57299,6,0
54853,40,0
103277,158,0
313,465,1
423,950,1
54001,1194,0
89816,130,0
157,671,1
80284,431,0
783,39,1
3062,9,1
33392,105,0
65230,1207,0
18,1276,1
69603,692,0
5677,376,1
92502,381,0
1636,859,1
58896,203,0
47814,399,0
70998,69,0
74910,4,0
2836,16,1
2422,18,1
1611,44,1
4958,1196,1
1442,0,1
89217,4,0
2,1446,1
1136,562,1
24702,392,0
52602,67,0
4964,1196,1
1603,12,1
92900,1207,0
4942,1197,1
5935,394,1
48422,350,0
2525,44,1
2071,125,1
54962,953,0
2940,139,1
88402,776,0
1161,150,1
423,943,1
101258,21,0
56395,109,0
5720,150,1
65610,21,0
93846,607,0
62475,452,0
2059,462,1
90190,282,0
4963,1196,1
77097,347,0
54476,98,0
618,88,1
809,36,0
67667,460,0
60787,98,0
4492,9,1
64864,263,0
13791,48,0
53906,73,0
4651,1169,1
93060,56,0
4689,480,1
59900,363,0
138,263,1
100852,155,0
71350,17,0
166,197,1
225,621,1
48519,5,0
75790,946,0
55008,196,0
118,31,1
70546,264,0
52181,157,0
63939,272,0
5818,39,0
93580,157,0
917,441,1
76088,283,0
1747,1207,1
336,114,1
923,177,1
89552,24,0
519,776,1
97925,783,0
2452,207,1
2444,202,1
88075,1228,0
81000,456,0
78385,1200,0
90243,456,0
156,47,1
98678,1207,0
34911,479,0
19257,172,0
83698,2,0
96365,177,0
5316,0,1
59612,72,0
46,229,1
125,12,1
54262,180,0
90249,318,0
105232,282,0
97,965,1
2820,78,1
2853,795,1
629,379,1
79537,394,0
4193,9,1
84244,795,0
96787,1,0
106201,13,0
2868,394,1
102174,776,0
65688,58,0
549,16,1
25900,4,0
902,189,1
73073,68,0
93534,403,0
76982,71,0
2026,54,1
90975,431,0
87817,61,0
72127,623,0
103106,551,0
2418,1124,1
3580,114,1
99190,0,0
1283,41,1
80366,434,0
3151,40,1
85586,1,0
2825,130,1
70237,145,0
647,259,1
58647,905,0
1504,36,1
1179,1227,1
7432,1457,0
76838,107,0
2365,265,1
99703,180,0
64872,199,0
6172,0,1
56980,754,0
1249,114,1
3568,4,1
63589,18,0
246,351,1
133,203,1
2126,217,1
890,282,1
1034,776,1
2117,78,1
160,1321,1
73897,109,0
6059,33,1
88731,145,0
81407,189,0
69640,27,0
960,2,1
91931,9,0
346,886,1
1006,89,1
2364,885,1
77963,47,0
983,321,1
2115,431,1
3129,189,1
2676,141,1
103046,91,0
175,18,1
51832,13,0
629,124,1
5709,1336,1
77406,65,0
85233,40,0
1647,220,1
73,351,1
55468,36,0
16069,1394,0
445,905,1
238,352,1
1981,481,1
80193,18,0
88496,21,0
1188,235,1
5933,956,0
61559,67,0
1035,1197,1
627,8,1
2501,109,1
706,248,0
61067,510,0
22113,919,0
316,5,1
53,501,1
75,859,1
101212,5,0
3652,867,1
83856,114,0
3923,230,1
995,859,1
102095,13,0
1668,445,1
2701,374,0
76161,69,0
59565,155,0
1691,114,1
30488,318,0
9564,179,0
1867,139,1
262,0,1
68842,253,0
90398,258,0
81289,263,0
66545,78,0
3126,636,0
2167,468,1
1622,0,1
59090,53,0
5720,98,1
111,21,1
3346,124,1
1052,193,1
87267,45,0
70055,438,0
100726,344,0
188,179,1
1372,1207,1
1608,964,1
60957,139,0
3025,39,1
1520,1122,1
34360,235,0
1615,229,1
5453,425,1
95000,21,0
81392,243,0
81179,67,0
47,124,1
125,233,1
100610,1200,0
225,40,1
105421,306,0
50545,217,0
1219,15,1
4172,961,1
54910,318,0
6088,5,1
49547,40,0
49534,150,0
1098,182,1
1644,39,1
60709,114,0
64420,180,0
82661,24,0
3538,109,1
79595,65,0
576,323,1
57373,1197,0
87919,1237,0
50839,2,0
2852,621,1
1263,21,1
1456,220,1
284,24,1
66312,9,0
108,58,1
1269,1198,1
79701,792,0
2434,235,1
50362,776,0
64801,21,0
1690,150,1
2618,87,1
84039,502,0
2525,13,1
81439,429,0
31,173,1
304,787,1
81832,776,0
1342,109,1
17842,89,0
105041,456,0
97340,47,0
2558,1207,1
77414,220,0
52669,776,0
674,109,1
65572,729,0
3875,249,1
850,593,1
2708,145,1
489,220,1
1972,1437,1
809,460,1
3135,125,1
1847,39,1
3570,29,1
59164,1073,0
180,29,1
63989,292,0
56478,45,0
1676,283,1
100602,1456,0
99922,78,0
1971,114,1
285,202,1
934,458,1
50376,518,0
58145,307,0
3421,1200,0
2412,304,1
75149,79,0
81148,305,0
5609,40,1
127,456,1
79304,38,0
76636,145,0
88205,1193,0
69723,768,0
954,682,1
1521,4,1
59522,401,0
3996,877,1
51896,72,0
85256,859,0
2389,1207,1
583,340,1
1603,246,1
3383,15,1
56746,344,0
1123,518,1
20661,98,0
2647,189,1
90236,282,0
143,128,1
75496,12,0
4199,71,1
1674,69,1
94906,621,0
724,141,1
2418,639,1
944,776,1
627,232,1
496,24,1
1699,282,1
79057,47,0
68048,24,0
68709,480,0
312,776,1
26807,29,0
1370,97,1
58918,39,0
72162,183,0
302,324,1
7981,5,0
2798,125,1
78805,1226,0
4316,776,1
32,40,1
1151,9,1
1910,247,1
33102,399,0
1456,31,1
82512,394,0
3097,1202,1
42410,192,0
2538,256,1
3662,9,1
75909,41,0
84662,45,0
416,130,1
79829,61,0
1336,347,1
70109,950,0
1464,171,1
1040,173,1
48138,53,0
62678,927,0
59311,1210,0
2468,616,1
63293,776,0
6689,47,0
87415,0,0
1691,12,1
2086,835,1
578,186,1
551,318,1
63692,1176,0
60572,693,0
47198,1198,0
65929,40,0
77721,122,0
47030,24,0
262,76,1
90416,125,0
1157,0,1
1741,9,1
1350,885,1
992,944,1
86698,918,0
21,431,1
73691,87,0
69301,9,0
88496,1197,0
1365,207,1
125,45,1
85054,160,0
87790,452,0
60682,917,0
9470,179,0
1455,327,1
88181,759,0
1365,158,1
1618,21,1
959,468,1
1235,269,1
1636,206,1
65552,729,0
500,69,1
80469,839,0
14435,376,0
937,36,1
101041,230,0
90328,256,0
65456,233,0
96788,245,0
94874,45,0
2403,754,1
1544,44,1
2671,61,1
2440,68,1
103637,109,0
47544,41,0
646,84,1
784,710,1
3110,618,1
68897,253,0
47846,170,0
2271,452,1
18975,1,0
1026,351,1
1136,118,1
55370,899,0
5239,1197,1
5333,9,1
68774,9,0
49896,76,0
68001,783,0
3277,114,1
68001,65,0
466,87,1
69403,431,0
96451,582,0
3264,13,1
94217,822,0
60721,292,0
72135,40,0
59053,64,0
102534,1314,0
49,21,1
1367,1199,1
49144,456,0
92116,39,0
4804,344,1
1917,150,1
1690,58,1
3101,173,1
18944,248,0
154,74,1
2240,263,1
105188,401,0
83221,97,0
3064,288,1
172,17,1
25388,742,0
917,0,1
50479,9,0
8935,376,0
2837,152,1
1644,621,1
304,1207,1
2772,57,1
456,39,1
78,16,1
6211,1196,1
1334,928,1
44053,458,0
79724,844,0
76575,282,0
559,91,1
3216,150,1
70741,878,0
85127,206,0
4247,39,1
1528,928,1
62747,53,0
172,458,1
1937,269,1
76009,846,0
92649,502,0
84937,0,0
3601,47,1
80060,92,0
85931,233,0
2254,636,1
1101,217,1
188,620,1
58188,776,0
100434,776,0
2412,58,1
58604,473,0
53492,124,0
7958,468,0
72245,1198,0
1054,145,1
100738,501,0
3347,18,1
4732,40,1
100544,245,0
73,352,1
1743,3,1
61539,150,0
320,670,1
2374,58,1
64489,776,0
52487,9,0
319,1124,1
1689,44,1
53256,61,0
2371,36,1
56126,24,0
99536,109,0
1055,15,1
60624,1244,0
59547,569,0
222,177,1
70352,78,0
398,1196,1
101518,58,0
549,29,1
90523,45,0
88963,33,0
78385,464,0
88608,157,0
1034,319,1
48630,394,0
11118,328,0
75933,1073,0
164,130,1
74582,1307,0
67193,57,0
1134,8,1
64970,961,0
3398,5,1
96563,269,0
48987,620,0
98978,318,0
995,1227,1
2251,79,1
378,33,1
124,351,1
3360,40,1
68187,243,0
898,205,1
966,789,1
80989,114,0
724,548,1
519,740,1
587,313,1
52045,352,0
1797,91,1
4994,1396,1
2640,21,1
2814,4,1
3761,252,0
3562,821,1
92355,47,0
5541,40,0
966,790,1
73383,452,0
84953,739,0
58112,138,0
22632,909,0
47407,21,0
87170,1147,0
72392,600,0
3097,285,1
288,859,1
5676,229,1
70040,1047,0
10643,584,0
577,89,1
57473,1200,0
5139,1197,1
75930,114,0
73730,252,0
52342,160,0
1429,1207,1
5359,431,1
52529,21,0
1691,600,1
63476,114,0
72008,109,0
1204,177,1
82734,203,0
65026,1207,0
85998,541,0
65720,394,0
83006,282,0
52316,594,0
88631,217,0
2446,57,1
48690,114,0
575,623,1
1933,4,1
48,195,1
172,50,1
81799,1200,0
76,24,1
92747,21,0
591,1299,1
83301,1349,0
10219,8,0
49119,424,0
60811,21,0
80498,776,0
124,949,1
919,65,1
88156,744,0
12572,58,0
1485,130,1
1364,12,1
81235,1456,0
72062,160,0
2312,221,1
98247,523,0
397,246,1
98263,47,0
557,246,1
5227,391,1
53879,47,0
85958,58,0
96031,175,0
66534,270,0
52772,158,0
25310,246,0
99569,114,0
1398,0,1
95744,109,0
4180,961,1
3714,431,1
60884,769,0
58646,1012,0
104629,175,0
188,927,1
846,1224,0
1465,24,1
285,1073,1
62051,941,0
55394,312,0
59083,1197,0
1812,73,1
4904,1196,1
51173,17,0
53088,288,0
5591,4,1
80886,6,0
10,1193,1
301,1,1
51616,351,0
98553,69,0
101,37,1
64431,570,0
576,141,1
84267,464,0
749,47,0
54543,47,0
50221,1,0
53690,12,0
1691,937,1
61307,1092,0
8670,177,0
286,230,1
423,1122,1
2371,19,1
724,189,1
92,35,1
4386,129,1
2852,283,1
61093,1224,0
104960,17,0
4910,1196,1
4892,1196,1
2003,177,1
67722,24,0
50466,125,0
1370,129,1
266,965,1
67575,39,0
59074,1226,0
66041,424,0
4262,1200,1
5642,1429,1
1306,3,1
104531,194,0
103255,252,0
92,173,1
1872,39,1
91622,39,0
1010,202,1
1364,954,1
4004,58,1
70118,58,0
4796,1198,1
4472,24,1
1078,76,1
61151,114,0
1350,24,1
357,282,1
2098,795,1
85618,961,0
2174,57,1
954,961,1
96744,122,0
2635,431,1
969,252,1
57718,262,0
72933,15,0
3513,78,1
82471,160,0
70534,58,0
58384,72,0
3195,21,1
71054,205,0
53627,41,0
85500,954,0
211,1207,1
52582,150,0
3499,2,1
2439,206,1
2087,529,1
101367,82,0
99557,256,0
92204,58,0
3701,4,1
11735,157,0
4212,173,1
518,76,1
3451,21,1
479,482,1
72674,205,0
145,1396,1
1464,541,1
3047,386,1
67053,761,0
84433,4,0
2779,91,1
1496,1,1
1618,878,1
2641,80,1
3447,321,1
31,671,1
74827,5,0
87252,21,0
40269,138,0
2182,177,0
32349,18,0
7951,246,0
5057,284,1
49083,344,0
98870,431,0
1249,621,1
73699,529,0
101885,4,0
77163,307,0
85,1245,1
78400,262,0
90016,194,0
385,48,1
578,125,1
63102,82,0
86371,905,0
3120,344,1
313,1263,1
83895,1138,0
3721,109,1
83917,18,0
7771,568,0
94637,12,0
51028,89,0
1717,217,1
12455,252,0
90425,1315,0
15648,644,0
37588,47,0
50432,35,0
1552,202,1
67174,155,0
255,28,1
2908,40,1
430,882,1
987,39,1
94957,35,0
97219,78,0
4389,1207,1
59876,57,0
3589,175,1
72267,480,0
1231,1243,1
94900,9,0
2129,72,1
781,352,1
10579,1227,0
66212,207,0
102631,352,0
1530,0,1
102035,783,0
2384,220,1
557,12,1
95800,15,0
157,401,1
100,621,1
65025,546,0
1689,45,1
557,818,1
76490,151,0
87380,194,0
2126,245,1
559,233,1
1078,1408,1
1101,177,1
63525,61,0
552,801,1
3548,97,1
78463,1224,0
92,282,1
91121,5,0
4675,41,1
49040,57,0
437,985,1
992,954,1
233,9,1
93338,217,0
49767,878,0
53506,324,0
73721,12,0
52172,445,0
148,195,1
81644,89,0
415,24,1
81528,12,0
557,129,1
63893,9,0
103686,501,0
49194,207,0
95212,1199,0
57743,821,0
75582,878,0
103714,61,0
1789,37,1
65401,776,0
2656,9,1
559,504,1
93303,21,0
94572,835,0
78155,1280,0
87842,41,0
128,615,1
4660,80,1
102294,44,0
91117,68,0
74154,1217,0
86919,125,0
49777,13,0
3539,270,1
10354,408,0
63756,776,0
56051,91,0
65594,105,0
54533,619,0
3187,13,1
2446,69,1
1937,965,1
2440,201,1
2333,1198,1
1457,65,1
1163,140,1
3099,9,1
105150,53,0
97680,40,0
73,91,1
4324,4,1
2804,1199,1
1647,430,1
1130,175,1
91668,82,0
20433,89,0
54195,194,0
47406,13,0
74822,905,0
80375,1075,0
257,193,1
2889,172,1
105653,114,0
72210,79,0
2300,35,1
1364,534,1
1610,64,1
59578,263,0
26647,247,0
1735,78,1
64115,1207,0
2559,76,1
1053,31,1
76071,410,0
15000,477,0
2755,150,1
53438,41,0
80704,1074,0
1639,449,1
25549,992,0
53727,205,0
53603,156,0
1812,466,1
49790,111,0
4016,776,1
96930,15,0
437,1138,1
1582,1037,1
1734,4,1
71317,1017,0
587,788,1
106314,619,0
612,1210,1
66023,39,0
81208,41,0
686,192,1
3315,82,1
2516,795,1
87440,205,0
166,4,1
5455,1396,1
327,72,1
497,54,1
66861,41,0
59253,313,0
98652,961,0
54121,1207,0
3195,220,1
2354,744,1
96159,64,0
4400,458,1
87559,246,0
256,158,1
27544,410,0
118,1276,1
70139,80,0
2812,686,1
3161,21,1
2524,1296,1
87809,194,0
47,114,1
56,344,1
85170,220,0
35155,248,0
72006,145,0
1336,1226,1
74603,1017,0
3177,149,1
21717,474,0
84266,386,0
82753,89,0
82185,431,0
52174,38,0
1464,39,1
1504,91,1
20393,1224,0
94579,905,0
11834,38,0
44,394,1
71542,569,0
85945,621,0
70606,128,0
2582,685,0
54144,173,0
3236,776,1
2175,64,1
1399,97,1
316,6,1
83208,150,0
824,80,1
91922,31,0
64569,1307,0
64039,151,0
1600,739,1
3273,1198,1
28290,44,0
2610,468,1
84458,39,0
5707,447,1
47724,29,0
507,438,1
233,205,1
5482,1396,1
21422,91,0
1636,201,1
2460,109,1
83649,58,0
233,68,1
993,1396,1
1336,175,1
41197,255,0
576,315,1
51171,40,0
63395,41,0
1033,97,1
2461,878,1
47109,65,0
1838,478,1
78613,57,0
2770,9,1
2350,455,1
3069,29,1
96789,114,0
1600,1018,1
950,681,1
66739,344,0
5924,181,0
1660,424,1
8122,80,0
92041,124,0
2826,13,1
3089,40,1
69333,9,0
77796,1218,0
64854,47,0
1243,238,1
47,1194,1
1699,173,1
578,9,1
4920,1197,1
106028,878,0
1971,253,1
81790,1199,0
1842,458,1
61341,654,0
1892,206,1
1035,125,1
6184,21,1
90665,253,0
1885,4,1
85264,24,0
49536,109,0
1636,9,1
1504,186,1
84965,65,0
26646,247,0
65208,464,0
51614,800,0
28087,16,0
84119,1198,0
74276,4,0
85309,152,0
69919,946,0
968,91,1
302,501,1
346,352,1
2050,82,1
412,327,1
2126,13,1
2441,859,1
4268,58,1
66501,29,0
53387,40,0
59117,281,0
2320,12,1
987,1245,1
30,35,1
74698,304,0
56,138,1
1690,230,1
104612,517,0
75473,38,0
58326,1198,0
62621,956,0
1364,252,1
5382,1394,1
1521,150,1
61,2,1
11497,1197,0
3923,1396,1
4303,477,1
54467,937,0
83915,40,0
87100,670,0
48255,948,0
783,205,1
67575,69,0
5006,1210,1
59177,283,0
6014,47,1
29124,600,0
11690,39,0
57116,57,0
1675,9,1
2513,17,1
578,206,1
306,718,1
36096,170,0
57891,417,0
88450,21,0
916,68,1
100572,767,0
79294,35,0
87037,33,0
48567,16,0
1631,40,1
552,1207,1
2554,303,1
902,249,1
253,44,1
55651,189,0
1450,177,1
227,35,1
249,1108,1
53727,36,0
94304,984,0
93233,189,0
52310,4,0
262,883,1
2034,41,1
91776,431,0
233,36,1
966,72,1
378,593,1
1949,79,1
26,456,1
103791,1207,0
3080,288,1
101452,4,0
85982,688,0
1150,13,1
2418,80,1
73,177,1
222,961,1
1249,177,1
96130,21,0
1739,199,1
1615,829,1
103522,344,0
58703,424,0
79468,39,0
557,89,1
3201,44,1
311,47,1
3076,44,0
2971,502,1
82057,80,0
2386,4,1
22122,24,0
3426,47,1
105062,118,0
5326,119,1
92072,551,0
3591,401,1
80868,217,0
6055,41,1
26597,171,0
2974,130,1
302,33,1
40927,74,0
95356,150,0
9995,248,0
59080,217,0
3344,45,1
100448,431,0
49254,40,0
100053,955,0
64588,1196,0
93815,98,0
5071,1224,1
36007,98,0
60227,394,0
3153,40,1
137,283,1
97046,955,0
317,35,1
82156,1197,0
26,1124,1
95606,97,0
5850,114,1
45026,636,0
83135,962,0
71044,1198,0
73661,502,0
104532,150,0
106,121,1
88085,39,0
91672,160,0
134,180,1
15530,89,0
87912,578,0
285,174,1
4677,0,1
1476,0,1
2759,243,1
5534,193,1
231,5,1
85,13,1
99034,728,0
75182,0,0
818,78,1
1107,141,1
275,109,1
60462,78,0
104299,33,0
3010,409,1
9558,41,0
51527,202,0
56,615,1
1945,58,1
50320,1207,0
23421,1243,0
79722,523,0
2932,21,0
19231,109,0
9138,37,0
55098,124,0
73587,631,0
2506,431,1
60480,270,0
488,1396,1
4103,878,1
49402,183,0
1445,233,1
105254,97,0
61460,305,0
5779,460,1
73656,58,0
90483,297,0
2126,40,1
2513,784,1
263,78,1
519,0,1
1139,36,1
24131,305,0
157,247,1
2669,173,1
261,40,1
76297,520,0
21497,460,0
41725,252,0
56223,56,0
1981,57,1
4346,253,1
89,158,1
21303,247,0
8611,363,0
37,479,1
77378,1207,0
1077,129,1
3358,1197,1
4221,623,1
1159,97,1
21668,78,0
1501,151,1
568,258,1
734,344,1
7914,961,0
1119,28,1
50755,351,0
1159,464,1
3563,946,1
266,9,1
4815,109,1
2566,53,1
4903,1198,1
47710,21,0
95225,431,0
71914,13,0
327,114,1
4807,221,1
155,353,1
252,139,1
4118,16,1
102316,806,0
1226,654,1
2745,776,1
1556,40,1
105336,44,0
2668,44,1
104090,12,0
47384,1196,0
82298,221,0
105954,501,0
157,248,1
96547,189,0
1372,856,1
10,109,1
47244,956,0
100647,78,0
3793,431,1
73252,9,0
50681,1243,0
359,98,0
70090,13,0
47364,569,0
1401,38,1
81197,1480,0
108,172,1
901,61,1
3195,58,1
67293,39,0
3130,28,1
6861,945,0
2488,152,1
283,259,1
3324,455,1
31367,1198,0
3480,9,1
69300,693,0
68864,4,0
55321,5,0
57012,382,0
1367,13,1
703,109,1
3191,47,1
30383,270,0
127,1247,1
313,89,1
163,190,1
56478,160,0
2373,78,1
358,221,1
64520,16,0
67145,125,0
10532,193,0
106152,1207,0
69982,9,0
105270,424,0
49206,1257,0
4328,6,1
57655,1197,0
3452,177,1
346,426,1
101497,38,0
51863,202,0
1159,13,1
818,39,0
63874,128,0
65986,24,0
20772,348,0
59548,1200,0
211,138,1
69942,791,0
406,312,1
73951,974,0
69933,129,0
65468,1202,0
2202,189,1
5145,1198,1
3284,941,1
50352,1412,0
1445,24,1
912,321,1
74306,776,0
100723,1275,0
6755,823,0
103073,755,0
51721,776,0
55952,456,0
2837,445,1
3367,24,1
64848,248,0
2826,24,1
47864,1198,0
2428,9,1
729,114,1
56374,3,0
18807,97,0
545,364,1
84091,1032,0
52,263,1
575,33,1
724,234,1
55830,38,0
98572,15,0
48687,153,0
1299,431,0
131,114,1
1030,481,1
18,15,1
52323,171,0
31,54,1
87442,39,0
74335,318,0
3609,177,1
52603,342,0
91724,1080,0
1784,376,1
124,821,1
55917,45,0
1139,21,1
1690,35,1
1101,424,1
2458,270,1
63676,304,0
4519,44,1
76902,39,0
1448,524,1
1550,114,1
2451,125,1
57340,1473,0
2301,177,1
3365,24,1
283,78,1
21420,248,0
591,245,1
92,179,1
20468,97,0
73007,13,0
92,956,1
91270,270,0
332,0,1
105179,270,0
4372,455,1
98021,151,0
7583,175,0
78648,263,0
99632,171,0
557,276,1
1107,274,1
3038,3,1
87977,40,0
94150,207,0
92765,13,0
4292,233,1
1536,21,1
3076,961,1
73167,1207,0
73396,61,0
927,171,1
71514,520,0
2502,9,1
59797,245,0
74121,1,0
91216,297,0
75,248,1
80500,9,0
63162,9,0
922,40,1
1668,40,1
1775,91,1
96337,4,0
82764,269,0
339,80,1
64606,76,0
73411,1074,0
89950,3,0
77208,150,0
1758,1153,1
52305,464,0
74201,21,0
56615,461,0
273,1396,1
98499,339,0
6013,688,1
2453,58,1
80726,89,0
100050,173,0
57835,306,0
97,394,1
54020,195,0
3703,192,1
5978,1257,1
188,980,1
78288,877,0
4915,1197,1
902,177,1
4890,1207,1
37734,458,0
1334,114,1
51384,502,0
1025,177,1
51486,220,0
434,1,0
49595,274,0
67881,9,0
95211,1074,0
26556,481,0
53426,323,0
4478,3,1
2439,15,1
346,35,1
898,40,1
1263,1132,1
1008,71,1
1674,21,1
71655,21,0
667,109,1
3983,205,0
4279,363,1
427,434,1
72337,859,0
220,562,1
78542,978,0
69062,431,0
93162,76,0
1455,78,1
98319,1197,0
85788,21,0
681,682,1
81799,1463,0
80089,1392,0
2373,172,1
644,1,1
11740,1196,0
5959,221,1
102385,425,0
75537,0,0
47282,76,0
1244,233,1
65113,905,0
703,269,1
2823,21,1
77994,57,0
137,97,1
1622,460,1
101788,217,0
90909,503,0
99376,116,0
20970,78,0
5442,693,1
79681,344,0
59378,647,0
92379,502,0
19714,58,0
7218,776,0
138,36,1
75977,9,0
97009,89,0
51802,12,0
30,41,1
56756,44,0
1403,859,1
5791,481,1
3916,194,1
74705,504,0
67148,1197,0
82686,24,0
2235,152,1
88404,9,0
100127,273,0
59126,28,0
591,39,0
71883,97,0
73189,1199,0
2885,155,1
1136,58,1
99376,776,0
55037,424,0
75597,595,0
12143,685,0
2364,36,1
557,264,1
60462,288,0
3054,15,1
57061,1207,0
3432,173,1
3599,248,1
94973,138,0
23930,739,0
48419,252,0
5660,256,1
65107,327,0
1485,137,1
7582,79,0
39,141,1
103394,920,0
85645,9,0
68536,109,0
98569,1421,0
35172,247,0
81426,138,0
1362,78,1
64369,464,0
255,1193,1
134,114,1
781,401,1
228,47,1
92,67,1
1283,19,1
86586,12,0
92689,8,0
894,58,1
108,1073,1
114,882,1
93891,3,0
2820,196,1
52797,596,0
52674,283,0
912,882,1
90756,460,0
83922,158,0
97967,1197,0
65782,456,0
101,172,1
66243,24,0
586,420,1
54409,623,0
2142,206,0
228,24,1
101,859,1
4346,44,1
1044,193,1
4528,21,1
78823,582,0
82092,12,0
51782,217,0
81414,1075,0
1631,73,1
351,823,1
4517,0,1
70187,431,0
89370,546,0
76405,217,0
83121,177,0
67160,896,0
26,9,1
127,98,1
591,227,1
204,614,1
1316,0,1
1401,98,1
64820,770,0
2171,82,1
80404,58,0
76725,431,0
79535,17,0
266,292,1
710,303,1
3286,783,1
61555,78,0
587,47,1
92929,40,0
909,438,1
892,177,1
97905,39,0
68411,6,0
1619,1309,1
112,0,1
2554,17,1
61808,128,0
89432,109,0
338,125,1
35143,247,0
58619,1207,0
3591,246,1
85,927,1
2131,9,1
1015,58,0
59555,288,0
1677,36,1
99074,180,0
128,74,1
65233,714,0
82503,21,0
57774,61,0
140,245,1
4457,21,1
65518,45,0
92,252,1
88145,21,0
90524,76,0
69860,158,0
2608,17,1
5057,58,1
76071,431,0
71487,500,0
42805,331,0
1429,394,1
11745,3,0
105170,9,0
1845,147,1
50732,37,0
4426,394,1
99253,521,0
358,449,1
97272,394,0
167,177,1
56604,877,0
108,177,1
91340,229,0
2549,5,1
1063,61,1
92538,424,0
321,394,1
48871,9,0
76966,105,0
12313,661,0
71858,80,0
3845,175,1
2812,139,1
70,381,1
16333,40,0
3140,89,1
75928,177,0
944,45,1
1768,150,1
336,403,1
10681,0,0
2940,1315,1
1660,1199,1
1657,388,1
583,951,1
58643,29,0
2138,1207,1
76920,72,0
97852,394,0
2433,1200,1
92819,69,0
73867,111,0
63631,109,0
2439,175,1
159,137,1
2017,322,1
96829,191,0
6653,1202,0
72657,206,0
2461,394,1
62120,87,0
100659,91,0
578,36,1
73875,859,0
54859,21,0
189,405,1
1863,129,1
4147,225,1
1155,207,0
500,776,1
95347,596,0
5027,1197,1
91572,1,0
801,849,1
82277,1,0
47,1289,1
61990,1312,0
52343,1207,0
91387,114,0
463,221,1
3620,1253,1
53718,24,0
5508,3,1
17113,177,0
722,9,1
2770,206,1
38459,139,0
3762,1385,0
1632,283,1
93409,546,0
8608,61,0
3263,44,1
2885,160,1
71127,455,0
72143,1194,0
2668,157,1
70211,125,0
47491,1122,0
105958,1423,0
78717,583,0
5578,1198,1
55310,592,0
2471,74,1
503,69,1
85921,6,0
861,109,1
70,739,1
37046,451,0
1278,17,1
63309,68,0
5425,693,1
48455,503,0
48372,121,0
845,776,1
829,141,1
4672,1207,1
62621,37,0
80021,364,0
90584,4,0
72132,17,0
57575,58,0
74014,67,0
5209,621,0
100145,78,0
93729,29,0
584,5,1
68689,792,0
922,282,1
2013,112,1
1367,24,1
629,125,1
2825,518,1
4296,217,1
1493,39,1
4346,252,1
207,946,1
113,458,1
5057,157,1
48763,1394,0
81870,305,0
67052,57,0
83917,1216,0
55860,776,0
5347,89,1
86197,4,0
657,109,1
3236,39,1
4994,202,0
155,878,1
987,217,1
336,41,1
30,882,1
1498,253,1
86380,246,0
57860,171,0
8287,61,0
62761,47,0
5978,1258,1
5265,621,1
41744,363,0
92844,253,0
3896,69,0
2803,480,1
2608,454,1
4238,305,1
5296,35,1
228,68,1
1550,9,1
5906,98,0
3139,40,1
76228,180,0
105002,456,0
3682,47,1
159,18,1
78501,29,0
61040,217,0
5039,9,0
4525,57,1
4608,844,1
39,110,1
5079,1197,1
103367,1197,0
91,76,1
65302,229,0
55824,44,0
2831,91,1
4573,79,1
3677,61,1
92707,220,0
2373,45,1
91951,109,0
96193,39,0
618,387,1
5978,234,1
5864,24,1
87041,21,0
51321,1194,0
92478,37,0
48236,430,0
913,124,1
66691,1124,0
64260,67,0
13410,73,0
5290,84,1
81580,449,0
91284,953,0
593,36,1
83722,347,0
48898,72,0
84006,79,0
730,1210,1
1322,281,1
66266,303,0
97664,45,0
2071,29,1
1398,205,1
42,18,1
697,451,1
75950,776,0
1448,246,1
2412,467,1
4247,252,1
75758,1411,0
62578,40,0
1810,1198,1
112,1200,1
134,200,1
62870,78,0
1656,445,1
4386,258,1
53330,6,0
88523,424,0
1490,53,1
79572,53,0
3378,943,1
67,17,1
3192,1207,1
92872,29,0
52625,118,0
1812,9,1
2170,152,1
437,91,1
102068,220,0
65351,253,0
75378,5,0
49057,109,0
5695,9,1
3243,5,1
92,620,1
285,318,1
3529,68,1
2793,424,1
101058,119,0
4028,1,1
2346,13,1
249,473,1
552,258,1
4257,40,1
74691,447,0
731,913,1
79687,53,0
101746,953,0
80643,37,0
437,973,1
67759,0,0
90617,456,0
2260,76,1
1664,9,1
61703,231,0
423,953,1
134,776,1
90703,882,0
2146,184,1
1485,270,1
27,29,1
68016,1224,0
44407,109,0
2788,58,1
11,65,1
7951,37,0
71470,112,0
1081,1255,1
106,1224,1
72175,82,0
102249,1492,0
5389,14,1
2185,776,1
420,394,1
56595,431,0
21,17,1
56133,501,0
686,1222,1
29894,80,0
575,36,1
3333,859,1
89732,79,0
3303,180,1
82327,44,0
55995,80,0
3587,56,1
49258,151,0
65378,13,0
4131,21,1
1008,74,1
256,253,1
3005,16,1
94435,98,0
127,237,1
95410,217,0
2554,35,1
62760,56,0
82762,1194,0
1074,130,1
548,21,1
83987,1040,0
1550,40,1
74417,152,0
50039,33,0
3069,1191,1
39,1196,1
3876,150,1
82523,217,0
3173,69,1
557,35,1
3280,41,1
73606,349,0
542,351,1
17455,61,0
93709,8,0
615,5,1
265,53,1
1791,942,1
64142,801,0
99607,501,0
47227,376,0
591,186,1
3306,1197,0
2827,39,1
2202,308,1
74001,1222,0
557,242,1
95029,119,0
84304,376,0
99178,783,0
1207,118,1
1618,74,1
102820,248,0
238,45,1
95858,501,0
99938,15,0
100058,458,0
56,1075,1
1336,877,1
87271,636,0
1526,28,1
89622,24,0
2114,76,1
51221,270,0
59775,776,0
145,270,1
59,171,1
188,283,1
75132,193,0
86687,145,0
99139,173,0
6834,776,0
1657,1035,1
8397,1210,0
99539,175,0
88496,1207,0
5406,364,1
288,460,1
58359,883,0
4101,878,1
79252,12,0
944,217,1
80038,41,0
4137,149,1
57636,138,0
99336,0,0
3521,24,1
101,245,1
2849,364,1
3480,58,1
27,1193,1
65507,12,0
4193,1074,1
757,270,1
11783,1280,0
346,88,1
1647,835,1
90658,347,0
4472,274,1
1336,741,1
28886,38,0
87841,21,0
261,950,1
81760,460,0
4850,1196,1
315,581,1
5451,1396,1
6150,125,1
82600,39,0
63662,36,0
73975,246,0
114,464,1
16763,24,0
1321,344,1
2451,776,1
78892,4,0
85096,239,0
103769,170,0
101310,37,0
236,9,1
885,247,1
81777,1131,0
8691,128,0
1850,114,1
93176,0,0
21557,288,0
80916,45,0
4316,0,1
73766,3,0
97290,61,0
98801,195,0
14541,114,0
82471,424,0
63607,1196,0
5195,1425,1
112,1193,1
63477,189,0
48896,282,0
2442,177,1
100583,9,0
3474,6,1
78538,849,0
10383,24,0
119,151,1
58677,344,0
90202,21,0
60685,394,0
3400,97,1
82498,66,0
2412,21,1
1434,233,1
4534,27,1
101874,18,0
92404,98,0
5216,150,1
25911,109,0
2875,321,1
102128,528,0
63776,3,0
91876,97,0
95873,13,0
64598,460,0
84918,1444,0
197,1200,1
64113,41,0
4886,1210,1
2820,654,1
76816,9,0
1451,39,1
99004,431,0
2720,169,1
71287,9,0
96698,37,0
94271,246,0
61823,13,0
6055,40,1
54276,175,0
108,683,1
2146,181,1
286,78,1
1979,247,1
90153,217,0
50866,82,0
93449,76,0
80084,269,0
74826,1256,0
57040,6,0
2393,109,1
73320,177,0
1035,913,1
93727,61,0
267,53,1
582,114,1
59285,788,0
910,180,1
2440,180,1
456,186,1
1071,47,1
4403,109,0
2071,220,1
82815,91,0
233,859,1
4553,362,1
2485,175,1
91,97,1
1238,220,1
102033,73,0
32704,15,0
101849,431,0
79062,288,0
82752,431,0
102908,35,0
91808,882,0
503,71,1
112,109,1
114,235,1
4751,98,1
6074,1,1
712,109,1
4295,0,1
917,220,1
1268,9,1
69758,189,0
3236,40,1
1334,1198,1
253,821,1
2260,155,1
4693,776,1
5311,1197,1
2535,480,1
1517,230,1
497,945,1
85117,464,0
66773,776,0
61844,109,0
69,434,1
902,744,1
6773,1196,0
71917,17,0
3280,39,1
4247,909,1
75,91,1
5791,37,1
104062,253,0
125,44,1
377,769,0
92705,21,0
2852,97,1
3935,80,1
1647,64,1
2635,776,1
1537,820,0
3229,1197,1
2017,154,1
6037,214,1
72856,913,0
4438,4,1
618,410,1
3007,401,1
332,13,1
76260,859,0
101,41,1
105691,21,0
48662,773,0
88611,237,0
85614,1138,0
163,948,1
69992,9,0
50966,114,0
3493,91,1
1775,13,1
23,80,1
2792,21,1
811,351,1
1473,44,1
67759,57,0
14422,47,0
188,28,1
157,114,1
91628,124,0
77210,316,0
560,194,1
88906,78,0
83882,21,0
101924,954,0
724,186,1
253,12,1
1019,327,1
4351,243,1
1791,945,1
229,1124,1
3595,434,1
102135,13,0
68,29,1
60447,1301,0
2853,1169,1
884,21,1
134,520,1
765,364,1
1298,153,1
86848,823,0
2175,1010,1
30517,232,0
95962,788,0
30356,89,0
549,64,1
27028,431,0
47491,435,0
62480,610,0
77159,399,0
54242,1200,0
74709,474,0
5222,504,1
106,3,1
427,680,1
374,633,1
238,351,1
1819,21,1
2098,1210,1
87056,206,0
50448,233,0
55002,1207,0
1536,744,1
68837,523,0
438,220,1
1321,281,1
80598,303,0
2401,394,1
23375,245,0
1818,197,1
5057,179,1
91677,41,0
9095,403,0
28717,114,0
2779,246,1
2852,619,1
1614,661,1
1033,687,1
4859,4,0
1368,114,1
61569,80,0
500,892,1
1070,57,1
57782,258,0
71916,58,0
93872,8,0
101,510,1
68671,282,0
2594,109,1
78859,58,0
1425,47,1
446,994,1
101216,1197,0
944,255,1
82033,174,0
375,169,1
70680,693,0
644,245,1
144,1194,1
36764,248,0
66401,263,0
135,65,1
78918,246,0
884,501,1
2549,129,1
1905,452,1
6055,12,1
99390,305,0
75087,551,0
91632,171,0
1752,180,1
2732,179,1
4146,44,0
995,1224,1
106378,65,0
85058,48,0
57949,9,0
2165,114,1
52377,54,0
46968,175,0
3333,252,1
2022,45,1
88070,41,0
1205,41,1
68820,217,0
57037,118,0
69463,8,0
54267,538,0
2908,41,1
104075,269,0
415,258,1
2186,248,1
52632,41,0
68244,71,0
102180,965,0
2471,410,1
26,15,1
58700,456,0
1240,41,1
48854,1198,0
105616,145,0
1949,362,1
83,1075,1
724,125,1
73566,5,0
49120,206,0
80451,288,0
3559,58,1
1591,844,1
422,262,1
99523,481,0
2820,344,1
55370,150,0
313,100,1
10509,636,0
134,217,1
86937,1391,0
72674,128,0
4577,220,1
226,233,0
17532,61,0
157,608,1
72464,98,0
101805,1196,0
5287,40,1
712,89,1
4540,1032,1
3208,33,1
811,141,1
88839,1,0
85564,1124,0
80775,386,0
1450,247,1
66778,205,0
936,213,1
76591,194,0
86764,69,0
2643,154,1
984,431,1
104760,207,0
5912,394,1
8975,84,0
1539,1102,1
76505,150,0
233,189,1
92406,213,0
57778,91,0
74190,21,0
917,91,1
66676,798,0
1701,259,1
3140,202,1
5465,1197,1
96060,9,0
104984,1196,0
327,506,1
1624,44,0
68766,391,0
85207,673,0
249,880,1
395,141,1
1401,36,1
1061,39,1
79469,233,0
4245,58,1
100010,1198,0
3558,29,1
61519,170,0
103340,110,0
102128,570,0
93433,41,0
18625,8,0
187,1400,1
79427,759,0
98493,1207,0
437,503,1
1640,138,1
104345,6,0
84213,297,0
3923,169,1
91699,1194,0
549,114,1
163,941,1
2549,2,1
942,322,1
67893,1,0
92,502,1
1197,503,1
75131,503,0
87783,56,0
138,38,1
73569,883,0
115,61,1
55775,189,0
451,13,1
1163,8,1
60773,24,0
83273,621,0
49370,8,0
55220,71,0
6870,9,0
45954,150,0
19728,2,0
71919,153,0
97209,363,0
56,37,1
83302,114,0
5980,487,1
2064,175,1
2046,776,0
99992,171,0
37094,235,0
2374,1207,1
933,1253,1
818,281,1
220,149,1
4927,1198,1
3676,109,1
190,177,1
437,859,1
84236,263,0
101154,194,0
587,431,1
7201,791,0
783,40,1
3482,39,1
578,886,1
72827,256,0
80725,72,0
96539,269,0
60216,69,0
2209,1198,1
2504,18,1
1637,67,1
417,27,1
3209,98,1
6188,309,1
1350,58,1
99440,40,0
69144,175,0
73019,1198,0
79290,246,0
2368,9,1
256,859,1
50208,376,0
173,78,1
26171,114,0
77293,1194,0
2563,84,1
77094,477,0
80631,155,0
811,13,1
179,394,1
19201,139,0
84913,175,0
21578,330,0
58921,215,0
2832,177,1
4529,4,1
1517,527,1
2180,18,1
207,1199,1
4753,776,1
2762,89,1
91047,139,0
91737,150,0
73170,805,0
261,170,1
106109,44,0
1533,64,1
47314,431,0
508,246,1
29019,30,0
3101,776,1
54174,41,0
319,138,1
902,9,1
59714,1322,0
53473,150,0
41310,734,0
561,905,1
50816,150,0
1651,13,1
2956,880,1
69193,17,0
61212,71,0
1070,9,1
75007,12,0
98484,431,0
64326,1,0
53702,331,0
1366,150,1
53998,44,0
917,44,1
104124,1023,0
11,14,1
39,327,1
84008,3,0
4510,282,1
1702,1124,1
1671,246,1
531,305,1
88588,1460,0
2246,462,1
3187,288,1
67026,87,0
47325,394,0
2412,196,1
634,327,1
64291,1245,0
4787,458,0
65044,4,0
1701,74,1
51738,246,0
4014,175,1
1615,47,1
54445,818,0
262,36,1
104506,0,0
53,45,1
75385,172,0
20904,794,0
1268,177,1
99855,125,0
86121,78,0
679,248,1
89266,3,0
548,150,1
87747,35,0
2294,45,1
86761,71,0
27502,1199,0
605,1194,1
49102,9,0
894,21,1
1398,882,1
902,153,1
2017,156,1
96994,140,0
35469,21,0
76415,38,0
152,89,1
65181,821,0
101041,1400,0
0,0,1
578,245,1
85096,21,0
93692,245,0
841,1124,1
49217,175,0
834,109,1
508,247,1
72350,252,0
3580,180,1
68788,66,0
95213,37,0
856,639,1
2886,6,1
73910,631,0
897,40,1
2443,9,1
912,177,1
10239,1381,0
47248,247,0
5331,79,1
2484,217,0
100631,9,0
58335,217,0
3320,776,1
3489,6,1
57942,169,0
92205,233,0
1367,503,1
427,997,1
73492,41,0
78599,39,0
96750,784,0
910,504,1
5294,460,1
84402,9,0
4847,1210,1
75168,474,0
194,189,1
6106,47,1
5636,196,1
73687,184,0
2451,9,1
73465,6,0
296,399,1
4976,1198,1
2737,40,1
592,330,1
1591,447,1
5907,394,1
4670,114,1
2655,270,1
79839,45,0
49164,1199,0
287,109,1
104831,352,0
73440,89,0
2452,205,1
443,53,1
101224,58,0
211,214,1
86743,430,0
5004,1210,1
4813,1210,1
24540,21,0
1881,9,1
2578,21,1
3173,68,1
1034,0,1
427,174,1
1398,21,1
1535,175,1
93461,65,0
46498,82,0
104215,282,0
578,429,1
79463,153,0
94498,213,0
93812,18,0
50226,40,0
68869,969,0
20,431,1
64980,109,0
104570,5,0
2545,21,1
4354,33,1
5220,801,1
5031,145,1
3478,776,1
89509,98,0
1922,245,0
103080,1198,0
4644,364,1
74439,155,0
1033,621,1
71935,35,0
95029,1200,0
94225,57,0
68281,282,0
52900,248,0
80821,172,0
10994,524,0
3540,776,1
313,321,1
32418,128,0
51012,305,0
290,6,1
1616,620,1
73714,84,0
724,424,1
1122,1208,1
5489,1198,1
1492,200,1
80509,1199,0
2554,21,1
56,78,1
88480,281,0
46987,1197,0
948,220,1
285,125,1
1381,45,1
90223,468,0
561,27,1
134,1075,1
1367,177,1
557,170,1
2371,33,1
2435,47,1
68239,5,0
80237,156,0
896,41,1
1362,39,1
88189,739,0
1249,61,1
73864,138,0
64123,97,0
104,107,1
85344,76,0
1403,114,1
1915,315,1
70553,882,0
90195,13,0
2659,9,1
35,5,1
2419,423,1
83505,1012,0
1980,3,1
68485,1456,0
68805,1012,0
1179,1198,1
48619,460,0
4050,64,0
2126,189,1
57025,91,0
586,41,1
890,520,1
1783,158,1
2081,79,1
724,1308,1
557,809,1
1632,282,1
102742,24,0
96771,501,0
61725,776,0
90121,1176,0
19866,98,0
222,150,1
300,140,1
2825,1026,0
2976,4,1
1739,1356,1
53951,318,0
99071,643,0
65071,149,0
75133,29,0
52270,78,0
104371,256,0
1816,79,1
103199,1394,0
1243,364,1
4622,306,1
1630,19,1
54633,483,0
32,598,1
3293,12,1
319,191,1
3253,0,1
82270,129,0
3563,944,1
95155,737,0
1914,500,1
62237,255,0
42202,58,0
91266,394,0
4021,232,1
87355,192,0
86781,74,0
934,431,1
95845,173,0
61244,220,0
813,13,1
75135,1172,0
2,776,1
910,72,1
3109,256,1
47250,0,0
336,140,1
79990,175,0
139,647,1
61926,1292,0
1932,4,1
25,424,1
3329,253,1
3892,844,1
45141,47,0
1336,64,1
35151,248,0
3925,488,1
86074,80,0
1904,1243,1
2240,0,1
5768,458,0
2446,403,1
3021,9,1
575,950,1
3303,503,1
4511,72,1
3480,71,1
2425,1207,0
59484,256,0
456,281,1
2044,18,1
525,15,1
2457,364,1
2771,37,1
61,1207,1
47555,815,0
91359,69,0
652,47,1
5319,460,1
249,1107,1
65095,207,0
2145,76,1
1708,141,1
105860,9,0
222,29,1
70431,995,0
2485,1064,1
77826,1207,0
69313,306,0
4871,1198,1
2789,9,1
2367,1197,1
80274,18,0
93256,742,0
67693,13,0
91978,220,0
63154,1196,0
85803,546,0
47053,36,0
1326,4,1
2746,3,1
95343,620,0
49691,878,0
105195,177,0
63743,91,0
105234,109,0
256,73,1
2631,8,1
80591,53,0
75307,67,0
103599,315,0
45291,78,0
2849,363,1
3675,230,1
804,109,1
93627,124,0
57312,217,0
83072,1172,0
1465,621,1
66528,405,0
590,156,1
83277,41,0
72959,157,0
1039,29,1
586,125,1
4199,45,1
86169,217,0
5978,114,1
65850,252,0
9136,431,0
3530,776,1
82903,783,0
2207,29,1
489,391,1
96019,180,0
4091,877,1
1937,1200,1
91784,24,0
293,65,1
51674,13,0
4065,79,1
4836,1456,1
105994,24,0
492,40,0
83,177,1
82226,1207,0
5688,256,1
93273,362,0
4455,65,1
1169,382,1
2186,47,1
5028,1073,0
61986,29,0
98827,65,0
4025,282,1
54507,583,0
456,233,1
69241,21,0
63296,58,0
4630,327,1
2498,80,1
1349,180,1
50329,784,0
154,352,1
3799,128,1
3102,230,1
3101,1197,1
2446,930,1
87219,831,0
313,141,1
5366,5,1
51238,119,0
2549,78,1
5978,247,1
8398,91,0
546,1227,1
157,177,1
334,0,0
651,109,1
101979,429,0
1808,3,1
65674,175,0
1272,194,1
1967,175,1
1362,175,1
64969,9,0
12039,833,0
100201,949,0
3176,21,1
61296,44,0
87440,36,0
93223,38,0
10726,0,0
325,523,0
1381,207,1
1240,40,1
97416,1197,0
54591,97,0
74313,263,0
1668,50,1
92,97,1
56441,417,0
47082,205,0
38963,849,0
98714,304,0
9233,765,0
50659,1207,0
69,47,1
78516,37,0
23080,464,0
456,607,1
5288,21,1
56997,486,0
27,47,1
357,221,1
90817,4,0
69440,333,0
87123,1200,0
53020,1408,0
63940,169,0
2525,246,1
24647,4,0
416,270,1
68607,4,0
81573,501,0
57634,1198,0
2442,431,1
567,1101,1
73157,784,0
682,504,1
97716,391,0
4880,80,0
2485,961,1
41482,193,0
47000,98,0
551,685,1
50921,339,0
437,57,1
681,179,1
75432,456,0
254,191,1
103432,47,0
811,24,1
1773,21,1
7011,109,0
51416,882,0
84637,40,0
79552,177,0
93357,1138,0
1317,0,1
3128,180,1
1288,154,1
631,905,1
102609,73,0
253,822,1
77397,13,0
53015,263,0
79602,253,0
89548,91,0
73333,41,0
2559,1124,1
2040,327,1
23715,931,0
841,569,1
51208,44,0
61319,519,0
3344,177,1
1630,352,1
59267,174,0
3480,68,1
2386,1339,1
2615,431,1
65416,917,0
13351,139,0
3210,344,1
48,47,1
4706,431,1
209,1207,1
358,704,1
1241,1340,1
160,259,1
36758,150,0
59797,776,0
2089,174,1
91778,948,0
78187,33,0
56220,21,0
72505,24,0
60550,6,0
6047,458,1
1364,61,1
207,40,1
557,510,1
51328,1387,0
2488,304,1
2126,155,1
2671,172,1
73667,877,0
18556,994,0
160,394,1
885,61,1
57012,263,0
57293,177,0
1758,965,1
3611,344,1
346,217,1
89003,24,0
65359,225,0
1350,878,1
66803,91,0
85772,546,0
99361,1408,0
58158,364,0
856,394,1
88585,88,0
70146,177,0
75623,65,0
64317,783,0
1747,114,0
6062,1216,1
1812,72,1
1253,44,1
383,269,1
287,1200,1
10031,1210,0
4376,44,1
50830,35,0
1988,1,1
5699,911,1
59140,195,0
93811,245,0
546,66,1
724,35,1
58793,431,0
87547,205,0
80866,33,0
84333,282,0
77094,621,0
5179,1198,1
1334,152,1
1991,13,1
69243,57,0
75726,657,0
1763,45,1
50999,791,0
71971,484,0
1017,78,1
3359,1198,1
3589,304,1
2114,13,1
352,1197,1
4222,98,1
691,84,1
557,1073,1
360,1394,1
80049,525,0
271,129,1
105779,1207,0
74570,1374,0
557,1228,1
2953,80,1
98534,9,0
3333,172,1
30,9,1
72603,24,0
3414,13,1
2547,273,0
80973,78,0
19011,379,0
105464,41,0
95828,744,0
97709,189,0
2049,819,1
69913,109,0
9697,376,0
56147,125,0
416,859,1
60809,196,0
108,179,1
745,0,1
97580,488,0
2549,39,1
7048,6,0
190,44,1
63122,617,0
2062,1,1
206,344,1
2571,16,1
99600,1194,0
60336,114,0
105766,97,0
74730,150,0
102264,207,0
48549,362,0
27477,39,0
2175,431,1
356,24,1
853,1025,1
3129,21,1
647,1210,1
73,892,1
75341,12,0
108,248,0
5634,124,1
1175,129,1
4512,4,1
1650,253,1
2153,13,1
55545,431,0
4107,318,1
2440,12,1
52527,13,0
55422,859,0
22971,838,0
51616,35,0
13409,98,0
7315,21,0
313,486,1
1671,45,1
1760,217,1
84861,806,0
90116,1255,0
10769,828,0
1883,189,1
71971,593,0
3624,776,1
4532,759,1
163,950,1
65024,21,0
93526,255,0
552,80,1
327,57,1
3563,951,1
107,8,1
1611,776,1
97635,15,0
2594,4,1
58668,423,0
1460,24,1
59138,41,0
94479,795,0
4491,1388,1
17396,1202,0
541,330,1
183,91,1
5057,158,1
95265,282,0
647,460,1
81628,1193,0
104414,1198,0
70926,1296,0
3328,425,1
5057,21,1
47880,581,0
1035,431,1
8844,12,0
2017,157,1
427,1224,1
74877,1394,0
5888,394,1
1982,39,1
3378,39,1
62411,270,0
4810,252,0
898,9,1
35,205,1
102624,1318,0
72692,50,0
237,15,1
912,33,1
969,1199,1
1455,21,1
5552,1387,1
5421,693,1
1461,217,1
6226,6,1
13573,4,0
314,381,1
97728,24,0
1078,344,1
2439,61,1
8816,12,0
105221,13,0
84084,114,0
98404,114,0
105803,125,0
54114,798,0
1442,21,1
101,45,1
83867,297,0
75187,1207,0
1722,776,0
1104,76,1
82,305,1
74559,24,0
2018,284,1
1445,114,1
1163,248,1
82304,1236,0
456,510,1
63780,189,0
96332,776,0
6568,1198,0
72335,40,0
83599,1447,0
36,0,1
81917,129,0
98246,98,0
69868,76,0
2303,21,1
1350,234,1
82110,488,0
24115,114,0
2853,1253,1
3268,65,1
19481,258,0
894,73,1
3302,98,1
68353,502,0
3950,502,0
94229,1197,0
60534,502,0
58696,44,0
4423,190,1
2485,114,1
336,24,1
68772,744,0
54609,1200,0
73397,330,0
2419,610,1
101831,76,0
90908,151,0
2,628,1
60464,58,0
17639,151,0
4068,795,1
2471,76,1
2572,109,1
90595,258,0
2044,394,1
19482,150,0
751,13,1
65673,189,0
4707,39,1
39198,139,0
101822,36,0
53,12,1
115,245,1
93049,13,0
2141,831,1
77593,56,0
3252,9,1
95337,206,0
70442,882,0
98293,206,0
81623,91,0
4522,15,1
1086,880,1
69042,263,0
17453,245,0
2023,905,1
84716,91,0
64534,67,0
317,234,1
1494,111,0
87623,73,0
4496,39,1
61851,886,0
2420,114,1
94656,1224,0
2503,47,1
49179,18,0
3025,41,1
157,97,1
77010,61,0
2300,36,1
1366,882,1
1708,903,1
105390,1197,0
1657,1197,1
57784,15,0
429,6,1
52664,1198,0
82029,39,0
2411,18,1
72052,150,0
93479,344,0
11772,114,0
226,48,1
49121,84,0
2820,248,1
2908,248,1
81243,97,0
91123,456,0
5994,16,1
2190,109,1
2837,1224,1
1491,24,1
74651,776,0
114,58,1
82695,0,0
67328,1207,0
73931,1054,0
2520,1218,1
912,13,1
92752,344,0
75839,306,0
1399,503,1
437,217,1
910,1280,1
2690,282,1
80408,45,0
86148,129,0
66,89,1
39010,788,0
345,784,1
54102,1079,0
65948,18,0
97777,41,0
14211,1252,0
2054,776,1
89758,503,0
393,65,1
91928,394,0
79939,21,0
902,69,1
68774,170,0
6010,394,1
966,67,1
95964,693,0
2785,76,1
957,256,1
13853,227,0
100376,47,0
47962,125,0
365,39,1
783,38,1
557,233,1
660,109,1
188,1075,1
101289,38,0
4306,39,1
3101,171,1
51977,1196,0
3604,217,1
453,47,1
102697,417,0
88632,217,0
3559,173,1
575,255,1
780,150,1
4731,4,1
262,252,1
86295,798,0
4993,24,0
845,1198,1
93192,40,0
225,884,1
52739,21,0
42,82,1
53568,321,0
31,37,1
105424,885,0
71970,1124,0
71807,36,0
2464,330,1
2908,245,1
5871,519,1
48316,192,0
5798,124,1
98285,206,0
63371,9,0
65144,152,0
597,109,1
893,431,1
1402,6,1
62309,91,0
28183,160,0
85478,288,0
100838,1,0
1979,248,1
923,97,1
2576,1193,1
66670,8,0
2129,76,1
93413,9,0
1996,1130,1
1364,39,1
67053,145,0
49178,65,0
75022,39,0
91661,233,0
15995,795,0
68459,21,0
1188,234,1
2839,47,1
3378,955,1
37589,56,0
3490,44,1
10202,431,0
76031,4,0
5436,693,1
76,351,1
82840,234,0
1717,91,1
70874,1200,0
57301,202,0
267,18,1
5381,828,1
6567,431,0
4481,37,1
3366,341,1
61284,21,0
1000,784,1
72360,1074,0
5169,1197,1
1448,0,1
924,205,1
29625,913,0
2862,391,1
75035,1472,0
115,1004,1
66282,1222,0
784,73,1
102,21,1
2022,69,1
3143,431,1
73,24,1
2605,521,1
47456,202,0
3920,363,1
86264,155,0
3227,351,1
39,434,1
4981,1197,1
92408,1196,0
2686,79,1
75914,179,0
47180,458,0
1662,1194,1
57229,45,0
19180,347,0
95402,44,0
2,47,1
3005,784,1
86383,1299,0
5082,322,0
79372,37,0
100770,15,0
2668,153,1
522,344,1
99726,9,0
1631,763,1
75277,1207,0
437,1245,1
182,1396,1
87594,91,0
267,230,1
14969,661,0
237,445,1
70758,13,0
351,483,1
2881,270,1
182,820,1
2153,246,1
66359,149,0
1637,73,1
57832,288,0
95225,791,0
2473,454,0
5267,1207,1
60380,9,0
66541,281,0
3064,150,1
85375,1194,0
76966,856,0
2364,245,1
79674,8,0
1927,394,1
3624,58,1
96163,1207,0
73469,13,0
101415,5,0
1197,73,1
3151,9,1
1888,89,0
5621,82,1
1367,72,1
84510,35,0
1030,892,1
3237,97,1
2126,91,1
52,9,1
83025,58,0
305,1207,1
5061,1334,1
2440,173,1
2472,109,1
75840,58,0
62518,206,0
95550,9,0
99978,125,0
51562,21,0
2936,430,1
369,582,1
96039,12,0
4135,21,1
188,61,1
2959,361,1
986,1,1
336,78,1
1881,998,0
336,798,1
3624,21,1
686,170,1
53,337,1
79967,15,0
108,180,1
84167,288,0
1909,57,1
1491,69,1
73762,1198,0
48717,394,0
101876,179,0
54885,9,0
73599,1194,0
16111,24,0
3009,1207,1
4979,394,1
70622,12,0
47820,40,0
51217,39,0
58541,207,0
59203,1200,0
414,1207,1
180,1023,1
473,29,1
59476,13,0
89179,177,0
67017,92,0
87195,564,0
90527,788,0
56803,1198,0
73412,401,0
81430,158,0
1306,16,1
1615,1,1
65413,401,0
3629,1198,1
2511,109,1
100835,606,0
938,38,1
931,905,1
576,570,1
87927,89,0
413,145,1
10690,364,0
100634,40,0
98857,0,0
56133,171,0
69991,1,0
1123,14,1
188,621,1
853,189,1
2442,391,1
56390,105,0
2469,220,1
23375,423,0
2547,1198,1
49,36,1
87411,945,0
86651,66,0
67611,24,0
2907,431,1
1107,78,1
532,305,1
552,29,1
2800,443,1
3480,24,1
33037,58,0
82841,91,0
70629,21,0
4236,13,1
3664,35,1
8232,186,0
2885,255,1
67957,124,0
79521,150,0
1517,920,1
12198,61,0
93865,150,0
66037,281,0
1714,815,1
73446,217,0
89,36,1
59270,91,0
87726,76,0
72060,39,0
71647,621,0
88465,750,0
53325,992,0
3261,18,1
95364,1474,0
1546,1406,0
56380,253,0
52089,29,0
1434,89,1
94137,18,0
724,351,1
1957,783,1
1159,114,1
898,458,0
875,29,1
256,71,1
1465,114,1
1192,78,1
2796,124,1
49,883,1
100022,259,0
91922,13,0
87269,175,0
4776,1194,1
32,778,1
5283,431,1
75,9,1
2673,1324,1
3113,150,1
1657,269,1
1399,61,1
5196,1207,1
96124,36,0
3173,41,1
92838,128,0
1040,171,1
2251,61,1
78857,109,0
73990,1197,0
1699,61,1
1269,1207,1
55727,21,0
3064,1075,1
4433,203,1
80719,203,0
64865,58,0
17730,327,0
76290,482,0
1455,529,1
66137,109,0
49426,78,0
2112,394,1
68813,1396,0
48071,12,0
68624,47,0
17104,233,0
589,58,1
3864,41,0
79549,431,0
14593,139,0
2480,181,1
89839,1,0
6021,394,1
100878,391,0
51639,13,0
93295,351,0
4489,9,1
52391,82,0
1485,91,0
86616,394,0
549,1194,1
6640,1244,0
4317,376,1
53,21,1
32749,41,0
96152,8,0
51842,323,0
98815,1228,0
47051,306,0
746,256,0
2997,1394,1
60507,231,0
49727,15,0
10739,364,0
3518,233,1
2788,24,1
98819,1,0
101,523,1
3911,877,1
80801,217,0
4552,478,1
84963,246,0
250,805,1
86526,1199,0
576,39,1
1615,48,1
5906,376,1
55562,0,0
306,1210,1
56104,693,0
36269,1210,0
101208,458,0
56001,78,0
1645,114,1
71549,177,0
4420,394,1
6884,839,0
11873,217,0
53,464,1
29505,878,0
1459,1193,1
896,909,1
5887,523,1
90946,45,0
86064,65,0
74942,1199,0
270,409,1
258,206,1
1824,217,1
73715,282,0
81787,1124,0
82862,124,0
841,1194,1
4348,424,1
1692,485,1
912,6,1
5344,9,1
765,118,1
67947,234,0
2335,47,1
1493,13,1
1322,15,0
90301,877,0
76232,129,0
52215,6,0
50583,407,0
51651,122,0
68302,878,0
351,53,1
50685,892,0
2826,39,1
1618,71,1
1188,263,1
23347,347,0
73023,233,0
1359,109,1
72428,41,0
4878,1396,1
2468,379,1
58872,13,0
50535,128,0
64720,173,0
11706,1396,0
612,220,1
72785,789,0
3188,53,1
58834,194,0
1853,39,1
89063,21,0
93151,318,0
73605,468,0
4286,321,1
61797,37,0
952,431,1
4113,255,1
60338,959,0
82388,331,0
83623,776,0
18828,58,0
1644,207,1
1715,304,1
70003,197,0
1090,1150,1
4717,394,0
1372,27,1
90,21,1
49866,109,0
94580,44,0
47851,440,0
3837,8,1
4784,1198,1
1004,1334,1
2810,1200,1
70822,1197,0
2885,520,1
98043,283,0
1677,9,1
567,18,1
67766,224,0
6078,1207,1
68224,21,0
1464,173,1
1485,1124,1
59208,252,0
1648,82,1
90931,1194,0
1571,333,1
4339,21,1
59130,180,0
3346,125,1
463,282,1
78269,40,0
5155,282,1
924,38,1
93232,1241,0
4302,230,1
313,424,1
111,91,1
933,64,1
1979,35,1
577,21,1
618,363,1
51110,344,0
5461,5,1
2921,840,1
253,58,1
57551,877,0
312,491,1
81301,158,0
49418,956,0
801,17,1
67634,3,0
53745,1194,0
1314,35,1
68001,40,0
254,145,1
20982,252,0
4410,1207,1
77957,68,0
67480,38,0
2607,133,1
15718,245,0
76872,327,0
262,105,1
2468,878,1
69222,431,0
312,351,1
57877,256,0
92424,1228,0
2823,297,1
8415,478,0
102007,4,0
65241,47,0
50202,801,0
5708,1198,1
45099,738,0
10197,12,0
102108,231,0
99009,21,0
65980,128,0
80178,177,0
47311,256,0
406,823,1
811,654,1
1616,24,1
50753,951,0
1270,2,1
425,1207,1
65806,217,0
63859,91,0
2825,1197,0
103953,44,0
1090,542,1
1092,504,1
2389,394,1
91624,124,0
1349,57,1
33741,47,0
81802,282,0
12439,9,0
95776,252,0
1399,0,1
91553,654,0
25226,464,0
552,145,1
76823,285,0
1205,91,1
1466,460,1
1398,35,1
3985,4,1
2170,431,1
1399,73,1
92156,179,0
91282,798,0
3432,172,1
156,1075,1
1615,82,1
5473,114,1
1401,21,1
76407,312,0
773,109,1
96806,431,0
266,150,1
2833,21,1
183,18,1
67515,45,0
312,39,1
1919,44,1
912,661,1
83,9,1
100499,394,0
79488,58,0
1123,1124,1
996,179,1
99755,429,0
2549,942,1
90414,150,0
682,44,1
1691,57,1
3710,1366,1
1333,1207,1
346,13,1
54741,130,0
25258,282,0
70,21,0
291,109,1
1372,405,1
3333,946,1
99955,882,0
78997,1200,0
74250,232,0
67548,71,0
55713,44,0
86705,125,0
2876,391,1
20,392,1
92,200,1
2852,882,1
49234,456,0
103179,109,0
65587,2,0
56,1207,1
387,424,1
317,105,1
4291,41,1
58228,64,0
1689,429,1
2729,1433,1
4555,21,1
1636,207,1
418,109,1
31,245,1
9504,40,0
63024,269,0
5028,138,0
2321,9,1
2252,452,1
79234,1495,0
82237,408,0
81184,253,0
1349,158,1
92211,78,0
51842,45,0
4615,394,1
2434,91,1
1486,460,1
156,259,1
87441,661,0
1536,283,1
55155,1207,0
64510,388,0
6255,29,1
5959,21,1
1466,768,1
69601,1198,0
80913,480,0
63386,175,0
75260,19,0
557,351,1
2458,109,1
92,456,1
1550,105,1
437,980,1
76042,173,0
86607,45,0
2668,39,1
85683,13,0
1442,57,1
1416,1194,0
137,21,1
13069,458,0
61637,207,0
82619,880,0
8034,394,0
105059,21,0
138,207,1
3812,232,1
18486,225,0
1495,6,1
404,5,1
4544,24,1
2429,251,1
60939,9,0
78326,882,0
11579,616,0
71167,1485,0
87255,217,0
134,72,1
2170,111,1
197,246,1
4076,284,0
2669,58,1
105044,41,0
758,270,1
66843,235,0
5320,431,1
11834,79,0
100819,394,0
82735,1,0
36797,253,0
1352,3,1
61018,531,0
98913,877,0
64362,468,0
2549,28,1
97102,189,0
80509,394,0
77264,327,0
4865,1198,1
99477,97,0
1865,9,1
1898,583,1
28187,9,0
50362,877,0
552,31,1
76820,114,0
24006,394,0
1025,57,1
3901,878,1
39,664,1
108,456,1
59138,203,0
92487,468,0
2558,80,1
86844,200,0
209,138,1
73370,246,0
62071,196,0
92964,269,0
91348,694,0
1703,8,1
2026,56,1
122,47,1
85679,41,0
912,352,1
182,6,1
57579,68,0
912,154,1
984,152,1
70373,153,0
4063,877,1
7305,71,0
65825,6,0
2043,1090,1
557,1412,1
377,480,0
1760,520,1
1532,435,1
593,58,1
811,533,1
70,390,1
1884,0,1
57066,21,0
51155,217,0
173,1210,1
5414,1347,1
68571,945,0
286,1400,1
71206,41,0
48291,391,0
90364,217,0
48491,318,0
67652,97,0
78749,205,0
2549,125,1
2991,460,1
58903,82,0
3550,351,1
63535,401,0
2043,72,1
2885,263,1
79829,351,0
2885,9,1
1789,150,1
995,58,1
2812,65,1
8822,431,0
53,189,1
102767,175,0
124,68,1
2418,394,1
122,1023,1
2240,1253,1
3589,592,1
1365,57,1
5520,15,1
74814,233,0
106392,29,0
85838,424,0
1243,383,1
56482,17,0
2126,157,1
91152,21,0
64911,283,0
2231,194,1
47242,1396,0
2446,153,1
82470,948,0
79381,269,0
130,1193,1
5056,350,0
578,600,0
809,2,1
46936,150,0
89955,477,0
258,9,1
912,246,1
105398,0,0
48759,68,0
97544,992,0
65166,109,0
94851,169,0
8920,12,0
2539,623,0
86668,57,0
87983,40,0
60803,3,0
73972,44,0
262,503,1
105213,225,0
61533,321,0
89156,92,0
2439,82,0
94635,12,0
317,15,1
77068,29,0
327,89,1
67685,206,0
2618,53,1
55088,1207,0
4194,18,1
1776,487,1
85294,191,0
663,109,1
17335,1124,0
48906,776,0
83800,109,0
45360,1405,0
2784,4,1
2698,859,1
78072,186,0
39811,64,0
64884,1207,0
93234,1344,0
1467,88,1
99359,1044,0
2049,39,0
5704,220,1
2468,1207,1
92432,252,0
2953,394,1
52984,145,0
149,78,1
4590,364,1
46368,235,0
4560,45,1
1614,4,1
1333,195,1
2667,15,1
254,581,1
2589,57,1
1314,45,1
1531,8,1
80858,892,0
1651,24,1
78750,771,0
6003,1456,1
57254,433,0
43421,541,0
61,92,1
437,968,1
1261,452,0
5896,44,0
97755,15,0
200,812,1
2021,256,1
48565,425,0
190,541,1
17981,344,0
2183,452,1
96014,24,0
2429,827,0
103406,442,0
69651,220,0
83017,128,0
70567,0,0
1078,823,1
66373,1,0
53008,31,0
108,21,1
232,35,0
64018,247,0
10931,145,0
105146,129,0
557,4,1
22707,313,0
218,1207,1
5749,256,1
90116,21,0
122,48,1
5799,9,1
73974,21,0
30542,138,0
575,948,1
2698,501,1
74113,191,0
922,247,0
2,806,1
5379,480,1
76176,194,0
2554,251,1
1189,40,1
2468,382,1
233,217,1
188,205,1
557,155,1
17384,150,0
13794,67,0
5296,36,1
1031,58,1
3293,13,1
60695,394,0
55995,323,0
917,460,1
81428,24,0
14008,61,0
74116,913,0
1167,281,1
1673,79,1
52306,13,0
83149,45,0
45705,9,0
71367,67,0
429,1453,1
557,78,1
2351,87,1
86431,15,0
2097,114,1
100354,256,0
139,844,1
66700,21,0
41647,9,0
98888,258,0
4267,458,1
57867,456,0
2675,1372,1
1571,381,1
39,125,1
2535,17,1
97859,580,0
87428,246,0
3108,468,1
177,270,1
97162,14,0
4824,1196,1
86701,212,0
57582,379,0
3263,620,1
93119,1413,0
4302,1198,1
87800,179,0
105027,58,0
415,1394,1
101725,1197,0
97759,1207,0
81171,177,0
66808,333,0
1989,202,1
1102,65,1
912,654,1
50301,40,0
1695,950,1
91079,119,0
1636,962,1
62655,1124,0
81523,183,0
2752,9,1
90173,82,0
96327,150,0
94911,464,0
74071,456,0
101245,1025,0
552,438,1
63759,38,0
884,24,1
100336,44,0
18306,124,0
480,1017,1
17291,882,0
227,105,1
72294,217,0
2476,837,1
3064,1074,1
2237,1396,1
92325,1197,0
87824,109,0
1350,172,1
3333,13,1
300,427,1
89,0,1
70707,41,0
4663,1124,1
71180,71,0
2412,44,1
74040,40,0
92294,89,0
59777,859,0
3930,621,1
433,14,1
2027,743,1
97656,256,0
51159,40,0
4224,21,1
90636,9,0
65327,1196,0
900,47,1
1280,363,1
1264,12,1
2885,1075,1
49247,394,0
88689,232,0
18697,28,0
23853,1456,0
1394,58,0
49638,12,0
1744,53,1
53347,153,0
79340,24,0
27785,141,0
93593,33,0
1366,248,1
276,352,1
71,282,1
163,776,1
49573,129,0
5978,186,1
163,945,1
3937,593,0
89137,1194,0
4226,58,1
1398,38,1
88356,784,0
82250,39,0
46096,1216,0
74787,327,0
2364,41,1
12669,47,0
99849,206,0
82150,1280,0
89951,521,0
3621,318,1
820,194,1
1130,376,1
2820,321,1
61774,1210,0
228,1202,1
82553,438,0
902,789,1
62513,47,0
92269,89,0
415,40,1
1414,0,1
1070,180,1
2441,24,1
50,431,1
99762,304,0
100836,48,0
188,151,1
336,877,1
1442,58,1
54809,28,0
84010,878,0
35241,21,0
445,1210,1
5949,297,1
2448,18,1
52,1299,1
97888,968,0
73807,394,0
59397,352,0
3200,1322,1
3099,21,1
73157,392,0
7233,1098,0
229,177,1
85023,53,0
100,177,1
83388,252,0
344,47,1
1637,1207,1
88585,61,0
877,163,1
910,200,1
66313,145,0
1491,157,1
91804,1199,0
4408,1207,1
841,109,1
1089,265,1
88509,152,0
4366,138,1
32097,263,0
66186,431,0
182,776,1
480,1207,1
59190,39,0
54048,158,0
233,21,1
61921,255,0
578,19,1
67021,270,0
88160,1199,0
4601,194,1
1850,180,1
98890,12,0
93945,776,0
71688,169,0
57624,431,0
1336,1200,1
4460,362,1
100158,150,0
3235,78,1
4443,82,1
82235,130,0
80894,1196,0
2519,1241,1
191,65,1
85091,12,0
3988,232,1
95895,517,0
54,24,1
2453,69,1
966,116,1
1659,87,1
91191,1147,0
4331,256,1
209,21,1
1791,58,1
342,206,1
89763,529,0
91702,880,0
77946,6,0
85850,175,0
5458,1396,1
68204,0,0
80573,235,0
93452,252,0
66894,12,0
74898,220,0
3133,892,1
64787,394,0
2563,344,1
25,21,1
104916,57,0
82994,776,0
1099,431,1
25273,41,0
1049,256,1
1698,9,1
105648,386,0
59040,78,0
76963,109,0
167,1207,1
4022,175,1
3116,173,1
104617,151,0
85892,220,0
26680,245,0
85,247,1
884,67,1
93721,37,0
4680,180,1
928,776,1
97688,747,0
100575,776,0
101117,248,0
94842,1198,0
4846,1207,1
3098,0,1
48687,1396,0
3135,259,1
90130,258,0
4345,61,1
86338,9,0
86450,207,0
88461,33,0
79509,207,0
64206,1,0
55145,175,0
950,15,1
66995,1394,0
59853,582,0
15730,460,0
100,41,1
5597,1216,1
2045,73,1
85323,263,0
2652,460,1
257,64,1
46219,114,0
89711,1207,0
59124,671,0
1123,138,1
1556,12,1
3227,245,1
26,431,1
63012,413,0
1690,37,1
62412,304,0
82436,156,0
2282,35,1
136,1194,1
924,89,1
77296,29,0
68826,433,0
49171,790,0
18148,141,0
9335,253,0
65227,5,0
74316,124,0
51214,39,0
1366,172,1
3305,460,1
4161,128,1
84155,33,0
516,307,1
72666,57,0
98541,8,0
5490,784,1
92231,119,0
51159,882,0
3235,1210,1
4368,1396,1
1243,995,1
3929,249,1
81239,53,0
99937,180,0
85307,1011,0
1521,956,1
1177,177,0
49410,458,0
3329,21,1
1699,21,1
682,503,1
1981,288,1
71624,905,0
27556,249,0
30,282,1
2219,950,0
3346,38,1
1442,9,1
101,1222,1
1763,150,1
188,248,1
81266,84,0
90017,744,0
18814,252,0
2376,16,1
180,1193,1
2513,18,1
11295,742,0
3747,636,1
22541,141,0
262,38,1
2119,1164,1
105905,0,0
31401,41,0
3016,79,1
5216,170,1
320,1198,1
6,24,1
101936,1075,0
1171,700,1
437,45,1
803,1196,0
1622,1,1
70353,671,0
53375,69,0
783,37,1
1078,15,1
3239,177,1
17332,1085,0
103912,281,0
1501,351,1
81831,351,0
45597,45,0
557,45,1
3164,248,0
704,1124,1
31,351,1
50001,190,0
91401,21,0
63435,58,0
576,194,1
52827,41,0
62814,1207,0
101476,58,0
84657,111,0
127,1200,1
3599,89,1
267,80,1
1910,886,1
51262,1197,0
247,15,1
1773,61,1
52655,39,0
75,282,1
349,149,1
4649,394,0
76333,504,0
79388,21,0
304,1017,1
67337,171,0
82727,1198,0
100874,949,0
3893,809,0
227,206,1
72674,9,0
32767,449,0
60550,9,0
2752,424,1
591,24,1
4342,149,1
79592,520,0
2384,744,1
1383,80,1
3353,35,1
61498,483,0
5889,145,1
47895,1228,0
280,1124,1
69145,36,0
59,823,1
88194,205,0
66873,41,0
50156,639,0
65768,80,0
66786,13,0
101732,213,0
2555,205,0
55737,58,0
58513,1196,0
87700,30,0
60505,1200,0
853,4,1
59116,41,0
1139,33,1
51516,21,0
106167,207,0
48771,21,0
3929,1207,1
1521,182,1
1348,41,1
176,1207,1
89428,220,0
20420,155,0
55193,431,0
93728,361,0
3242,21,1
74566,175,0
91039,776,0
4891,1296,1
3550,40,1
6172,829,1
4409,1073,0
1758,344,1
92,253,1
50464,1043,0
5000,1198,1
259,906,1
2040,905,1
4351,403,1
84584,1194,0
1368,21,1
52027,1197,0
67296,76,0
42721,156,0
90716,12,0
70017,47,0
76538,424,0
60626,270,0
50556,776,0
1136,252,1
2273,700,1
93677,424,0
4330,9,1
84,319,1
4803,1399,1
1366,207,1
256,9,1
83179,282,0
56878,177,0
3247,40,1
55123,44,0
2770,205,1
99257,1194,0
98465,44,0
14593,173,0
2549,1197,1
1850,160,1
61837,522,0
2842,6,1
28980,12,0
37307,481,0
3259,478,1
61166,458,0
1907,76,1
24094,1012,0
519,308,1
5587,1210,1
2451,1207,1
63006,316,0
2647,40,1
547,40,1
3209,776,1
1674,67,1
4303,478,1
72471,590,0
5977,431,1
22433,1170,0
1536,114,1
59172,263,0
163,17,1
1040,38,1
2435,460,1
48091,58,0
18071,150,0
108,24,1
47849,33,0
1019,382,1
55137,581,0
5296,38,1
557,580,1
101417,0,0
3955,636,1
61101,177,0
42767,189,0
3514,220,1
100602,283,0
56464,394,0
4094,877,1
59,45,1
63978,1400,0
63443,270,0
64265,80,0
225,502,1
28845,47,0
48348,776,0
2135,47,1
74388,114,0
27178,878,0
2287,124,1
2785,9,1
38696,175,0
1493,1074,1
642,375,1
3036,150,1
73099,233,0
49732,429,0
4945,1196,1
345,362,1
49771,33,0
2453,308,1
81245,9,0
3090,4,1
5993,54,1
5741,264,1
1336,1133,1
85964,36,0
68335,220,0
1413,0,1
620,364,1
79950,1197,0
3480,44,1
94032,283,0
2669,13,1
1074,253,1
714,109,1
86340,21,0
1089,880,1
2690,13,1
3548,252,1
76750,53,0
841,45,1
26099,246,0
88693,1193,0
90307,84,0
884,74,1
70785,3,0
1887,40,1
63236,456,0
1618,174,1
912,44,1
87844,186,0
1130,194,1
92399,45,0
68850,215,0
69219,258,0
55713,621,0
106353,1444,0
55450,776,0
48678,256,0
91061,253,0
2649,1198,1
26,1207,1
21670,445,0
2544,767,1
2451,784,1
67924,39,0
101433,1210,0
70760,253,0
4750,4,1
389,269,1
24058,221,0
98216,209,0
66509,65,0
2412,1394,1
104050,64,0
75,97,1
37610,252,0
51398,1210,0
1971,68,1
88068,109,0
96364,1394,0
2916,280,1
1306,64,1
874,643,1
1758,139,1
64347,175,0
66350,37,0
7539,247,0
5210,1198,1
2441,615,1
2364,248,1
6750,431,0
4237,40,1
2908,202,1
33021,2,0
40,1333,1
85326,189,0
1055,4,1
1255,480,1
63087,1207,0
66847,47,0
59754,249,0
92930,859,0
81606,91,0
2971,67,1
1618,592,1
67394,1411,0
75697,13,0
91714,44,0
890,21,1
1230,424,1
1568,169,1
68557,21,0
455,98,1
14883,21,0
77488,1194,0
98323,214,0
644,9,1
2058,394,1
87695,944,0
1368,141,1
64386,9,0
1511,776,0
102346,1032,0
1981,9,1
2824,194,1
72857,1269,0
97498,171,0
85,9,1
72856,37,0
81006,130,0
69656,770,0
1427,285,1
100999,425,0
423,859,1
1462,31,1
52892,73,0
39800,435,0
3599,247,1
3129,37,1
3473,114,1
1369,6,1
2146,776,1
300,152,1
47255,456,0
65170,98,0
3548,253,1
5389,138,1
1242,18,1
4247,911,1
53685,337,0
98860,1210,0
65122,1194,0
2364,38,1
620,1167,1
4141,394,1
1650,39,1
57549,379,0
1019,331,1
4248,256,1
8105,21,0
50612,362,0
179,191,1
64722,21,0
89506,91,0
3097,24,1
92415,776,0
92198,949,0
1081,259,1
51260,68,0
81678,217,0
1277,16,1
50672,206,0
92051,270,0
2659,61,1
78693,194,0
2462,0,1
57488,838,0
88561,21,0
37610,44,0
1416,394,1
67733,13,0
1367,263,1
5997,327,0
60,1193,1
419,8,1
5978,45,1
206,253,0
3329,263,1
317,292,1
2549,1198,1
5774,251,1
40756,419,0
63807,74,0
912,171,1
50186,97,0
28611,1428,0
88000,217,0
2516,3,0
75140,269,0
69352,424,0
91848,58,0
466,318,1
724,252,1
599,109,1
83138,158,0
4912,1207,1
13770,35,0
3634,233,1
85756,105,0
992,44,1
1421,112,1
105867,313,0
103323,145,0
1195,8,1
77277,231,0
52763,431,0
3707,129,1
54999,502,0
419,221,1
95867,502,0
68190,39,0
48959,170,0
69763,247,0
157,202,1
420,344,1
5352,1197,1
85717,1280,0
5273,809,1
522,961,1
2956,114,1
74291,1197,0
1466,1,1
938,150,1
2820,598,1
71217,57,0
3896,6,1
1998,433,1
68596,828,0
365,173,1
82,39,0
69264,84,0
90145,520,0
156,776,1
93416,877,0
61,129,1
6041,0,1
78731,150,0
3941,795,1
1171,190,1
2771,41,1
2275,45,1
66038,109,0
83502,0,0
12,431,1
59386,776,0
909,17,1
3081,194,1
65082,504,0
74311,950,0
71517,0,0
48406,1198,0
987,1228,1
1833,170,1
2906,1207,1
2442,305,1
1671,1199,1
1127,47,1
2129,45,1
92307,44,0
49405,24,0
5558,54,1
1663,150,1
88751,48,0
84210,1210,0
91860,282,0
5601,1198,1
564,829,1
48440,255,0
5978,21,1
1029,39,1
71853,661,0
5042,1207,1
157,76,1
101240,114,0
5383,1394,1
23868,548,0
894,39,1
31169,521,0
100680,205,0
75,41,1
2022,71,1
2536,344,0
1136,1200,1
67117,429,0
65176,245,0
87817,40,0
916,114,1
94739,118,0
65160,540,0
2119,259,1
559,56,1
72861,107,0
5978,160,1
578,37,1
50182,207,0
97423,64,0
3809,232,1
82,78,1
21346,97,0
987,114,1
2471,72,1
182,1,1
71078,13,0
37701,40,0
60140,109,0
2248,1224,1
982,28,1
44,1124,1
47779,39,0
6596,1252,0
40030,466,0
25959,1210,0
411,145,1
557,158,1
94224,78,0
2033,33,1
98441,256,0
81215,184,0
91820,456,0
103471,849,0
291,430,1
3773,194,1
6162,39,1
56129,58,0
502,1,1
92915,89,0
159,776,1
73743,12,0
1616,578,1
1631,98,1
71933,859,0
41829,67,0
1401,39,1
2514,130,0
93,352,0
1364,173,1
11134,147,0
51700,233,0
26961,327,0
67,1396,1
90678,258,0
28822,13,0
231,170,1
1584,17,1
1622,3,1
1401,76,1
450,47,1
79948,255,0
246,264,1
1550,217,1
73361,21,0
65519,885,0
76684,177,0
4550,89,1
18645,171,0
67,783,1
3207,673,0
67281,283,0
90257,98,0
1029,776,1
2605,1207,1
910,98,1
87689,124,0
2249,78,1
1978,376,1
1350,206,1
2440,91,1
56,454,1
588,1343,1
50739,379,0
138,180,1
5016,431,1
261,24,1
65302,24,0
67022,177,0
47662,364,0
103608,386,0
1251,285,1
2446,264,1
249,5,1
128,156,1
68389,160,0
69316,221,0
200,458,1
135,259,1
1411,109,1
36730,1197,0
3010,407,1
2997,47,1
2441,281,1
1884,58,0
8034,24,0
95368,1196,0
96893,73,0
86551,1113,0
67387,283,0
73143,330,0
70373,0,0
83487,24,0
2030,150,1
47898,38,0
60463,883,0
78020,468,0
55148,98,0
53060,521,0
19893,256,0
73917,255,0
722,171,1
10662,783,0
48321,89,0
2200,78,1
94435,972,0
20481,58,0
500,74,1
19,788,1
94193,24,0
2103,1408,1
424,48,1
3618,3,1
3,6,1
53,491,1
81833,1194,0
1612,1105,0
378,506,1
548,0,1
23906,139,0
2885,154,1
55095,776,0
75307,47,0
1615,6,1
93814,158,0
51664,1207,0
420,80,1
1011,859,0
1872,44,1
55235,431,0
92109,1197,0
281,818,1
207,793,1
2751,61,0
87462,503,0
56058,24,0
358,21,1
59340,9,0
77274,157,0
91727,429,0
97916,1198,0
98561,82,0
77519,776,0
22592,791,0
4165,878,1
3653,431,1
82771,173,0
284,859,1
422,109,1
3116,31,1
25,281,1
50611,503,0
51745,9,0
86,431,1
4486,13,1
783,177,1
34520,0,0
1205,525,1
105268,308,0
95251,61,0
91218,114,0
245,137,1
78316,1124,0
73435,39,0
87960,821,0
4437,847,0
65113,344,0
2045,76,1
10,40,1
14,1193,1
4193,1073,1
139,541,1
64692,41,0
48386,109,0
54,17,1
2440,595,1
20746,404,0
76,859,1
53,217,1
2678,21,1
1643,109,0
85436,45,0
59173,9,0
57294,1,0
97853,18,0
1974,480,1
1104,430,1
1362,205,0
53289,270,0
910,502,1
67880,194,0
3030,147,1
80665,1197,0
1900,169,1
3105,1289,0
321,18,1
54735,173,0
351,394,1
1471,58,1
1163,1200,1
1342,4,1
48216,170,0
4080,878,1
1605,458,1
75641,344,0
577,44,1
3210,434,1
190,33,1
67566,464,0
8928,433,0
1469,431,1
95096,19,0
25148,171,0
388,1313,1
31,36,1
85392,69,0
1504,401,1
6304,67,0
78787,109,0
5253,1323,1
72170,65,0
77159,394,0
5976,109,1
14154,139,0
1035,31,1
3688,125,1
90850,954,0
1288,177,1
91935,394,0
190,205,1
104570,9,0
30656,1198,0
49186,13,0
313,654,1
43973,8,0
46,5,1
99559,47,0
105064,524,0
92473,673,0
100232,39,0
88678,1210,0
80313,1005,0
618,6,1
886,281,1
6099,4,1
966,9,1
2737,246,1
63530,172,0
9335,36,0
55272,304,0
48816,954,0
55356,58,0
77372,9,0
55559,474,0
77970,859,0
74253,152,0
413,53,1
90842,5,0
5040,107,1
90616,943,0
57147,220,0
931,175,1
76164,259,0
106129,170,0
162,430,1
76360,693,0
4165,877,1
64278,4,0
83938,1075,0
69697,263,0
92728,21,0
81572,966,0
75707,177,0
71713,1408,0
54514,69,0
6870,109,0
56214,124,0
3119,12,1
811,259,1
575,189,1
101896,4,0
97643,1194,0
46203,47,0
64441,21,0
100367,21,0
1125,145,1
91700,58,0
73194,285,0
222,342,1
7204,795,0
96848,105,0
3527,4,1
3021,882,0
56559,1,0
4404,1499,1
1388,109,1
89750,1202,0
437,69,1
22278,145,0
87588,179,0
62221,57,0
2010,451,1
98119,460,0
49686,80,0
346,248,1
898,44,1
3201,657,1
1701,431,1
105287,29,0
500,91,1
105240,173,0
93795,1224,0
3078,1196,0
7759,700,0
78886,12,0
10245,623,0
456,98,1
11590,1062,0
5905,394,1
518,255,1
335,362,1
49033,98,0
96349,252,0
3229,220,1
5735,1198,1
64320,153,0
94132,937,0
23510,157,0
90357,28,0
104749,9,0
4497,45,0
62771,3,0
47754,1464,0
93360,389,0
4014,1194,1
1789,177,1
2328,1357,1
92589,643,0
2885,930,1
106147,1043,0
253,1210,1
85,61,1
60233,1198,0
27404,114,0
6359,245,0
4867,1196,1
56172,456,0
96729,179,0
2715,82,1
56083,9,0
89274,0,0
1505,114,1
5763,344,1
256,744,1
415,696,1
1661,114,1
377,17,1
1640,783,1
67918,84,0
246,283,1
19588,35,0
66658,1198,0
28169,149,0
4578,942,1
1775,40,1
701,109,1
115,263,1
56436,173,0
948,109,1
61179,38,0
54252,78,0
2447,776,1
83243,543,0
74369,137,0
63092,200,0
3051,0,1
3587,40,1
79411,1122,0
89353,114,0
60082,36,0
2713,44,1
95780,21,0
1644,206,1
87885,318,0
68961,114,0
18924,247,0
65352,41,0
902,74,1
246,1245,1
4476,403,1
86178,37,0
49442,39,0
80607,288,0
995,78,1
2071,248,0
59540,128,0
5993,56,1
552,4,1
3346,36,1
4060,256,1
2457,245,0
84526,776,0
82324,170,0
2820,88,1
685,256,1
96408,255,0
27420,47,0
75334,1210,0
71026,124,0
724,352,1
93718,281,0
11321,887,0
81989,194,0
225,1075,1
101429,306,0
624,244,1
96062,217,0
2559,647,1
306,18,1
1364,956,1
3333,502,1
53392,145,0
56166,71,0
106426,263,0
44251,4,0
59216,2,0
92,172,1
1336,1088,1
898,283,1
51345,21,0
1348,98,1
875,680,1
80900,47,0
383,394,1
6004,269,1
68050,1138,0
3397,82,1
8398,1197,0
5776,431,1
103734,1289,0
94726,445,0
190,885,1
922,24,1
1074,18,1
3601,109,1
358,37,1
139,282,1
1679,61,1
1104,445,1
222,1359,1
1365,205,1
921,36,1
67834,344,0
66120,186,0
2463,417,1
88822,776,0
105384,13,0
3846,1032,1
89083,9,0
890,89,1
575,114,1
14172,138,0
1398,150,1
98638,1415,0
80796,263,0
92,951,1
82205,9,0
61794,82,0
47243,1198,0
89572,24,0
2707,89,1
86462,856,0
89889,196,0
3334,177,1
300,1405,1
95918,9,0
65305,114,0
61767,775,0
2817,248,1
3365,89,1
6666,233,0
83443,546,0
4424,220,1
105376,221,0
97391,150,0
2785,58,1
730,409,1
276,600,1
75599,111,0
73,89,1
105836,125,0
89120,71,0
85763,40,0
100991,542,0
68485,98,0
910,501,1
95402,6,0
3199,76,1
10727,47,0
82426,269,0
4108,403,1
995,8,1
4569,1207,1
717,65,1
21486,533,0
81814,29,0
96480,71,0
104143,246,0
103177,806,0
3296,91,0
64919,1234,0
128,926,1
124,61,1
44760,883,0
103665,109,0
97766,61,0
320,21,1
2544,270,1
67711,72,0
426,1218,1
82395,1,0
96030,232,0
1530,74,1
66269,79,0
1631,252,1
68428,182,0
52739,1093,0
50219,394,0
2200,39,0
304,859,1
91141,24,0
65942,394,0
1742,464,1
101397,21,0
69202,53,0
1455,847,1
76058,704,0
52320,16,0
89458,29,0
9159,109,0
94002,91,0
63282,491,0
62951,5,0
57149,1,0
2599,281,1
1399,1207,0
289,478,1
3005,169,1
19287,0,0
889,525,1
3220,129,1
2713,58,1
1204,207,1
64293,109,0
911,171,1
1031,621,1
57538,61,0
2799,4,1
57793,39,0
4333,15,1
97193,431,0
10837,145,0
68326,9,0
2345,344,1
2820,24,1
3805,877,1
676,1210,1
1798,157,1
72661,270,0
56,53,1
1530,151,1
77694,39,0
48232,175,0
66407,270,0
901,677,1
304,1197,1
80521,171,0
2822,177,1
97617,233,0
148,140,1
67724,880,0
1749,129,1
3333,72,1
3530,9,1
3129,36,1
4486,54,1
85725,784,0
94597,21,0
3333,954,1
101019,441,0
1982,44,1
232,852,1
81843,258,0
59187,4,0
70026,109,0
249,243,1
55026,172,0
924,76,1
53370,215,0
5962,58,1
61,122,1
2885,246,1
12105,634,0
102020,859,0
80920,47,0
11364,39,0
79472,1207,0
306,331,1
23,1124,1
2033,38,1
69311,40,0
188,883,1
437,593,1
68210,141,0
97641,61,0
90054,776,0
1739,543,1
200,79,1
76042,14,0
1367,21,1
92,71,1
79258,13,0
111,776,1
883,24,1
76480,464,0
1151,105,1
977,41,1
475,53,1
90327,80,0
505,438,1
79672,114,0
1058,82,1
83919,66,0
218,1198,1
83435,177,0
96485,961,0
2971,72,1
80422,36,0
910,246,1
56454,109,0
3015,438,1
4568,1124,1
53233,258,0
2518,394,1
1819,177,1
19282,9,0
52103,520,0
7759,998,0
52880,1197,0
52504,269,0
89879,264,0
3568,1,1
53908,9,0
3400,76,1
1521,944,1
1464,61,1
64414,21,0
70346,362,0
578,38,1
4574,431,1
5449,1394,1
104,207,1
450,220,1
557,247,1
6074,3,1
69364,621,0
4225,97,1
85881,1207,0
102525,114,0
1604,583,1
336,39,1
60509,768,0
1363,253,1
2207,64,1
51711,151,0
2471,124,1
76800,98,0
3152,629,1
456,105,1
46,581,1
4104,87,1
803,109,1
365,24,1
1838,1377,1
75610,776,0
6853,1029,0
365,114,1
1393,263,0
760,220,1
79248,47,0
85584,76,0
389,823,1
59956,45,0
100,253,1
157,424,1
72009,961,0
4566,107,1
33026,80,0
1368,1199,1
3094,500,1
226,149,1
104697,431,0
1517,190,1
3883,189,0
86853,68,0
66278,884,0
884,177,1
80383,1124,0
66489,114,0
779,192,1
4365,1207,1
642,9,1
80201,282,0
306,615,1
1228,904,1
3979,878,1
593,621,1
81537,1218,0
1979,233,1
2935,583,1
5302,31,1
6253,332,1
2532,1197,0
85,548,1
1640,39,0
78311,4,0
1798,38,1
102406,503,0
61,1196,1
187,190,1
66052,158,0
233,35,1
75959,47,0
327,673,1
5931,424,0
4993,1194,0
5171,997,1
92845,163,0
3686,24,1
1061,41,1
312,98,1
46982,40,0
155,1280,1
51969,215,0
59963,410,0
784,155,1
2862,1394,1
2549,82,1
1336,557,1
1635,449,1
1179,84,1
89799,114,0
5646,269,1
50349,17,0
88564,114,0
1897,1197,1
50007,16,0
888,1140,1
1284,1202,1
77100,44,0
1663,3,1
1556,57,1
93242,17,0
2480,3,1
102,151,1
1644,263,1
5966,255,1
167,270,1
100899,129,0
104793,1124,0
2065,48,1
306,194,1
68885,36,0
208,1144,1
1690,45,1
456,40,1
126,29,1
51842,1074,0
3110,1356,1
1604,194,1
65255,234,0
884,503,1
755,175,1
53576,510,0
1367,67,1
3101,1124,1
66,141,1
21217,89,0
1615,37,1
1739,21,1
1668,41,1
809,458,1
295,28,0
72291,45,0
5064,1198,1
562,91,1
21167,9,0
5251,8,1
2666,1222,1
901,918,1
2823,33,1
80666,1074,0
92574,954,0
87512,125,0
11321,91,0
285,420,1
2,57,1
11537,17,0
62361,253,0
423,74,1
95608,431,0
783,33,1
56353,21,0
2817,231,1
865,109,1
383,97,1
545,175,1
2435,1200,1
100058,1207,0
1163,1197,1
72125,13,0
100926,270,0
54747,503,0
97161,1207,0
1476,430,1
3679,155,0
52474,80,0
1576,28,1
1164,352,1
79618,4,0
94037,24,0
112,40,1
1322,256,1
95177,50,0
4677,776,1
64219,24,0
97760,98,0
1910,0,1
54380,1309,0
2673,1485,1
1508,639,1
1584,1124,1
3580,98,1
58587,883,0
104380,9,0
960,865,1
84874,21,0
1985,82,1
95055,1,0
103971,1227,0
66924,28,0
1452,551,1
1635,557,0
88421,183,0
102217,78,0
2,626,1
1791,1199,1
46136,89,0
77104,264,0
4121,776,1
86651,24,0
92,621,1
557,608,1
5296,37,1
592,693,1
77311,21,0
1354,89,1
55510,184,0
99647,177,0
74333,72,0
5273,227,1
102358,40,0
222,1394,1
1758,1224,1
1833,487,1
66363,460,0
97291,391,0
83685,1391,0
647,24,0
34604,21,0
73,39,1
211,269,1
578,248,1
23161,234,0
586,347,1
82109,1207,0
1387,5,1
54647,431,0
8472,245,0
2196,306,1
105436,53,0
52762,76,0
84457,776,0
44035,344,0
3914,455,1
10433,13,0
25778,623,0
80495,207,0
81483,600,0
78834,880,0
3490,729,1
1401,177,1
79656,1194,0
104875,31,0
582,500,1
3333,956,1
1092,44,1
71625,44,0
5951,1198,1
2356,897,1
69579,464,0
1598,124,1
99592,38,0
26,643,1
4584,221,1
99424,87,0
748,999,1
3097,1198,1
884,263,1
88950,323,0
90205,205,0
100225,233,0
92128,173,0
2412,478,1
49108,110,0
76486,13,0
92547,36,0
1444,150,1
1123,1198,1
86942,37,0
188,114,1
97431,21,0
461,541,0
5057,205,1
104300,230,0
2828,152,1
102532,805,0
13829,15,0
56467,297,0
2439,44,1
4747,3,1
2488,220,1
68777,339,0
85463,33,0
456,429,1
1517,1378,1
1753,13,1
2864,31,1
774,37,0
1365,21,1
78341,76,0
4742,91,1
2673,820,1
51999,13,0
3585,57,1
80758,5,0
3171,78,1
949,281,1
53110,21,0
86020,943,0
80242,5,0
2149,47,1
96743,8,0
1044,192,1
2155,12,1
3522,91,1
38547,328,0
71401,14,0
71693,68,0
52425,138,0
351,65,1
34243,3,0
93643,137,0
47489,614,0
7082,431,0
4294,41,1
2373,456,1
53965,231,0
68583,33,0
36978,82,0
60516,501,0
102421,1207,0
3464,13,1
66113,45,0
2170,141,1
19729,24,0
3597,0,1
966,100,0
73726,462,0
49870,68,0
2412,141,1
45000,154,0
34579,429,0
3618,614,1
95771,73,0
91473,403,0
313,24,1
95970,1210,0
3528,392,1
2421,14,1
97044,776,0
54629,233,0
94103,5,0
53593,107,0
1329,78,1
4561,177,1
70338,233,0
1146,220,0
88293,173,0
30094,91,0
5858,256,1
6313,390,0
47,6,1
92,504,1
101,234,1
1684,759,1
59489,109,0
1843,24,1
37300,147,0
100743,38,0
526,305,1
285,309,1
2002,12,1
73731,186,0
2608,362,1
56851,145,0
3201,45,1
71588,57,0
65316,64,0
59701,252,0
48738,529,0
618,13,1
55024,1198,0
2904,111,1
101478,806,0
106394,592,0
38266,172,0
3590,1198,1
6745,431,0
70220,179,0
100469,1094,0
60787,427,0
1491,568,1
57542,318,0
262,673,1
83087,220,0
49973,39,0
86646,248,0
76250,595,0
88418,791,0
497,955,1
51105,13,0
921,263,1
100,503,1
99564,621,0
84311,40,0
2042,76,1
1092,503,1
8300,82,0
58317,1197,0
60874,1224,0
922,98,1
938,35,1
13916,154,0
5328,444,1
1200,79,1
1160,0,1
2260,859,1
94566,1394,0
64068,283,0
28655,897,0
60445,171,0
78325,21,0
100,252,1
61518,190,0
73810,1411,0
591,968,1
1348,24,1
2518,270,1
916,202,1
86714,18,0
79936,114,0
470,109,1
3081,4,1
104268,109,0
131,1197,1
1188,40,1
1258,177,1
71232,38,0
6835,82,0
33380,79,0
2045,194,1
51699,58,0
154,231,1
336,823,1
55031,270,0
7516,248,0
500,905,1
47048,247,0
82672,98,0
2100,4,1
30,593,1
3054,21,0
71860,35,0
5928,394,1
56540,24,0
86516,89,0
1078,220,1
6229,177,1
1442,97,1
2801,202,1
61,79,1
1283,776,1
11947,37,0
124,956,1
67918,253,0
88726,125,0
342,207,1
82553,1082,0
182,21,1
48745,949,0
995,995,1
97851,1008,0
45208,431,0
18589,786,0
11799,69,0
85376,58,0
77103,1263,0
312,231,1
6755,259,0
83,1199,1
724,510,1
1950,456,1
100734,181,0
91346,783,0
2276,36,0
5583,41,1
67900,340,0
101,282,1
1865,1199,1
4486,281,0
48663,283,0
410,87,1
465,1,1
902,710,1
9526,776,0
28385,74,0
4168,8,1
1136,955,1
4519,45,1
4787,1224,1
2017,502,1
96796,437,0
4439,41,0
63949,97,0
59339,945,0
97182,9,0
89476,256,0
30,21,1
1644,56,1
5200,1385,1
308,65,1
818,783,0
7521,822,0
2373,160,1
1462,29,1
87909,256,0
101381,889,0
2641,1207,1
327,91,1
898,61,1
56439,138,0
2788,9,1
91358,97,0
108,1027,1
225,67,1
53445,951,0
96290,9,0
77630,282,0
112,29,1
5994,54,0
100467,179,0
4526,3,1
2162,3,1
557,40,1
93614,38,0
55751,194,0
6028,522,1
456,73,1
2977,787,1
1611,109,1
104948,431,0
67465,98,0
105774,256,0
68075,620,0
4407,29,0
1513,347,1
4303,4,1
1640,190,1
64002,431,0
47572,1197,0
557,189,1
65872,480,0
4293,431,1
124,510,1
1911,1304,1
51057,84,0
55500,5,0
2793,283,1
562,194,1
884,173,1
1427,3,1
104721,0,0
306,79,1
3153,41,1
780,38,1
557,581,1
6587,332,0
69127,68,0
901,35,1
7645,202,0
2171,130,0
89801,217,0
95510,24,0
3303,58,1
75747,1210,0
144,2,1
18605,961,0
73,156,1
66162,76,0
39868,615,0
79051,186,0
30295,47,0
94394,82,0
48319,13,0
500,175,1
5801,420,0
5805,361,1
2035,98,1
1350,154,1
1115,1196,1
57919,17,0
4660,1197,1
3946,742,1
83710,1210,0
155,110,1
14171,1415,0
56836,1158,0
3480,21,1
1188,177,1
101566,118,0
48429,878,0
2105,255,1
82995,614,0
266,442,1
441,109,1
96730,431,0
50034,24,0
60772,920,0
1632,153,1
101401,333,0
2852,13,1
55051,1197,0
2247,1124,1
63183,200,0
20666,244,0
518,205,1
60211,150,0
48896,97,0
54119,1394,0
901,36,1
823,169,1
518,206,1
33267,654,0
93891,38,0
2471,438,0
1742,72,1
2126,391,1
434,362,0
51350,776,0
71103,1197,0
18967,431,0
90532,776,0
1364,792,1
89109,233,0
471,1324,1
156,460,1
63302,87,0
84140,36,0
57202,137,0
71660,598,0
248,479,1
32,78,1
100790,283,0
1890,24,1
267,1207,1
2554,342,1
8214,248,0
3571,614,1
154,69,1
93640,783,0
5983,776,1
94186,78,0
188,37,1
79398,76,0
17,305,1
3110,657,1
2911,212,1
48382,1,0
68902,179,0
1911,870,1
559,205,1
1512,1198,0
94087,58,0
583,950,1
81704,110,0
50976,13,0
346,673,1
63511,953,0
5925,394,1
108,586,1
2416,203,1
19153,776,0
1660,61,1
102675,153,0
157,5,1
47725,555,0
59633,253,0
59444,91,0
2823,282,1
1195,89,1
98465,4,0
1226,114,1
3604,491,1
87128,253,0
48873,1102,0
82541,69,0
51556,249,0
2091,245,0
3847,256,1
1552,39,1
95493,72,0
87355,172,0
1205,21,1
2931,837,1
84603,282,0
69113,305,0
56199,17,0
86067,78,0
87350,1202,0
3624,40,1
82291,9,0
4543,91,1
2439,776,0
79839,71,0
80046,214,0
73508,45,0
1418,141,1
1366,61,1
53076,29,0
69437,710,0
26,282,1
157,607,1
128,337,1
26901,4,0
784,72,1
302,776,1
2885,949,1
1350,288,1
3677,39,1
2463,420,1
66313,21,0
547,661,1
2342,231,0
49233,68,0
4116,456,1
346,1394,1
2641,1223,0
2409,114,1
4490,40,1
91639,97,0
50606,502,0
917,321,1
101744,171,0
84982,1155,0
53460,192,0
2011,58,1
56,1176,1
92709,6,0
230,197,1
82123,245,0
3539,269,1
71645,776,0
59868,431,0
98969,58,0
1171,783,1
4753,431,1
893,363,1
1614,29,1
10,47,1
552,318,1
62400,351,0
67895,19,0
55394,961,0
69354,522,0
50899,1197,0
2904,14,1
320,221,1
2535,18,1
84499,69,0
948,441,1
2210,344,1
15797,201,0
2122,1196,1
3616,41,1
68079,177,0
52409,21,0
195,880,1
421,648,1
94569,776,0
1477,24,1
58129,431,0
5897,0,0
1650,352,1
3073,65,1
3431,180,1
54367,878,0
1695,948,1
228,1193,1
89304,451,0
78378,98,0
60438,35,0
61091,41,0
54315,182,0
1365,37,1
77337,776,0
5408,47,1
1742,68,1
72426,1237,0
75610,681,0
9484,621,0
20555,248,0
791,269,1
92792,859,0
760,800,1
30145,1060,0
86442,158,0
4022,160,1
85,39,1
84833,73,0
2126,246,1
65111,109,0
84170,321,0
87854,1207,0
100113,179,0
31760,21,0
4588,1147,1
3250,263,1
575,76,1
2619,647,1
1946,21,1
1469,878,1
101573,682,0
85381,13,0
2435,144,1
2743,1198,1
89596,4,0
69597,40,0
97490,885,0
8676,180,0
74400,65,0
1122,1198,1
87946,1151,0
2511,133,0
90588,394,0
47851,172,0
383,78,1
1452,100,1
71878,1394,0
71625,1085,0
616,141,1
26,58,1
924,9,1
67832,118,0
50746,1207,0
310,109,1
31342,38,0
2817,39,1
78015,318,0
950,431,1
1990,205,1
2549,951,1
88506,1210,0
47687,292,0
68048,282,0
60932,124,0
219,203,1
76065,38,0
49281,173,0
90882,179,0
77240,73,0
15028,17,0
1662,256,1
203,84,1
3318,5,1
4503,433,1
76200,253,0
100167,270,0
818,488,1
1455,37,1
52667,381,0
2098,0,1
52123,215,0
80174,1221,0
62850,231,0
55744,1305,0
13186,518,0
2120,137,1
84610,456,0
78496,473,0
227,255,1
2049,431,1
90583,744,0
365,97,1
997,636,1
783,76,1
1867,65,1
103413,889,0
95822,35,0
52955,1216,0
631,194,1
423,954,1
59841,376,0
369,472,1
2457,363,1
429,5,1
5915,394,1
3650,477,1
87144,186,0
1107,6,1
80201,220,0
85574,41,0
60,29,1
82328,783,0
1604,468,1
2212,21,1
56466,45,0
90680,1456,0
47673,768,0
1977,352,1
2412,477,1
49139,884,0
2364,253,1
13482,139,0
78625,149,0
1019,460,1
1723,44,1
1791,948,1
1364,949,1
557,886,1
5926,394,1
306,333,1
1650,40,1
3400,36,1
187,431,1
894,41,1
1139,283,1
1366,58,1
77274,424,0
48686,1396,0
103297,288,0
2848,718,1
2838,47,1
87194,486,0
55509,394,0
86590,518,0
50154,480,0
47916,1,0
65690,886,0
159,1197,1
55103,39,0
99075,4,0
57447,264,0
2381,18,1
3876,38,1
77122,24,0
104734,21,0
71828,12,0
90790,128,0
5978,76,1
183,252,1
10524,233,0
66140,71,0
25245,363,0
284,114,1
724,235,1
83824,45,0
76424,245,0
387,217,1
379,429,1
80984,30,0
72617,1197,0
2530,130,1
10904,394,0
47,500,1
69435,13,0
64593,233,0
61736,504,0
3593,822,1
6224,484,1
6725,1283,0
88621,551,0
4468,16,1
2458,795,1
53613,264,0
49300,233,0
225,263,1
51948,686,0
31541,592,0
82002,78,0
64741,47,0
229,859,1
58690,217,0
60868,1493,0
64109,1224,0
233,501,1
91766,21,0
2820,616,1
1603,551,1
1739,1200,1
1448,172,1
60041,376,0
63487,38,0
46262,956,0
37684,74,0
51497,98,0
74307,551,0
61,58,1
2559,776,1
37753,97,0
90629,1258,0
92337,431,0
46,582,1
93403,76,0
1517,269,1
108,351,1
3043,44,1
57530,401,0
49,35,1
93108,45,0
1271,4,1
5422,693,1
1350,882,1
5626,909,1
124,859,1
1179,138,1
857,1207,1
3037,125,1
346,97,1
81057,21,0
5453,80,0
365,172,1
4878,1333,1
155,58,1
81204,205,0
52944,1196,0
783,57,1
86454,331,0
1336,138,1
1354,13,1
105841,269,0
81213,784,0
87049,1101,0
913,125,1
91654,776,0
89101,151,0
96748,905,0
1398,44,1
1485,18,1
47,0,1
2428,1433,1
100365,1194,0
49191,1,0
47090,337,0
102278,58,0
47396,1202,0
2240,29,1
49604,89,0
922,151,1
56897,57,0
36445,47,0
46955,40,0
61736,1394,0
186,130,1
5316,9,1
3153,174,0
3378,255,1
47292,40,0
55331,2,0
56196,33,0
103399,150,0
53044,119,0
1582,344,1
182,78,1
1693,15,1
2165,39,1
1336,431,1
36603,1193,0
100142,207,0
75863,776,0
1249,282,1
73610,114,0
63446,1249,0
89887,592,0
1365,506,1
58422,0,0
49,177,1
2210,1210,1
68624,253,0
100774,246,0
74434,1122,0
48063,44,0
304,17,1
5443,331,1
2061,468,1
336,1210,1
122,109,1
105709,13,0
62043,65,0
557,1344,1
417,193,1
107,0,1
172,1102,1
104034,160,0
1524,28,1
1543,1,1
51637,48,0
73676,949,0
2885,935,1
69290,877,0
79396,654,0
103320,744,0
1123,394,1
58919,1207,0
4370,394,1
92156,1130,0
2261,130,1
2963,233,1
182,170,1
84295,17,0
2519,30,1
80404,125,0
82590,220,0
5320,170,1
124,943,1
1111,0,1
1256,128,1
2755,44,1
389,139,1
901,58,1
95441,878,0
94540,331,0
80869,33,0
100626,109,0
5780,424,1
50431,169,0
57793,693,0
92266,194,0
1398,73,1
5514,449,0
61214,21,0
84003,488,0
32449,350,0
58203,227,0
1819,283,1
5632,37,1
99377,15,0
313,39,1
59958,431,0
2860,221,1
3343,460,0
65854,648,0
97223,156,0
50406,155,0
2820,1257,1
71667,791,0
67842,13,0
47762,149,0
1456,1,1
2168,776,1
3587,179,1
991,270,1
884,186,1
2885,936,1
4550,109,0
323,109,1
3618,80,1
3285,111,1
1230,776,1
317,0,1
62254,24,0
68792,822,0
1161,45,1
95696,520,0
2123,1,1
172,486,1
1366,776,1
4393,394,1
543,309,1
321,17,1
2085,252,0
93894,401,0
2043,71,1
64468,269,0
53501,124,0
75,58,1
69338,362,0
1910,217,1
4342,1377,1
43842,15,0
51938,170,0
20,5,1
50428,1075,0
49091,109,0
72126,0,0
1668,29,1
3814,877,1
91173,217,0
50822,220,0
76694,551,0
65449,327,0
4628,1198,1
77438,2,0
85342,41,0
5057,160,1
4335,776,1
7020,292,0
88329,47,0
48790,8,0
140,647,1
80222,109,0
91082,79,0
578,551,1
87204,468,0
256,57,1
2022,793,1
2559,621,1
31768,61,0
58297,456,0
51798,480,0
1003,364,1
1197,74,1
83755,57,0
1491,151,1
219,220,1
96572,17,0
2382,525,0
80876,12,0
65464,175,0
89962,98,0
79711,203,0
578,857,1
56551,91,0
2848,739,1
94972,41,0
83323,431,0
72484,776,0
84333,791,0
615,78,1
77008,44,0
3775,5,1
55381,948,0
70053,180,0
5485,375,1
128,45,1
41452,2,0
177,1200,1
69457,252,0
5306,587,1
51959,1207,0
127,297,1
47654,202,0
3086,221,1
917,501,1
302,379,1
104755,0,0
2412,1194,1
2,139,1
1493,40,1
87836,501,0
94718,175,0
108,38,1
313,109,1
1537,878,1
5978,40,1
5309,9,1
3092,175,1
377,270,1
49,61,1
3591,248,1
36945,177,0
2820,431,1
49117,282,0
78292,80,0
1450,248,1
1636,200,1
3173,35,1
69670,114,0
75156,9,0
2686,128,1
336,212,1
73215,206,0
459,21,1
336,252,1
59355,56,0
2572,859,1
33601,502,0
233,39,1
2562,394,1
1000,84,1
100653,394,0
240,431,1
17821,47,0
6256,1405,0
98377,140,0
75514,1198,0
48614,12,0
1954,97,1
73153,942,0
66237,17,0
575,949,1
48610,68,0
1101,478,1
6162,40,1
3252,114,1
80010,1227,0
82272,84,0
195,318,1
818,519,1
1017,125,1
57830,331,0
49430,245,0
2460,53,1
85839,246,0
85327,65,0
70026,21,0
78711,156,0
48420,61,0
578,263,1
3277,24,1
1448,41,1
74901,1197,0
99939,128,0
1035,41,1
77488,882,0
331,114,1
96336,68,0
62836,309,0
1177,214,1
103189,0,0
1491,19,1
81755,114,0
58623,114,0
1164,41,1
97436,844,0
117,4,1
63979,859,0
437,978,1
78574,8,0
61875,207,0
5309,39,1
19489,245,0
2540,109,1
3400,246,1
16859,40,0
70252,308,0
100416,180,0
64093,339,0
31805,41,0
4411,700,1
3175,24,1
250,0,1
88517,942,0
178,128,1
5364,69,1
103254,36,0
2471,504,1
1146,128,1
168,21,1
3089,24,1
93429,53,0
1240,282,1
450,1194,1
102124,21,0
1690,283,1
21377,233,0
1399,9,1
1368,1413,1
5796,24,1
1401,255,1
10838,1207,0
1464,105,1
1530,73,1
3298,468,1
65693,114,0
91881,206,0
2282,220,1
81063,321,0
103332,435,0
51264,21,0
65171,1396,0
74125,177,0
85,1138,1
2779,61,1
88036,882,0
5402,394,1
103209,89,0
5330,0,1
675,76,1
376,9,1
16896,6,0
62869,4,0
4725,5,1
98553,750,0
98328,1124,0
4199,73,1
85248,1228,0
32,227,1
52504,13,0
101832,160,0
90707,1197,0
22198,47,0
5978,6,1
68491,40,0
1616,579,1
91819,39,0
3543,288,1
2131,288,1
942,215,1
56420,179,0
256,884,1
2885,158,1
841,394,1
1707,363,1
83,21,1
57517,177,0
58701,114,0
97185,1196,0
4514,129,1
101557,263,0
101,225,1
84425,0,0
2412,1481,1
102733,217,0
27697,833,0
3804,927,0
5676,478,1
2602,64,1
28529,1,0
1160,21,1
97323,877,0
644,1198,1
83677,304,0
933,776,1
214,97,1
3333,593,1
54328,89,0
13415,89,0
94650,246,0
72119,9,0
83296,1138,0
91069,394,0
2668,114,1
100316,9,0
4017,776,1
71437,41,0
11772,21,0
61956,253,0
1054,1207,1
85950,961,0
2932,49,1
12915,12,0
163,394,1
91914,9,0
56063,78,0
70582,21,0
125,36,1
27,302,1
3480,114,1
32114,456,0
14519,220,0
1098,109,1
86112,109,0
4758,961,1
94509,820,0
82052,33,0
49694,282,0
85967,33,0
56338,800,0
92088,170,0
421,47,1
75818,408,0
159,16,1
300,66,1
48367,39,0
32718,78,0
500,27,1
2793,248,1
87073,8,0
3300,44,1
23110,61,0
30734,24,0
60112,259,0
105107,33,0
1159,189,1
88301,231,0
8376,1119,0
8428,72,0
21440,247,0
2886,5,1
41043,1230,0
948,522,1
3480,69,1
94303,9,0
86236,53,0
236,4,1
6026,305,1
128,887,1
22744,3,0
327,24,1
1690,13,1
79404,3,0
99047,525,0
90875,69,0
2043,438,1
52677,13,0
84267,1227,0
14916,1207,0
456,12,1
1417,80,1
3378,464,1
3333,951,1
1355,21,1
10350,21,0
2594,53,1
5366,6,1
45596,1249,0
1853,776,1
2826,41,1
55536,852,0
4565,1194,1
91792,787,0
1352,21,1
211,394,1
75874,150,0
52789,54,0
2785,791,1
54435,252,0
69238,269,0
2303,173,1
2823,942,1
2381,783,1
11260,6,0
96799,501,0
2848,404,1
55428,45,0
64806,39,0
575,503,1
233,183,1
86002,1193,0
2390,269,1
188,6,1
2750,24,1
10414,1210,0
85138,97,0
3590,270,1
243,1207,1
30,1010,0
2607,269,1
106011,58,0
52816,5,0
4187,0,1
85000,5,0
73,19,1
81328,442,0
2967,452,1
17259,12,0
81500,28,0
3,5,1
7139,456,0
212,28,1
232,29,1
4496,859,1
583,953,1
248,213,1
1618,620,1
1490,18,1
1455,1198,1
1491,607,1
79314,36,0
8328,175,0
98745,175,0
100,248,1
76449,40,0
91814,738,0
880,244,1
87654,78,0
572,1415,1
1298,154,1
86415,45,0
79259,1193,0
4091,878,1
68775,40,0
59637,80,0
1536,40,1
1517,784,1
939,477,1
2885,776,1
577,340,1
55492,6,0
3562,820,1
80851,905,0
66067,283,0
289,221,1
77829,1207,0
53,73,1
4307,5,1
503,352,1
160,1207,1
2544,1194,1
100125,870,0
331,1396,1
2022,58,1
4349,97,1
1000,145,1
145,1207,1
644,221,1
68455,58,0
1367,45,1
3284,948,1
85510,40,0
3480,73,1
61728,21,0
79861,180,0
2301,21,1
74365,44,0
1163,852,1
1290,394,1
68402,155,0
5309,57,1
228,9,1
92604,149,0
3603,170,1
1374,6,1
82709,281,0
1399,35,1
79232,35,0
104161,152,0
2798,431,1
901,1252,1
66,654,1
2820,401,1
1485,344,1
8765,362,0
84944,53,0
1288,39,1
1961,194,1
1476,1466,1
4606,673,0
928,523,1
83,57,1
104483,269,0
1463,175,1
1886,47,1
62603,1423,0
784,253,1
104282,44,0
69732,431,0
500,72,1
61,89,1
63151,1198,0
52145,207,0
63540,391,0
60163,233,0
76896,41,0
564,913,1
1313,233,1
67582,844,0
2065,333,1
893,1054,1
1023,79,1
924,33,1
87387,141,0
5978,89,1
3401,431,1
151,112,1
4527,621,1
93508,139,0
1796,1374,1
73039,503,0
909,656,1
2004,91,1
4986,1196,1
80629,175,0
58158,1456,0
5057,207,1
543,40,1
1491,600,1
801,430,1
62734,668,0
5183,1197,1
89753,263,0
54734,463,0
23741,403,0
249,739,1
5765,45,1
51693,179,0
84971,253,0
68348,671,0
283,431,1
36776,327,0
1644,292,1
965,473,1
2822,172,1
2908,207,1
80866,0,0
33741,214,0
1699,283,1
72580,351,0
1450,264,1
79806,776,0
100375,303,0
66031,431,0
278,87,1
5364,71,1
210,13,1
163,145,1
1214,177,0
89334,105,0
86207,87,0
2643,153,1
76,38,1
232,1193,1
65344,29,0
50996,158,0
2523,152,1
69104,47,0
56094,40,0
97478,9,0
104274,173,0
1008,150,1
14,1,1
137,207,1
53492,21,0
93807,783,0
397,13,1
3084,274,1
499,798,1
21854,57,0
10596,192,0
97819,175,0
96289,36,0
2823,158,1
4930,1197,1
3604,91,1
72463,207,0
50965,1207,0
97499,403,0
6013,3,1
91751,501,0
4670,97,1
88580,184,0
2033,600,1
1161,37,1
68586,596,0
127,763,1
55870,78,0
894,160,1
327,233,1
78627,45,0
52369,776,0
5033,1197,1
3667,220,1
227,1199,1
95459,259,0
85341,517,0
187,1227,1
2446,89,1
98989,41,0
156,31,1
19980,783,0
245,480,0
11799,30,0
71,200,1
378,621,1
2164,76,1
88454,53,0
118,0,1
1657,145,1
11661,78,0
1555,28,1
2090,57,1
88454,78,0
3248,610,1
73691,877,0
2414,318,1
2835,379,1
56651,776,0
52010,4,0
1204,456,1
48584,1197,0
100076,288,0
63620,35,0
72073,818,0
1684,540,1
61,182,1
51913,917,0
100337,1193,0
101,263,1
64080,621,0
225,58,1
149,1227,1
69437,105,0
48200,352,0
1550,41,1
51875,29,0
67736,1,0
562,307,1
356,465,1
995,252,1
306,581,1
97084,765,0
82026,878,0
78331,394,0
97392,621,0
2549,122,1
84827,214,0
91886,150,0
70734,14,0
620,12,1
53363,806,0
387,551,1
6750,1,0
2552,197,1
575,941,1
2885,775,1
3902,97,1
575,956,1
2908,506,1
5207,21,1
53066,394,0
64236,37,0
901,150,1
54919,200,0
100909,9,0
78359,349,0
3761,16,1
1018,306,1
78398,198,0
764,149,1
2045,175,1
2923,1196,1
645,379,1
63263,78,0
73480,464,0
81159,16,0
3097,171,1
2669,9,1
557,177,1
90921,114,0
2877,1124,0
1389,431,1
2410,331,1
74297,109,0
1389,109,1
65440,633,0
76930,308,0
98587,352,0
31,151,1
68688,237,0
779,2,1
2885,594,1
2544,82,1
67034,431,0
1455,246,0
389,65,1
48347,217,0
887,91,1
16936,171,0
78438,150,0
93104,124,0
2474,1207,1
66539,41,0
47176,47,0
32673,47,0
59666,1207,0
64639,68,0
2971,68,1
53913,233,0
4992,1198,1
64156,1245,0
61207,114,0
2549,124,1
61243,44,0
97777,21,0
1063,282,1
103404,171,0
2060,394,1
225,1073,1
1530,253,1
710,64,1
2440,44,1
317,37,1
82787,259,0
53760,40,0
6407,812,0
101,283,1
47085,546,0
5636,1023,1
2440,253,1
3361,656,1
35371,173,0
91228,274,0
5292,82,1
1572,229,1
65110,13,0
71427,50,0
58915,602,0
3523,403,1
92177,4,0
3653,124,1
3246,227,1
247,809,1
2445,445,1
85450,1396,0
100039,533,0
332,41,1
75178,118,0
12143,897,0
63233,312,0
1491,73,1
101,909,1
11460,882,0
87714,9,0
52108,583,0
47746,9,0
77489,1360,0
82936,87,0
3224,18,1
78248,53,0
1637,423,1
61615,13,0
182,1105,1
2696,45,1
71,24,1
3346,37,1
3070,28,1
51340,5,0
511,175,1
98898,270,0
67215,39,0
66817,58,0
3161,80,1
587,460,1
3915,1124,1
1698,189,1
281,317,1
8,109,1
5312,478,1
1551,24,1
95602,122,0
32557,1210,0
4075,878,1
22117,352,0
618,376,1
327,68,1
90663,150,0
57870,1323,0
56200,1210,0
1651,41,1
71,283,1
64238,859,0
77256,5,0
4606,78,1
81817,205,0
1650,671,1
1739,833,1
1739,806,1
3383,472,1
105642,835,0
5691,0,1
5807,774,1
1367,36,1
96969,194,0
82018,114,0
16266,24,0
361,303,1
80272,4,0
64434,728,0
2441,37,1
80698,927,0
5007,1197,1
1603,91,1
93420,255,0
931,455,1
1363,4,1
3614,47,1
1327,174,1
546,906,1
1793,220,1
88457,429,0
85437,380,0
50880,541,0
1399,33,1
1093,4,1
60,213,1
5073,105,1
3747,89,0
2862,78,1
255,220,1
3144,13,1
77750,17,0
423,949,1
52967,784,0
2771,33,1
31,252,1
75626,4,0
5126,1210,1
4708,39,1
1517,487,1
65473,205,0
57604,40,0
61,40,1
60718,1351,0
65648,1482,0
2018,579,1
222,776,1
76536,14,0
997,730,1
77233,882,0
4859,431,1
346,1308,1
66558,0,0
1318,98,1
3101,670,1
63014,776,0
1533,472,1
75525,304,0
100034,128,0
58034,926,0
4103,877,1
62787,40,0
70828,946,0
101183,98,0
53711,0,0
30777,214,0
208,41,1
9737,935,0
2023,452,1
2885,283,1
1398,506,1
3010,1200,1
1699,98,1
416,17,1
80968,98,0
168,1200,1
59940,44,0
1531,954,0
105663,1210,0
49148,431,0
64331,91,0
100999,13,0
71306,685,0
81545,205,0
101874,1012,0
95388,1155,0
98190,0,0
105365,541,0
57117,468,0
2440,456,1
50391,128,0
56,177,1
1505,776,1
256,68,1
80306,153,0
32281,109,0
4444,1,1
5110,1197,1
176,350,1
228,521,1
70,175,1
2206,877,1
302,69,1
3646,1,1
9094,245,0
101834,1200,0
157,1258,1
1641,305,1
61786,177,0
49851,4,0
1332,518,1
24647,1198,0
50733,89,0
60554,954,0
96509,155,0
1659,37,0
29,220,1
2786,9,1
49493,1044,0
2316,66,1
75868,205,0
70892,39,0
94954,1484,0
3527,401,1
52,233,1
69709,562,0
77014,128,0
72336,1197,0
2439,763,1
10323,153,0
3208,91,1
65305,177,0
104439,1210,0
127,57,1
47378,124,0
83233,97,0
153,882,1
1760,233,1
593,44,1
2716,246,1
1077,821,1
89085,177,0
2698,71,1
929,9,1
4302,191,1
64088,302,0
63363,480,0
59520,149,0
1600,318,1
127,71,1
31,35,1
8049,247,0
2770,207,1
3020,82,1
70881,1253,0
91579,246,0
987,246,1
3785,232,1
5978,246,1
73220,57,0
1490,80,1
549,80,1
83017,623,0
79675,200,0
70513,155,0
48446,217,0
77652,58,0
2488,964,1
1401,776,1
68405,89,0
1073,1207,1
4229,15,0
1658,468,1
29023,139,0
86379,41,0
179,623,1
2605,18,1
2549,946,1
70037,160,0
2202,724,1
3378,953,1
989,40,0
5057,859,1
2907,1124,1
95976,776,0
3209,12,1
93297,1276,0
92,503,1
1526,431,1
1288,41,1
66600,9,0
54602,4,0
4404,1496,1
593,35,1
60828,458,0
47786,621,0
12897,21,0
183,98,1
1366,206,1
2040,175,1
2549,109,1
2355,438,1
65218,97,0
51266,0,0
71167,38,0
5720,21,1
1370,429,1
16022,125,0
18017,910,0
76301,155,0
96855,270,0
342,24,1
383,1193,1
62459,3,0
74682,64,0
91006,464,0
18688,247,0
5473,205,1
2230,718,1
864,109,1
101082,882,0
2187,518,1
286,1296,1
86637,823,0
97174,1269,0
92590,41,0
81911,155,0
4876,1198,1
47033,272,0
2171,1315,1
4485,177,1
1501,4,1
1536,58,1
1379,109,0
1367,255,1
3023,21,1
84693,44,0
3351,458,1
71097,58,0
1108,21,1
11209,1312,0
60715,252,0
87601,173,0
1530,69,1
1661,58,1
96853,480,0
49136,950,0
1031,177,1
948,30,1
89930,614,0
94063,39,0
75570,145,0
1367,201,1
4496,41,1
182,27,1
91393,45,0
313,5,1
73841,799,0
346,38,1
103960,24,0
5516,0,1
52971,394,0
1282,97,1
1615,4,1
2537,220,1
75705,33,0
61952,155,0
6248,105,1
892,150,1
56960,429,0
3563,9,1
1528,145,1
2469,404,1
21010,9,0
67243,21,0
2439,58,1
146,29,1
917,256,1
85448,431,0
8060,1400,0
476,78,1
76956,615,0
16918,1012,0
66,24,1
2442,199,1
2071,149,1
97846,39,0
57275,44,0
3043,859,1
1287,468,1
62428,364,0
1343,1194,1
73491,460,0
60662,1394,0
5027,344,1
1831,40,1
66325,283,0
29294,248,0
3515,13,1
54081,1210,0
1000,394,1
2605,1017,1
256,502,1
2446,246,1
68060,776,0
17340,36,0
108,1082,1
105549,621,0
105064,180,0
1033,1200,1
4362,431,1
1000,259,1
62737,157,0
5832,45,1
80712,33,0
59347,230,0
62122,9,0
66293,6,0
3080,41,1
91512,74,0
66206,179,0
320,824,1
5300,9,1
4501,40,1
784,40,1
714,220,1
170,29,1
84833,40,0
88909,114,0
1078,905,1
3604,403,1
2820,114,0
1504,21,1
101054,0,0
4293,4,1
1498,615,1
62196,39,0
92698,1347,0
551,800,1
280,17,1
4709,220,1
46643,972,0
1964,47,1
2504,50,1
30478,65,0
96781,1494,0
80763,58,0
48301,58,0
3401,125,1
1939,269,1
88794,1034,0
94512,69,0
1336,606,1
59063,151,0
87159,1105,0
300,253,1
56873,259,0
744,262,1
85135,1193,0
47344,884,0
21570,245,0
779,245,1
104328,9,0
17755,47,0
6067,13,1
376,1178,1
4578,943,1
105694,24,0
84530,71,0
100280,1198,0
2406,47,1
70,411,1
3304,18,1
2424,40,0
1159,44,1
3009,41,1
2639,376,1
103780,221,0
1445,217,1
115,38,1
2690,1373,1
3284,944,1
98001,1027,0
58576,39,0
82392,776,0
981,175,1
102355,153,0
3097,312,1
3121,836,1
1035,114,1
97449,230,0
111,962,1
98616,74,0
26326,121,0
576,433,1
52674,88,0
90957,1,0
995,45,1
456,13,1
93114,305,0
18095,302,0
70636,4,0
2582,47,1
68594,431,0
1298,156,1
983,483,1
9559,1197,0
157,21,1
87625,80,0
575,502,1
267,1198,1
29,1194,1
4320,150,1
211,80,1
86985,1198,0
58309,37,0
1342,431,1
105047,16,0
98883,1,0
73,859,1
3197,874,1
17485,382,0
77811,33,0
15982,1400,0
92153,344,0
67825,105,0
1444,105,1
53782,21,0
3294,37,0
222,500,1
987,98,1
5005,1200,1
4969,1196,1
8166,1210,0
3550,24,1
3116,172,1
55927,344,0
268,163,1
328,40,1
1724,41,1
3649,58,1
102353,440,0
52325,673,0
2953,518,1
2033,21,1
81761,158,0
82690,40,0
4025,283,1
1069,376,1
70559,4,0
93274,105,0
1622,122,1
79575,884,0
115,1005,1
70114,80,0
56881,897,0
68906,145,0
1432,41,1
100657,125,0
81307,50,0
89576,13,0
3508,78,1
86820,114,0
2465,47,1
57233,1207,0
1537,480,1
2908,246,1
91619,170,0
2378,109,1
1739,1207,1
86093,21,0
377,1,1
71983,121,0
92503,98,0
123,109,1
47388,233,0
992,945,1
389,1207,1
1690,292,1
53025,852,0
60266,227,0
22990,74,0
2503,259,1
82697,61,0
1418,87,1
41512,994,0
1791,953,1
11077,139,0
54608,646,0
99495,1074,0
1638,24,1
1616,776,1
81643,410,0
2908,105,1
68603,180,0
41365,1334,0
49134,57,0
33758,882,0
1739,111,1
67352,39,0
83247,502,0
68043,265,0
4291,39,1
3604,352,1
2420,1176,1
3543,39,1
64475,231,0
74311,1197,0
38666,177,0
66120,37,0
77818,78,0
2126,248,1
11722,141,0
3482,24,1
150,79,1
100214,487,0
89669,621,0
966,179,1
3295,78,1
93900,114,0
3262,24,1
2372,150,1
93772,41,0
518,177,1
1074,53,1
89988,700,0
71142,21,0
59084,47,0
2815,4,1
83487,362,0
898,24,1
1758,458,1
62137,206,0
55143,203,0
60658,109,0
149,1029,1
57604,283,0
66,1289,1
3591,58,1
3173,71,1
1910,671,1
1362,21,1
103068,647,0
91299,1308,0
341,47,1
59281,118,0
563,306,1
4154,989,1
629,89,1
98628,41,0
969,172,1
92033,41,0
26364,252,0
2384,29,1
72913,790,0
23780,882,0
106053,9,0
66339,794,0
8875,21,0
226,843,1
987,235,1
213,304,1
439,58,1
100777,351,0
90041,913,0
76958,45,0
5100,1207,1
27265,30,0
95324,429,0
2462,1164,1
93007,150,0
73096,91,0
684,423,1
1024,40,1
99568,776,0
101547,21,0
65818,67,0
58459,431,0
5920,58,1
346,247,1
82086,776,0
85325,84,0
17374,1200,0
98740,13,0
61944,69,0
1366,45,1
71741,202,0
729,376,1
2697,1198,0
933,1252,1
59414,67,0
21418,245,0
49293,40,0
5794,1207,1
48160,76,0
88197,21,0
5314,5,1
1632,340,1
47131,39,0
5631,66,1
912,344,1
17669,29,0
2885,944,1
101,177,1
2018,984,1
1840,1086,0
2333,1197,1
73666,109,0
93,1124,1
75080,13,0
106181,13,0
1524,430,1
54,39,1
67964,177,0
91115,4,0
950,98,1
65884,138,0
68386,905,0
90077,9,0
218,18,1
78067,282,0
73097,21,0
85506,1344,0
12960,124,0
811,910,1
1451,114,1
6007,1198,1
2897,606,1
7263,407,0
948,473,1
64623,252,0
84008,18,0
98571,5,0
841,610,1
1121,45,0
26,474,1
1448,12,1
88758,1027,0
91783,49,0
74970,80,0
48234,1210,0
2407,47,1
48739,9,0
80763,431,0
557,927,1
1248,41,1
4960,1196,1
2984,824,1
4258,821,1
74315,40,0
1025,33,0
68,21,1
56795,776,0
3492,230,1
68047,114,0
24127,1058,0
90850,29,0
3093,5,1
100946,1,0
1732,36,1
48198,78,0
86917,31,0
83482,546,0
2131,150,1
99726,317,0
559,1412,1
77955,344,0
3320,520,1
87121,21,0
81211,654,0
2908,33,1
74337,1224,0
74548,6,0
256,177,1
93101,949,0
87339,16,0
2430,58,1
7222,114,0
1030,783,1
71243,654,0
245,17,1
157,995,1
12437,548,0
2647,39,1
883,599,0
1136,6,1
48933,1396,0
11904,47,0
77832,255,0
65021,12,0
197,245,1
1333,6,1
222,452,1
240,220,1
77426,205,0
10717,13,0
2008,21,1
376,111,1
618,175,1
101865,1198,0
1226,73,1
60419,12,0
81283,877,0
54938,109,0
1821,91,1
1367,502,1
50728,256,0
8975,458,0
4447,1200,1
105303,217,0
5435,431,1
2061,150,1
89358,41,0
3732,394,1
2232,154,0
3260,468,0
2102,602,1
175,17,1
2384,213,1
222,175,1
52173,39,0
86995,501,0
53,248,1
61894,905,0
1810,36,1
559,246,1
3133,33,1
103604,73,0
1080,259,1
5057,156,1
100474,41,0
898,21,1
314,78,1
176,18,1
885,12,1
97353,344,0
1205,247,1
300,1197,1
365,282,1
83,37,1
81,119,1
2159,13,1
626,8,1
104,1394,1
77283,1124,0
3064,33,1
1957,409,1
952,434,1
1615,431,1
81705,177,0
51225,69,0
2181,30,1
49,207,1
312,429,1
186,1478,1
559,859,1
77008,5,0
313,37,1
53396,623,0
92450,130,0
2462,844,1
1717,233,1
85748,783,0
62267,6,0
82508,21,0
65303,943,0
3656,351,1
19610,71,0
77984,1394,0
82507,351,0
53576,24,0
157,673,1
75699,9,0
3580,56,1
78167,1198,0
128,616,1
3476,220,0
2446,968,1
2549,949,1
3333,955,1
2732,205,1
1349,288,1
1235,1296,1
83654,109,0
1688,5,1
31576,21,0
49018,207,0
80138,681,0
2091,47,1
398,394,0
60721,105,0
90628,270,0
85672,152,0
1171,138,1
74260,391,0
38,9,1
2115,174,1
557,791,1
3578,282,1
3385,304,1
50092,13,0
679,339,1
1491,501,1
3876,431,1
952,13,1
73147,233,0
90148,344,0
79917,1073,0
4578,255,1
57646,4,0
45902,248,0
2094,808,1
50050,36,0
751,150,1
1090,788,1
26057,500,0
103460,394,0
557,98,1
1348,206,1
73111,149,0
1910,24,1
82775,205,0
58815,969,0
81570,67,0
3162,41,1
2422,1198,1
80072,24,0
552,1237,1
909,376,1
48883,24,0
50426,1244,0
70706,1280,0
5757,5,1
77239,1227,0
3344,38,1
3227,844,0
80079,21,0
5008,1197,1
2105,29,1
1563,84,1
124,586,1
2126,156,1
87674,643,0
22632,8,0
100980,1468,0
84693,560,0
31,909,1
93060,431,0
69880,808,0
1837,61,1
48728,376,0
92533,72,0
93988,3,0
57986,21,0
48522,45,0
178,58,1
6156,654,1
6627,408,0
2439,40,1
912,155,1
2334,1196,0
2364,252,1
34688,21,0
69249,431,0
46587,21,0
56546,880,0
3097,172,1
310,179,0
2756,252,0
61950,87,0
66300,344,0
1350,158,1
336,533,1
3191,9,1
902,481,1
1104,152,1
1717,45,1
1517,458,1
89424,1198,0
437,89,1
3414,24,1
1330,458,1
77911,1207,0
78760,9,0
79290,805,0
100118,38,0
101,502,1
75910,884,0
944,98,1
1930,957,1
1178,141,0
2435,114,1
60512,247,0
49165,19,0
34836,36,0
100916,263,0
55460,538,0
1025,264,1
100743,98,0
67027,776,0
2711,58,1
1415,256,1
97855,206,0
320,1124,1
1399,45,1
262,506,1
74234,200,0
105208,913,0
97016,150,0
71312,217,0
80922,13,0
4555,0,1
1618,339,1
80231,4,0
1674,56,1
97951,172,0
215,1197,1
48859,379,0
1717,9,1
84647,191,0
85,283,1
1212,258,0
5057,775,1
62447,1073,0
1345,13,1
5072,1197,1
209,1197,1
3528,478,1
315,58,1
75510,256,0
104036,141,0
4075,342,1
4345,283,1
78883,1,0
94466,483,0
127,105,1
58087,12,0
1170,961,1
3160,109,1
100578,232,0
85964,111,0
3762,989,1
1691,935,1
808,1,1
54,21,1
190,884,1
71,58,1
1509,1199,1
154,45,1
1188,1228,1
83661,58,0
49743,391,0
4495,431,1
62488,87,0
65394,45,0
3688,78,1
1333,344,1
1399,24,1
76481,160,0
5978,510,1
70340,1124,0
97498,151,0
1202,877,1
89088,69,0
313,1151,1
3378,44,1
51336,196,0
95583,114,0
7921,504,0
2935,119,1
1693,562,1
924,114,1
100933,688,0
5978,150,1
3543,41,1
50886,252,0
2326,288,0
5554,1197,1
2134,705,1
172,784,1
96965,884,0
801,47,1
11,270,1
549,1,1
100158,151,0
1503,177,1
101158,197,0
85,105,1
18843,171,0
1975,89,1
51134,263,0
1888,352,1
3088,9,1
2439,21,1
6175,1391,1
589,44,1
437,608,1
66597,186,0
67840,91,0
85581,1237,0
48148,718,0
93186,965,0
995,1124,1
629,244,1
67189,9,0
2561,150,1
55224,156,0
10650,248,0
59335,0,0
1399,502,1
837,39,0
71971,973,0
74008,1197,0
1848,13,1
47881,16,0
85771,1396,0
18975,18,0
56,456,1
1929,1194,1
557,1151,1
2434,61,1
206,744,0
93067,234,0
14827,12,0
2428,24,1
32,809,1
65208,80,0
93561,17,0
2044,1207,1
2412,57,1
2428,1483,1
722,173,1
65654,182,0
59068,0,0
58281,80,0
1836,21,1
349,5,1
3064,158,1
105066,1433,0
78828,98,0
127,464,1
1804,78,1
63677,885,0
1739,152,1
1527,776,1
86081,581,0
11013,177,0
94676,151,0
2043,1194,1
1275,1176,1
75050,130,0
6834,66,0
63458,79,0
1890,89,1
40,47,1
508,13,1
500,1234,1
47760,5,0
1933,24,0
1910,206,1
80625,190,0
208,466,1
79368,564,0
898,1199,1
208,391,1
3049,9,1
1061,13,1
60,48,1
5463,394,1
3037,79,1
306,45,1
58828,109,0
71459,394,0
53363,114,0
94853,269,0
623,905,1
78343,38,0
69598,1197,0
1979,91,1
2554,38,1
3528,125,1
6381,1308,0
77837,109,0
950,776,1
5642,321,1
3570,47,1
54718,344,0
86175,961,0
53333,140,0
80804,21,0
1348,160,1
190,0,1
77385,29,0
84745,44,0
1641,109,1
6231,431,1
2126,153,1
84921,177,0
63789,17,0
52782,776,0
549,47,1
439,172,1
51171,184,0
2820,1138,1
2028,262,0
884,89,1
1695,951,1
101402,89,0
96452,21,0
4157,109,1
54,109,1
2820,1264,1
3640,31,1
1273,776,1
801,1194,1
629,9,1
60264,84,0
112,114,1
1002,363,1
70986,282,0
5562,12,1
442,53,1
256,41,1
1398,201,1
2559,45,1
100921,776,0
3277,673,1
378,177,1
98115,1396,0
81884,172,0
818,57,1
3563,945,1
68262,1229,0
3698,435,1
58129,464,0
66766,217,0
81740,817,0
86092,621,0
35,9,1
3252,76,1
63272,91,0
154,429,1
1074,1102,1
75997,3,0
50,45,1
103538,288,0
1369,5,1
85168,69,0
4190,878,1
336,776,1
80492,1032,0
2299,150,1
64797,36,0
81956,252,0
884,45,1
1736,57,1
10,41,1
92140,503,0
551,84,1
77592,54,0
89236,776,0
44061,24,0
2820,1120,1
1343,122,1
58643,882,0
90643,97,0
89983,795,0
99265,91,0
51451,431,0
3794,878,1
73,98,1
3333,337,1
3311,452,1
101164,177,0
93865,21,0
1760,21,1
933,21,1
94793,546,0
724,654,1
437,13,1
101130,401,0
90270,41,0
77264,45,0
1136,823,1
84670,3,0
72989,58,0
59995,80,0
70993,608,0
74191,56,0
72814,1196,0
31199,21,0
57168,4,0
1173,152,1
5019,729,1
85662,220,0
96857,500,0
6238,9,1
75835,913,0
51725,859,0
72973,1200,0
27210,1,0
54362,795,0
1905,431,1
13417,352,0
2698,44,1
841,344,1
94189,61,0
3143,487,1
2440,189,1
437,61,1
81511,189,0
1640,18,1
50926,15,0
187,518,1
55088,445,0
51711,56,0
68004,1198,0
910,73,1
1950,45,1
1095,150,1
74316,78,0
76985,444,0
92188,109,0
883,40,1
2880,626,0
51859,190,0
76866,239,0
21,41,1
85950,65,0
85,44,1
58922,39,0
456,1412,1
76521,13,0
89604,305,0
4967,1196,1
60363,89,0
1450,246,1
86049,21,0
3034,1396,1
6361,9,0
335,14,1
1000,431,1
64349,344,0
2820,125,1
88606,233,0
73351,138,0
2956,8,1
75414,17,0
209,259,1
51631,21,0
63298,76,0
61804,1198,0
304,107,1
4524,91,1
56428,4,0
54809,255,0
4927,344,1
85565,29,0
1033,1197,1
68657,41,0
376,794,1
1365,9,1
50396,1196,0
82536,256,0
1692,82,1
96583,1124,0
85555,889,0
4845,109,1
78810,255,0
81,87,1
2395,5,1
5081,1194,1
48140,880,0
980,4,1
557,763,1
3895,877,1
74864,244,0
378,35,1
4481,35,1
917,47,1
1517,1227,1
591,157,1
7568,82,0
634,905,1
2520,1043,1
70746,40,0
91705,5,0
4199,74,1
7274,12,0
313,41,1
101,949,1
1910,89,1
378,21,1
90009,12,0
87695,28,0
96359,9,0
81,78,1
70038,344,0
1640,784,1
88401,205,0
82118,1,0
47314,69,0
2115,41,1
83,621,1
274,9,1
19049,2,0
766,84,1
5250,256,1
226,1067,1
995,170,1
5514,39,1
68464,464,0
190,207,1
62772,348,0
3509,109,1
1070,40,1
406,1210,1
48642,809,0
2045,992,1
343,109,1
48896,4,0
29254,78,0
81,1210,1
1677,38,1
15006,41,0
100505,956,0
936,5,1
125,33,1
77663,269,0
97264,80,0
46983,433,0
362,220,1
64772,44,0
8670,9,0
79069,45,0
1218,304,1
80743,37,0
1365,105,1
5916,394,1
227,151,1
85,233,1
82690,45,0
3021,58,1
3103,1207,0
74469,67,0
103700,1194,0
1530,481,1
3795,15,0
2386,45,1
3818,878,0
76284,150,0
4313,431,1
67336,184,0
74299,1200,0
65739,71,0
70511,207,0
917,64,1
7193,264,0
59611,38,0
14563,253,0
99541,53,0
1622,401,1
65522,45,0
104924,35,0
55125,145,0
89035,89,0
996,227,1
3162,40,1
76591,13,0
66396,13,0
72567,0,0
6250,24,1
2334,217,1
187,16,1
55842,1197,0
76337,207,0
81020,195,0
56,776,1
22516,551,0
95474,160,0
3480,67,1
1636,249,1
480,53,1
51524,878,0
83216,282,0
2136,245,0
456,1222,1
68184,21,0
2605,1011,1
53191,109,0
71,41,1
5450,331,1
3531,4,1
101938,429,0
48384,215,0
1715,16,1
66,12,1
1485,269,1
102380,41,0
2919,921,0
64413,1198,0
1019,209,1
77510,36,0
77408,614,0
58997,61,0
78001,103,0
86926,9,0
87995,125,0
877,442,1
13371,109,0
44653,230,0
81512,98,0
942,431,1
1961,175,1
98874,105,0
84548,9,0
73965,288,0
1637,1124,1
19507,1490,0
79998,375,0
4964,1366,1
91238,91,0
84349,130,0
100768,39,0
5846,776,1
108,13,1
1455,1197,1
73,600,1
88494,50,0
1171,53,1
4345,36,1
96863,39,0
410,8,1
1349,58,1
30726,1226,0
53,24,1
584,445,1
98937,17,0
84918,9,0
51810,172,0
156,21,1
106033,877,0
4304,1197,1
91729,201,0
2083,800,1
2389,784,1
81183,3,0
1066,175,1
62856,38,0
2136,39,0
87209,255,0
62122,269,0
74705,114,0
5758,1269,1
9605,831,0
3116,1224,1
128,303,1
188,57,1
1725,180,1
97166,800,0
72612,97,0
1618,39,1
47953,1394,0
95284,1197,0
314,21,1
5978,569,1
1870,39,1
5686,729,1
467,1200,1
99187,581,0
397,248,1
96722,16,0
84312,153,0
1239,8,1
90254,331,0
4817,1255,1
228,73,1
68811,1207,0
3061,24,1
2905,253,1
593,45,1
2831,233,1
1618,501,1
1758,1154,1
2525,245,1
87513,1334,0
85552,39,0
13870,264,0
56873,1194,0
3101,602,1
42630,784,0
2471,44,1
1791,1074,1
70115,249,0
86412,657,0
81776,917,0
1456,15,1
65181,196,0
68257,948,0
377,31,1
2083,1210,1
439,179,1
2412,45,1
100,91,1
60041,173,0
2486,994,1
69489,74,0
1693,1396,1
249,630,1
70264,124,0
89989,0,0
4326,21,1
60787,9,0
49244,177,0
80425,125,0
77364,1101,0
1910,177,1
4966,1430,0
101282,172,0
80472,61,0
75,352,1
83704,362,0
82201,896,0
53460,376,0
6087,41,1
225,206,1
93741,1,0
55377,510,0
555,431,1
85642,109,0
1381,12,1
66009,362,0
1172,82,1
84999,153,0
1366,13,1
1664,114,1
930,4,1
73555,91,0
86544,9,0
2440,155,1
99141,40,0
58831,258,0
1632,456,1
69033,180,0
1527,57,1
50062,189,0
80321,156,0
17375,1012,0
3277,58,1
135,1207,1
4265,189,0
765,1196,1
85842,150,0
586,418,1
679,45,1
784,153,1
70892,154,0
1309,97,1
2835,8,1
56317,105,0
121,1124,1
74753,220,0
108,255,1
49182,1197,0
1689,21,1
2757,9,1
85,237,1
4463,9,1
2627,14,1
80869,149,0
4417,431,1
71560,424,0
3333,941,1
47012,105,0
54142,433,0
346,882,1
282,394,1
4080,877,1
97029,784,0
82015,39,0
1090,833,1
360,596,1
70361,669,0
1230,431,1
122,140,1
966,71,1
1350,246,1
1692,256,1
1289,1196,1
1724,177,1
40249,857,0
75,431,1
4392,686,1
69087,546,0
90224,561,0
1603,177,1
17397,78,0
82058,21,0
50199,431,0
96064,877,0
73616,394,0
88744,58,0
1514,576,1
86085,4,0
2989,431,1
67329,1198,0
321,859,0
71925,214,0
49,76,1
612,0,1
61523,1269,0
3531,480,1
222,31,1
1476,221,0
98685,69,0
51688,431,0
63212,24,0
629,693,1
72728,464,0
1456,29,1
95707,220,0
3628,21,1
68671,21,0
60423,109,0
78053,401,0
3100,1197,1
2681,194,1
92,74,1
3229,84,1
1717,886,1
2302,995,1
76890,12,0
910,153,1
84929,58,0
102383,8,0
48088,111,0
1259,203,1
389,1456,1
2334,255,1
1631,91,1
3051,252,1
1455,889,1
5719,9,1
3585,9,1
66003,317,0
1476,163,1
39829,47,0
103405,423,0
3833,965,1
3742,21,1
1374,305,1
2365,431,1
47789,57,0
21,9,1
82702,253,0
1701,21,1
6200,9,1
64319,269,0
91776,237,0
73,13,1
3092,194,1
1636,21,1
552,214,1
97746,256,0
4095,877,1
73563,214,0
4478,78,0
591,1200,1
3679,776,1
1905,344,1
84908,305,0
559,263,1
91493,105,0
61,5,1
105278,744,0
68863,105,0
57011,877,0
1705,84,1
2202,829,1
96367,616,0
72169,12,0
48552,488,0
3576,1,1
1631,1245,1
503,73,1
1025,9,1
327,71,1
207,206,1
13417,41,0
95285,953,0
92133,1272,0
48174,82,0
83,587,1
56258,318,0
987,568,1
101071,0,0
1753,91,1
128,776,1
1699,171,1
1504,202,1
1647,213,1
4376,394,1
58276,1194,0
3135,258,1
57028,16,0
2168,460,1
1370,281,1
2033,13,1
60452,1315,0
992,92,1
91632,192,0
57539,776,0
1019,333,1
2144,961,1
61822,53,0
50273,150,0
88412,13,0
1188,247,1
52640,145,0
49977,152,0
73860,364,0
75301,246,0
7919,394,0
1636,33,1
608,65,1
188,160,1
19422,98,0
26,140,1
1077,822,1
2076,12,1
2440,501,1
188,728,1
26,350,1
104463,189,0
78200,610,0
9341,217,0
86362,57,0
52612,170,0
883,247,1
1399,72,1
25401,246,0
944,21,1
54324,28,0
2099,47,1
2718,27,0
313,974,1
1641,29,1
105671,1199,0
47669,37,0
64228,1124,0
497,950,1
3685,39,1
2424,351,1
78113,31,0
240,109,1
87858,80,0
85,37,1
134,1074,1
3563,776,1
255,431,1
153,283,1
61926,78,0
475,823,1
2441,45,1
76544,461,0
90770,429,0
31,171,1
78724,256,0
853,150,1
292,65,1
2441,44,1
302,923,1
96345,859,0
1387,215,1
95409,442,0
1074,44,1
52482,308,0
3071,8,1
4018,1197,1
68216,57,0
642,40,1
916,502,1
89083,98,0
845,1269,1
1162,5,1
47495,1,0
423,945,1
3806,1218,1
75275,923,0
1603,39,1
1010,177,1
84108,177,0
6005,256,1
923,189,1
40265,39,0
1064,21,0
93604,431,0
58069,12,0
106,1,1
27649,21,0
52803,109,0
50723,36,0
59873,1228,0
79087,909,0
48746,374,0
99873,233,0
92594,44,0
80870,305,0
4065,878,1
76809,9,0
313,569,1
2549,69,1
2626,156,0
78983,1200,0
47582,150,0
35111,47,0
69245,114,0
149,440,1
47977,583,0
89,282,1
4085,231,0
2739,40,1
62587,13,0
261,57,1
104,110,1
78864,21,0
103,17,1
2822,35,1
1205,621,1
3806,21,1
263,112,1
71056,756,0
88342,1198,0
3263,9,1
1161,33,1
105197,69,0
55660,1207,0
1631,153,1
1169,361,1
63987,186,0
944,248,0
1456,433,1
56960,776,0
2440,263,1
86640,351,0
92311,9,0
54,41,1
5720,38,1
47694,195,0
86650,35,0
1530,91,1
6055,13,1
126,305,1
1690,177,1
253,73,1
67203,76,0
724,401,1
155,1443,1
2956,21,1
89582,158,0
3819,458,1
70789,233,0
3284,943,1
200,139,1
939,433,1
841,150,1
219,152,1
106347,68,0
60892,65,0
2908,233,1
80938,98,0
2997,150,1
2635,177,1
4883,109,1
59072,84,0
48627,109,0
1170,256,1
73788,154,0
3652,1344,1
1699,33,1
88269,255,0
1347,1421,1
2608,39,1
2677,177,1
1058,179,0
55578,84,0
1986,82,1
45269,74,0
71688,206,0
50524,24,0
52187,252,0
1311,478,1
36366,40,0
78509,4,0
1364,944,1
66381,114,0
2993,53,1
2374,460,1
2838,1,1
809,433,1
48936,0,0
3884,1025,1
589,288,1
65553,12,0
950,252,1
82804,61,0
1326,220,1
885,267,1
24094,392,0
1456,203,1
460,80,1
3101,174,1
90576,177,0
1651,39,1
89211,269,0
2431,852,1
3480,502,1
85689,21,0
207,201,1
37740,128,0
99494,836,0
4302,394,1
86246,31,0
69227,1296,0
2402,776,1
3926,889,1
29050,434,0
63126,139,0
8770,332,0
226,8,1
578,68,1
245,139,1
1644,36,1
82789,194,0
50669,315,0
47461,150,0
2948,269,1
59888,303,0
51809,1200,0
1612,381,1
102457,434,0
3137,58,1
3884,8,1
658,199,1
930,9,1
64459,68,0
2106,776,1
1292,41,1
80411,319,0
94301,158,0
530,305,1
4269,308,1
884,464,1
77079,91,0
2985,98,1
63056,114,0
100466,24,0
835,109,1
188,263,1
896,12,1
99810,270,0
83481,394,0
57071,114,0
76958,71,0
1077,408,1
65954,48,0
2796,229,1
94357,600,0
70409,606,0
154,503,1
15526,246,0
1090,1093,1
103231,189,0
82846,109,0
91013,233,0
58,109,1
1314,41,1
898,76,1
42,145,1
97151,327,0
225,882,1
67958,47,0
105649,21,0
1136,808,1
157,669,1
3010,408,1
36173,1140,0
92981,16,0
82331,39,0
105694,39,0
95044,150,0
94512,1200,0
66766,859,0
71520,3,0
7941,18,0
83413,309,0
4079,1043,1
332,9,1
3023,41,1
79585,24,0
562,306,1
103823,877,0
902,21,1
437,39,1
47096,1012,0
508,171,1
3494,150,1
922,263,1
13076,417,0
1622,220,1
1989,13,1
664,109,1
80151,21,0
48784,316,0
2905,36,1
54853,54,0
1791,1252,1
100139,776,0
56,156,1
5285,344,1
2085,40,0
4472,6,1
142,121,1
2412,38,1
1157,9,1
1503,12,1
1455,3,1
552,17,1
64284,221,0
5489,170,1
587,404,1
97918,339,0
4677,9,1
84280,961,0
1895,776,0
222,144,1
61,376,1
91378,456,0
2189,45,1
49532,905,0
11061,170,0
261,177,1
74200,38,0
4507,1193,1
1465,57,1
4342,267,1
166,809,0
4342,196,1
121,823,1
3740,889,1
69667,109,0
93668,207,0
522,191,1
99768,141,0
66449,8,0
98849,776,0
75623,3,0
101486,1194,0
1362,880,1
101625,1245,0
2434,340,1
61070,805,0
50897,1200,0
99879,791,0
1706,130,1
37340,296,0
74487,65,0
96317,1197,0
2453,724,1
2699,89,1
97424,394,0
2885,502,1
77793,105,0
653,109,1
909,138,1
85314,171,0
4894,192,1
46457,24,0
60857,903,0
56830,109,0
84814,852,0
79267,206,0
102588,0,0
45902,245,0
2908,37,1
90244,394,0
69779,256,0
549,574,1
586,194,1
157,39,1
56884,429,0
19762,177,0
79208,1339,0
2819,431,1
68709,814,0
52678,13,0
2251,84,1
226,40,1
270,991,1
57069,327,0
80024,183,0
5944,1073,1
1205,980,1
829,606,1
1208,9,1
2268,468,1
75,105,1
207,45,1
98264,364,0
2755,21,1
54167,1400,0
19727,247,0
2993,21,1
74721,877,0
1668,17,0
4150,232,1
92892,41,0
71277,598,0
1247,39,1
6575,150,0
19829,259,0
1448,253,1
318,239,1
91288,33,0
1758,431,1
51323,1198,0
74448,114,0
87855,364,0
86707,21,0
2126,1245,1
49,171,1
3215,15,1
330,1207,1
1791,1073,1
3241,269,1
1601,203,1
12045,41,0
982,468,1
73897,315,0
75298,109,0
78734,57,0
50742,263,0
96803,776,0
13423,35,0
1209,256,1
2885,156,1
1217,15,1
207,177,1
63222,1396,0
5019,1197,1
105105,13,0
139,621,1
55748,784,0
1081,546,1
87258,13,0
5184,214,1
98365,109,0
261,44,1
1081,258,1
95536,80,0
74241,40,0
103865,235,0
12041,251,0
89267,98,0
3621,685,1
1644,33,1
70435,100,0
16116,363,0
5945,41,1
79782,53,0
81933,114,0
80902,18,0
2334,98,1
1671,248,1
103168,283,0
3898,109,1
2548,363,1
93334,72,0
5611,1197,1
3132,682,1
1001,394,1
84062,1,0
2503,129,1
2440,71,1
64402,35,0
70362,150,0
2631,410,1
104820,13,0
1831,78,1
1674,980,1
505,194,1
73170,1207,0
101171,281,0
2771,40,1
88823,407,0
76668,4,0
90710,40,0
47287,256,0
68436,33,0
12708,321,0
64915,776,0
902,595,1
81435,173,0
76,246,1
51666,477,0
2740,57,1
397,245,1
254,582,1
1717,44,1
204,220,1
27,64,1
75561,256,0
98349,602,0
1632,177,1
66830,1279,0
1541,738,1
2369,149,1
68744,1256,0
79104,38,0
65061,942,0
55624,315,0
85466,107,0
61984,246,0
89584,29,0
469,64,1
82116,438,0
35,1197,1
1632,155,1
49608,501,0
261,945,1
73253,431,0
104463,97,0
56,961,1
114,33,1
1641,961,1
1890,21,1
281,408,1
966,205,1
98175,340,0
194,13,1
64523,36,0
1631,171,1
48787,9,0
19315,1124,0
105530,234,0
83070,145,0
2428,17,1
101085,283,0
69272,13,0
87944,98,0
5787,0,1
4989,1196,1
486,80,1
1800,157,0
99319,45,0
100663,40,0
559,282,1
25224,82,0
320,9,1
103182,71,0
81667,100,0
896,39,1
2050,3,1
78187,40,0
987,548,1
982,29,1
95325,65,0
4878,45,0
65487,996,0
948,44,1
62,262,1
2116,1210,1
42996,1210,0
913,129,1
857,394,1
3065,24,1
254,65,1
5978,1200,1
6064,47,1
61480,309,0
67580,24,0
1455,488,1
49418,242,0
167,18,1
64117,47,0
60980,217,0
79048,458,0
2724,109,1
104815,1196,0
102689,305,0
591,424,1
78601,460,0
99371,9,0
180,618,0
48588,1194,0
2820,64,1
77396,61,0
89121,249,0
53759,282,0
63048,9,0
92349,1194,0
3054,431,1
1163,729,1
140,24,1
84833,69,0
1880,21,1
19588,263,0
1509,54,1
66,233,1
47039,401,0
375,1032,1
97247,105,0
2772,1363,1
73422,957,0
80681,64,0
76965,404,0
79163,91,0
6232,58,1
557,930,1
48193,17,0
83487,503,0
83,883,1
100626,171,0
104413,170,0
8455,37,0
182,1073,1
4032,877,1
23611,82,0
72505,776,0
83353,321,0
53902,258,0
149,1198,1
59388,40,0
51797,306,0
1684,836,1
52,217,1
5951,221,1
2672,252,1
346,548,1
1524,431,1
2889,693,1
724,1244,1
11455,1198,0
2885,253,1
52069,215,0
21394,247,0
54426,427,0
92291,150,0
5423,693,1
2671,57,1
2129,73,1
43668,452,0
7003,568,0
89735,1198,0
317,283,1
1720,1,1
952,281,1
32507,1198,0
70128,429,0
92704,74,0
80479,503,0
624,175,1
1288,157,1
226,3,1
99078,40,0
93439,64,0
3378,283,1
76329,1131,0
207,41,1
92281,1456,0
3518,776,1
64287,1200,0
61367,80,0
83762,643,0
755,119,1
56637,24,0
944,1249,1
48,29,1
79824,39,0
93566,246,0
82211,76,0
3333,177,1
99743,1230,0
1124,145,1
557,141,1
363,685,1
61521,347,0
1816,480,1
1990,47,1
71535,1094,0
91671,45,0
71611,92,0
72105,1122,0
2549,40,1
1636,283,1
83993,768,0
336,4,1
94435,263,0
1336,8,1
2735,45,1
459,776,1
58348,18,0
47,203,1
5210,1012,1
1024,41,1
1018,1196,1
57223,1202,0
2285,529,1
76145,809,0
320,3,1
74690,12,0
1076,8,1
917,149,1
89705,91,0
104655,3,0
793,1124,1
69585,21,0
65285,1198,0
1791,954,1
3294,344,0
101536,114,0
89191,307,0
87513,255,0
3562,1224,1
1485,214,1
1385,58,0
84237,1194,0
73852,246,0
79441,39,0
16578,44,0
98982,806,0
1078,249,1
546,65,1
75906,394,0
1485,138,1
59348,217,0
5973,213,1
1464,456,1
68725,114,0
878,80,1
60209,644,0
69548,1296,0
90237,524,0
67617,24,0
287,584,1
97504,78,0
34449,89,0
313,233,1
1661,21,1
2819,281,1
18924,248,0
2282,844,1
1045,581,1
2446,578,1
1977,41,1
87268,1197,0
54943,21,0
81903,205,0
3482,217,1
78582,61,0
106075,394,0
82669,1364,0
618,5,1
79838,40,0
983,1199,1
64275,340,0
5238,40,1
49729,184,0
207,541,1
58657,263,0
81341,173,0
969,288,1
3457,29,1
5069,1207,1
346,189,1
2908,150,1
66412,4,0
1139,38,1
86891,1207,0
1336,18,0
95009,350,0
65509,35,0
89386,309,0
41550,455,0
2485,47,1
447,1207,1
586,21,1
49,200,1
2852,9,1
59877,985,0
90083,1124,0
72867,948,0
2435,2,1
76784,58,0
26914,607,0
48286,776,0
1789,33,1
3010,1051,1
47002,6,0
3825,976,1
1630,12,1
51822,288,0
66380,114,0
724,661,1
545,318,1
59764,151,0
97587,124,0
61780,478,0
22172,460,0
41776,177,0
5222,502,1
49,105,1
50348,124,0
50,109,1
47731,17,0
92623,837,0
104,58,1
83565,340,0
96348,39,0
54858,64,0
1930,3,1
207,200,1
5953,15,1
92773,119,0
5100,190,1
85142,186,0
50444,1124,0
94793,481,0
437,351,1
75060,270,0
1163,680,1
48144,21,0
335,776,1
101791,65,0
1798,36,1
1288,24,1
1197,45,1
78474,28,0
67098,911,0
27527,41,0
100254,41,0
5514,40,1
66490,124,0
56,157,1
644,1197,1
1512,256,1
108,229,1
1442,520,1
94437,221,0
1113,5,1
1640,1198,1
1539,892,0
678,805,1
11284,21,0
7794,245,0
1517,124,1
65138,45,0
1365,456,1
85657,724,0
58414,24,0
96627,78,0
105865,74,0
62977,233,0
1364,40,1
49725,595,0
1671,39,1
228,71,1
157,124,1
584,29,1
49,45,1
1914,561,1
43958,114,0
91978,6,0
9501,791,0
61556,234,0
92906,71,0
86194,984,0
2010,281,1
53440,0,0
3259,437,1
4294,911,1
3494,114,1
10,91,1
52300,693,0
1333,125,1
60562,270,0
74915,1227,0
4878,1350,1
44430,2,0
101802,776,0
77644,151,0
8409,376,0
1065,58,1
98807,905,0
93092,33,0
51958,884,0
76819,272,0
1659,363,1
3123,145,1
53,69,1
86735,4,0
3209,13,1
848,141,0
64339,149,0
61584,57,0
313,1200,1
64234,431,0
42599,98,0
2020,217,1
127,1194,1
285,431,1
4070,878,1
1872,41,1
3058,1381,1
4307,9,1
4247,40,1
91585,449,0
1136,905,1
47585,98,0
96670,17,0
2022,504,1
88339,438,0
917,61,1
68216,15,0
2825,270,1
2446,186,1
97588,1396,0
77057,607,0
83770,58,0
1288,607,1
1249,283,1
1869,89,1
104431,1194,0
93796,58,0
1517,238,1
912,170,1
8528,105,0
46596,152,0
17445,808,0
62521,878,0
452,140,1
21567,1252,0
635,423,1
3346,33,1
58620,177,0
182,61,1
6249,351,1
2213,160,1
142,1124,1
74567,1200,0
97389,877,0
2137,128,1
54691,97,0
2371,41,1
1350,57,1
5553,694,1
47203,98,0
57754,153,0
71849,245,0
55962,229,0
76591,40,0
98697,337,0
875,460,1
100168,12,0
575,37,1
62556,1210,0
361,300,1
30,103,1
100286,69,0
125,141,1
1596,463,1
74905,189,0
2790,8,1
51075,58,0
83646,776,0
69,24,1
1465,44,1
92883,878,0
256,1005,1
336,1396,1
3652,276,1
2574,100,1
5904,1456,1
56,155,1
2435,109,1
2118,41,1
83669,118,0
2240,1252,1
1040,33,1
69056,309,0
4527,151,1
1708,403,1
11537,98,0
1066,194,1
21896,61,0
546,145,1
49744,1073,0
67387,456,0
2787,114,1
92433,140,0
2354,189,1
801,64,1
49973,1217,0
1768,21,1
262,173,1
64631,203,0
101,105,1
62646,57,0
37374,944,0
23161,17,0
317,61,1
65618,627,0
73662,1,0
5999,784,1
74562,24,0
96894,9,0
3101,89,1
4177,246,1
3159,47,1
66773,71,0
1186,128,1
3952,304,1
4742,255,1
24794,24,0
910,156,1
2240,21,1
106311,269,0
77254,394,0
437,150,1
80135,6,0
85374,956,0
253,68,1
67006,504,0
138,33,1
137,464,1
75477,149,0
36737,12,0
69,344,1
101,852,1
820,175,1
188,284,1
47203,333,0
1000,138,1
1499,45,1
12112,256,0
75296,40,0
557,1138,1
41556,35,0
56753,38,0
10181,40,0
90925,45,0
197,429,1
84692,33,0
60508,1196,0
644,558,1
3648,437,1
80026,424,0
253,859,1
81790,253,0
51654,693,0
2559,177,1
984,64,1
91860,40,0
362,140,1
82770,68,0
82718,1197,0
85920,76,0
901,97,1
1493,12,1
893,124,1
1971,69,1
5791,61,1
105989,1194,0
90627,464,0
1115,889,1
156,282,1
2315,107,1
85872,87,0
97555,67,0
53908,1396,0
983,820,1
52131,1202,0
1692,253,1
2856,24,1
73981,24,0
61556,67,0
2997,109,1
55535,220,0
2616,169,1
1572,39,1
56752,784,0
1019,458,1
5430,1396,1
62318,3,0
1768,206,1
93230,105,0
1123,78,1
5961,394,1
58716,401,0
64560,1480,0
927,172,1
987,281,1
3257,1207,1
1689,9,1
73989,877,0
92532,253,0
104515,1400,0
1081,149,1
125,58,1
95521,1207,0
84496,555,0
75800,141,0
7683,45,0
1195,175,1
27228,192,0
17711,21,0
3097,21,1
32154,340,0
1064,256,1
755,194,1
61,3,1
5222,67,1
104106,878,0
89878,313,0
365,9,1
104013,217,0
61735,154,0
3193,569,1
76635,418,0
10720,170,0
82186,460,0
3411,82,1
71514,128,0
456,264,1
1789,35,1
312,41,1
1226,58,1
68566,217,0
102353,411,0
139,221,1
509,425,1
559,37,1
207,943,1
49575,269,0
2459,744,1
2788,194,0
10528,19,0
56596,0,0
72575,657,0
987,1138,1
61504,114,0
2435,29,1
81382,138,0
83106,194,0
53576,506,0
98865,1412,0
954,82,1
306,39,0
1146,685,1
146,47,1
958,221,1
359,65,1
5514,1012,1
12909,307,0
80745,177,0
2440,288,1
922,886,1
3477,207,0
1695,946,1
67309,39,0
1922,327,1
94287,58,0
59038,776,0
208,39,1
71500,258,0
2360,76,1
188,105,1
313,124,1
94690,263,0
4543,45,1
87576,282,0
77820,806,0
2005,248,1
1398,954,1
85571,114,0
4294,1012,1
103137,220,0
5073,160,1
97294,501,0
27509,3,0
82579,150,0
94200,269,0
89345,225,0
102038,217,0
101233,186,0
752,13,1
252,1337,1
582,316,1
4450,220,1
77574,961,0
70312,97,0
3376,39,1
2531,1196,1
41406,0,0
1487,12,1
98759,71,0
4894,193,1
983,822,1
2439,173,1
10798,1134,0
101,882,1
1407,47,1
647,458,1
97416,97,0
557,196,1
83082,13,0
49675,770,0
1571,209,1
336,468,1
313,196,1
104333,1269,0
7707,1197,0
790,18,1
68302,814,0
14918,173,0
70,386,1
79497,28,0
5978,98,1
71925,13,0
49209,344,0
910,1318,1
1450,91,1
101312,784,0
780,177,1
51146,282,0
854,961,1
106151,581,0
518,253,1
783,21,1
1014,124,1
1463,126,1
370,722,1
52077,33,0
1346,65,1
4497,9,1
1952,352,1
70838,1371,0
50853,394,0
1644,98,1
4816,109,1
2997,480,1
89152,54,0
91259,21,0
306,486,1
92723,21,0
2636,79,1
3580,593,1
89660,122,0
917,173,1
9529,456,0
675,344,0
463,88,1
948,8,1
966,171,1
85218,0,0
898,282,1
2756,73,0
2975,61,1
1620,110,1
5278,6,1
108,877,1
20165,541,0
1851,40,1
5626,1199,1
82672,206,0
4089,1264,0
1146,878,1
1366,24,1
64122,6,0
10560,173,0
51758,44,0
849,41,1
225,171,1
4736,504,0
102438,9,0
2402,878,1
1363,89,0
55704,138,0
222,220,1
44081,1210,0
413,17,1
355,150,1
72998,37,0
104559,836,0
89094,205,0
2045,45,1
61527,80,0
1485,80,1
1184,21,1
69110,114,0
987,1285,1
48662,363,0
191,230,1
1031,21,1
3109,175,1
752,281,1
383,39,1
1350,177,1
49089,47,0
1631,173,1
66349,256,0
73439,880,0
60388,13,0
68489,74,0
76018,1122,0
87319,80,0
227,40,1
48467,100,0
306,152,1
4872,1210,1
61919,109,0
2105,47,1
47103,522,0
55514,53,0
76721,24,0
80690,13,0
1768,98,1
1214,44,1
89937,44,0
60817,438,0
84497,462,0
41071,877,0
5938,447,1
2823,941,1
1298,180,1
50691,45,0
85215,107,0
58366,776,0
57375,1207,0
26,181,1
62911,776,0
3626,4,1
64531,882,0
66304,221,0
2510,199,1
22896,21,0
1213,468,1
99614,1194,0
765,119,1
5028,41,0
1536,481,1
47445,948,0
88361,41,0
3333,67,1
397,172,1
480,1011,1
3010,717,1
7798,693,0
901,678,1
222,1197,1
83618,327,0
57045,40,0
3620,431,1
95553,961,0
78508,47,0
302,248,1
102821,877,0
190,114,1
61070,1197,0
603,109,1
76663,12,0
50123,1394,0
750,256,1
2372,431,1
71754,217,0
1240,283,1
252,344,1
300,1450,1
3632,3,1
70175,21,0
80806,429,0
95472,478,0
1996,452,1
36,177,1
70573,12,0
336,331,1
3656,61,1
1565,173,1
20608,112,0
200,1,1
76899,9,0
446,87,1
48343,1207,0
3535,465,1
103488,347,0
1224,17,1
1878,434,1
1491,76,1
34557,481,0
977,315,1
3575,1,1
99111,253,0
67633,71,0
214,1,1
3587,61,1
87525,152,0
97284,65,0
10291,112,0
1031,776,1
1,313,1
78167,255,0
51865,24,0
378,37,1
557,569,1
110,256,0
3378,942,1
3193,318,1
901,76,1
74002,1197,0
75,173,1
86288,961,0
5473,284,0
63234,0,0
106003,40,0
104017,38,0
1724,76,1
91274,233,0
190,105,1
2644,304,1
14136,24,0
81126,98,0
1690,98,1
100298,583,0
50101,172,0
3066,150,1
26,220,1
81063,1336,0
89892,109,0
35131,352,0
82784,1200,0
2274,791,1
291,2,1
1074,138,1
2655,269,1
748,98,1
1473,160,1
5341,170,1
58424,877,0
59262,330,0
71754,401,0
323,45,0
100205,205,0
228,1272,1
3388,9,1
84009,64,0
101712,205,0
437,620,1
2257,8,1
52774,58,0
1368,39,1
285,1410,1
63775,561,0
898,1249,1
74152,1396,0
99569,376,0
100348,302,0
74192,193,0
92630,332,0
1679,114,1
306,460,1
56786,21,0
45,58,1
233,129,1
95883,128,0
1403,776,1
557,859,1
9679,1210,0
64108,174,0
1632,13,1
3976,16,1
65414,35,0
99139,481,0
76388,149,0
4559,41,1
82379,41,0
1466,57,0
55417,220,0
89572,538,0
2834,437,1
910,284,1
2448,230,1
88179,1226,0
5376,233,1
93714,877,0
829,21,1
1832,403,1
1399,464,1
73,769,1
5951,36,1
320,208,1
80347,654,0
72924,844,0
94935,180,0
675,921,1
5772,202,1
64972,1194,0
204,4,1
50585,114,0
57036,1194,0
327,884,1
53954,9,0
26914,40,0
84218,0,0
3626,315,1
1695,945,1
1768,180,1
1761,203,1
557,1290,1
65131,1196,0
48026,194,0
53148,776,0
104229,582,0
71684,1224,0
98377,35,0
58429,175,0
65215,114,0
3167,1197,1
1693,581,1
1465,456,1
5365,344,1
88799,1394,0
8819,35,0
5992,82,0
6056,41,1
78150,28,0
61298,109,0
1033,1194,1
47465,309,0
64763,40,0
34773,78,0
1000,961,1
98776,318,0
976,217,1
1699,456,1
81691,288,0
69994,129,0
415,12,1
115,481,1
1162,1394,1
403,259,1
1755,376,1
889,9,1
54026,892,0
5537,362,1
559,593,1
3028,776,1
948,474,1
99913,13,0
12423,33,0
95588,892,0
248,215,1
72949,594,0
557,248,1
1033,8,1
105785,5,0
4248,431,1
32469,21,0
79198,805,0
2774,91,1
84809,252,0
91776,27,0
19493,175,0
986,47,1
995,149,1
83801,24,0
72184,9,0
61704,1017,0
890,37,1
72132,186,0
61,184,1
912,173,1
1561,27,1
93614,5,0
59134,744,0
2902,309,1
4421,318,1
561,1234,1
3599,13,1
982,1,1
53643,1124,0
1837,58,1
3116,233,1
81149,91,0
304,969,1
78337,430,0
77455,67,0
267,17,1
1163,89,1
98656,1394,0
58762,98,0
2815,1269,1
88057,1300,0
71607,5,0
72461,352,0
82738,425,0
67,133,1
95815,41,0
1131,1340,1
2428,4,1
5609,41,1
4003,877,1
1188,621,1
1506,776,1
1325,237,0
8176,35,0
91346,9,0
3010,972,1
2554,999,1
552,510,1
2518,1207,1
65917,109,0
3064,36,1
966,520,1
2461,1207,1
283,202,1
222,152,1
227,621,1
995,433,1
2817,9,1
2811,1207,1
61685,344,0
66309,45,0
3959,21,1
60009,80,0
99978,1198,0
1807,58,1
1204,538,1
1350,217,1
1691,283,1
88180,221,0
48530,221,0
80791,319,0
40024,35,0
902,252,1
3210,1194,1
31,247,1
3644,39,1
58402,945,0
23902,9,0
3786,45,0
64115,768,0
898,744,1
106234,170,0
724,491,1
82175,253,0
1446,256,1
1464,151,1
93289,877,0
2428,37,1
286,269,1
70600,16,0
58792,171,0
97877,9,0
3846,477,1
1640,80,1
1367,180,1
200,783,1
77567,109,0
91023,153,0
23034,109,0
437,72,1
1615,350,1
65403,342,0
99435,776,0
57267,394,0
53395,394,0
1362,245,1
1171,1456,1
7176,744,0
587,1467,1
104,431,1
2773,285,1
4084,878,1
101395,177,0
8546,728,0
72261,1124,0
108,337,1
93275,394,0
2615,220,1
51513,1274,0
64188,88,0
1616,97,1
1847,424,1
2605,1101,1
31,321,1
42939,24,0
10687,249,0
80935,18,0
1130,111,1
56048,114,0
751,57,1
588,1342,1
78820,18,0
79162,424,0
92819,91,0
779,0,1
959,431,1
102719,53,0
5357,809,1
3220,1394,1
71092,791,0
56,172,1
68364,4,0
2561,98,1
27051,191,0
101,337,1
2764,340,1
52050,1196,0
102138,39,0
1528,1394,1
53836,283,0
2793,114,1
54188,426,0
100515,394,0
2439,45,1
2439,276,1
77422,89,0
1061,12,1
2286,1176,1
1693,1040,1
578,69,1
2647,100,1
94636,33,0
890,35,1
67467,61,0
2446,429,1
996,755,1
73770,69,0
16558,44,0
60204,1,0
1486,458,1
87663,13,0
2033,41,1
901,33,1
1350,621,1
3538,47,1
559,292,1
82,1200,1
1762,347,1
2795,24,1
562,431,1
93148,15,0
13167,1226,0
70444,776,0
156,1073,1
912,217,1
303,47,1
4909,1198,1
75,45,1
83,1196,1
1364,948,1
128,961,1
4685,21,1
61156,15,0
2457,130,1
1398,593,1
87745,206,0
78952,173,0
225,38,1
1631,157,1
1204,172,1
2188,1198,1
4975,1196,1
1490,1197,1
1527,114,1
39,304,1
1035,776,1
3561,92,1
61045,58,0
34796,177,0
40602,40,0
1095,44,1
302,36,1
987,263,1
462,80,1
2425,543,1
108,1054,1
12537,130,0
84986,39,0
99684,1,0
2478,130,1
101,72,1
1403,57,1
74182,488,0
104907,239,0
94592,569,0
1615,5,1
66,246,1
3344,464,1
59301,36,0
1724,57,1
67302,71,0
75106,460,0
101,220,1
207,114,1
67829,205,0
99801,193,0
70475,431,0
2053,17,0
26668,1012,0
4514,1197,0
4742,424,1
70993,316,0
3534,78,1
12507,410,0
3645,203,1
2723,41,1
2062,58,0
60989,206,0
2240,114,1
225,36,1
256,37,1
94296,39,0
65986,38,0
83763,258,0
2892,12,1
1699,4,1
11394,36,0
448,220,1
48458,179,0
2699,24,1
3584,66,1
84674,1200,0
1092,220,1
76620,207,0
99147,172,0
87864,47,0
81911,141,0
72310,105,0
49224,203,0
1062,47,1
1511,431,1
296,431,1
620,809,1
2289,98,1
66456,1347,0
50457,1258,0
969,9,1
96549,1207,0
4607,270,1
889,97,1
71931,255,0
1253,38,1
49481,776,0
3550,39,1
125,431,1
51382,15,0
1333,269,1
22309,47,0
1517,80,1
59522,930,0
32,391,1
101493,57,0
3331,256,1
72814,961,0
19162,150,0
3005,431,1
2754,39,1
503,217,1
82256,1199,0
79576,460,0
6546,1198,0
856,190,1
31262,78,0
3105,40,1
52527,1207,0
58975,61,0
78046,256,0
1374,827,1
508,173,1
1622,1197,1
2,994,1
3350,79,1
73855,29,0
2565,321,1
1644,234,1
5195,1197,1
1463,4,1
912,1299,1
102058,621,0
60472,80,0
23683,76,0
3436,424,0
916,74,1
644,89,1
575,105,1
37973,45,0
917,72,1
31497,472,0
1480,137,1
77939,92,0
55837,234,0
46191,1134,0
89423,982,0
1163,5,1
64772,177,0
19728,4,0
66973,955,0
15620,602,0
187,18,1
50547,61,0
2668,40,1
480,16,1
53698,128,0
95568,791,0
36439,909,0
39,663,1
57811,259,0
58375,961,0
2130,913,1
3138,252,1
151,45,1
93855,394,0
75627,435,0
4808,431,1
2029,177,1
105339,37,0
77983,89,0
679,202,1
3342,581,1
87314,21,0
50809,1,0
15621,248,0
61508,5,0
1288,974,1
2738,12,1
55509,292,0
59946,464,0
2726,114,1
3333,21,1
346,233,1
2516,87,1
122,1193,1
185,394,1
54987,139,0
56172,58,0
3485,160,0
262,177,1
2527,199,1
71427,798,0
2340,270,0
82336,40,0
172,783,1
1753,352,1
71142,607,0
90957,78,0
52914,47,0
79617,855,0
70679,303,0
83677,215,0
83511,160,0
47781,65,0
132,1198,1
24238,158,0
57490,160,0
48174,191,0
1366,173,1
8212,40,0
365,503,1
3333,61,1
1230,54,1
1445,246,1
283,6,1
48121,9,0
84876,21,0
101,158,1
289,8,1
910,429,1
47415,13,0
52725,4,0
55151,21,0
3333,24,1
87173,9,0
57498,17,0
54715,217,0
102365,41,0
3853,347,1
4128,1396,1
95577,1200,0
2678,9,1
1314,40,1
547,1301,1
68664,1198,0
5978,776,1
1460,13,1
58346,790,0
82903,39,0
3284,949,1
50095,1423,0
71563,454,0
93951,533,0
3229,149,1
2820,1253,1
60916,109,0
2878,175,1
89861,61,0
2438,1396,0
8819,0,0
902,502,1
60533,44,0
83578,403,0
45,523,1
93672,776,0
46244,13,0
1773,263,1
2446,24,1
557,1244,1
115,548,1
72257,189,0
2475,242,1
2145,183,1
102473,66,0
4548,9,1
50,1193,1
898,464,1
87360,9,0
2885,21,1
503,74,1
3522,39,1
69322,175,0
75874,429,0
80904,1149,0
52468,1,0
59499,45,0
115,520,1
54640,171,0
65803,6,0
46538,141,0
94790,331,0
696,80,1
2409,500,0
107,9,1
87101,79,0
639,363,1
1737,1207,1
180,1,1
29331,1210,0
207,103,1
253,206,1
83918,253,0
1278,395,1
92623,47,0
70666,67,0
18960,0,0
54417,153,0
93045,373,0
68917,141,0
62127,39,0
98346,623,0
583,949,1
94575,85,0
88312,1352,0
1715,482,1
22738,40,0
70223,636,0
1426,9,1
1597,458,1
9855,429,0
2439,97,1
101109,67,0
94869,253,0
68066,39,0
1205,524,1
2908,1249,1
1027,776,1
1768,9,1
5287,41,1
1455,36,1
1356,109,1
4708,40,1
2018,930,1
4422,394,1
2175,181,1
704,47,1
346,671,1
61705,431,0
1836,114,1
84486,1224,0
89071,300,0
65653,394,0
1321,256,1
438,1,1
86900,66,0
734,109,1
27180,5,0
1293,307,1
53544,351,0
23,1400,1
759,84,1
3187,40,1
578,548,1
93707,394,0
586,892,1
50700,548,0
91263,41,0
819,194,1
1372,776,1
1663,521,0
1278,18,1
66470,109,0
98160,89,0
1684,859,1
63248,69,0
67890,110,0
65291,444,0
57506,1197,0
83352,80,0
102637,282,0
5571,9,1
313,217,1
63178,56,0
62548,89,0
4273,976,1
49706,130,0
818,961,1
80441,9,0
270,770,0
100746,429,0
70390,288,0
89753,0,0
97490,98,0
2007,149,1
3069,431,1
187,480,1
86,1306,1
587,1,1
757,269,1
64173,87,0
5752,344,1
2149,1200,1
31,41,1
1249,21,1
5431,433,1
96635,35,0
1045,21,1
31824,141,0
102261,182,0
102529,4,0
432,394,1
85396,58,0
676,317,1
1224,394,1
84486,231,0
5326,175,1
61932,663,0
59904,13,0
48241,68,0
1732,35,1
57137,518,0
21785,40,0
182,1075,1
6087,39,1
2616,318,1
97730,40,0
89681,207,0
62807,125,0
86,0,1
300,462,1
1243,1322,1
355,39,1
64861,27,0
2719,82,1
67744,502,0
1364,98,1
22172,57,0
2782,150,1
14879,1210,0
1033,58,1
2923,78,1
32309,718,0
69908,98,0
2263,480,1
78700,394,0
1146,1122,1
913,1394,1
1518,269,1
14291,41,0
24010,458,0
229,21,1
1530,177,1
73212,252,0
4528,40,1
89291,926,0
992,953,1
6506,177,0
902,12,1
85500,9,0
401,0,1
53497,800,0
101168,38,0
91374,175,0
81,67,0
84033,322,0
66951,481,0
227,71,1
7331,233,0
94788,1207,0
5973,809,1
100102,9,0
1188,1245,1
73709,130,0
99179,177,0
92813,784,0
106,434,1
207,944,1
50902,4,0
1159,80,1
72138,776,0
81312,502,0
2070,31,1
266,1200,1
4610,364,1
12,213,1
96068,155,0
1677,282,1
2793,13,1
4048,877,1
15586,245,0
258,41,1
53538,217,0
4675,37,0
262,682,1
4267,460,1
57134,878,0
127,45,1
3042,149,1
97416,269,0
575,859,1
84095,503,0
3396,124,1
64985,65,0
1915,913,1
49384,82,0
2554,58,1
85,297,1
2439,37,1
704,246,1
94637,21,0
64275,207,0
813,150,1
128,114,1
200,965,1
1090,500,1
559,245,1
914,125,1
77112,21,0
77182,31,0
157,154,1
3176,39,1
553,484,1
99560,488,0
5340,58,1
262,19,1
65126,21,0
58986,40,0
413,344,1
68475,252,0
89424,45,0
1009,256,1
437,40,1
101,33,1
86362,31,0
86344,1193,0
94,78,1
4829,1198,1
69513,125,0
1136,956,1
1689,150,1
172,18,1
75,582,1
269,79,1
51,1207,1
101791,878,0
2659,21,1
586,561,1
82926,582,0
1471,150,1
3108,431,1
92,58,1
68063,1482,0
84519,282,0
8040,97,0
355,40,1
2045,306,1
104980,114,0
2898,269,1
841,124,1
651,220,1
517,49,1
2633,456,1
78610,0,0
549,454,1
1559,488,1
26,905,1
74028,1154,0
11926,886,0
100372,270,0
1615,961,1
71173,548,0
83167,61,0
32656,1200,0
61976,98,0
2471,464,1
62026,57,0
85633,1210,0
1461,776,1
5514,447,0
10265,460,0
99365,21,0
2793,247,1
488,342,1
2675,1221,1
34990,376,0
60,109,1
902,154,1
5699,910,1
1401,40,1
72071,13,0
3521,41,1
72653,109,0
378,68,1
3227,248,1
1354,12,1
39456,285,0
5626,911,1
62461,1012,0
1603,248,1
43208,961,0
262,37,1
72141,351,0
95655,170,0
297,1,1
2145,776,1
81068,1197,0
10092,460,0
80792,682,0
4511,69,1
42,133,1
7411,61,0
56820,394,0
2897,478,1
893,170,1
74547,878,0
934,12,1
81337,943,0
59660,149,0
2971,252,1
420,690,0
91882,245,0
2820,41,1
1975,886,1
66757,12,0
53682,252,0
2057,586,1
4836,394,1
557,0,1
54286,256,0
1365,33,1
552,784,1
37350,78,0
100923,256,0
256,0,1
2439,35,1
60230,253,0
81515,880,0
55808,930,0
1398,45,1
2569,109,1
90084,961,0
54886,882,0
6201,776,1
105038,269,0
91931,456,0
285,918,1
68579,78,0
2395,12,1
41595,169,0
102850,153,0
4345,9,1
98714,541,0
3563,481,1
389,686,1
58751,0,0
35,73,0
172,145,1
101,352,1
81555,253,0
77531,252,0
3524,40,1
389,1197,1
2562,458,1
557,456,1
34178,47,0
55453,951,0
3529,73,1
1123,931,1
101317,1197,0
79449,129,0
1660,247,1
76983,47,0
60704,140,0
90681,323,0
3197,394,1
101625,233,0
1099,78,1
67356,13,0
1416,1207,1
76956,1245,0
1645,621,1
49021,859,0
90480,84,0
11597,244,0
82712,878,0
256,160,1
93570,58,0
3028,21,1
58669,1196,0
3111,1202,1
4368,1032,1
6964,40,0
115,401,1
306,15,1
75039,1326,0
139,248,0
1105,0,1
2249,741,1
1168,546,1
1471,1194,1
676,270,1
963,195,1
70515,1124,0
304,18,1
2374,610,1
137,151,1
53131,217,0
21314,617,0
2247,394,1
3604,186,1
557,160,1
101948,859,0
47784,4,0
327,202,1
3860,8,1
54,145,1
1630,128,0
104709,1315,0
104534,47,0
71018,217,0
2820,1,1
65240,97,0
53627,1468,0
915,41,1
72873,468,0
86969,109,0
75184,943,0
99734,621,0
84817,433,0
78361,1124,0
2971,504,1
79998,1197,0
4272,431,1
2440,200,1
561,152,1
557,114,1
4387,1456,1
62728,41,0
79378,394,0
91727,829,0
910,40,1
47235,73,0
100867,44,0
5937,823,1
655,394,0
51815,207,0
87776,189,0
1517,130,1
111,0,1
47362,1075,0
81218,344,0
917,776,1
103310,97,0
125,248,1
96784,98,0
3630,21,1
716,1194,1
75066,169,0
68512,506,0
1,1,1
3358,53,1
45070,78,0
49275,158,0
26,1394,1
52755,100,0
55497,40,0
72707,217,0
3128,150,1
94161,1197,0
2234,21,1
61725,21,0
94669,13,0
2373,44,1
94308,36,0
51504,72,0
29,196,1
987,660,1
11106,21,0
35,202,1
1040,35,1
67959,269,0
77970,40,0
645,410,1
2643,157,1
32,41,1
86240,458,0
69251,24,0
100920,114,0
93584,203,0
1508,78,1
4873,79,1
2881,269,1
612,98,1
68370,21,0
65476,480,0
3082,5,1
57475,124,0
73493,639,0
644,247,1
2597,80,1
2476,347,1
53882,21,0
67927,442,0
686,47,1
466,364,1
48079,259,0
53461,21,0
787,232,1
55101,194,0
788,232,1
2734,61,0
1398,36,1
99217,282,0
67571,304,0
4890,1124,1
1084,8,1
62496,431,0
3996,878,1
61506,84,0
618,1226,1
88919,0,0
86345,921,0
3006,24,1
21677,41,0
97032,209,0
103981,171,0
1699,58,1
60277,84,0
1443,177,1
5560,91,1
1508,878,1
4175,24,1
69462,71,0
332,12,1
55329,431,0
3173,40,1
73163,29,0
73411,458,0
2621,197,1
397,98,1
67058,38,0
56022,394,0
145,865,1
69797,150,0
54280,273,0
88225,125,0
2519,1,1
1239,229,1
52698,13,0
92,882,1
90347,17,0
97769,1197,0
19,112,1
16750,21,0
3634,89,1
2048,1,1
1000,1194,1
93439,582,0
182,685,1
1615,1194,1
1398,206,1
70,265,1
29,30,1
1367,1194,1
57060,956,0
225,150,1
1243,363,1
2672,253,1
578,464,1
2885,288,1
3029,15,1
5986,1456,1
60081,885,0
2003,885,1
86989,776,0
1456,47,1
67965,150,0
966,201,1
1156,5,1
1631,155,1
3691,239,1
586,147,1
26535,798,0
488,302,1
58955,431,0
3208,171,1
5473,58,1
3805,878,1
1631,282,1
157,1257,1
1636,520,1
890,172,1
1472,344,1
188,985,1
83421,33,0
68294,12,0
84135,97,0
1243,994,1
3563,61,1
59541,80,0
54566,39,0
5028,35,0
93003,1178,0
2885,943,1
69505,21,0
1888,9,1
76,248,1
65965,89,0
82996,1194,0
30297,1241,0
66889,12,0
157,29,1
4515,259,1
286,784,1
2189,67,1
48047,848,0
86551,1043,0
84024,170,0
71526,107,0
94727,332,0
66906,78,0
58395,1435,0
125,247,1
257,445,1
97559,105,0
1598,125,1
561,555,1
94516,40,0
2672,304,1
55546,918,0
6259,282,0
48760,800,0
102288,13,0
54354,252,0
3167,3,1
947,256,1
51,1452,1
5057,180,1
157,994,1
27495,486,0
30,114,1
2837,47,1
47908,177,0
99479,555,0
3542,78,1
19112,74,0
53761,21,0
2817,281,1
1730,0,1
82698,169,0
1618,24,1
70110,6,0
88323,352,0
2190,744,1
82866,269,0
48551,464,0
97188,1234,0
437,548,1
81277,707,0
1832,175,1
62504,57,0
519,36,1
543,141,1
82000,177,0
422,31,0
289,82,1
92303,78,0
3214,1197,1
1411,170,1
54913,68,0
103607,73,0
1626,80,1
93974,149,0
1239,1279,1
1935,45,1
2390,17,1
74575,0,0
228,69,1
557,111,1
3793,375,1
2480,183,1
13403,1394,0
53336,886,0
2422,145,1
104,927,1
103393,1196,0
48560,956,0
4087,878,1
233,44,1
2636,878,1
38675,327,0
188,39,0
22810,1495,0
265,1200,1
117,327,1
8764,1210,0
70513,350,0
71077,40,0
934,3,1
69873,1412,0
68922,125,0
2453,309,1
78292,344,0
846,460,0
5363,1194,1
51510,247,0
3279,13,1
65779,44,0
45,45,1
3128,24,1
73229,109,0
1773,24,1
4537,12,1
96965,199,0
54359,466,0
77543,129,0
344,765,1
543,315,1
62060,125,0
53173,12,0
82948,936,0
56387,9,0
157,839,1
71201,78,0
5570,1,1
1810,9,1
1465,340,1
559,927,1
80118,1296,0
66203,1465,0
51940,882,0
83691,1164,0
71701,394,0
3378,282,1
312,886,1
5936,394,1
11286,750,0
557,154,1
101555,73,0
2690,270,0
2924,783,1
331,169,1
74867,878,0
94073,578,0
2043,429,1
94052,5,0
44,53,1
1930,9,0
71488,29,0
3358,190,1
860,109,1
100144,76,0
2118,40,1
52143,878,0
104667,795,0
59539,89,0
58753,172,0
3162,39,1
84529,520,0
73439,1284,0
2820,263,1
13325,1,0
233,41,1
96175,141,0
7658,245,0
188,981,1
40,48,1
1366,247,1
91573,98,0
5209,177,1
2110,500,1
30643,946,0
78383,84,0
105910,109,0
2573,80,1
103647,78,0
1979,246,1
89720,403,0
66554,109,0
101,954,1
26444,327,0
87918,105,0
461,29,1
2392,109,1
120,16,1
2555,403,1
1732,58,1
3122,682,1
841,464,1
28934,467,0
559,44,1
1957,407,1
1632,206,1
2937,846,1
55497,283,0
50,47,1
84342,1249,0
559,1245,1
1019,905,1
3346,35,1
67021,1207,0
2793,150,1
9660,157,0
86251,1,0
5228,1390,1
4258,822,1
3170,65,1
586,780,1
3813,9,0
4610,363,1
4735,17,1
48119,783,0
105065,91,0
225,74,1
52954,172,0
3333,57,1
82531,880,0
90089,281,0
74780,97,0
88171,877,0
82803,177,0
49427,953,0
82628,309,0
5038,1378,1
3236,843,0
1510,82,1
5315,4,1
1188,1244,1
1204,9,1
108,615,1
85303,36,0
4731,175,1
175,142,1
2371,39,1
14212,38,0
439,171,1
3607,361,1
59442,217,0
9306,141,0
72603,109,0
5606,1279,1
3634,21,1
74141,114,0
94227,158,0
1616,252,1
328,501,0
61254,174,0
63963,1222,0
1362,6,1
3261,17,1
86839,761,0
2045,72,1
96320,253,0
3891,128,1
152,247,1
49,252,1
3396,941,0
53,769,1
2940,1207,1
98495,160,0
70248,227,0
758,269,1
15006,606,0
3097,870,1
809,313,1
921,114,1
1631,38,1
61346,253,0
4821,44,0
96051,456,0
557,88,1
86150,264,0
780,35,1
64929,955,0
1035,344,1
2940,65,1
616,89,1
4411,431,1
87206,9,0
2429,878,1
57798,36,0
1208,431,1
57202,995,0
49,263,1
48684,91,0
101817,109,0
3429,468,1
69,64,1
95095,1075,0
206,15,1
1548,270,1
1368,1224,1
84854,21,0
93180,36,0
102238,76,0
79999,344,0
105766,391,0
50822,859,0
83593,170,0
4187,776,1
518,45,1
53468,41,0
66048,776,0
101,21,1
3217,21,1
68705,155,0
54164,39,0
50906,283,0
80975,177,0
2885,89,1
2364,859,1
5330,105,1
4255,1193,1
29329,9,0
87970,145,0
1544,177,1
1612,78,1
312,61,1
291,466,1
76,153,1
30388,112,0
64846,424,0
101796,171,0
63,282,1
104061,500,0
75860,486,0
75095,518,0
49546,363,0
48628,109,0
88123,44,0
4240,776,1
76,403,1
1768,288,1
480,1010,1
17215,150,0
77132,806,0
61932,152,0
2433,50,1
1188,39,1
78486,220,0
48919,37,0
983,423,1
49582,4,0
60068,281,0
3503,53,1
928,21,1
99263,12,0
583,447,1
77858,220,0
4627,347,1
84504,431,0
103561,61,0
1836,45,1
4966,1196,1
26618,12,0
1455,1415,1
69531,38,0
1491,44,1
48482,1394,0
52249,776,0
85067,880,0
105717,269,0
4693,180,1
3899,995,1
80964,1056,0
71773,1155,0
83394,41,0
65372,1196,0
2459,189,1
101033,1210,0
3336,21,1
1660,217,1
1897,1207,1
1362,58,1
159,269,1
80067,270,0
65286,100,0
96459,1200,0
306,445,1
1102,17,1
73739,45,0
2189,1194,1
77261,40,0
105127,109,0
72459,1197,0
2745,40,0
94303,151,0
13870,253,0
922,89,1
5890,6,1
101,67,1
1476,21,1
4370,1207,1
72559,319,0
541,308,1
72070,352,0
58218,191,0
899,5,1
65559,1394,0
66225,206,0
75117,24,0
6225,431,1
75244,776,0
87732,460,0
60,220,1
754,9,1
7089,40,0
21602,8,0
70273,175,0
76296,1194,0
1538,394,1
1035,45,1
59677,472,0
98160,78,0
81315,500,0
2908,24,1
91786,173,0
87926,5,0
100518,175,0
341,1,1
587,220,1
1887,39,1
3213,44,1
128,68,1
4486,41,1
5798,125,1
45361,303,0
299,1474,1
1205,744,1
56933,951,0
79221,207,0
79741,39,0
2412,375,1
2386,44,1
5945,40,1
1618,114,1
128,76,1
1517,783,1
19287,269,0
51,1451,1
2036,13,1
2713,89,1
83714,259,0
1317,98,1
285,1158,1
1298,157,1
31,352,1
77769,65,0
89546,138,0
47983,38,0
1618,150,1
20392,394,0
8510,522,0
246,21,1
2549,41,1
93051,671,0
68618,352,0
941,78,1
61,456,1
3286,784,1
99734,36,0
54320,0,0
5115,776,0
82328,961,0
23347,21,0
51805,4,0
2435,776,1
4675,40,1
266,149,1
1078,152,1
101,910,1
528,305,1
923,24,1
1647,305,1
6162,41,1
67856,306,0
7,250,1
4345,21,1
1636,205,1
461,220,1
86584,194,0
75228,401,0
27540,227,0
557,255,1
24952,394,0
2823,945,1
3841,1207,1
66549,16,0
67388,205,0
4269,724,1
80244,885,0
1850,158,1
3597,217,1
82542,64,0
92716,878,0
3599,202,1
562,529,1
56670,504,0
96436,1207,0
93596,97,0
85596,324,0
55471,525,0
422,18,1
72555,1433,0
92,944,1
86,776,1
2283,58,1
100399,9,0
28993,269,0
1457,16,1
389,80,1
100053,501,0
1087,1032,1
188,13,1
3282,598,1
3161,394,1
2639,389,1
2253,481,1
211,1035,1
90029,822,0
50421,12,0
3273,203,1
67662,776,0
5720,58,1
49560,1054,0
780,179,1
1766,13,1
66053,181,0
50,1152,1
84519,151,0
1451,177,1
2639,438,1
172,114,1
2908,426,1
335,518,1
655,109,1
91577,517,0
70385,815,0
1689,621,1
100102,431,0
94147,114,0
37,47,1
81305,344,0
1939,58,1
2107,24,1
72230,78,0
15943,21,0
1724,157,1
64840,53,0
101694,4,0
13473,21,0
108,288,1
576,374,1
1075,488,1
103204,344,0
102120,72,0
686,111,1
91719,944,0
1933,152,1
1603,859,1
48203,817,0
53971,217,0
72758,114,0
83,97,1
2428,36,1
78321,173,0
46989,246,0
2389,1043,1
4935,1210,1
94809,89,0
105858,194,0
106243,175,0
95167,615,0
262,172,1
106152,109,0
95175,68,0
68173,173,0
1123,170,1
170,15,1
86937,859,0
78088,592,0
1029,40,1
105157,9,0
4463,206,1
90880,24,0
1690,282,1
8748,29,0
1426,21,1
7621,1200,0
90398,33,0
3566,21,0
93170,880,0
5978,1412,1
56625,114,0
67622,252,0
5229,661,1
52339,673,0
108,171,1
40187,1207,0
49748,394,0
4472,141,1
20,961,1
106,485,1
88673,44,0
2461,170,0
2997,220,1
423,69,1
83733,21,0
313,1411,1
86937,252,0
23331,1194,0
26,182,1
3677,41,1
497,264,1
1603,245,1
1650,89,1
4063,878,1
25474,79,0
1693,472,1
1795,109,1
1618,97,1
46559,21,0
93274,14,0
2469,258,1
3153,91,1
85,98,1
90069,776,0
222,118,1
61389,382,0
103608,149,0
972,82,1
53475,183,0
82567,91,0
423,67,1
77830,158,0
83414,1,0
56,45,1
75118,0,0
72346,114,0
3057,41,1
1171,1124,1
829,327,1
61985,79,0
2882,270,1
97888,35,0
1092,501,1
3060,447,1
1868,460,0
751,91,1
437,352,1
2672,45,1
10951,21,0
2446,1412,1
81383,44,0
105226,480,0
2192,269,1
40428,1253,0
88501,263,0
454,65,1
552,646,1
378,73,1
469,270,1
976,114,1
1644,255,1
97134,98,0
2852,776,1
2098,794,1
61,44,1
90727,283,0
1401,33,1
69145,40,0
5820,9,1
54337,1198,0
130,259,1
55303,409,0
336,458,1
51252,179,0
1350,623,1
2187,394,1
87332,114,0
86021,29,0
1497,1124,1
59190,1224,0
87259,1210,0
72360,681,0
1035,413,1
3695,21,1
31,391,1
94848,248,0
73194,40,0
49147,57,0
628,8,1
2792,114,1
61232,1322,0
1084,169,1
75245,175,0
94926,44,0
71914,1194,0
102396,130,0
6036,141,1
60,64,1
67337,35,0
73172,21,0
1637,80,1
99584,776,0
70897,1197,0
5897,394,1
65769,194,0
78439,220,0
54158,264,0
95006,424,0
56191,403,0
57980,394,0
1549,255,1
5048,1207,1
2485,431,1
1708,40,1
95372,776,0
2453,189,1
46382,35,0
15882,693,0
1348,207,1
227,538,1
82277,79,0
3188,4,1
55178,36,0
1092,128,1
2195,58,0
64270,109,0
75681,460,0
1463,814,1
1192,118,1
55245,9,0
78107,79,0
7628,12,0
78587,91,0
902,423,1
83,33,1
99043,57,0
853,13,1
1674,13,1
98245,21,0
97254,111,0
1335,140,1
64346,1,0
101420,246,0
11192,597,0
1465,150,1
3969,128,1
82794,109,0
78162,4,0
57925,118,0
71289,8,0
94923,15,0
65874,394,0
5201,1197,1
2310,9,1
2748,129,1
1651,12,1
845,1199,1
5952,58,1
8457,21,0
101165,364,0
317,1075,1
83996,205,0
104582,481,0
56304,256,0
948,47,1
48949,795,0
262,247,1
73240,44,0
58891,170,0
86108,16,0
58197,1224,0
67100,119,0
92624,137,0
1637,89,1
89118,728,0
153,21,1
1664,40,1
90176,379,0
81083,1198,0
1455,175,1
820,1147,1
69273,623,0
26,262,1
58654,621,0
32,125,1
1641,175,1
3527,435,1
70152,1207,0
6358,1200,0
91092,281,0
77026,288,0
57734,172,0
4565,522,1
254,1197,1
67584,61,0
55651,776,0
562,316,1
51143,0,0
67863,1199,0
1255,128,1
1208,791,1
1041,1226,1
65825,29,0
95727,47,0
127,621,1
99,281,1
156,500,1
94414,201,0
73235,217,0
50669,465,0
1287,488,1
5541,24,0
5116,1264,1
52641,24,0
1368,172,1
80654,1196,0
75827,45,0
1881,114,1
89157,381,0
93643,285,0
89609,1412,0
2335,795,0
228,45,1
3178,44,1
48,431,1
8018,45,0
3154,220,1
104471,28,0
87379,225,0
47226,39,0
49,172,1
3082,6,1
672,1155,1
1244,0,1
11530,0,0
64598,561,0
63423,79,0
276,231,1
644,128,1
72975,292,0
93025,1011,0
4417,45,1
49541,562,0
65127,527,0
51167,13,0
2138,190,1
54155,533,0
552,1224,1
21508,170,0
583,943,1
60815,124,0
1504,38,1
76571,331,0
435,1198,1
1006,776,1
90697,38,0
890,283,1
134,177,1
966,21,1
1398,98,1
5283,180,1
50,29,1
63100,246,0
1350,520,1
10643,1224,0
4565,47,1
85745,593,0
58275,775,0
3402,288,1
5266,798,0
51773,263,0
76075,950,0
52650,40,0
97665,949,0
85787,878,0
2908,114,1
79316,12,0
103667,119,0
86885,442,0
9138,910,0
5156,21,1
407,80,1
2559,182,1
2453,67,1
100538,21,0
473,47,1
50869,1198,0
2364,884,1
61357,431,0
91963,431,0
548,36,1
56,1124,1
724,91,1
2898,270,1
110,110,1
4463,207,1
64249,784,0
53781,877,0
1701,73,1
3101,202,1
289,1076,1
58668,24,0
1283,6,1
79992,58,0
100574,404,0
70924,1207,0
95439,9,0
1089,129,1
89148,151,0
94388,39,0
690,84,1
5960,636,1
2069,1196,1
52733,9,0
72218,45,0
3127,61,1
66027,105,0
6362,247,0
557,548,1
101618,17,0
300,304,1
3706,776,1
417,140,1
2793,282,1
60347,598,0
1136,631,1
85247,1396,0
98411,273,0
67780,13,0
1935,859,1
519,309,1
68,332,1
182,626,1
256,503,1
101955,1146,0
2677,13,1
31,253,1
82086,73,0
80337,9,0
138,179,1
77532,151,0
106217,776,0
1787,15,1
83599,44,0
89619,674,0
927,255,1
38493,233,0
61404,776,0
55322,621,0
4723,12,1
104476,878,0
93193,48,0
4481,33,1
84447,276,0
70937,109,0
66145,68,0
65058,351,0
93324,1025,0
68820,207,0
2740,0,1
89049,1194,0
89818,248,0
92589,24,0
2462,221,1
6150,5,1
5973,170,1
63138,761,0
245,1124,1
574,87,1
65327,472,0
28159,15,0
95145,82,0
156,45,1
21456,352,0
9903,961,0
69820,263,0
103703,140,0
2380,468,1
934,109,1
351,80,1
94211,124,0
64405,61,0
1365,114,1
993,215,1
1464,150,1
7570,13,0
53986,1197,0
1197,1198,1
72487,179,0
71790,47,0
104966,363,0
1036,596,1
4171,931,1
76550,207,0
1636,156,0
49538,111,0
58004,878,0
50981,18,0
1536,177,1
80321,472,0
48706,776,0
86054,109,0
63771,109,0
94365,1198,0
62260,1197,0
57554,58,0
62596,45,0
65168,1196,0
2413,109,1
2671,171,1
23,1461,1
124,953,1
1365,179,1
83852,186,0
3920,1196,1
1674,776,1
500,1147,1
304,920,1
3197,3,1
97424,109,0
48546,403,0
2469,109,1
5087,431,1
95039,36,0
53166,24,0
190,621,1
1101,78,1
96306,264,0
62825,283,0
64361,40,0
60783,555,0
1615,38,1
927,621,1
1858,156,0
47109,109,0
103778,1207,0
63203,4,0
1644,177,1
84511,434,0
2128,249,1
63964,91,0
167,239,1
3307,91,1
90322,1178,0
168,110,1
2823,948,1
16203,141,0
1921,621,1
618,242,1
32915,543,0
724,153,1
57371,465,0
153,926,1
1259,319,1
79872,445,0
451,12,1
81102,190,0
5094,1198,1
2832,21,1
4411,220,1
4055,877,1
2615,29,1
820,561,1
92,36,1
22916,481,0
91718,177,0
152,246,1
233,160,1
81573,1200,0
94759,180,0
167,145,1
285,602,1
83260,877,0
70769,255,0
2453,44,1
262,124,1
900,961,0
987,234,1
52752,76,0
249,683,1
84326,9,0
136,27,1
909,269,1
2658,256,1
68053,125,0
71581,252,0
578,24,1
61078,1198,0
50449,542,0
55515,1483,0
101012,40,0
67668,170,0
79007,776,0
156,2,1
211,18,1
14228,44,0
68005,1224,0
28655,220,0
70183,239,0
52478,154,0
1391,173,0
358,35,1
2034,39,1
127,97,1
3116,1007,0
75652,3,0
2213,288,1
57001,12,0
69585,910,0
612,303,1
274,180,1
557,892,1
67877,288,0
81051,394,0
3015,194,1
1224,14,1
51892,21,0
83971,0,0
5187,344,0
86492,203,0
95713,297,0
1788,39,1
1791,456,1
3644,1012,1
58742,203,0
3574,315,1
90745,1258,0
229,882,1
67478,172,0
61155,776,0
2663,82,1
1631,35,1
21382,247,0
5946,431,1
1931,12,1
48664,255,0
1631,36,1
3242,45,0
2060,80,1
96348,109,0
92379,800,0
784,114,1
64881,1394,0
194,1200,1
2213,58,1
100053,39,0
13422,621,0
34655,859,0
51574,394,0
69345,109,0
43878,460,0
1455,961,1
87331,333,0
13144,1210,0
2186,245,1
911,21,1
64661,1425,0
50531,671,0
85619,150,0
100717,391,0
2527,64,1
724,21,1
4586,1396,1
80743,1198,0
80788,480,0
48660,431,0
1708,13,1
1631,297,1
496,21,1
2570,65,1
90268,175,0
96568,431,0
56886,179,0
99443,37,0
20393,9,0
48091,776,0
6063,58,1
313,1257,1
2221,194,1
4155,87,1
213,5,1
7974,394,0
61212,269,0
2428,91,1
69707,138,0
3855,91,0
286,190,1
182,1269,1
323,394,1
92,72,1
3845,543,1
60237,510,0
52051,41,0
75734,784,0
561,125,1
68218,456,0
437,12,1
84433,252,0
85477,1207,0
104678,783,0
1224,18,1
54726,194,0
53621,31,0
25252,61,0
2119,82,1
374,431,1
2908,13,1
59755,464,0
1664,33,1
81119,69,0
75894,47,0
574,451,1
76315,40,0
65299,4,0
20,175,1
1491,502,1
1518,4,1
81702,79,0
2293,177,1
2729,78,1
47389,4,0
64815,35,0
69,109,1
2905,776,1
62121,41,0
104,84,1
875,1198,1
4122,776,1
922,39,1
93744,1197,0
81803,339,0
78474,3,0
1228,21,1
47615,955,0
51853,179,0
2138,53,1
21854,1394,0
8398,593,0
2633,172,1
1528,24,1
78555,0,0
957,423,1
1292,40,1
85016,8,0
97995,456,0
51361,1197,0
81491,65,0
80914,281,0
1455,919,1
4367,394,1
2565,76,1
2292,4,1
2475,1405,1
3333,71,1
23,190,1
81656,98,0
1499,44,1
320,1207,1
1372,315,1
765,484,1
1597,783,1
1839,28,1
84603,193,0
1039,47,1
95413,1198,0
615,911,1
552,1243,1
86761,944,0
1364,41,1
21193,256,0
55443,503,0
81756,593,0
66643,394,0
88562,109,0
91769,41,0
23830,331,0
61,364,1
238,40,1
2892,9,1
62952,438,0
101687,44,0
302,45,1
94215,182,0
9103,282,0
62941,264,0
5057,173,1
6500,24,0
83855,423,0
52697,119,0
3882,878,1
1632,38,1
1195,58,1
53902,430,0
1354,352,1
2940,394,1
63,21,1
90269,621,0
36535,145,0
68770,130,0
4637,844,1
72192,141,0
111,963,1
72619,456,0
1249,57,1
4018,344,1
101290,57,0
78556,47,0
72360,154,0
78597,515,0
3974,991,1
31,76,1
56185,21,0
66560,823,0
90325,89,0
1664,57,1
90815,152,0
1226,68,1
1517,270,1
77921,1197,0
1226,67,1
5944,41,0
5609,39,1
75349,776,0
5439,1396,1
79687,285,0
17387,1253,0
2005,235,1
1678,61,1
127,151,1
70789,1194,0
157,9,1
559,73,1
2554,114,1
65516,41,0
49192,58,0
78448,18,0
2430,693,1
2885,114,1
46105,124,0
183,798,1
55792,9,0
1169,15,1
346,141,1
3227,24,1
19421,1299,0
79068,69,0
67923,36,0
55360,232,0
1438,80,1
80760,28,0
97580,327,0
2561,91,1
1136,29,1
209,1313,1
327,217,1
26864,13,0
1924,24,1
99517,173,0
73,157,1
65571,21,0
85980,270,0
441,213,1
5744,109,1
4978,1196,1
101009,152,0
72644,89,0
1674,621,1
64164,194,0
1799,98,1
383,776,1
1065,253,1
78074,76,0
2971,74,1
4329,61,1
96604,206,0
66875,936,0
33894,1415,0
48652,114,0
225,151,1
84490,1224,0
16413,18,0
1671,776,1
437,264,1
95637,991,0
93,458,1
4777,1210,1
2080,258,1
25757,40,0
71496,209,0
52625,460,0
2446,98,1
72310,98,0
47729,24,0
97260,57,0
262,125,1
4740,39,1
562,606,1
229,282,1
76631,44,0
101938,21,0
12143,125,0
26,208,1
93038,424,0
2618,269,1
102358,39,0
54499,150,0
3619,1299,1
97379,129,0
743,109,1
2568,196,1
503,501,1
2471,173,1
69335,16,0
96319,388,0
76333,200,0
79090,98,0
315,15,1
78185,1194,0
227,1073,1
5560,13,1
2371,37,1
4514,247,1
2443,175,1
83649,21,0
84573,621,0
70421,859,0
5301,21,1
65051,5,0
5364,21,1
56464,24,0
34656,1234,0
46950,45,0
1742,503,1
4919,1197,1
1130,152,1
97657,621,0
87128,282,0
21346,0,0
157,429,1
106002,488,0
437,246,1
76919,125,0
437,21,1
4173,4,1
1536,776,1
60873,486,0
65466,160,0
98848,80,0
1426,24,1
1402,5,1
95647,97,0
262,24,1
75610,40,0
99497,9,0
61265,35,0
77219,1070,0
75696,776,0
44083,78,0
65073,433,0
63321,35,0
727,394,1
1401,44,1
893,58,1
63013,109,0
47094,182,0
586,919,1
32317,9,0
64389,21,0
285,1230,1
11,145,1
570,331,1
85072,704,0
81722,98,0
1308,361,1
53,202,1
101525,33,0
16880,45,0
56867,776,0
3144,57,1
72523,441,0
1521,793,1
71419,150,0
87789,114,0
20360,141,0
172,1400,1
227,1074,1
1448,33,1
100,154,1
5791,39,1
39,598,1
266,208,1
56080,73,0
76,97,1
2485,1193,1
30,207,1
98400,502,0
27635,109,0
591,246,1
2305,89,1
98419,1193,0
34688,363,0
1906,111,1
156,458,1
98787,97,0
1136,97,1
54305,464,0
2088,3,1
3333,74,1
2773,461,1
6539,114,0
5729,1456,1
4365,434,0
317,776,1
79288,1460,0
397,282,1
548,57,1
391,1149,1
92342,121,0
1349,520,1
71320,1412,0
65258,31,0
13985,270,0
74498,109,0
2826,89,1
77798,58,0
5583,58,1
50911,431,0
552,19,1
1632,776,1
1019,381,1
94642,140,0
93255,177,0
3304,270,1
1791,282,1
3167,344,1
90415,269,0
60915,910,0
79493,841,0
83,885,1
48102,138,0
2140,1207,1
1517,21,1
2608,14,1
4957,1196,1
3161,4,1
3374,256,0
1343,500,1
4072,776,1
124,674,1
1033,47,1
106166,21,0
69638,150,0
93089,823,0
90988,541,0
2555,68,0
2542,376,1
71419,24,0
752,431,1
3195,9,1
1379,65,1
92,76,1
59675,175,0
300,583,1
302,44,1
40468,130,0
76034,229,0
102494,431,0
67229,203,0
114,885,1
2608,18,1
47142,510,0
3590,1197,0
1865,180,1
103480,177,0
841,445,1
90811,44,0
220,1146,1
82005,1207,0
1571,434,0
98935,339,0
1691,429,1
100810,9,0
496,13,1
62460,0,0
1420,305,1
5429,331,1
56698,1210,0
84012,1207,0
80138,379,0
54218,1499,0
85490,39,0
6210,4,1
544,1415,1
89670,456,0
2544,269,1
5098,1061,1
98751,24,0
96259,58,0
3162,13,1
2561,882,1
52201,153,0
1666,41,1
1582,1200,1
1798,156,1
35578,1210,0
72563,776,0
94497,29,0
30412,449,0
102487,272,0
103,199,1
342,205,1
4122,1,0
81489,989,0
75616,205,0
3327,124,1
2145,61,1
56685,488,0
197,13,1
58568,465,0
4869,1207,1
23764,38,0
5101,1194,1
365,504,1
3589,961,1
31,776,1
20345,149,0
1104,47,1
1033,673,1
14023,0,0
987,305,1
96850,186,0
67460,1027,0
3897,1,1
101818,256,0
63615,305,0
50014,344,0
31,40,1
4118,137,1
1160,776,1
81198,1210,0
2119,258,1
2347,1,1
73886,33,0
38393,883,0
351,460,1
44950,520,0
88720,84,0
75,249,1
85651,13,0
2110,128,1
7328,14,0
66158,249,0
64121,892,0
496,41,1
724,124,1
2856,13,1
44032,141,0
2045,1234,1
85147,72,0
1063,177,1
102797,37,0
4188,776,1
89398,76,0
30,36,1
175,1198,1
93175,431,0
2822,171,1
2122,61,1
582,125,1
76248,394,0
14370,175,0
2789,207,1
108,201,1
8165,1102,0
81104,456,0
81687,394,0
5730,1430,1
2360,21,1
66654,68,0
6063,39,1
3931,308,1
783,456,1
561,306,1
13474,74,0
1061,21,1
2833,177,1
70,12,1
80581,24,0
4045,877,1
124,944,1
4774,151,0
2563,180,1
2434,150,1
1356,29,1
2412,0,1
56413,1394,0
95549,1227,0
4841,1210,1
1674,45,1
587,172,1
4456,431,1
60646,154,0
94284,594,0
3578,21,1
129,327,1
59,1274,1
89809,109,0
984,109,1
312,97,1
732,84,1
79452,82,0
100359,1074,0
72609,1196,0
238,44,1
564,12,1
67839,40,0
93176,78,0
68185,194,0
1120,124,1
3378,945,1
2430,39,0
65877,40,0
79840,680,0
4971,1198,1
1318,39,0
60611,503,0
183,138,1
2018,264,1
3101,1261,1
2060,138,1
71409,111,0
47898,927,0
966,252,1
837,152,1
4542,21,1
2732,533,1
2189,76,1
53257,1198,0
62135,89,0
61068,354,0
2419,256,1
644,220,1
67744,98,0
66440,109,0
53510,13,0
97564,256,0
262,464,1
2386,1413,1
85,24,1
81670,21,0
3154,1194,1
61,961,1
644,91,1
206,1349,1
1789,39,1
77986,39,0
559,114,1
62388,1207,0
5258,1,1
87446,50,0
108,158,1
1278,130,1
50256,1218,0
917,29,1
22639,646,0
47879,38,0
253,252,1
4183,1032,1
576,397,1
69930,1196,0
261,953,1
68643,157,0
125,114,1
3359,1197,1
94653,67,0
85633,776,0
103876,9,0
2554,37,1
872,256,1
1659,995,1
2549,15,1
2362,121,1
59469,381,0
987,76,1
71209,942,0
262,205,1
1690,57,1
5321,233,1
1448,35,1
55070,408,0
86833,1207,0
12860,995,0
93695,37,0
890,456,1
1032,258,1
54919,424,0
2855,194,1
66940,29,0
327,205,1
73116,1147,0
76247,431,0
51748,878,0
91040,599,0
101,149,1
94400,1227,0
64649,621,0
58289,65,0
100585,407,0
56069,806,0
48850,361,0
101874,955,0
69951,39,0
8659,58,0
73746,9,0
2003,884,1
51240,510,0
96692,40,0
437,337,1
82129,318,0
97341,305,0
923,9,1
4049,878,1
317,180,1
5426,693,1
56,92,1
3105,39,1
52266,269,0
902,456,1
97665,621,0
86088,256,0
300,905,1
21816,137,0
104595,177,0
818,965,0
81015,78,0
1536,12,1
4585,270,1
753,788,1
894,158,1
78558,109,0
24829,109,0
63,927,1
2443,24,0
83691,44,0
1354,886,1
42,269,1
1444,58,1
1365,340,1
50461,593,0
2435,1241,1
2784,269,1
5413,1394,1
124,424,1
463,403,1
1618,882,1
993,224,1
157,568,1
100910,65,0
69796,4,0
94908,16,0
346,1411,1
13959,160,0
87318,150,0
64978,89,0
24855,460,0
87852,114,0
73596,1196,0
1401,464,1
64758,44,0
26961,784,0
1062,92,1
101567,80,0
577,12,1
66,245,1
71624,91,0
1409,1269,1
80760,0,0
2885,171,1
53544,1074,0
55145,61,0
51297,4,0
55630,79,0
1509,114,1
1742,502,1
84019,36,0
71723,424,0
2786,791,1
76138,124,0
49200,258,0
117,877,1
54635,21,0
79326,80,0
16402,82,0
104847,89,0
52170,600,0
3866,1018,0
73850,859,0
95834,79,0
587,31,1
2912,40,1
5161,1197,1
101,206,1
575,9,1
80351,1296,0
34549,40,0
76097,29,0
99558,158,0
2682,186,1
2559,44,1
64872,21,0
139,21,1
1354,551,1
157,352,1
86345,186,0
48989,1151,0
1137,58,0
346,1309,1
89536,9,0
93364,458,0
91568,220,0
5730,1217,1
101289,68,0
84766,41,0
135,137,1
11181,18,0
101,151,1
59382,179,0
452,109,1
72098,89,0
1753,78,1
4137,177,1
76413,1196,0
2554,270,1
98146,1153,0
52146,1194,0
94930,454,0
82273,217,0
1227,114,1
50462,248,0
55540,502,0
83369,3,0
27,262,1
3628,282,1
3093,6,1
207,948,1
3116,3,1
2819,150,1
1307,24,1
61037,21,0
63790,269,0
88,47,1
4130,1207,1
72751,109,0
2228,1124,1
31,424,1
111,1251,1
104924,460,0
644,555,1
88004,45,0
312,12,1
1530,252,1
1664,35,1
2759,82,1
172,487,1
103646,376,0
99517,13,0
52,886,1
77930,3,0
2078,12,1
95293,1198,0
340,109,1
20910,16,0
98134,424,0
69129,1199,0
93632,215,0
3406,39,1
47082,207,0
2439,36,1
51636,1198,0
37691,239,0
96608,424,0
67365,41,0
4811,1194,1
950,304,1
81320,152,0
3378,951,1
10016,45,0
97,65,1
47216,61,0
2045,376,1
1624,449,1
25986,3,0
66898,3,0
105807,795,0
1844,119,1
4070,877,1
78428,36,0
346,401,1
902,71,1
47320,308,0
317,1073,1
49925,327,0
103503,79,0
66970,1453,0
70966,954,0
60461,485,0
253,317,1
302,252,1
83663,29,0
1297,468,1
70769,41,0
2674,16,1
72697,331,0
3547,78,1
553,324,1
3916,1343,1
102092,269,0
72877,1,0
3333,153,1
1362,12,1
104788,592,0
1644,41,1
82635,49,0
4764,0,1
105536,231,0
16084,233,0
4877,1198,1
31,0,1
56053,9,0
1537,463,1
2885,941,1
11521,192,0
968,171,1
1409,434,1
2022,464,1
2779,40,1
456,253,1
114,37,1
927,177,1
70554,153,0
576,41,1
542,436,1
225,9,1
4590,363,1
86425,44,0
62460,776,0
2300,33,1
285,1131,1
16317,296,0
64260,883,0
286,145,1
2456,16,1
71407,109,0
633,87,1
1676,282,1
4908,109,1
54258,177,0
65383,776,0
69014,1194,0
5086,1371,1
90653,936,0
6056,57,1
1084,194,1
2979,175,1
92902,193,0
1253,37,1
3192,18,1
47360,40,0
81,800,1
245,230,1
157,1138,1
66909,45,0
1169,21,1
106412,173,0
4057,878,1
91169,230,0
71179,109,0
84465,3,0
67999,646,0
5791,41,1
98319,859,0
100332,38,0
44677,109,0
90341,44,0
96696,111,0
72163,97,0
90460,309,0
2186,246,1
1544,859,1
105883,878,0
1508,130,1
83269,323,0
1000,130,1
93024,89,0
5602,230,1
68471,518,0
1102,18,1
2739,41,1
388,892,1
5781,45,1
57540,3,0
1107,13,1
1631,37,1
89824,431,0
98392,318,0
4402,41,1
391,21,1
3097,221,1
50290,1198,0
32198,36,0
1614,1043,1
1981,776,1
71692,0,0
3164,114,1
53496,534,0
722,61,1
47219,621,0
180,4,1
69051,488,0
317,97,1
457,109,1
99856,654,0
91,776,1
1455,128,1
74028,157,0
85351,431,0
5640,821,1
100947,47,0
3066,233,1
250,776,1
103898,41,0
734,418,0
75017,1016,0
49224,205,0
91451,217,0
54237,114,0
63281,179,0
80076,193,0
4144,394,1
3810,1124,1
97875,80,0
85380,41,0
1944,13,1
1828,217,0
85661,175,0
71406,420,0
6055,233,1
68344,217,0
934,4,1
104899,44,0
1314,458,0
54453,114,0
5978,13,1
70009,13,0
64177,150,0
902,930,1
75808,618,0
90513,31,0
4924,1197,1
6627,1194,0
23310,946,0
909,80,1
59956,154,0
590,776,1
590,154,1
59701,16,0
95164,21,0
5306,586,1
49505,89,0
77592,394,0
96692,36,0
3490,76,1
117,394,1
253,217,1
122,1,1
105737,1394,0
98878,21,0
62107,202,0
227,74,1
66455,429,0
83925,1098,0
105010,82,0
2948,270,1
1708,39,1
2115,40,1
64554,4,0
103050,180,0
98477,364,0
388,349,1
88648,175,0
1631,276,1
995,175,1
83275,36,0
100189,175,0
809,31,1
1131,47,1
3685,40,1
90561,150,0
97651,263,0
3317,405,0
38589,458,0
1258,12,1
99010,551,0
133,220,1
69596,394,0
101,503,1
194,1207,1
2885,525,1
101292,1251,0
549,318,1
71912,882,0
2780,1210,1
2043,76,1
320,394,1
91316,21,0
47299,394,0
1288,510,1
54110,859,0
1615,12,1
55975,18,0
73840,431,0
5028,1224,1
69768,78,0
8028,156,0
2476,389,1
227,69,1
77787,206,0
85,429,1
86460,948,0
2170,175,1
12530,17,0
2905,759,1
88704,1279,0
1107,401,1
1693,1202,1
811,89,1
6223,468,1
100823,45,0
2086,41,1
3277,13,1
2716,245,1
1205,264,1
70775,58,0
243,18,1
60943,180,0
67,21,1
261,946,1
101585,1196,0
68670,882,0
924,151,1
88911,74,0
542,570,1
99786,57,0
80643,379,0
1289,917,1
383,65,1
56020,965,0
542,24,1
2875,1207,1
79697,340,0
89520,160,0
79075,37,0
60850,9,0
2282,36,1
1035,424,1
776,1,1
18644,1396,0
1693,220,1
74367,430,0
64869,87,0
1890,29,1
68974,177,0
60962,33,0
535,305,1
3333,944,1
65287,18,0
101,114,1
552,564,1
98715,892,0
1739,17,1
3462,78,1
1250,110,1
3467,14,1
84429,64,0
562,543,1
47364,39,0
80783,35,0
63926,125,0
917,1148,1
590,155,1
77398,47,0
85984,269,0
97680,8,0
2672,44,1
192,199,1
840,109,1
358,239,1
99502,67,0
97889,129,0
1411,464,0
48946,878,0
15728,9,0
1760,89,1
55950,41,0
4747,5,1
427,3,1
4745,639,1
79208,961,0
50473,247,0
52246,1122,0
103905,37,0
69971,1396,0
176,262,1
2939,1124,1
93335,1261,0
103381,39,0
60694,12,0
77472,776,0
714,30,1
529,305,1
5437,693,1
2873,128,1
68460,1299,0
940,5,1
3861,13,0
7568,12,0
56511,859,0
50365,89,0
500,468,1
99870,145,0
29704,445,0
97103,741,0
1372,47,1
3187,41,1
58633,206,0
97716,72,0
227,72,1
2434,248,1
61513,177,0
41439,21,0
59592,4,0
89654,344,0
1701,71,1
12380,961,0
37765,72,0
6466,1012,0
1637,12,1
80132,281,0
30594,40,0
89415,37,0
21799,1363,0
114,41,1
88152,1196,0
2434,339,1
4600,694,1
1263,1131,1
64938,64,0
4439,109,1
71650,1207,0
98084,58,0
1078,65,1
55438,248,0
3208,35,1
780,44,1
56880,9,0
92302,39,0
98682,36,0
5978,791,1
51080,962,0
32317,743,0
545,363,1
69228,375,0
51764,78,0
4917,344,1
49155,1210,0
917,213,1
1689,282,1
170,170,1
75966,124,0
18812,882,0
47947,13,0
341,1194,1
6046,342,1
59477,61,0
306,381,1
60134,33,0
680,45,1
60812,180,0
1249,105,1
30425,175,0
84159,21,0
68724,3,0
724,776,1
3281,114,1
55454,71,0
2741,156,1
3605,434,1
94307,45,0
92292,1411,0
87633,822,0
2739,39,1
1636,37,1
2428,18,1
1996,1129,1
58329,578,0
72593,431,0
1017,249,1
5647,1198,1
104966,6,0
1433,57,1
1749,1394,1
306,382,1
73099,1279,0
76375,107,0
281,87,0
80122,207,0
256,776,1
64,213,1
909,239,1
104905,39,0
71544,173,0
57528,252,0
146,1,1
2929,217,1
222,1360,1
588,344,1
3353,37,1
97042,911,0
82617,1210,0
57716,1194,0
1401,882,1
548,235,1
5057,776,1
53,157,1
2451,97,1
166,31,1
2189,4,1
76632,109,0
225,44,1
2504,269,1
65974,142,0
238,12,1
2456,12,0
496,45,1
4348,1072,1
61834,89,0
9115,39,0
4092,16,1
2820,1200,1
10849,464,0
47239,78,0
19508,473,0
98676,141,0
108,97,1
51763,24,0
3550,114,1
57397,327,0
57566,435,0
81176,82,0
2021,281,1
1753,89,1
5886,215,1
5951,33,1
76708,639,0
52938,1207,0
54423,58,0
2544,673,1
1508,15,1
1739,784,1
80451,170,0
227,33,1
257,15,1
909,53,1
1366,91,1
121,1224,1
100257,114,0
56144,616,0
59645,91,0
16061,170,0
90990,98,0
159,76,1
63253,12,0
1368,40,1
11733,29,0
4336,47,1
1159,12,1
19278,76,0
91331,212,0
1349,1075,1
95555,1196,0
1377,212,1
1647,350,1
84204,13,0
4747,431,1
1456,1197,1
332,1138,1
68052,1296,0
59560,524,0
23810,504,0
89192,574,0
50740,820,0
39,24,1
84542,1309,0
82271,1210,0
69364,45,0
103371,9,0
104528,118,0
2485,24,1
2549,580,1
1456,897,1
4982,1210,1
84026,152,0
127,141,1
722,58,1
1903,462,1
83156,776,0
98020,87,0
67622,1428,0
54070,181,0
86805,57,0
93250,1,0
74973,156,0
51294,141,0
86065,105,0
72959,776,0
96236,82,0
2115,39,1
909,18,1
80135,4,0
73499,47,0
2861,130,1
500,71,1
4210,21,1
1732,37,1
88866,24,0
1798,35,1
5706,0,1
96927,12,0
88208,429,0
60347,8,0
59595,147,0
78201,177,0
6448,139,0
212,788,1
1227,45,1
1807,114,1
1114,961,1
898,35,1
1791,950,1
54132,21,0
636,1207,1
2690,283,1
4727,882,1
157,880,1
245,65,1
3920,399,1
1828,973,0
127,205,1
720,776,1
2475,363,1
3696,458,1
56756,248,0
47251,394,0
885,246,1
89853,269,0
97596,33,0
47378,149,0
62222,92,0
2702,97,1
1650,776,1
4885,1196,1
2716,248,1
75135,239,0
84808,98,0
1645,177,1
500,992,1
79255,39,0
1656,109,1
89646,58,0
327,503,1
1151,456,1
587,215,1
3051,776,1
56785,877,0
66770,109,0
86741,44,0
63126,247,0
5352,729,1
35611,141,0
3033,318,1
77622,57,0
62317,24,0
69784,109,0
65623,1422,0
1019,248,0
3813,44,0
85903,501,0
587,828,1
90848,397,0
53373,654,0
1471,248,1
135,191,1
1929,2,1
78971,458,0
95928,349,0
2303,44,1
10764,283,0
555,1200,1
60475,190,0
183,57,1
98565,859,0
3644,41,1
69497,458,0
1501,776,1
1791,177,1
1615,1280,1
97990,246,0
85,1244,1
73200,150,0
48446,44,0
98427,150,0
9328,333,0
3378,859,1
54823,1196,0
52894,442,0
2362,280,1
85853,806,0
104016,114,0
809,1,1
105327,160,0
226,31,1
52263,109,0
82216,111,0
2440,282,1
81490,71,0
5388,65,1
82874,1210,0
124,587,1
23268,711,0
2084,464,0
79962,109,0
75104,225,0
94379,284,0
1674,424,1
54256,305,0
84891,35,0
86781,217,0
68495,309,0
88044,173,0
998,107,1
3153,13,1
209,821,1
65735,5,0
4114,621,1
99009,69,0
5634,141,1
54871,586,0
93203,58,0
809,342,1
901,177,1
72133,318,0
1644,54,1
65529,593,0
102118,125,0
1075,379,1
83,481,1
1433,21,1
84593,282,0
92118,8,0
58475,327,0
2950,304,1
89771,892,0
104590,9,0
2213,179,1
2957,128,1
1461,39,1
62574,24,0
95246,217,0
583,1210,1
209,1124,1
5978,252,1
73033,29,0
2043,73,1
283,464,1
61379,945,0
5791,36,1
11438,141,0
92825,109,0
60555,309,0
101,44,1
346,1200,1
86232,728,0
74877,38,0
92748,36,0
95346,259,0
66432,24,0
54119,1258,0
2589,9,1
89544,152,0
1810,35,1
19741,1012,0
65453,21,0
802,109,1
73886,481,0
31,24,1
8678,12,0
39132,150,0
2428,1207,1
54770,173,0
85157,486,0
97820,177,0
73955,464,0
4844,1198,1
18591,364,0
82444,58,0
1312,39,1
2602,21,1
5805,458,1
2920,3,1
33180,38,0
94508,9,0
2698,150,1
302,431,1
82095,504,0
70930,9,0
139,193,1
86229,263,0
3640,4,1
365,91,1
68722,24,0
2956,410,1
25549,1400,0
1032,837,1
52900,303,0
1123,145,1
2453,776,1
557,205,1
8169,24,0
6951,245,0
78858,1198,0
984,47,1
2445,776,1
60720,1198,0
2625,394,1
1832,391,1
96062,150,0
94569,213,0
36,431,1
144,1,1
88711,89,0
366,87,1
58548,220,0
46952,248,0
92602,1200,0
3080,40,1
559,206,1
307,17,1
73652,793,0
106415,434,0
6731,247,0
5775,1207,1
99909,37,0
992,949,1
157,600,1
47531,18,0
60361,197,0
104557,174,0
3360,424,1
16409,109,0
59159,91,0
591,248,1
2205,283,1
8455,48,0
2124,92,1
59046,73,0
75043,941,0
105487,282,0
52315,468,0
917,253,1
76320,693,0
79300,1070,0
2471,859,1
1425,13,1
50160,177,0
2281,24,1
64825,24,0
1389,129,1
67851,282,0
12360,194,0
2440,150,1
544,316,1
1279,1197,1
157,217,1
104033,221,0
108,1199,1
301,1194,1
552,1200,1
552,149,1
1637,45,1
313,189,1
96573,576,0
2531,331,1
3401,124,1
1600,333,1
2352,913,1
91392,340,0
1398,24,1
85719,144,0
1291,78,1
3293,38,0
922,283,1
89691,24,0
4386,259,1
6063,9,1
1033,177,1
87564,177,0
948,394,1
2428,38,1
91553,256,0
183,79,1
93802,4,0
9621,150,0
2162,431,1
1398,200,1
62348,950,0
313,35,1
1314,72,1
94695,39,0
2275,44,1
62838,177,0
80297,9,0
51682,0,0
72681,478,0
3195,172,1
52795,1198,0
2433,546,1
70,403,1
91316,91,0
127,1199,1
4914,1198,1
92680,71,0
921,12,1
99326,13,0
995,555,1
75537,1076,0
23161,91,0
46781,179,0
2097,39,1
909,518,1
2439,352,1
25,114,1
55574,98,0
93556,47,0
1631,71,1
11570,71,0
93329,45,0
358,1,1
61649,941,0
79378,89,0
1651,38,1
96272,1309,0
92247,13,0
1692,738,1
233,24,1
3971,621,1
103047,480,0
33026,105,0
49345,1198,0
79124,927,0
5978,205,1
92822,844,0
3218,39,1
8510,229,0
51416,141,0
336,141,1
100698,0,0
902,98,1
54906,19,0
306,462,1
704,1194,1
2789,40,1
3204,17,1
3451,58,1
1354,231,1
3333,97,1
3344,33,1
98991,41,0
57557,44,0
276,429,1
3133,37,1
500,685,1
75844,246,0
4698,344,1
5233,1198,1
5731,1430,1
82921,363,0
62157,288,0
78679,956,0
88440,327,0
25,1004,1
115,776,1
97680,109,0
82122,256,0
302,40,1
57626,40,0
2908,97,1
55413,1196,0
3348,82,1
1674,4,1
1826,79,1
99165,35,0
48691,1412,0
115,151,1
55012,9,0
102287,150,0
91799,1197,0
69760,1200,0
74679,886,0
101064,141,0
2470,109,1
56864,258,0
3122,800,0
2696,44,1
95705,434,0
2005,13,1
54659,3,0
6617,173,0
349,218,1
2820,150,1
577,13,1
1887,9,1
83469,1435,0
92959,255,0
99576,109,0
2412,78,1
54719,172,0
79351,263,0
101978,387,0
66287,1194,0
16381,37,0
149,1003,1
1618,234,1
87529,21,0
4208,40,1
88876,579,0
4575,1124,1
105282,997,0
3652,1098,1
2965,109,1
98332,180,0
102074,433,0
3867,1207,1
55346,661,0
92,520,1
4702,480,1
784,252,1
159,0,1
63996,776,0
79431,21,0
55480,270,0
80294,376,0
503,247,1
98366,130,0
3591,150,1
102009,300,0
2522,152,1
76015,37,0
3940,16,1
397,173,1
966,158,1
1426,130,0
38096,24,0
4220,21,1
53352,1207,0
2340,45,1
93792,39,0
97520,344,0
2560,109,1
95174,321,0
2789,39,1
54033,44,0
1159,776,1
1073,145,1
54775,15,0
85977,37,0
2003,21,1
1636,58,1
77331,38,0
77056,21,0
52152,1202,0
1078,18,1
100192,1,0
58758,1207,0
91315,6,0
59278,84,0
64942,404,0
549,3,1
96126,9,0
2289,520,1
93593,58,0
83345,37,0
85418,5,0
95591,305,0
313,267,1
62006,98,0
724,89,1
91807,263,0
51172,58,0
87286,1198,0
1073,783,1
104279,114,0
58907,984,0
14178,57,0
59,1207,1
1078,1197,1
327,206,1
857,80,1
157,157,1
71677,984,0
3218,41,1
102773,431,0
14559,72,0
1466,2,1
1035,305,1
49019,76,0
1098,181,1
1205,217,1
4578,945,1
2390,18,1
2364,40,1
63392,229,0
96258,37,0
26,331,1
32749,1207,0
54984,1357,0
26,2,1
97054,220,0
69763,98,0
101769,40,0
2244,58,1
93075,21,0
5987,100,1
21568,13,0
2034,40,1
52815,9,0
25226,1051,0
300,1202,1
1584,1400,1
350,6,1
1366,44,1
64551,109,0
62900,3,0
91272,468,0
4290,65,1
93404,1197,0
93519,213,0
3597,39,1
73132,1210,0
2766,44,1
2868,784,1
53485,1411,0
86341,464,0
102850,12,0
93799,460,0
101,150,1
94056,431,0
58329,251,0
88472,98,0
101368,269,0
582,128,1
70612,91,0
28625,47,0
49273,12,0
105568,41,0
3644,12,1
93381,196,0
85681,69,0
61314,715,0
79953,776,0
19,1200,1
30239,33,0
58486,64,0
1398,949,1
17138,882,0
22076,431,0
96882,18,0
51575,1074,0
2421,138,1
63914,47,0
1831,0,1
64016,76,0
54540,1253,0
92446,193,0
772,1197,1
2004,189,1
93585,877,0
65528,1199,0
51799,4,0
67480,283,0
87178,270,0
2725,36,1
54684,282,0
73573,616,0
78881,1124,0
75169,251,0
39814,1074,0
86694,1207,0
1717,186,1
27,303,1
175,783,1
48646,6,0
86961,156,0
68542,246,0
3099,5,1
1552,21,1
49841,759,0
57574,1197,0
104588,4,0
300,119,1
62346,631,0
280,269,1
1689,13,1
6187,776,1
101406,769,0
4710,78,1
3221,109,1
22655,13,0
101099,1285,0
63652,39,0
80547,21,0
966,456,1
3120,28,1
4077,1210,1
93153,946,0
62008,1202,0
26550,1394,0
71908,869,0
47312,173,0
2549,953,1
1724,155,1
48639,206,0
73909,468,0
3128,179,1
2097,263,1
958,193,1
5002,344,1
1253,36,1
82679,13,0
2823,953,1
227,39,1
2461,877,1
1398,71,1
101593,40,0
1632,97,1
52118,693,0
2666,1119,1
52420,13,0
2113,1,1
5734,78,1
186,1198,1
1648,3,1
108,297,1
10,1,1
83789,92,0
954,175,1
99260,256,0
53570,39,0
102326,54,0
1334,0,1
285,233,1
3182,17,1
57208,6,0
261,155,1
68035,251,0
102623,53,0
77038,506,0
84972,82,0
2608,269,1
220,15,1
82343,272,0
2321,114,1
2673,1371,1
70682,1390,0
18050,21,0
49692,776,0
4690,379,1
1981,621,1
1367,44,1
2659,0,1
89888,147,0
1250,313,0
83871,24,0
266,98,1
100565,80,0
78286,1315,0
1882,1194,1
3639,319,1
50999,171,0
46789,323,0
6030,1197,1
34143,776,0
61,114,1
317,44,1
59515,45,0
1690,33,1
4486,56,1
74610,36,0
2723,40,1
552,431,1
17365,98,0
68607,29,0
99652,0,0
77996,39,0
377,1198,1
85652,1193,0
83439,78,0
1362,351,1
2572,1222,0
96808,35,0
2428,61,1
387,91,1
81705,0,0
247,1194,1
131,118,1
97366,12,0
66894,41,0
4547,150,0
91138,214,0
101,141,1
50853,40,0
96763,61,0
593,776,1
74837,615,0
227,67,1
61372,27,0
253,921,1
1242,17,1
2822,882,1
1517,17,1
3089,41,1
29,31,1
891,150,1
4657,1147,1
953,256,1
89606,4,0
1957,214,1
1618,171,1
1262,292,0
1674,252,1
71723,654,0
69623,3,0
88322,12,0
71441,130,0
1399,114,1
83344,39,0
5958,0,1
18576,229,0
1465,39,1
95018,36,0
68279,269,0
98277,21,0
998,407,1
54312,1123,0
97188,282,0
787,8,1
52694,1075,0
172,5,1
2371,98,1
584,109,1
51606,718,0
51449,109,0
1674,189,1
78432,91,0
99628,177,0
1035,91,1
57400,233,0
91185,137,0
68233,1124,0
66127,269,0
1095,456,1
369,220,1
92200,24,0
10812,247,0
74773,48,0
2642,1207,0
3689,98,1
1632,791,1
651,138,0
76067,128,0
63627,58,0
17055,78,0
2381,214,1
923,21,1
1212,244,1
55563,4,0
15640,318,0
48821,33,0
4785,1227,1
95224,12,0
2999,177,0
58131,18,0
2709,145,1
69367,1412,0
222,546,1
76341,844,0
72780,440,0
3754,636,1
41,795,1
1240,9,1
724,24,1
75092,160,0
105227,1124,0
2885,595,1
4425,47,0
71822,306,0
96195,795,0
69656,57,0
3250,431,1
1631,580,1
577,9,1
79105,39,0
103363,145,0
51756,795,0
3489,904,1
2282,776,1
360,48,1
1432,39,1
55598,53,0
81032,344,0
49430,40,0
17976,458,0
669,109,1
80509,464,0
679,12,1
1387,229,1
87487,150,0
336,878,1
3585,288,1
100118,351,0
5978,36,1
90706,78,0
83792,98,0
1354,202,1
1354,21,1
62718,172,0
2721,150,1
7564,21,0
2730,149,1
1101,431,1
89298,431,0
437,464,1
1847,40,1
19921,247,0
95901,54,0
497,21,1
59502,9,0
2547,220,1
80017,431,0
83450,504,0
2602,177,1
336,583,1
4300,9,1
154,76,1
53126,29,0
376,965,1
5022,1224,1
24028,1102,0
3972,16,1
52113,124,0
94003,461,0
55044,831,0
5354,1197,1
249,486,1
96802,5,0
82604,91,0
2640,98,1
26,80,1
5910,394,1
97846,809,0
3869,394,1
1418,318,1
578,12,1
19454,388,0
79409,21,0
59045,98,0
53700,501,0
99743,57,0
57707,194,0
225,217,1
93144,270,0
1826,6,1
80602,149,0
57407,170,0
34499,24,0
621,232,1
88525,460,0
3443,394,0
15333,36,0
347,270,1
70178,431,0
2594,269,1
1035,13,1
1562,221,1
97682,264,0
557,156,1
63282,927,0
2332,24,1
71255,344,0
96323,57,0
3061,13,1
98431,614,0
5080,1207,1
82764,171,0
387,186,1
62,1092,1
2935,12,1
5978,464,1
66156,456,0
57614,41,0
183,253,1
679,40,1
74024,430,0
97266,503,0
194,394,1
47001,1207,0
2439,1228,1
1367,105,1
32469,29,0
2544,65,1
92,177,1
1819,481,1
102982,269,0
1521,184,1
1636,35,1
3565,6,1
431,234,0
1572,5,1
4503,880,1
1647,440,1
1306,29,1
81938,4,0
78691,97,0
66202,1,0
74655,45,0
5344,424,1
4826,24,0
3366,501,1
2554,1210,1
79963,58,0
4533,125,1
99131,401,0
66797,616,0
97944,56,0
77377,464,0
906,256,1
2126,76,1
902,790,1
2082,887,1
99517,321,0
54494,114,0
86422,1245,0
2334,40,0
1530,150,1
56292,961,0
4406,45,1
61,124,1
70370,229,0
85,41,1
1556,9,1
73054,1200,0
16039,429,0
83128,39,0
69686,215,0
47780,89,0
5998,729,1
1919,24,1
13069,150,0
1632,621,1
966,160,1
313,487,1
58969,483,0
98840,783,0
89011,175,0
83934,58,0
106067,776,0
52643,80,0
355,1012,1
751,58,1
92698,224,0
1689,464,1
33026,823,0
238,654,1
49434,621,0
102057,189,0
2485,220,1
83709,13,0
2485,352,1
779,21,1
101844,1207,0
2440,283,1
246,177,1
3566,114,1
78467,409,0
56363,859,0
61973,626,0
97689,433,0
4169,16,1
90935,744,0
4537,57,1
63217,0,0
2805,1379,1
65974,57,0
1091,128,1
588,12,1
5441,1124,1
83728,16,0
52,202,1
302,157,1
8606,39,0
5864,158,1
569,193,1
64394,38,0
1851,114,1
59717,276,0
3223,58,1
53899,98,0
4322,40,1
66610,1207,0
4635,1470,1
375,318,1
909,214,1
273,169,1
45995,41,0
1190,40,1
4022,158,1
70549,105,0
84339,89,0
1448,37,1
60289,340,0
65917,548,0
1403,97,1
187,29,1
59557,889,0
57124,4,0
1627,460,1
2634,808,1
2273,80,1
820,438,1
384,521,1
94158,150,0
2616,438,0
54784,8,0
93163,220,0
567,1198,1
2846,194,1
80370,191,0
1498,13,1
98846,431,0
15915,835,0
1855,172,1
61,313,1
75095,205,0
2822,37,1
24837,12,0
75,171,1
1643,17,1
61907,961,0
4177,263,1
105966,263,0
1528,623,1
765,590,1
51151,551,0
374,147,1
6392,1200,0
2189,72,1
53426,71,0
195,229,1
73,770,1
1959,517,1
2363,1396,1
336,253,1
99692,39,0
83496,13,0
68658,89,0
50005,0,0
89272,0,0
577,45,1
26829,73,0
18861,247,0
266,1038,1
33830,1396,0
15918,376,0
5212,1197,1
56169,111,0
66940,15,0
1233,194,1
2554,1017,1
68257,58,0
48774,784,0
89063,897,0
2920,806,0
54526,363,0
1644,149,1
94991,2,0
73617,994,0
1531,5,1
1502,21,1
915,125,1
6178,39,1
60424,183,0
10,2,1
26,47,1
6165,110,1
3043,381,0
98377,36,0
76103,40,0
53095,1207,0
104417,263,0
48488,36,0
578,150,1
47096,58,0
1791,946,1
744,140,1
78374,125,0
59207,1441,0
90494,150,0
2703,13,1
1631,33,1
101345,258,0
1205,283,1
1364,791,1
347,269,1
48,109,1
59448,36,0
1865,36,1
1077,1482,0
1615,45,1
884,252,1
77755,33,0
970,82,1
61125,36,0
77120,815,0
76102,53,0
2629,269,1
78646,269,0
81850,12,0
104970,1194,0
48916,859,0
2384,17,1
24127,305,0
52598,21,0
24379,114,0
5726,1207,1
1064,82,1
1399,177,1
225,24,1
1739,518,1
101441,203,0
66812,636,0
2084,69,0
4385,394,1
3250,35,1
43407,97,0
67774,1194,0
104398,45,0
71608,401,0
53492,97,0
56672,39,0
95243,688,0
106,433,1
82091,431,0
1011,521,0
24002,193,0
2894,376,1
54967,39,0
423,1143,1
64850,281,0
97149,1124,0
2115,776,1
80395,33,0
219,29,1
1312,40,1
43863,2,0
99392,31,0
1473,45,1
55274,518,0
91848,503,0
3561,21,1
227,38,1
61764,238,0
60774,39,0
92175,36,0
1081,458,1
695,80,1
47730,41,0
103703,877,0
2495,12,1
154,504,1
79024,744,0
222,13,1
84000,21,0
5308,44,1
2033,39,1
1695,955,1
66539,91,0
74495,1198,0
5309,41,1
96469,462,0
222,1054,1
1278,1198,1
10629,109,0
586,111,1
43919,109,0
62296,30,0
82759,4,0
103038,1198,0
4351,242,1
1367,456,1
78968,1202,0
2820,403,1
681,698,1
2605,823,1
50561,581,0
88378,150,0
59622,233,0
253,599,1
79023,78,0
92476,281,0
9871,1073,0
100988,941,0
50796,468,0
34982,606,0
314,331,1
27260,78,0
61319,4,0
27642,21,0
673,109,1
61324,5,0
94183,877,0
4740,40,1
3858,17,0
5731,1217,1
54539,57,0
30,58,1
46229,1200,0
564,315,1
67999,1311,0
73765,776,0
921,61,1
56715,1396,0
52905,39,0
1631,156,1
58787,431,0
65566,715,0
64869,0,0
2997,1023,1
313,296,1
1362,431,1
73,129,1
1491,72,1
95109,269,0
1758,145,1
60034,202,0
100430,118,0
1336,905,1
1434,91,1
159,1198,1
108,114,1
4227,1070,1
262,352,1
2608,518,1
437,981,1
93031,33,0
2312,125,1
92565,61,0
49438,259,0
2754,41,1
8236,555,0
62366,1207,0
335,1197,1
98123,6,0
80584,24,0
1188,456,1
110,327,1
3580,61,1
890,179,1
77946,64,0
89296,776,0
99707,892,0
893,488,1
78432,729,0
83921,57,0
70,442,1
35636,520,0
100098,282,0
75068,124,0
1897,1101,1
938,58,1
93146,29,0
86620,456,0
575,54,1
1108,38,1
1552,12,1
4481,38,1
21596,247,0
4868,1198,1
5045,1223,1
1791,21,1
101691,394,0
1503,58,1
157,215,1
98877,410,0
841,47,1
5632,38,1
26,877,1
93536,29,0
1075,198,1
4164,877,1
8765,270,0
1216,1196,1
24865,502,0
70409,1032,0
2885,954,1
88933,177,0
79057,671,0
1296,21,1
53975,500,0
1470,1196,1
317,541,1
104141,41,0
57086,119,0
67382,1461,0
2788,56,1
28166,1200,0
4253,800,1
84369,1210,0
79212,1193,0
86433,179,0
44905,114,0
102872,174,0
73860,1342,0
3676,522,1
995,130,1
2916,35,0
316,1456,1
80526,233,0
2389,248,0
134,882,1
575,954,1
991,1207,1
52226,67,0
1501,12,1
1194,21,1
2434,158,1
102452,180,0
238,245,1
82020,944,0
227,9,1
2728,21,1
2599,58,1
67955,141,0
2213,4,1
97050,39,0
84439,89,0
704,124,1
80197,433,0
477,479,1
55619,137,0
60415,302,0
89038,776,0
571,961,1
1338,0,1
58681,16,0
102151,39,0
26502,82,0
66635,480,0
54,13,1
4510,283,1
356,1423,1
262,74,1
73003,380,0
106293,464,0
11582,1210,0
2912,41,1
559,352,1
22720,169,0
98230,382,0
30346,449,0
48279,24,0
262,207,1
1497,61,1
1032,129,1
100705,186,0
902,45,1
95747,5,0
15898,177,0
2145,182,1
25286,302,0
5014,1207,1
66387,639,0
69653,41,0
104977,1207,0
912,172,1
52650,220,0
4878,47,0
1368,173,1
99549,9,0
86517,220,0
56168,270,0
1536,541,1
1476,1251,1
24,16,1
83950,13,0
100213,31,0
1550,179,1
50632,118,0
102009,35,0
1521,946,1
1448,252,1
3213,45,1
95522,17,0
2405,3,1
437,284,1
1632,156,1
1658,431,1
262,202,1
1187,0,1
987,1289,1
18644,177,0
85303,381,0
4436,125,1
2170,543,1
80322,217,0
1336,220,1
48494,44,0
69278,8,0
59,133,1
1399,44,1
4533,433,1
60331,78,0
58805,880,0
8155,74,0
12254,1,0
68672,177,0
95758,206,0
73,776,1
73579,124,0
102675,158,0
80029,445,0
3162,33,1
4836,1197,1
94386,177,0
85697,1199,0
631,306,1
689,515,1
3876,36,1
644,305,1
2360,833,1
1212,455,1
99415,140,0
2542,111,1
3116,458,1
416,18,1
52069,460,0
84161,200,0
2825,1400,1
5871,256,1
79543,718,0
3351,460,1
1781,47,1
15593,247,0
24776,481,0
38640,88,0
58792,673,0
99586,91,0
60722,961,0
227,884,1
207,1256,0
100733,878,0
59569,76,0
47065,8,0
59821,502,0
100712,791,0
5939,1093,1
2992,39,0
1702,394,1
163,225,1
1618,621,1
4758,431,1
4781,1220,1
59363,13,0
94737,822,0
1631,623,1
80901,207,0
53616,179,0
86773,309,0
2820,671,1
59322,941,0
20075,568,0
388,205,1
63247,247,0
1746,1197,1
67303,9,0
159,145,1
64586,69,0
2935,118,1
56308,848,0
5041,1227,1
36822,246,0
75214,9,0
378,71,1
474,1200,1
188,623,1
1306,220,1
10910,13,0
626,92,1
3473,89,1
682,45,1
31153,74,0
57590,1196,0
1524,64,1
5720,45,1
1089,404,1
6836,12,0
586,558,1
5584,1198,1
89895,837,0
480,310,1
1367,98,1
3600,344,1
2050,394,1
167,16,1
68918,363,0
360,141,1
1500,40,1
86457,1197,0
2713,114,1
57347,126,0
1550,763,0
2188,1032,1
57730,673,0
1159,351,1
99819,68,0
3074,230,1
549,9,1
87,79,1
85,882,1
103666,24,0
883,1412,1
73885,431,0
86994,463,0
72855,45,0
138,206,1
2885,179,1
1631,464,1
682,73,1
916,504,1
1657,53,1
1605,130,1
2865,569,1
105592,66,0
83557,1249,0
576,675,1
2956,13,1
1139,37,1
500,327,1
1364,207,1
1460,45,1
255,1,1
105178,543,0
38,344,1
77695,173,0
95087,1001,0
3714,917,1
1188,283,1
2424,19,1
32635,215,0
57805,194,0
1629,65,1
226,225,1
1858,776,0
91903,844,0
1259,29,1
128,67,1
575,283,1
557,281,1
211,646,1
62481,264,0
1036,318,1
274,45,1
99900,1207,0
884,231,1
1171,145,1
227,340,1
752,1257,1
1455,130,1
2519,21,1
462,1124,1
2485,1062,1
62793,1224,0
1939,460,1
69,213,1
68050,87,0
56,820,1
584,21,1
2428,927,1
98761,58,0
437,791,1
3578,9,1
3037,124,1
45,593,1
939,4,1
2435,82,1
1163,1185,1
67918,822,0
52918,78,0
2852,1468,1
59596,150,0
395,125,1
1569,152,1
96439,45,0
83,158,1
4378,0,1
96528,942,0
465,130,1
870,12,1
106454,78,0
5348,78,1
66268,118,0
1122,1200,1
1463,392,1
52194,452,0
102267,58,0
61551,518,0
249,994,1
1009,61,1
1333,776,1
373,6,1
90592,246,0
65461,220,0
97587,69,0
18785,35,0
3300,464,1
559,38,1
112,631,1
155,183,1
97128,995,0
2522,961,1
5321,13,1
79932,9,0
2669,61,1
1019,61,1
2434,177,1
4212,171,1
3656,24,1
85,35,1
1691,9,1
49367,177,0
72015,1,0
11,1210,1
99642,255,0
101838,263,0
95468,181,0
81747,670,0
96698,503,0
2867,82,1
101056,177,0
913,87,1
2537,1394,1
101162,600,0
154,40,1
3307,248,1
91252,145,0
987,177,1
623,175,1
2138,1074,0
69494,18,0
60113,305,0
28088,0,0
60224,27,0
51341,36,0
64145,252,0
1264,78,1
74176,109,0
85,776,1
2655,1210,1
2981,82,1
95420,1143,0
82288,44,0
41042,273,0
5220,1396,1
233,464,1
950,82,1
944,149,1
97766,321,0
4247,1199,1
81834,207,0
490,305,1
15985,728,0
67453,39,0
1227,58,1
97138,89,0
1632,205,1
87900,852,0
26,53,1
75244,942,0
38288,245,0
3480,776,1
54493,1197,0
73799,44,0
4358,904,1
68778,232,0
79449,155,0
3400,114,1
779,704,1
98235,1220,0
3544,150,1
62092,877,0
75778,878,0
249,479,1
74071,109,0
227,68,1
327,56,1
2630,1122,1
2441,9,1
2885,1199,1
2457,1196,1
84128,246,0
103372,541,0
57112,1202,0
87077,488,0
60281,269,0
960,109,1
50343,1210,0
97722,21,0
258,24,1
2698,68,1
5832,54,1
64513,74,0
57397,21,0
89507,791,0
61,331,1
96404,0,0
1306,376,1
912,9,1
497,98,1
2268,9,1
18305,1439,0
1364,882,1
4332,424,1
3600,1478,1
97763,1193,0
79166,1061,0
82002,253,0
105438,780,0
5915,206,0
3644,0,1
53,68,1
2554,482,1
94945,105,0
49815,253,0
2602,140,1
59989,207,0
26171,67,0
187,145,1
542,367,1
4625,40,0
2823,160,1
10333,171,0
1183,64,1
54921,17,0
51241,177,0
50573,28,0
62749,1197,0
3047,5,1
78630,673,0
518,793,1
91030,989,0
134,36,1
23764,12,0
1910,61,1
9949,632,0
54163,124,0
1675,21,1
62667,941,0
88986,65,0
79189,65,0
82964,344,0
1027,21,1
98566,45,0
62770,129,0
87174,73,0
87214,776,0
103662,352,0
104650,673,0
106446,877,0
58356,12,0
3389,296,1
61,394,1
1660,245,1
893,125,1
552,203,1
70,1196,1
41672,208,0
6830,522,0
3400,9,1
104589,21,0
70075,259,0
104060,206,0
1212,4,1
91805,97,0
2340,44,1
3320,151,1
98885,57,0
578,114,1
2812,1202,0
58,220,1
106336,149,0
2153,247,1
2911,750,1
72400,1200,0
69434,105,0
1615,1200,1
1499,98,1
20061,809,0
56,36,1
49386,21,0
948,53,1
102091,312,0
327,464,1
3400,245,1
320,109,1
1197,72,1
351,139,1
50593,61,0
315,631,1
69395,5,0
1368,1198,1
54029,61,0
82764,351,0
587,82,1
6025,1207,1
98972,149,0
70100,91,0
87656,1194,0
84342,16,0
54799,98,0
101198,58,0
456,578,1
95692,669,0
76697,1231,0
100553,97,0
103705,41,0
546,114,0
5509,431,0
841,1202,1
77748,924,0
102233,961,0
82716,158,0
1399,504,1
552,53,1
73157,776,0
3331,281,1
57341,621,0
249,333,1
50775,220,0
68504,158,0
5364,73,1
94789,80,0
75894,221,0
89981,78,0
172,270,1
65865,394,0
561,9,1
4687,124,1
33755,213,0
53713,1222,0
1306,1197,1
62488,114,0
59105,153,0
55774,245,0
89374,45,0
2412,248,0
88018,68,0
93471,13,0
48299,203,0
1381,488,0
53451,67,0
227,24,1
64712,424,0
73237,105,0
70341,97,0
1136,945,1
59910,434,0
1637,69,1
2174,1456,1
306,832,1
2480,182,1
79556,3,0
1604,1124,1
542,309,1
2222,626,1
94570,172,0
6053,194,1
76543,621,0
1352,140,1
49198,340,0
88493,79,0
97760,593,0
110,817,1
2453,45,1
285,557,1
4310,13,1
4611,1165,1
61520,331,0
15558,248,0
12255,256,0
4202,217,0
5184,1210,1
503,246,1
562,892,1
77094,264,0
94319,568,0
128,98,1
3293,57,0
70926,61,0
71775,480,0
96696,429,0
25981,109,0
89,150,1
1035,111,1
73425,1218,0
2825,502,0
100636,884,0
90,100,1
54882,1207,0
1074,50,1
587,376,1
1615,125,1
3212,114,1
1616,98,1
327,44,1
2126,21,1
594,109,1
5164,122,1
1696,264,0
1437,80,1
4490,41,1
48942,693,0
1075,468,1
2895,989,1
88881,449,0
1490,521,1
84854,38,0
48075,41,0
49321,9,0
63252,877,0
1336,605,1
2793,217,1
2932,1197,1
77460,1197,0
1139,282,1
71,776,1
2619,3,1
106423,212,0
87582,1207,0
25,19,1
19176,347,0
73441,40,0
431,1196,1
2519,140,1
3396,79,1
1644,9,1
84958,203,0
76682,124,0
1288,776,0
59284,282,0
75604,80,0
79900,445,0
3101,844,1
83951,300,0
2612,80,1
100829,53,0
62381,145,0
66859,249,0
77872,431,0
2820,351,1
75661,58,0
86566,451,0
94275,264,0
1081,404,1
73939,114,0
2131,57,1
2,4,1
190,744,1
2823,944,1
89514,905,0
374,270,0
77519,170,0
1885,6,1
1350,207,1
59580,1198,0
70102,145,0
66758,80,0
1395,201,0
98546,423,0
1784,529,1
415,431,1
1463,124,1
11670,468,0
58090,258,0
90191,247,0
559,255,1
342,253,1
1216,4,1
1362,321,1
2386,170,1
104768,444,0
500,323,1
90990,109,0
557,76,1
2434,305,1
32553,364,0
92208,256,0
89659,5,0
5282,1200,1
262,13,1
105034,456,0
1912,89,1
2609,1324,0
2820,118,1
3855,35,0
50876,124,0
1052,221,1
84784,1097,0
5758,1197,1
6815,468,0
74023,21,0
1627,458,1
59974,867,0
1505,728,1
74020,274,0
1701,67,1
71627,170,0
578,246,1
1209,281,1
54817,76,0
2885,44,1
74350,283,0
64805,263,0
2637,438,1
3587,282,1
79981,776,0
552,1346,1
92866,1197,0
78002,129,0
2797,78,1
4678,9,0
63784,1210,0
26422,376,0
554,1149,1
78753,155,0
1345,806,1
10306,1264,0
101545,29,0
67789,1207,0
100138,21,0
24236,78,0
95334,942,0
966,173,1
88163,21,0
3576,1194,1
876,175,1
17155,458,0
1638,449,1
103936,177,0
179,1400,1
49817,280,0
124,39,1
59124,673,0
297,1194,1
1205,40,1
87283,3,0
629,249,1
4431,817,1
61033,97,0
2521,53,1
63389,21,0
2928,194,1
3151,41,1
3187,39,1
456,72,1
1491,205,1
247,305,1
80881,18,0
70486,41,0
902,711,1
69107,76,0
3601,220,1
3441,129,1
2549,54,1
85,57,1
36652,245,0
1442,180,1
2040,798,1
102922,28,0
237,203,1
1017,463,1
1225,17,1
67932,569,0
2625,18,1
4,327,1
4708,41,1
1448,151,1
351,97,1
3023,12,1
90902,91,0
397,21,1
3571,3,1
1826,800,0
41595,44,0
1227,177,1
68881,21,0
3994,47,1
1812,97,1
1008,68,1
61319,0,0
67220,423,0
137,13,1
47704,233,0
246,24,1
1726,152,0
61,47,1
56476,109,0
2554,302,1
83489,98,0
2669,351,1
11840,175,0
3500,431,1
912,186,1
91676,1,0
73967,24,0
1865,37,1
1112,140,1
17793,458,0
356,78,1
86202,41,0
84092,2,0
351,270,1
104986,510,0
197,661,1
2045,327,1
243,1198,1
101366,207,0
94173,541,0
406,521,1
45,97,1
4483,1207,1
3052,281,1
89880,57,0
3480,504,1
77048,456,0
69604,643,0
11576,253,0
99934,281,0
70573,426,0
790,16,1
5002,1197,1
101409,53,0
86045,111,0
1296,203,1
4125,776,1
4081,878,1
57783,128,0
378,744,1
5962,1492,1
82385,129,0
5578,517,1
89580,1456,0
96860,217,0
511,414,1
1550,24,1
61921,78,0
155,79,1
968,319,1
78423,152,0
2395,282,1
76,33,1
2953,362,1
794,80,1
103535,0,0
89015,0,0
27493,39,0
219,431,1
3626,158,0
2303,45,1
53487,859,0
100920,152,0
1807,24,1
3603,4,1
104,800,1
12794,1198,0
44,191,1
87952,6,0
73592,13,0
367,1194,1
19918,247,0
1314,68,1
2390,73,0
80860,1075,0
93222,1207,0
415,13,1
81718,114,0
737,109,1
2804,179,1
992,8,1
1521,945,1
85,248,1
82430,362,0
219,21,1
80683,114,0
59520,282,0
1508,394,1
190,206,1
86177,1197,0
59606,1032,0
99953,128,0
3522,41,1
82077,263,0
697,643,1
2652,21,1
1427,174,1
66884,599,0
2820,48,1
71455,74,0
38876,47,0
70600,41,0
1914,323,1
49234,307,0
55972,12,0
4698,150,1
557,1075,1
686,119,1
1632,114,1
69967,878,0
48580,4,0
19821,247,0
84703,40,0
79910,1200,0
89803,364,0
92249,885,0
966,253,1
266,0,1
255,4,1
1399,71,1
236,41,1
79466,0,0
84604,464,0
58195,172,0
50866,1224,0
4669,407,1
679,44,1
85483,58,0
552,190,1
103315,258,0
1475,776,1
51516,867,0
3707,258,1
1732,456,1
2095,795,1
69201,253,0
2175,0,1
5562,40,1
52618,73,0
59618,207,0
88691,189,0
92180,175,0
921,58,1
85304,1207,0
93074,269,0
3284,776,1
2033,263,1
98030,61,0
4797,1196,1
1399,170,1
88524,0,0
73832,13,0
72561,215,0
67044,1012,0
49151,281,0
108,150,1
4545,12,0
67125,389,0
559,189,1
898,45,1
172,431,1
3366,98,1
19941,248,0
68284,58,0
616,1412,1
97972,315,0
49369,201,0
91,13,1
2809,583,1
57649,394,0
1693,1200,1
96647,36,0
912,424,1
306,1155,1
3527,125,1
3845,389,1
21366,1012,0
80380,995,0
61466,878,0
73200,543,0
2046,392,1
987,351,1
87166,351,0
78185,124,0
90481,1162,0
1040,98,1
50027,36,0
58957,1200,0
53381,6,0
14921,248,0
1452,786,1
64647,192,0
347,1227,1
270,783,1
4980,109,1
49216,170,0
95403,458,0
96106,776,0
1352,84,1
58046,13,0
760,84,1
2126,158,1
829,111,1
105964,109,0
79982,64,0
10,24,1
366,78,1
2561,429,1
81498,1196,0
1490,517,1
519,593,1
94235,35,0
4257,39,1
1758,44,1
18931,61,0
575,13,1
746,13,1
65345,74,0
2885,956,1
306,238,1
380,47,1
87181,776,0
1399,105,1
467,344,1
2918,468,1
14937,109,0
2679,9,1
4513,431,1
96390,501,0
67693,107,0
232,64,1
2724,220,1
56812,76,0
51,431,1
752,256,1
66640,17,0
38392,190,0
4365,394,1
679,41,1
81037,71,0
3490,21,1
88763,67,0
664,1198,0
783,282,1
60855,214,0
4886,431,0
614,194,1
79874,194,0
88022,466,0
12564,78,0
9884,693,0
3937,252,0
65705,1197,0
6055,9,1
101,179,1
73833,913,0
5241,1176,1
63817,1207,0
966,288,1
84140,160,0
61871,97,0
36,805,1
73158,41,0
428,670,1
285,13,1
503,233,1
917,464,1
75,217,1
966,1222,1
69444,58,0
2820,124,1
486,623,1
1820,89,1
5893,776,1
86076,255,0
992,946,1
678,0,1
1712,458,1
823,1396,1
105865,126,0
1058,391,1
56452,394,0
49060,98,0
2362,1235,1
3523,598,1
96399,150,0
52493,1197,0
95016,945,0
203,405,1
6788,911,0
3578,58,1
19816,245,0
52,247,1
593,217,1
97008,1238,0
79658,57,0
809,431,1
116,502,0
83,282,1
1350,171,1
85700,394,0
90729,21,0
50749,1088,0
691,37,1
53,776,1
3346,89,1
96374,36,0
94520,33,0
4509,431,1
89523,882,0
48917,24,0
57881,1207,0
65944,202,0
3229,170,1
59841,468,0
256,263,1
97053,124,0
23602,150,0
7640,233,0
828,376,1
1365,58,1
135,394,1
1911,431,1
252,215,1
1456,1255,1
1527,21,1
82357,58,0
86777,606,0
8503,124,0
131,1074,1
98679,394,0
83,525,1
74958,84,0
87746,288,0
84658,214,0
2168,844,1
112,47,1
102494,776,0
917,68,1
41471,114,0
4749,431,1
19278,9,0
784,21,1
4175,114,1
56954,431,0
110,431,1
48782,61,0
47106,968,0
80872,431,0
54841,344,0
4347,9,1
1807,206,1
5459,19,1
1078,61,1
98818,458,0
2431,456,1
427,47,1
49991,1232,0
910,520,1
833,109,1
71295,21,0
3384,8,1
92325,57,0
2435,700,1
97477,221,0
539,311,1
315,28,1
58383,961,0
61,177,1
1708,82,1
1973,288,1
13266,1400,0
102161,47,0
114,297,1
3604,968,1
85323,950,0
2520,29,1
47887,24,0
79002,0,0
2823,481,1
55926,1269,0
2045,18,1
62239,14,0
1920,18,1
96292,80,0
724,129,1
1487,913,1
87363,64,0
3816,878,1
1401,744,1
47,9,1
69786,138,0
47309,729,0
472,109,1
13408,458,0
3600,1336,1
491,305,1
98009,394,0
1760,9,1
78677,202,0
1057,431,1
57282,44,0
63411,9,0
876,194,1
1188,0,1
73580,955,0
47390,40,0
96753,1365,0
92569,179,0
101782,700,0
313,13,1
944,424,1
21434,1132,0
3167,1124,1
1541,21,1
61,183,1
85615,433,0
1192,119,1
691,21,1
1797,776,1
37,239,1
3704,206,1
90725,12,0
1045,582,1
5978,5,1
62224,1439,0
2597,1207,1
73182,12,0
6534,253,0
95946,1207,0
894,72,1
437,68,1
159,823,1
313,248,1
47572,41,0
691,36,1
61758,71,0
188,0,1
1671,78,1
105082,1124,0
481,98,1
616,263,1
54935,595,0
49002,1073,0
1789,235,1
422,270,1
66,231,1
441,47,1
85,1412,1
38211,40,0
51,65,1
85546,217,0
74447,822,0
6043,458,1
73191,21,0
5213,431,1
60589,171,0
2175,183,1
74414,283,0
610,1202,1
172,6,1
101830,612,0
74444,40,0
47588,39,0
90369,1394,0
5264,1196,1
77363,886,0
1517,221,1
102335,169,0
1612,382,1
102418,449,0
79852,45,0
3906,463,1
1616,217,1
1401,263,1
98856,8,0
97248,184,0
3378,946,1
327,74,1
78966,822,0
552,39,1
59,80,1
1037,6,1
3325,1124,1
1724,97,1
7568,1198,0
1352,800,1
169,110,1
85705,68,0
83611,124,0
1620,1197,1
11378,942,0
102292,1363,0
102705,205,0
94426,407,0
86422,78,0
6591,37,0
795,315,1
84390,58,0
853,44,1
88215,478,0
3138,859,1
397,247,1
65,6,1
99161,1124,0
26,305,1
128,58,1
87918,636,0
95440,177,0
1385,305,1
59530,1,0
62839,58,0
3936,798,1
1783,867,1
5636,1428,1
5372,9,1
87429,820,0
98531,297,0
1365,177,1
559,884,1
415,259,1
66756,1207,0
574,318,1
55441,72,0
163,951,1
84919,431,0
84986,639,0
2820,15,1
103558,91,0
2228,700,1
81762,177,0
97239,462,0
215,1198,1
75351,29,0
82659,543,0
124,321,1
889,76,1
49029,206,0
56,283,1
69201,1,0
95008,783,0
37973,13,0
629,913,1
70624,431,0
54731,39,0
100121,878,0
1831,41,1
21271,1200,0
86171,151,0
91745,394,0
1668,39,1
95935,379,0
79338,18,0
191,458,1
1063,21,1
135,1124,1
99641,1453,0
44913,9,0
106202,207,0
2009,114,1
552,87,1
987,569,1
830,976,1
1151,171,1
67510,182,0
84842,175,0
2727,21,1
77257,1222,0
2412,288,1
97827,429,0
2386,15,1
5978,125,1
47265,621,0
1016,47,1
1636,160,1
2800,225,1
79816,33,0
2524,1207,1
56687,0,0
97368,1198,0
59754,91,0
52633,431,0
32598,375,0
66037,331,0
62470,414,0
266,105,1
942,6,1
105061,331,0
389,138,1
106235,270,0
61744,305,0
75762,460,0
550,323,1
1208,82,1
1318,157,1
17698,486,0
1367,464,1
2711,128,1
101040,859,0
79,16,1
73598,367,0
624,379,1
75154,79,0
5273,170,1
41566,838,0
84160,1309,0
319,394,1
233,182,1
85455,80,0
138,37,1
1052,776,1
71336,244,0
423,431,1
1656,152,1
47758,9,0
96894,65,0
3198,73,0
62998,217,0
302,483,1
917,1,1
1631,69,1
100633,776,0
3089,39,1
519,37,1
94274,252,0
206,124,1
49954,114,0
47864,33,0
87511,270,0
97007,1197,0
35,13,1
1465,464,1
84754,776,0
60970,306,0
591,776,1
3664,38,1
19666,89,0
3527,229,1
79892,955,0
2629,137,1
100028,776,0
66741,283,0
61834,252,0
1199,31,1
519,9,1
93619,78,0
74331,140,0
101,1199,1
2289,21,1
1029,114,1
101778,951,0
63648,823,0
57162,6,0
9690,18,0
2885,859,1
1164,91,1
55186,281,0
317,297,1
101,36,1
99822,333,0
95790,431,0
4139,172,0
36259,969,0
3370,144,1
83792,18,0
2558,282,1
1401,621,1
72519,306,0
88656,177,0
92815,109,0
25714,928,0
506,6,1
1362,44,1
2007,1197,1
53799,38,0
66338,1207,0
66124,775,0
25765,41,0
88934,503,0
1493,1073,1
682,502,1
1159,263,1
52215,109,0
100578,220,0
95740,1043,0
578,202,1
82998,776,0
5307,9,1
93445,1210,0
34455,882,0
194,787,1
26636,247,0
94211,946,0
101766,487,0
1136,1051,1
10242,882,0
1798,153,1
83806,282,0
3951,124,0
2549,45,1
96102,47,0
2740,1075,1
64788,92,0
67756,71,0
3580,97,1
58278,298,0
1401,9,1
2459,255,1
72728,4,0
898,41,1
1690,24,1
69458,379,0
76838,229,0
61108,182,0
69256,220,0
84971,1207,0
95007,822,0
77759,45,0
71665,256,0
3325,21,1
59147,38,0
315,78,1
105660,1075,0
5400,809,1
5325,100,1
177,269,1
1098,119,1
1159,21,1
64349,1073,0
84887,4,0
103026,21,0
1247,41,1
5626,910,1
6056,39,1
2519,220,1
1367,189,1
1640,1207,1
2786,41,1
1341,109,1
3630,13,1
157,284,1
1136,408,1
4933,177,0
54481,460,0
4211,76,0
2642,430,1
124,72,1
209,1224,1
54140,282,0
518,114,1
48084,144,0
4460,1197,1
1659,1032,1
1256,58,1
1188,351,1
84639,9,0
72172,946,0
2020,114,1
211,521,1
225,89,1
70682,9,0
65358,91,0
12893,40,0
11558,394,0
40717,9,0
503,24,1
78798,205,0
4279,318,1
1079,150,0
54307,1197,0
72372,13,0
104004,269,0
313,4,1
2619,394,1
66522,47,0
520,305,1
54232,233,0
62642,169,0
591,156,1
104038,29,0
140,454,1
94787,76,0
69939,1198,0
2554,1200,1
74016,9,0
1380,158,1
1239,1422,1
49356,1373,0
91498,831,0
1072,109,1
52434,252,0
76948,61,0
94499,61,0
76876,24,0
2012,1044,1
154,67,1
1975,24,1
35102,877,0
293,316,0
4369,431,1
55600,431,0
53447,150,0
10005,1210,0
3299,189,1
64667,175,0
89046,750,0
1597,1198,1
88072,1194,0
1530,57,1
45,177,1
100835,379,0
423,114,1
124,12,1
35,21,1
1333,1197,1
101,58,1
1433,340,1
96595,3,0
55130,991,0
90875,503,0
96514,0,0
261,154,1
38,340,1
497,12,0
902,759,1
66599,1102,0
593,376,0
100365,1198,0
60346,233,0
1205,1412,1
96351,44,0
76046,4,0
455,1,1
98788,394,0
66060,259,0
208,1194,1
3400,38,1
93426,163,0
53640,882,0
262,249,1
95333,431,0
983,249,1
104691,194,0
508,21,1
4296,880,1
75479,340,0
2098,882,1
84639,263,0
3494,73,0
92914,217,0
3603,1200,1
87891,1012,0
68833,89,0
5460,1124,1
3529,69,1
22259,468,0
111,58,1
365,502,1
207,44,1
78918,806,0
581,468,1
233,184,1
24175,431,0
101294,119,0
2516,145,1
1031,114,1
48140,84,0
104325,1196,0
72834,614,0
62720,1124,0
2204,84,0
577,283,1
83,884,1
388,1207,1
85346,36,0
784,728,1
1504,37,1
78348,776,0
98680,21,0
2020,186,1
31915,21,0
87238,282,0
49,150,1
996,431,1
43259,282,0
128,9,1
79584,33,0
2386,109,1
93924,21,0
94142,45,0
88016,177,0
59293,79,0
71,201,1
97569,38,0
105998,849,0
2820,548,1
3951,128,1
63142,199,0
1610,994,1
79864,1,0
2574,592,1
80981,28,0
74316,352,0
2050,53,1
3987,431,0
101442,9,0
784,69,1
1364,253,1
1136,445,1
95333,76,0
578,252,1
3100,21,1
552,79,1
1691,775,1
108,91,1
588,1138,1
90615,629,0
1164,114,1
2253,805,1
14107,24,0
56019,114,0
1553,16,1
92364,189,0
3193,484,1
60269,0,0
4779,44,1
1880,1444,1
2305,352,1
56611,57,0
5008,100,1
96753,45,0
82560,28,0
6102,319,1
99604,621,0
83402,877,0
1034,442,1
771,109,1
27180,153,0
2820,1252,1
85120,191,0
51345,13,0
362,15,1
559,98,1
4954,190,1
3195,171,1
1359,1207,1
77983,311,0
49040,184,0
2847,8,1
397,791,1
67974,220,0
7974,72,0
91297,15,0
317,200,1
78385,501,0
92,943,1
2061,431,1
53348,327,0
1674,71,1
2251,249,1
82405,9,0
471,1122,1
784,98,1
62907,415,0
8680,621,0
3148,468,1
88,195,1
1905,8,1
19636,255,0
2126,129,1
295,6,1
28424,21,0
1631,1344,1
50391,53,0
103172,177,0
1331,15,0
398,177,1
189,84,1
36662,172,0
63866,53,0
2554,130,1
1345,1207,1
101481,91,0
1364,114,1
128,253,1
1368,1012,1
4223,147,1
86754,180,0
73,153,1
95203,9,0
100699,246,0
95211,9,0
1863,1197,1
18600,21,0
433,139,1
85461,41,0
76578,452,0
39,433,1
1350,91,1
2549,76,1
6002,16,0
98657,787,0
406,394,1
1536,45,1
1177,16,1
49166,246,0
81258,263,0
2737,39,1
992,942,1
615,431,1
74983,71,0
247,562,1
1424,109,1
51558,129,0
1618,105,1
76223,1131,0
87656,9,0
2823,36,1
3655,16,1
47019,56,0
32870,158,0
25,283,1
236,431,1
60823,391,0
86300,1196,0
929,0,1
272,1396,1
83627,1394,0
2754,859,1
96724,253,0
1919,45,1
1383,344,0
54202,5,0
11681,35,0
15114,47,0
84766,246,0
74862,288,0
801,285,1
3580,654,0
48488,24,0
64773,1045,0
55022,892,0
101656,114,0
302,502,1
75815,394,0
4133,776,1
3312,13,1
100572,621,0
32599,1210,0
100315,79,0
75,39,1
567,768,1
27,213,1
4624,47,1
3332,791,1
135,258,1
577,424,1
82359,0,0
5377,255,1
75,246,1
5387,1124,1
100,153,1
65986,1199,0
4313,776,1
81278,18,0
68587,246,0
84242,949,0
985,47,1
83236,955,0
1337,780,1
1645,481,1
1205,292,1
101,235,1
332,45,1
26689,468,0
99734,37,0
5203,265,1
68304,109,0
1367,40,1
20730,1210,0
915,124,1
615,1197,1
43096,118,0
54812,1349,0
103038,882,0
76076,64,0
80317,768,0
1632,9,1
1583,15,1
5924,109,1
77141,776,0
60725,98,0
80492,9,0
29,229,1
910,1199,1
92145,12,0
1739,270,1
4335,9,1
33328,175,0
95891,35,0
69189,1088,0
31,203,1
549,322,1
12846,230,0
3224,17,1
3979,877,1
934,24,1
50909,175,0
3460,1207,1
81188,548,0
76667,84,0
60945,1350,0
1403,0,1
867,1,1
59427,80,0
99049,885,0
1434,217,1
56208,220,0
55532,149,0
26,174,1
76408,33,0
102336,76,0
17828,407,0
86331,191,0
285,837,1
61,1,1
62166,214,0
1114,431,1
2559,344,1
94862,156,0
82532,892,0
495,281,1
76302,37,0
21401,78,0
77795,1149,0
391,24,1
2700,89,1
115,297,1
258,654,1
88085,949,0
46760,57,0
874,256,1
1375,87,1
35380,9,0
8510,24,0
923,13,1
3250,33,1
2083,78,1
1354,186,1
304,45,1
72365,809,0
3604,89,1
2440,621,1
105392,941,0
1603,1245,1
49268,324,0
1945,399,1
78770,1,0
2732,206,1
416,394,1
168,5,1
84138,199,0
270,784,1
1039,87,1
2049,487,0
559,105,1
4339,431,1
70743,671,0
2017,252,1
51,17,1
69859,27,0
56058,941,0
76576,437,0
102400,213,0
1000,783,1
58576,40,0
2364,776,1
5057,37,1
92532,1224,0
801,18,1
73109,776,0
249,381,1
1758,138,1
80223,16,0
3587,58,1
87220,58,0
2367,1207,1
7683,1194,0
2885,13,1
92567,380,0
55411,41,0
65763,316,0
5632,9,1
14166,344,0
3277,401,1
80863,394,0
1456,431,1
74320,39,0
4221,21,1
79174,9,0
103800,1,0
1443,21,1
497,105,1
50595,109,0
11773,673,0
1891,21,1
6103,21,1
651,501,0
6341,38,0
97459,220,0
65238,61,0
73495,503,0
1850,21,1
103,1,1
49392,66,0
102219,13,0
69744,21,0
1689,206,1
5446,4,1
66921,431,0
97325,424,0
125,352,1
28517,282,0
74570,175,0
64138,258,0
94056,98,0
82033,582,0
289,1164,1
32,4,1
2185,1044,1
552,193,1
3707,599,1
67307,581,0
1426,12,1
78650,40,0
3084,392,1
557,401,1
809,203,1
2820,974,1
61410,409,0
54431,1210,0
1798,1075,1
99335,0,0
84505,21,0
557,429,1
2107,21,1
2885,247,1
66363,203,0
72290,529,0
52248,15,0
179,1124,1
63491,57,0
2023,583,1
204,78,1
1283,40,1
103785,980,0
11790,1197,0
414,61,1
90706,306,0
73985,936,0
5057,36,1
7,1196,1
75488,24,0
75,456,1
2141,693,1
2608,270,1
261,424,1
4272,21,1
471,47,1
2179,1124,0
188,35,1
1521,538,1
1365,263,1
68467,931,0
65542,14,0
557,984,1
80634,39,0
62474,61,0
22104,109,0
586,403,1
63268,9,0
71853,501,0
96248,431,0
59961,97,0
59880,246,0
1040,97,1
2159,76,1
4297,205,1
545,147,1
1367,61,1
12076,483,0
2273,1207,1
82556,17,0
59869,1412,0
2527,152,1
75633,193,0
92743,631,0
52,57,1
1473,76,1
557,259,1
2892,21,1
53290,1207,0
77035,283,0
91092,39,0
55375,18,0
397,171,1
456,608,1
65063,1124,0
77303,29,0
327,248,1
87738,394,0
4550,12,1
103715,138,0
53668,884,0
81102,39,0
552,259,1
1491,424,1
67098,109,0
63616,150,0
77775,76,0
262,681,1
72809,323,0
80609,80,0
1365,38,1
482,112,1
1390,109,1
104414,21,0
497,56,1
93964,602,0
3579,47,1
61259,463,0
4676,1394,1
1791,956,1
54308,79,0
106211,189,0
103841,109,0
96221,1222,0
3357,89,1
578,89,1
3197,195,1
99979,1222,0
1169,460,1
101483,0,0
85364,917,0
91513,21,0
3303,502,1
66151,828,0
25739,362,0
984,220,1
3587,9,1
5357,170,1
1465,431,1
78636,543,0
88328,776,0
4270,82,1
103647,1482,0
93557,506,0
101,13,1
1939,623,1
225,177,1
84616,1339,0
57670,297,0
3306,58,1
71739,776,0
5419,1124,1
63488,109,0
54587,91,0
1235,1124,1
52077,150,0
83602,943,0
89355,21,0
1788,41,1
104411,175,0
5944,160,1
62563,431,0
69875,953,0
60937,255,0
1758,65,1
3051,859,1
869,114,1
55652,65,0
38266,877,0
313,1258,1
6186,109,1
57212,569,0
1521,24,1
1182,249,1
156,464,1
56872,233,0
1188,882,1
2175,151,1
99315,364,0
934,78,1
48038,27,0
83358,76,0
87276,58,0
4210,103,1
1145,125,1
27376,234,0
50567,1198,0
4184,961,1
78336,263,0
1170,1144,1
2446,579,1
63427,458,0
2146,182,1
1690,36,1
80682,177,0
1268,776,1
2226,270,1
87839,1200,0
226,15,1
2765,233,1
2817,12,0
23,1227,1
101,202,1
1615,2,1
96296,9,0
125,776,1
1077,258,1
1065,252,1
6059,24,1
27429,263,0
57143,40,0
3173,24,1
5068,1210,1
2423,1032,1
2170,961,1
58111,468,0
1550,39,1
61,65,1
2189,438,1
104590,21,0
29105,6,0
17828,1012,0
72975,616,0
3041,21,1
92218,158,0
23191,1423,0
2128,1194,1
48939,452,0
89609,13,0
3708,899,1
81602,180,0
559,548,1
321,1207,1
99234,1210,0
2173,8,1
2386,145,1
103193,9,0
3116,58,1
55877,192,0
916,72,1
1031,1217,1
90212,97,0
2845,194,1
95958,361,0
1691,282,1
105438,78,0
67293,5,0
3605,3,1
2755,217,1
74696,283,0
87721,35,0
50410,207,0
137,206,1
67562,217,0
938,39,0
902,1245,1
92075,283,0
313,403,1
2874,170,1
76,177,1
16828,172,0
62085,110,0
75436,621,0
5364,3,1
1179,18,1
6177,3,1
54,65,1
420,214,1
25426,995,0
104366,9,0
25648,78,0
666,47,1
1758,124,1
53853,304,0
909,270,1
1799,57,1
562,1226,1
2045,53,1
3650,435,1
71814,190,0
23447,1197,0
83654,456,0
2428,21,1
1914,843,1
88510,61,0
4107,1198,1
90615,1207,0
83598,452,0
78354,205,0
1814,344,1
559,151,1
55438,215,0
91638,144,0
7993,269,0
5894,482,1
1455,13,1
18,221,1
1012,78,1
1442,221,1
622,1394,1
538,305,1
2035,264,1
6072,1202,1
2101,47,1
177,111,1
83,892,1
81452,182,0
73007,283,0
78379,1194,0
2076,41,1
976,776,1
2292,510,1
5340,9,1
30,39,1
47381,217,0
3578,264,1
85125,149,0
84075,125,0
2453,1194,1
4766,78,0
78864,53,0
1235,783,1
71596,460,0
1979,5,0
1163,91,1
1583,581,1
37229,221,0
96054,47,0
157,351,1
17824,431,0
1413,776,1
103351,145,0
3561,91,1
41481,1202,0
72333,256,0
106,30,1
62540,906,0
96739,1161,0
105224,21,0
93065,298,0
51920,456,0
59766,53,0
5493,1396,1
80120,621,0
66233,57,0
1644,61,1
96387,29,0
1159,76,1
3827,889,1
101235,256,0
1891,150,1
52134,13,0
2191,256,1
67,458,1
1812,464,1
76631,40,0
50883,9,0
66719,1230,0
1463,1226,1
11706,478,0
52606,1197,0
2301,621,1
79254,316,0
1205,246,1
85736,616,0
61609,39,0
3940,394,1
2126,263,1
50684,21,0
2336,150,1
98116,239,0
2519,1394,1
98482,160,0
2647,13,1
168,1196,1
629,323,1
86342,1073,0
482,305,1
102993,4,0
2004,87,1
3936,306,1
79103,1457,0
2549,31,1
47385,13,0
432,14,1
66346,33,0
552,170,1
87390,80,0
74050,285,0
57209,89,0
2066,194,1
1194,1197,1
4216,47,1
917,481,1
35153,12,0
2260,153,1
56,182,1
69722,283,0
2178,109,0
83102,297,0
901,1253,1
16700,24,0
62004,36,0
1632,58,1
60357,78,0
68223,288,0
912,45,1
901,21,1
104374,72,0
77087,304,0
1008,859,1
3392,97,1
30,776,1
3333,68,1
4765,9,1
32870,249,0
2480,791,1
1789,351,1
124,946,1
102958,4,0
12850,91,0
64615,114,0
105227,61,0
12276,129,0
76206,1138,0
5973,227,1
1981,283,1
376,76,1
66743,878,0
56855,180,0
1,263,1
73805,961,0
83256,4,0
236,327,1
64519,1207,0
47864,263,0
552,961,1
1640,17,1
104727,776,0
87752,89,0
68218,181,0
4849,1197,1
1489,3,1
2506,203,1
97829,41,0
1043,57,1
5389,362,1
3892,21,1
82555,1200,0
71776,19,0
27,109,1
26,403,1
87658,333,0
2745,1198,1
97190,1203,0
66817,98,0
95244,1313,0
10,12,1
1473,58,1
3250,38,1
5028,488,0
6902,1435,0
188,682,1
2774,24,1
4578,948,1
72184,776,0
63928,8,0
103606,12,0
1451,40,1
39389,0,0
403,283,0
2205,282,1
3294,9,1
87408,72,0
3333,0,1
96500,1202,0
84120,13,0
3529,71,1
53760,267,0
2544,79,1
1699,36,1
84879,491,0
1891,776,1
54575,109,0
76956,621,0
102895,141,0
833,394,0
96119,342,0
98076,29,0
97490,91,0
581,394,1
100590,80,0
1538,1207,1
928,255,1
5978,91,1
845,78,1
1288,1258,1
2929,589,1
53451,47,0
910,352,1
31,91,1
262,73,1
98607,4,0
61448,6,0
64820,40,0
1637,71,1
60015,65,0
70380,186,0
72785,643,0
87352,1224,0
187,137,1
47328,13,0
96492,24,0
54302,784,0
46146,969,0
85199,19,0
100359,303,0
3960,14,0
84103,456,0
220,186,1
57421,1381,0
36749,247,0
55805,13,0
82402,35,0
52823,3,0
51012,6,0
71820,13,0
1618,67,1
68483,258,0
212,332,1
3529,501,1
7983,184,0
270,1218,1
48617,621,0
11937,1210,0
78035,50,0
92481,150,0
2983,776,1
97838,15,0
68956,312,0
77185,173,0
60736,21,0
36648,175,0
85437,48,0
1870,40,1
1591,31,1
69404,76,0
3378,948,1
62551,447,0
285,124,1
60931,58,0
989,776,1
74734,16,0
3146,468,1
3604,431,1
2088,1261,1
2430,33,1
203,27,1
84709,12,0
302,24,1
3430,84,1
64388,1217,0
1796,45,1
281,394,1
100906,35,0
47084,269,0
5429,905,1
20,478,1
588,1224,1
5738,145,1
93025,319,0
422,58,0
94125,65,0
437,892,1
6101,319,1
536,220,1
1929,137,1
85175,3,0
104900,36,0
304,1198,1
1350,160,1
49949,45,0
3139,9,1
49002,661,0
559,789,1
262,1075,1
5456,21,0
56062,452,0
2885,61,1
81289,111,0
77532,109,0
56388,109,0
85495,179,0
2210,331,1
103606,485,0
103930,1466,0
64787,109,0
65218,738,0
615,447,0
6054,15,1
1107,5,1
101009,282,0
76780,21,0
4660,1198,1
3176,40,1
49058,41,0
313,12,1
556,308,1
98371,379,0
56876,130,0
1029,98,1
996,111,1
5607,849,1
30,288,1
95490,13,0
102566,821,0
72656,639,0
2713,253,1
96750,140,0
1433,339,1
99538,765,0
2232,460,1
5054,80,1
3195,0,1
104,61,1
105538,33,0
266,424,1
2435,394,1
3075,1334,0
103098,253,0
61850,91,0
99954,283,0
79934,78,0
253,153,1
1660,248,1
95115,880,0
74559,114,0
100299,217,0
2751,144,1
4433,220,1
1078,1155,1
114,0,1
98445,213,0
11429,327,0
3710,6,0
11503,458,0
83,523,1
1690,288,1
12521,501,0
2870,394,1
1545,1193,1
54872,883,0
2885,217,1
23951,878,0
70440,33,0
13219,966,0
2126,233,1
95156,233,0
3915,80,1
1166,487,1
226,189,1
50572,504,0
47391,1075,0
274,206,1
61147,1194,0
1863,1207,1
98150,233,0
115,247,1
51791,220,0
3707,435,1
423,623,1
346,41,1
731,410,1
1540,375,1
84489,39,0
96780,305,0
59074,1292,0
8819,38,0
966,114,1
54748,794,0
57180,40,0
1171,784,1
915,45,0
1664,44,1
5473,623,1
94579,217,0
177,175,1
77517,177,0
76473,140,0
24,9,1
12131,481,0
85164,58,0
3846,1396,1
83918,156,0
387,13,1
95773,220,0
100573,44,0
884,58,1
244,4,1
500,44,1
95976,169,0
63676,233,0
60679,33,0
72365,152,0
206,144,1
73356,141,0
948,29,1
21,24,1
94946,69,0
5060,1197,1
67489,33,0
53489,3,0
1944,40,1
70607,1122,0
2276,477,1
306,949,0
90572,170,0
1693,582,1
54799,91,0
91654,58,0
49369,352,0
90865,40,0
35180,245,0
2548,961,1
163,639,1
42805,57,0
18559,17,0
115,35,1
60506,175,0
2126,247,1
2384,53,1
91435,217,0
106150,109,0
2283,24,1
5461,91,1
64289,823,0
74240,44,0
429,215,1
7,631,1
85647,21,0
1226,158,1
85619,795,0
1963,21,1
3429,488,1
1398,953,1
67847,21,0
3519,203,1
1032,683,1
938,221,1
69304,776,0
2302,994,1
74129,190,0
7581,233,0
188,76,1
85864,256,0
5730,4,1
8564,245,0
60166,4,0
73455,53,0
3201,97,1
3304,17,1
101756,84,0
31266,35,0
61847,281,0
1724,154,1
1965,9,1
2713,45,1
4517,180,1
70201,58,0
102051,1074,0
75225,194,0
774,1,1
66269,98,0
21669,468,0
4742,57,1
52227,583,0
3055,58,1
93355,1197,0
4786,1197,1
93518,1343,0
281,362,1
81712,56,0
62322,324,0
5403,693,1
58801,76,0
1263,1134,1
104397,808,0
67065,921,0
71286,177,0
112,92,1
1038,78,1
77417,1124,0
49046,776,0
60764,775,0
5978,233,1
934,460,1
2069,1198,0
1363,206,1
344,128,1
25,13,1
2054,41,1
938,21,1
3226,269,1
83635,823,0
44451,109,0
55894,943,0
102479,151,0
74306,1207,0
5791,35,1
2820,1012,1
1615,140,1
2075,1210,1
2632,1194,0
917,456,1
21492,82,0
4382,1207,1
61724,21,0
12856,68,0
40261,203,0
63125,953,0
564,892,1
63078,1194,0
66698,455,0
2386,114,1
98383,424,0
56526,431,0
328,15,1
57014,80,0
1384,273,1
65713,263,0
76021,76,0
1739,795,1
100816,776,0
567,521,1
135,66,1
63228,500,0
73340,58,0
80081,58,0
80965,76,0
4193,1075,1
253,114,1
1659,318,1
225,1435,1
56,174,1
63996,306,0
672,109,1
987,248,1
2466,220,1
48025,823,0
79774,177,0
49170,283,0
5231,1207,1
79328,84,0
557,267,1
10729,8,0
94109,193,0
2000,58,1
56,822,1
559,180,1
86831,681,0
55946,100,0
51988,0,0
212,64,1
83978,948,0
4643,344,1
63283,177,0
1367,71,1
76398,17,0
54988,431,0
2360,24,1
50888,263,0
793,80,1
917,33,1
1691,40,1
79921,172,0
52906,91,0
5766,41,1
98700,24,0
4435,24,1
2820,1263,1
76717,231,0
72154,206,0
3679,431,1
2017,153,1
91361,190,0
222,89,1
6547,12,0
3831,882,1
60348,729,0
75576,38,0
105900,31,0
2740,292,1
80729,1247,0
105643,1197,0
104739,376,0
3017,8,1
948,138,1
1333,270,1
73718,776,0
259,17,1
2516,213,1
48626,1196,0
87632,364,0
88301,129,0
91339,467,0
52842,1198,0
64338,65,0
16,18,1
97477,21,0
76350,114,0
1766,40,1
15028,172,0
46761,456,0
1079,129,1
3133,35,1
64323,156,0
70639,844,0
2471,45,1
3129,35,1
69546,431,0
257,152,1
3355,13,1
213,880,1
56017,1194,0
51024,12,0
3118,31,1
901,9,1
1233,4,1
62551,233,0
704,248,1
1651,40,1
127,91,1
1130,118,1
22151,1193,0
784,67,1
82912,47,0
3079,487,1
47852,1407,0
6002,15,1
2146,58,1
3293,24,1
4538,274,1
62,28,1
71982,1,0
53907,776,0
1343,313,1
2468,487,1
288,1207,1
2885,937,1
97945,189,0
1939,542,1
105702,180,0
74568,76,0
1168,175,1
3890,0,1
4493,21,1
78510,39,0
3227,1202,1
497,799,1
88516,33,0
61241,69,0
55629,464,0
2535,233,0
3554,67,0
1664,13,1
82092,233,0
2446,71,1
63835,41,0
245,1207,1
1253,13,1
2885,671,1
81752,157,0
397,151,1
86702,111,0
559,13,1
1188,41,1
48079,639,0
22923,458,0
548,105,1
98748,1450,0
55749,776,0
104998,98,0
58528,3,0
83901,89,0
26398,877,0
17575,202,0
225,464,1
80983,487,0
631,327,1
979,394,1
44375,175,0
1754,344,1
80972,643,0
60223,80,0
5773,170,1
70439,313,0
4677,456,1
59496,24,0
89626,230,0
827,80,1
151,15,1
42,1207,1
74616,1197,0
261,948,1
81919,30,0
2485,40,1
71156,3,0
91915,203,0
63713,1124,0
3019,4,1
33183,2,0
98755,156,0
1460,44,1
72596,352,0
63106,73,0
39,124,1
89162,220,0
97200,45,0
2554,36,1
200,318,1
557,21,1
7673,381,0
45315,363,0
105437,251,0
7348,58,0
97,139,1
884,12,1
3161,114,1
2516,152,1
79700,956,0
79076,593,0
3587,180,1
248,87,1
53,252,1
15504,9,0
68176,894,0
80257,317,0
13618,44,0
212,1200,1
500,798,1
80826,45,0
1861,78,1
61661,13,0
7135,1108,0
2014,84,1
332,263,1
46950,800,0
2908,61,1
61188,24,0
81363,84,0
3074,80,1
71221,177,0
724,671,1
446,995,1
88119,193,0
87049,158,0
5817,364,1
64505,6,0
93813,98,0
52232,269,0
48278,1197,0
15898,616,0
80921,351,0
93544,179,0
55889,1279,0
19231,21,0
84910,1200,0
75567,1272,0
59320,15,0
985,109,1
62423,24,0
2833,621,1
68746,0,0
84354,87,0
883,21,1
124,41,1
82779,1124,0
1604,737,1
79216,41,0
102823,877,0
1401,593,1
2680,1363,1
101883,177,0
1333,129,1
55579,12,0
2606,423,1
5096,1197,1
7988,394,0
88952,776,0
365,255,1
58848,58,0
80344,144,0
190,464,1
3240,5,1
298,6,1
74171,995,0
3402,177,1
46455,21,0
81838,1124,0
69492,1361,0
3308,82,1
53746,776,0
47,431,1
2497,109,1
71923,682,0
53314,885,0
1288,125,1
103369,98,0
52160,263,0
1887,21,1
1835,882,0
2429,40,0
105579,189,0
98377,394,0
8797,533,0
94236,97,0
73,818,1
52994,791,0
55614,76,0
65798,792,0
249,376,1
17520,74,0
334,80,1
5944,1074,1
2908,885,1
898,38,1
75,180,1
1521,21,1
53665,347,0
801,1296,1
1753,114,1
2212,0,1
784,68,1
5926,1202,0
72353,233,0
4007,16,1
74992,621,0
80053,105,0
88235,429,0
3769,992,1
47769,12,0
1000,76,1
64310,39,0
4768,1197,1
115,21,1
1418,364,1
70248,220,0
2602,482,1
82929,955,0
1240,39,1
138,205,1
3344,44,1
76,510,1
3561,45,1
80163,297,0
1618,172,1
1517,18,1
4533,124,1
83228,12,0
72849,47,0
65418,109,0
4801,1198,1
2523,109,1
85802,128,0
76904,1394,0
1367,38,1
1644,37,1
5551,1197,1
55902,220,0
336,233,1
75104,205,0
3109,877,1
85789,404,0
72260,288,0
19,305,1
3396,128,1
91984,347,0
88133,1,0
139,91,1
87428,1200,0
64668,21,0
55,29,1
50152,1207,0
55749,6,0
1207,0,1
4612,795,1
114,791,1
86020,281,0
1154,177,1
78752,109,0
77142,152,0
5355,431,1
61280,974,0
163,9,1
388,207,1
1092,252,1
100863,568,0
2718,21,0
89,297,1
21986,1224,0
1442,297,1
262,189,1
784,76,1
51558,263,0
63356,6,0
902,504,1
101,255,1
466,451,1
87213,56,0
1174,21,1
69679,47,0
957,771,1
1438,160,0
1768,61,1
841,1218,1
1742,791,1
127,170,1
587,1197,1
62,109,1
698,84,1
1681,9,1
51327,145,0
76503,1197,0
96986,155,0
55191,16,0
2290,1,1
4651,1176,1
3797,331,1
105390,12,0
68881,89,0
68816,44,0
68396,157,0
82239,39,0
68911,78,0
3284,954,1
4947,1196,1
26760,944,0
95709,202,0
349,386,1
83546,13,0
3512,82,1
1364,426,1
60656,431,0
79651,9,0
157,263,1
2476,961,1
2446,73,1
79497,961,0
89609,246,0
105499,37,0
163,1124,1
2275,744,1
91815,109,0
11277,795,0
51883,67,0
4451,431,1
54130,1315,0
87788,252,0
1123,362,1
60406,192,0
513,24,1
76220,510,0
216,139,1
987,253,1
3670,225,1
94553,1237,0
62177,1030,0
68493,3,0
92930,36,0
103365,192,0
53417,217,0
1907,45,1
106051,40,0
28169,150,0
2148,209,1
55097,58,0
2823,452,0
188,340,1
618,364,1
276,98,1
5249,1197,1
2126,114,1
72210,24,0
12925,504,0
326,87,1
87290,647,0
3636,137,1
500,67,1
1088,391,1
682,252,1
127,283,1
3528,1394,1
77658,40,0
108,587,1
22890,1057,0
90215,172,0
43650,47,0
102658,1318,0
62177,1253,0
149,597,1
1910,673,1
67687,1197,0
46477,672,0
1133,53,1
58589,5,0
85639,1207,0
1640,518,1
103271,1196,0
85851,769,0
72772,468,0
101452,253,0
1914,455,1
71483,504,0
105447,961,0
70086,78,0
63994,37,0
2086,264,1
9429,114,0
1298,155,1
1158,0,1
1917,186,1
56,1210,1
92358,16,0
84087,150,0
1403,283,1
66252,948,0
931,546,1
57915,774,0
134,35,1
99247,1194,0
4488,458,1
5923,58,1
12714,97,0
7970,201,0
47275,105,0
57180,39,0
547,321,1
2516,331,1
96586,13,0
2820,4,1
347,156,0
6414,234,0
2050,997,1
157,141,1
75984,105,0
70995,1207,0
261,949,1
22713,89,0
474,1207,1
902,157,1
1944,41,1
1682,288,1
232,4,1
503,44,1
2486,966,1
76748,33,0
89545,72,0
86754,297,0
331,300,1
55857,37,0
35245,589,0
5143,1197,1
5758,657,1
83681,394,0
1427,688,1
89737,792,0
115,180,1
1350,37,1
1136,409,1
93092,233,0
1521,943,1
4143,1207,1
559,248,1
2314,13,1
222,61,1
85,245,1
5294,458,1
175,270,1
103,1194,1
1437,394,1
2236,1207,1
1648,6,1
3929,521,1
4112,21,1
10801,171,0
756,16,1
1033,1026,1
63928,984,0
92969,160,0
331,303,1
98844,66,0
62469,269,0
4755,776,1
98335,45,0
3256,18,1
1108,33,1
47035,1194,0
4069,884,1
105342,431,0
68638,41,0
68546,431,0
389,362,1
88545,403,0
101909,109,0
75029,35,0
1677,35,1
67289,5,0
46967,0,0
3110,1200,1
4051,21,1
629,175,1
5313,92,1
1501,76,1
84868,6,0
84873,98,0
61806,434,0
3257,16,1
72078,100,0
11782,245,0
1243,21,0
92442,673,0
60399,45,0
105627,4,0
2169,0,1
54238,445,0
100186,318,0
156,44,1
60704,109,0
4284,424,1
1491,859,1
8858,950,0
76,247,1
1364,955,1
3321,9,1
1493,292,1
62306,763,0
51779,5,0
346,24,1
63064,824,0
1051,105,1
69925,114,0
98642,21,0
75271,138,0
81031,21,0
5275,1207,1
4343,3,1
70852,98,0
3064,160,1
3010,445,1
52103,124,0
93793,97,0
5122,1197,1
52,246,1
56142,221,0
18605,1124,0
2210,0,1
104399,109,0
314,0,1
578,510,1
68280,9,0
86686,962,0
77103,149,0
101849,1198,0
3001,292,0
106,614,1
68451,506,0
71587,58,0
2652,458,1
72759,65,0
127,15,1
59805,47,0
70380,172,0
1701,258,1
68246,12,0
47712,112,0
74648,201,0
578,189,1
3406,149,1
86505,579,0
1125,79,1
77148,12,0
227,263,1
2529,47,1
261,157,1
969,533,1
90987,44,0
93947,776,0
557,579,1
64630,21,0
163,942,1
1536,9,1
11,1207,1
56,33,1
542,13,1
2441,1394,1
63,84,1
469,144,0
547,84,0
730,407,1
99064,1075,0
1910,506,1
56,183,1
4385,1207,1
4151,878,1
5314,478,1
3229,233,1
312,150,1
6253,29,1
83579,41,0
89974,1076,0
1606,394,1
1645,541,1
2,1207,1
2230,795,1
49670,53,0
1701,404,1
64473,112,0
89404,1075,0
550,488,1
302,21,1
84386,1207,0
3633,78,1
173,905,1
40024,17,0
225,429,1
17264,145,0
54942,61,0
1684,761,1
1549,394,0
94775,961,0
2953,1124,1
37689,1196,0
47701,203,0
67997,89,0
64320,281,0
3263,45,1
96537,1198,0
1669,327,1
1491,156,1
588,376,1
1227,44,1
2787,263,1
116,1,1
3428,40,1
1288,1257,1
93593,37,0
71042,21,0
1063,263,1
68244,1093,0
5202,961,0
722,456,1
2765,13,1
63627,502,0
89096,58,0
1908,1094,1
51718,1290,0
1471,4,1
73587,1198,0
1366,424,1
244,770,0
52676,111,0
1866,316,1
4623,1124,1
55411,776,0
5700,150,1
497,616,1
423,776,1
79325,91,0
84777,72,0
2823,955,1
66780,76,0
67449,72,0
80792,472,0
87299,177,0
131,119,1
1367,200,1
95487,259,0
1854,21,1
987,141,1
53581,593,0
77468,235,0
63551,391,0
5057,1199,1
1393,4,1
4175,464,1
2820,673,1
188,91,1
86662,230,0
1312,13,1
37484,170,0
68228,606,0
2505,129,1
4795,172,0
2459,859,1
71232,1324,0
497,943,1
32520,40,0
100486,174,0
3595,3,1
22738,182,0
69367,394,0
557,1285,1
1332,138,1
80551,203,0
1691,13,1
2421,220,1
4297,207,1
5583,40,1
2335,21,1
71,151,0
84906,1124,0
47467,61,0
71101,1304,0
1109,194,1
99439,44,0
82308,394,0
894,207,1
267,137,1
1962,13,1
78472,1429,0
4303,1394,1
1061,424,1
10973,247,0
930,40,1
2517,705,1
1478,21,1
3036,541,1
59814,125,0
2068,776,1
210,163,1
33185,35,0
587,58,1
53499,229,0
995,473,1
99685,9,0
102070,5,0
2994,256,1
2443,892,1
95153,38,0
50277,269,0
66145,21,0
80461,150,0
95401,1308,0
121,1197,1
31039,433,0
95434,941,0
2444,401,1
75729,8,0
74497,109,0
61089,105,0
92,33,1
54934,57,0
5694,1198,1
66,429,1
78435,1207,0
2033,12,1
4291,477,1
48030,1296,0
43,269,1
1615,13,1
312,352,1
100584,177,0
85894,961,0
2088,1202,1
97142,262,0
77491,1197,0
1671,21,1
133,431,1
68045,321,0
2823,35,1
49193,151,0
95720,152,0
98822,246,0
91596,109,0
47994,150,0
84522,288,0
75,401,1
5316,776,1
2124,91,0
75533,1075,0
103464,73,0
100579,182,0
3535,149,1
204,1194,1
18597,47,0
79217,28,0
1124,394,1
2327,0,1
69170,424,0
80984,80,0
93648,160,0
1399,456,1
71526,906,0
1466,458,1
89,160,1
1493,41,1
83775,1200,0
92334,73,0
74830,818,0
72907,297,0
92213,1,0
1890,40,1
96419,426,0
3378,950,1
99589,45,0
4337,1197,1
75670,4,0
73447,1122,0
1435,488,1
3009,40,1
96234,40,0
18487,245,0
23290,342,0
106047,47,0
5538,362,1
2954,318,1
3818,232,1
1131,342,1
804,795,1
96072,206,0
52734,1197,0
61720,202,0
48823,16,0
1205,234,1
50303,9,0
4177,245,1
30,37,1
28831,91,0
1348,9,1
1665,40,1
1398,950,1
256,58,1
90432,246,0
518,58,1
139,481,1
106,109,1
2412,24,1
59541,1197,0
100769,318,0
1810,33,1
51644,954,0
36125,1193,0
3314,84,1
1706,460,1
101299,1207,0
53590,125,0
3563,24,1
55658,91,0
505,175,1
2997,1193,1
84090,124,0
1032,259,1
54608,951,0
83548,145,0
94489,138,0
21726,189,0
1650,429,1
2390,1198,1
97401,1,0
3026,0,1
3569,180,0
2412,776,1
47861,40,0
69527,403,0
102747,140,0
821,16,1
1798,189,1
314,776,1
2412,114,1
46962,710,0
44244,184,0
76077,0,0
78945,1032,0
50512,154,0
5956,58,1
96411,941,0
69951,820,0
173,1197,1
3236,351,1
2367,344,1
77341,231,0
59408,37,0
1380,221,1
33360,1024,0
1501,73,1
1554,220,1
26,304,1
616,533,1
5770,1124,1
83347,105,0
66597,252,0
23259,1193,0
1526,109,1
4304,1198,1
1491,45,1
55833,897,0
1350,1199,1
1157,21,1
4252,255,1
7053,522,0
81250,145,0
88870,171,0
3581,4,1
82387,776,0
1890,41,1
87920,460,0
2722,4,1
83622,107,0
360,12,1
5056,78,0
99478,1031,0
2669,24,1
1536,35,1
2817,91,1
614,111,1
79548,45,0
52161,79,0
167,53,1
81638,64,0
64265,548,0
86346,327,0
97594,3,0
829,316,1
79969,38,0
1263,1025,1
92,69,1
3300,89,1
188,681,1
139,177,1
97476,1073,0
94593,282,0
1979,33,1
78540,0,0
2374,130,1
146,109,1
3578,105,1
81287,431,0
4243,39,1
61481,38,0
96372,784,0
90059,976,0
4870,1312,1
86703,791,0
1618,337,1
2549,74,1
3279,91,1
38156,468,0
64612,283,0
3580,40,1
2043,149,1
2668,859,1
783,41,1
1348,177,1
66916,40,0
3378,21,1
75413,1326,0
586,40,1
968,828,1
4634,1196,1
56,114,1
74494,12,0
80040,39,0
313,36,1
90222,13,0
93,1210,1
83448,351,0
902,1244,1
73888,376,0
49176,57,0
32268,150,0
1914,21,1
247,472,1
100,156,1
70686,431,0
70295,0,0
68727,199,0
31,89,1
6716,1012,0
4209,800,1
105098,9,0
85131,969,0
127,263,1
52760,1196,0
101119,156,0
60,262,1
15935,1252,0
1911,391,1
56202,109,0
775,1,1
103195,109,0
156,9,1
1218,1122,1
78776,877,0
387,246,1
197,97,1
5990,823,0
82275,433,0
144,1198,1
3589,431,1
285,379,1
60097,1207,0
1662,431,1
80449,21,0
72069,177,0
71451,252,0
349,87,1
78712,40,0
845,1,1
5995,1079,1
88078,109,0
54453,500,0
99312,98,0
65551,78,0
47800,255,0
2885,157,1
1536,0,1
87514,74,0
72040,776,0
54995,1210,0
3250,36,1
458,177,1
55453,68,0
1367,74,1
1197,71,1
61098,0,0
43298,61,0
16785,391,0
1269,18,1
21885,468,0
73974,531,0
83378,430,0
82300,460,0
724,1309,1
128,0,1
2364,12,1
200,53,1
1650,41,1
2022,150,1
3685,41,1
47332,91,0
80732,582,0
66582,1,0
1450,1308,1
1618,5,1
1169,331,1
3010,118,1
784,247,1
19990,139,0
50262,351,0
1403,21,1
2668,464,1
60922,33,0
62667,172,0
2033,98,1
84825,41,0
4889,1196,1
7728,455,0
89742,5,0
84679,68,0
96753,36,0
81595,1207,0
93292,12,0
578,621,1
82590,76,0
3563,942,1
1000,65,1
724,538,1
71164,434,0
72416,1207,0
1164,39,1
77947,47,0
884,72,1
59442,179,0
1365,160,1
69328,72,0
93431,35,0
1365,206,1
61272,158,0
47284,394,0
1455,65,1
222,0,1
60711,404,0
85997,8,0
52,41,1
29,47,1
320,119,1
2993,255,1
82079,92,0
85392,47,0
95092,795,0
57668,36,0
115,24,1
47588,40,0
1173,1124,1
67408,680,0
1057,114,1
3288,1079,0
24043,153,0
1668,12,1
65346,84,0
48191,44,0
70794,6,0
128,202,1
1934,4,1
2511,434,1
10106,233,0
995,1198,1
453,269,0
59839,480,0
56564,12,0
77502,57,0
2885,401,1
534,29,0
89292,98,0
995,253,1
92605,114,0
163,1,1
3989,878,1
5170,1198,1
2181,1241,1
47053,1207,0
785,256,1
82349,173,0
31,248,1
78660,482,0
2478,394,1
4338,84,1
4066,61,1
2169,776,1
59324,35,0
3501,44,1
456,1244,1
5975,1456,1
1367,506,1
65289,776,0
73086,41,0
73,548,1
73782,233,0
1367,150,1
94925,13,0
58934,682,0
100226,430,0
724,1299,1
81694,375,0
2300,37,1
50625,158,0
52,91,1
56836,1309,0
86544,74,0
59461,693,0
1536,37,1
99181,199,0
2863,16,1
1044,447,0
63615,180,0
95415,36,0
94835,431,0
105192,89,0
1288,608,1
80748,245,0
4853,351,0
64751,431,0
91214,788,0
34844,149,0
1188,58,1
317,45,1
64829,172,0
83206,179,0
225,207,1
52424,877,0
43451,270,0
48227,1165,0
1035,373,1
79254,35,0
4073,256,1
1904,961,1
1288,246,1
71,40,1
644,442,1
45637,9,0
915,231,1
2108,145,0
88551,394,0
1631,1,0
100521,171,0
52554,304,0
63602,282,0
88576,122,0
1620,602,1
233,245,1
7,1223,1
19766,74,0
83,173,1
4537,91,1
50046,344,0
85548,24,0
902,114,1
1691,1073,1
1517,214,1
23,16,1
69471,423,0
2189,375,1
5461,78,1
28,1197,1
91889,333,0
48608,35,0
2005,246,1
47840,21,0
1406,1145,0
73315,13,0
95198,91,0
1978,529,1
81285,252,0
66108,65,0
2820,40,1
225,21,1
251,327,1
95058,245,0
100605,13,0
679,217,1
92166,97,0
238,39,1
82106,13,0
59429,776,0
1921,40,1
60338,1198,0
68077,89,0
4296,74,0
69982,431,0
225,105,1
51424,150,0
584,6,1
65181,586,0
336,1448,1
1684,764,1
1465,13,1
102708,460,0
3428,24,1
45,54,1
2885,942,1
1061,776,1
10073,29,0
314,1280,1
43698,882,0
81785,31,0
1674,297,1
47402,35,0
89115,38,0
31,141,1
6057,1200,1
631,347,1
89328,41,0
2,1194,1
456,68,1
437,153,1
61,1198,1
62192,944,0
6059,1500,1
1602,150,1
48796,129,0
1632,36,1
13569,37,0
581,375,1
5364,173,1
73243,177,0
929,40,1
8438,21,0
14017,245,0
5643,1429,1
383,3,1
68999,58,0
4771,768,1
52730,431,0
2602,621,1
686,431,1
1362,410,1
49581,173,0
66342,431,0
197,12,1
3999,452,1
71779,111,0
1671,41,1
51697,58,0
87679,342,0
57656,1018,0
70737,1200,0
21002,394,0
89669,636,0
62491,21,0
112,112,1
49144,48,0
65115,1207,0
17460,73,0
188,21,1
644,694,1
917,74,1
1078,203,1
104040,74,0
5228,1391,1
86110,776,0
2383,379,1
4838,1197,1
67628,304,0
85079,170,0
327,231,1
5850,61,1
270,269,1
1332,145,1
3753,304,1
38343,248,0
1020,196,1
91,56,1
17283,12,0
258,205,1
2885,233,1
56413,1197,0
3034,169,1
127,13,1
83187,172,0
302,189,1
3284,21,1
5485,913,1
207,149,1
3931,344,1
578,885,1
902,503,1
1056,1237,1
60568,103,0
2364,654,1
912,859,1
104917,394,0
31184,225,0
99072,1210,0
4276,16,1
51275,1198,0
68079,255,0
97,79,1
676,1315,1
68283,424,0
97638,109,0
5448,878,1
13866,520,0
1372,800,1
72803,33,0
88395,270,0
4591,270,1
884,172,1
184,296,1
317,1197,0
67885,184,0
1768,4,1
57199,54,0
51625,615,0
2721,9,1
207,35,1
1399,41,1
87854,45,0
1521,759,1
53,253,1
77162,283,0
52,401,1
51,1198,1
686,118,1
3101,283,1
97729,98,0
249,382,1
64890,24,0
6082,1198,1
2905,252,1
2457,431,1
437,263,1
58932,884,0
97179,58,0
3304,269,1
1302,112,1
1463,215,1
69474,500,0
80783,38,0
1087,364,1
188,877,1
456,76,1
2422,17,1
388,255,1
79594,754,0
45356,283,0
2200,6,1
2815,1261,1
68530,197,0
75,910,1
1882,465,1
1695,956,1
77422,263,0
57885,41,0
71,36,1
98324,1074,0
102523,41,0
80473,1200,0
995,269,1
1689,205,1
1367,1012,1
102135,1197,0
66446,1,0
450,1241,1
2365,47,1
2818,82,1
2519,109,1
1040,776,1
16918,35,0
4893,928,1
98406,618,0
49641,405,0
50308,6,0
1017,4,1
4523,21,1
80823,822,0
1618,12,1
58386,225,0
94384,389,0
103924,140,0
83,61,1
1327,114,1
66933,502,0
2831,186,1
58555,206,0
239,394,1
1169,458,1
128,155,1
456,41,1
87915,49,0
346,177,1
65684,464,0
699,3,1
69978,2,0
928,282,1
320,118,1
1616,114,1
415,41,1
1689,35,1
4261,997,1
1232,194,1
100567,9,0
2820,82,1
575,953,1
133,1311,1
78529,21,0
257,192,1
4307,6,1
2821,220,1
186,137,1
98409,344,0
96715,1261,0
112,12,1
15423,1194,0
97902,44,0
4580,220,1
172,21,1
1450,24,1
5561,882,1
1345,394,1
85210,454,0
3279,97,1
82462,91,0
358,64,1
83641,92,0
18,1001,1
96096,179,0
72866,189,0
113,460,1
47597,118,0
94089,1197,0
12759,431,0
37381,1198,0
2618,80,1
19,48,1
51671,109,0
54482,13,0
1004,1124,1
64352,21,0
584,220,1
1080,129,1
78049,9,0
1000,15,1
2490,21,0
1175,3,1
78787,954,0
1508,1207,1
1517,139,1
84575,283,0
503,68,1
38674,9,0
64472,39,0
1063,621,1
70195,710,0
100151,1198,0
270,17,1
75149,213,0
8732,109,0
3273,28,1
1604,152,1
1768,97,1
2793,9,1
3129,776,1
2908,884,1
84420,128,0
5978,33,1
86485,47,0
43,270,1
5473,45,1
2017,97,1
1617,776,1
49430,44,0
70773,1144,0
89866,878,0
65517,1249,0
1971,177,1
20665,246,0
79619,818,0
64523,501,0
2772,1336,0
66208,109,0
98565,6,0
70751,39,0
5424,693,1
948,440,1
60957,297,0
559,247,1
66603,221,0
959,1479,1
2703,206,1
252,1124,1
102257,76,0
2631,379,1
74457,105,0
1401,340,1
1643,65,1
50628,961,0
74503,21,0
102435,24,0
4560,39,1
58290,1032,0
157,1207,1
49791,1176,0
71252,1207,0
79576,238,0
88,78,1
2310,173,1
13421,281,0
30413,1199,0
67794,89,0
4452,431,1
50348,205,0
875,256,1
5461,21,1
94070,91,0
499,327,1
1350,201,1
84592,125,0
157,229,1
300,482,1
2095,394,1
2787,9,1
47972,80,0
93684,221,0
3829,76,1
75556,1043,0
3116,1207,1
1306,80,1
789,114,1
1507,4,1
1910,186,1
71993,394,0
101116,57,0
65480,189,0
1668,128,1
1205,39,1
156,283,1
5909,64,1
1410,33,0
64164,44,0
126,205,0
40017,73,0
440,138,1
52549,213,0
2196,39,1
23,1102,1
100278,124,0
1374,5,1
68406,33,0
48218,305,0
3143,583,1
52663,1124,0
2248,138,1
52311,460,0
93880,41,0
48098,246,0
65927,424,0
3563,954,1
1636,61,1
44004,38,0
58623,1198,0
48296,45,0
1934,1194,1
100250,65,0
1798,44,1
1000,803,1
78484,776,0
101004,233,0
2511,255,0
63485,151,0
67939,221,0
59915,21,0
1696,39,1
83659,133,0
71560,433,0
81073,0,0
3695,172,1
356,21,1
5815,776,1
72784,1198,0
1364,206,1
4618,29,1
66700,97,0
9429,139,0
554,319,1
79488,6,0
2549,0,1
99611,1009,0
4552,5,1
86498,1073,0
486,424,0
64774,1198,0
2897,306,1
59563,200,0
1246,175,1
72357,669,0
250,221,1
55483,179,0
31,177,1
88995,256,0
2737,41,1
97235,24,0
48,1193,1
100355,252,0
84502,30,0
101153,119,0
97395,67,0
93682,169,0
81999,40,0
96322,464,0
90009,1197,0
71144,78,0
72135,64,0
734,473,1
18558,145,0
365,4,1
64548,105,0
3679,9,1
8849,1200,0
1703,615,1
78976,1456,0
5369,4,1
15436,160,0
20,747,1
72197,1,0
5363,1,1
3339,9,1
1398,72,1
789,253,1
92995,1010,0
18,324,1
4843,1210,1
940,6,1
4100,189,0
1350,40,1
1775,39,1
78120,578,0
65712,270,0
2993,114,1
76153,619,0
1808,4,1
5346,9,1
1070,201,1
1689,98,1
1648,150,1
4831,1210,1
100079,213,0
68,220,1
3016,388,1
1540,308,1
80064,1396,0
1651,186,1
28646,64,0
84058,149,0
710,213,1
2554,33,1
1040,172,1
987,1257,1
34143,29,0
2216,306,1
101533,248,0
11438,806,0
127,173,1
49911,141,0
81159,44,0
9145,1210,0
3518,2,0
51215,97,0
72794,40,0
5016,175,1
1582,1224,1
78029,1197,0
615,259,1
95410,431,0
71,4,1
413,1198,1
61579,24,0
11876,41,0
62197,2,0
3161,1207,1
3139,41,1
101021,282,0
29501,177,0
1065,1222,1
1841,110,0
98427,968,0
746,21,1
948,1200,1
101375,0,0
59494,429,0
60450,33,0
78949,41,0
149,40,1
1040,36,1
4486,39,1
1333,79,1
69,467,1
68257,171,0
80695,35,0
3137,258,1
2045,67,1
13491,24,0
1631,67,1
3669,79,1
2431,109,1
86689,21,0
86683,961,0
3150,8,1
83017,105,0
66837,513,0
34170,339,0
104917,79,0
81255,78,0
73782,214,0
2549,950,1
2128,155,1
94703,0,0
1615,203,1
70801,68,0
346,0,1
6964,44,0
4662,332,1
764,12,1
90870,431,0
47272,6,0
97426,824,0
22376,445,0
96652,252,0
96787,37,0
130,258,1
37188,4,0
288,130,1
101526,579,0
59776,129,0
2068,0,1
248,994,1
207,38,1
1204,205,1
279,285,1
56918,1396,0
49214,61,0
15010,1207,0
97546,79,0
47398,71,0
523,305,1
101552,9,0
1690,105,1
1463,312,1
96462,217,0
6031,3,1
8470,9,0
76615,65,0
61859,283,0
370,4,1
61802,129,0
1429,80,1
2575,18,1
88867,478,0
100326,943,0
286,214,1
995,129,1
1781,119,1
56543,800,0
2956,480,1
61976,160,0
3333,607,1
1347,139,1
344,58,1
242,1394,1
3195,173,1
66152,976,0
95956,253,0
83137,40,0
75806,506,0
2605,1197,1
84488,128,0
76231,344,0
353,1,1
1508,1197,1
80777,24,0
1448,58,1
4386,889,0
249,149,1
1001,79,1
680,141,1
79807,12,0
352,53,1
89663,431,0
46966,680,0
51057,885,0
87327,24,0
1662,281,1
331,1453,1
4378,18,0
253,66,1
557,97,1
1695,953,1
1631,68,1
2551,109,1
1615,149,1
57376,21,0
1363,534,1
1652,776,0
95838,170,0
5817,318,1
5984,1457,1
2435,3,1
637,394,1
1512,5,0
4202,8,0
93338,89,0
65333,394,0
49,158,1
81233,0,0
98502,207,0
64262,4,0
88561,177,0
2326,623,0
719,98,1
90558,486,0
752,434,1
60456,199,0
85340,3,0
1288,253,1
102482,1074,0
81116,961,0
88552,253,0
3036,58,1
2919,806,1
568,392,1
4553,518,1
284,45,1
88851,91,0
416,269,1
10385,602,0
93078,39,0
587,3,1
1731,6,1
35704,61,0
93117,826,0
437,233,1
253,57,1
105195,1194,0
157,548,1
70334,217,0
56337,995,0
697,361,1
82735,953,0
1548,269,1
82647,685,0
5584,109,1
68353,305,0
1550,150,1
2542,555,1
92990,431,0
4256,82,1
2240,150,1
1882,124,0
2718,518,1
2160,47,1
1615,1484,1
1464,621,1
4513,4,1
87532,217,0
1367,231,1
66820,259,0
55693,114,0
48597,109,0
2086,189,1
336,460,1
66086,190,0
1463,78,1
81379,97,0
64147,24,0
83414,283,0
5695,105,1
34614,114,0
3353,36,1
4397,431,1
6246,29,1
2579,50,1
5416,139,1
423,948,1
302,37,1
96823,155,0
71658,263,0
576,13,1
1414,221,1
1212,1200,1
618,403,1
2061,1093,1
5339,5,1
1674,98,1
2223,18,1
1696,40,1
917,961,1
90875,21,0
1302,332,1
1365,276,0
516,380,1
3135,58,1
84242,73,0
1242,137,1
64709,747,0
14883,45,0
4958,364,0
5978,38,1
503,13,1
1193,21,0
48899,12,0
194,404,1
67519,401,0
116,943,0
438,109,1
19867,808,0
1758,783,1
4781,1221,1
60682,38,0
2638,47,1
5314,6,1
1288,217,1
65557,1236,0
424,109,1
83827,150,0
25718,124,0
58436,21,0
1365,593,1
3159,15,1
207,33,1
5339,6,1
2372,636,1
922,41,1
385,4,1
56961,456,0
2315,1198,1
84379,21,0
2896,363,1
73492,1,0
79286,6,0
2789,41,1
1288,151,1
48313,177,0
253,1198,0
2175,80,1
1221,331,0
96443,283,0
465,460,1
86734,61,0
824,394,1
50510,1228,0
4212,172,1
51310,175,0
182,1197,1
1205,233,1
2167,375,1
336,1394,1
751,281,1
104443,9,0
81245,21,0
894,9,1
3960,109,1
48548,1210,0
1521,255,1
1046,114,1
143,182,1
1487,141,1
2145,1197,1
1014,125,1
104643,12,0
80299,347,0
65939,9,0
3627,40,1
102445,1124,0
3208,38,1
64224,621,0
105218,177,0
51325,129,0
966,180,1
86201,965,0
95283,504,0
902,58,1
917,217,1
1313,89,1
101406,456,0
2559,1001,1
1078,190,1
233,263,1
101641,33,0
99786,805,0
87767,9,0
101834,12,0
64569,233,0
124,45,1
95399,114,0
428,6,1
1491,97,1
23229,458,0
1672,270,1
75,252,1
96106,351,0
2784,1207,1
87836,196,0
25525,859,0
5951,38,1
3535,1198,1
55613,232,0
315,109,1
175,16,1
1791,943,1
57643,189,0
69067,510,0
35456,282,0
62027,98,0
98765,1198,0
2434,98,1
7782,40,0
100605,4,0
2522,194,1
61463,44,0
89020,331,0
67776,404,0
751,256,1
74257,382,0
2752,19,1
76916,175,0
99138,205,0
1491,504,1
69937,394,0
9474,45,0
56,905,1
6085,21,1
48816,48,0
1398,58,1
2140,79,1
71063,41,0
63205,244,0
94180,12,0
2822,21,1
2376,80,1
91759,57,0
1971,71,1
3044,4,1
912,936,1
82684,97,0
50896,40,0
1625,1207,1
56272,36,0
3812,269,0
91233,9,0
61846,1227,0
5057,177,1
1976,6,1
4658,431,1
175,1207,1
76876,4,0
60666,352,0
97772,943,0
191,1315,1
104374,424,0
75428,579,0
86339,456,0
10,57,1
92367,784,0
396,1224,1
94913,29,0
81196,643,0
67121,1249,0
98760,429,0
97845,9,0
144,881,1
1631,283,1
2925,9,1
64612,859,0
101387,1,0
64300,65,0
1163,1094,1
19856,245,0
3209,520,1
4472,5,1
4995,205,0
71156,445,0
1975,186,1
1690,189,1
92143,235,0
950,175,1
378,45,1
545,21,0
3678,13,1
1519,151,1
66360,21,0
3681,21,1
92355,220,0
98017,71,0
81955,41,0
69189,9,0
61,1394,1
77021,128,0
96443,54,0
104091,150,0
92895,1185,0
57548,394,0
300,855,1
1691,883,1
4472,671,0
1615,1394,1
34047,520,0
75501,739,0
3634,351,1
555,321,1
90968,155,0
78067,21,0
896,40,1
950,207,0
105051,221,0
30,859,1
686,195,1
2549,44,1
102314,41,0
78799,1193,0
5281,9,1
79015,1032,0
53946,1086,0
1700,792,1
57118,1075,0
48762,1251,0
542,315,1
1982,1199,1
108,520,1
66286,13,0
5740,478,1
86157,137,0
280,859,1
71642,233,0
968,174,1
35790,1124,0
924,882,1
3107,488,1
942,1147,1
88159,82,0
600,109,1
256,105,1
52,776,1
78486,205,0
351,487,1
81747,91,0
72344,882,0
79136,40,0
56923,124,0
4738,78,1
187,1207,1
1517,1224,1
79116,140,0
87401,41,0
2462,894,1
66518,89,0
4297,206,1
59690,12,0
59034,1196,0
4264,376,1
2557,1200,0
1269,394,1
70,376,1
3957,109,1
81171,38,0
1910,233,1
6913,1023,0
100,189,1
49729,401,0
725,206,1
222,193,1
52648,39,0
542,455,1
598,109,1
68480,0,0
1935,253,1
939,125,1
5224,1197,1
96500,543,0
2539,80,1
99598,109,0
72851,239,0
102283,1207,0
365,33,1
2611,16,1
73680,1010,0
83655,194,0
79163,24,0
94778,152,0
912,24,1
357,177,1
1205,189,1
84535,951,0
2028,57,1
63008,221,0
95587,18,0
70732,3,0
54905,80,0
3765,308,1
1336,555,1
97778,424,0
81290,203,0
2549,1,1
248,111,1
70515,848,0
1690,206,1
2622,41,0
65035,318,0
50656,129,0
450,1,1
7101,203,0
52378,1244,0
765,363,1
3366,504,1
1690,711,1
2345,129,1
56,140,1
317,255,1
56379,1210,0
69009,9,0
49649,434,0
4315,41,1
1758,1210,1
207,171,1
3934,877,1
3309,39,1
2176,410,1
1367,776,1
101786,39,0
2034,248,1
25807,1241,0
942,1194,1
1253,263,1
2,1396,1
317,58,1
68357,776,0
75113,16,0
346,98,1
94704,9,0
2126,203,1
26,213,1
83266,158,0
99333,710,0
103613,281,0
888,1443,1
541,1124,1
1572,351,1
51570,21,0
57731,207,0
53010,252,0
104661,693,0
724,40,1
2774,248,1
5231,1198,1
1333,1124,1
64619,1224,0
66930,24,0
214,3,1
91126,783,0
3229,0,1
560,327,1
4446,220,1
49291,16,0
417,84,1
1312,41,1
102714,151,0
884,36,1
94111,1199,0
7,47,1
95554,189,0
1314,67,1
4694,21,1
315,47,1
102578,72,0
61922,245,0
57418,456,0
500,306,1
256,74,1
987,600,1
613,844,1
89766,1035,0
96368,249,0
2206,141,1
5097,961,0
81,394,1
157,465,1
689,92,1
44760,13,0
76243,217,0
48968,149,0
1399,36,1
93433,616,0
49086,340,0
92191,171,0
85746,13,0
1851,39,1
80667,431,0
71040,582,0
36828,252,0
3617,53,1
81966,177,0
96637,44,0
52946,18,0
62635,1395,0
76551,245,0
4685,962,1
252,1338,1
64586,315,0
41556,285,0
4221,150,1
2213,21,1
51031,503,0
2621,878,1
99803,1074,0
93814,17,0
32511,21,0
2440,105,1
7673,177,0
4817,1194,0
100979,1207,0
60794,333,0
74376,433,0
910,217,1
1499,288,1
3333,105,1
2165,41,1
2412,36,1
66297,244,0
83043,491,0
39347,112,0
50200,40,0
1018,1,1
92615,58,0
63434,177,0
83182,270,0
917,39,1
77197,388,0
50810,344,0
57293,39,0
90709,8,0
90381,39,0
2017,503,1
3804,878,1
25,89,1
2240,179,1
65806,15,0
1631,984,1
99707,238,0
85,47,1
1807,533,1
102115,97,0
78490,24,0
387,89,1
3320,263,1
99457,36,0
54,15,1
4328,401,1
54755,64,0
102437,1073,0
1095,776,1
200,1207,1
57823,79,0
4514,248,1
89414,119,0
233,776,1
929,57,1
765,98,1
7007,344,0
1552,9,1
50312,189,0
1070,39,1
902,72,1
4954,1207,1
1693,631,1
11783,103,0
100621,125,0
2935,13,1
365,962,1
4472,169,0
2723,548,1
1658,488,1
94095,184,0
87015,64,0
1445,247,1
571,331,1
336,542,1
50915,189,0
84965,229,0
5913,921,1
51210,461,0
84293,150,0
4243,91,1
1190,39,1
6766,819,0
4294,12,1
53955,255,0
5386,693,1
56831,109,0
813,21,1
5981,97,1
618,401,1
76652,98,0
12736,1210,0
1826,480,1
98262,61,0
2929,259,1
88914,456,0
76884,784,0
1739,304,1
3897,87,1
104480,9,0
56,9,1
14491,16,0
1078,744,1
80801,283,0
89735,945,0
2741,155,1
6263,1200,0
101063,109,0
3329,394,0
65630,207,0
106051,973,0
89609,4,0
15575,170,0
259,18,1
87275,1075,0
49543,621,0
1530,58,1
3126,114,1
82154,9,0
67273,9,0
62068,21,0
88544,800,0
261,944,1
1699,9,1
67676,175,0
47184,189,0
135,1315,1
253,1197,1
3480,36,1
104121,1149,0
1545,431,1
2216,905,1
62542,186,0
644,78,1
101697,246,0
60950,12,0
88903,920,0
11053,170,0
65079,35,0
104462,41,0
47375,1197,0
157,24,1
111,105,1
2458,128,1
1484,13,0
72837,57,0
48069,170,0
90626,16,0
4404,1498,1
78016,743,0
456,352,1
2206,175,1
2061,1200,1
4812,1210,1
8831,78,0
38295,79,0
1674,253,1
995,9,1
1905,435,1
34812,194,0
77960,173,0
100241,217,0
1633,449,1
1760,91,1
1731,202,0
1753,217,1
2033,37,1
2429,463,1
10154,21,0
56846,105,0
902,984,1
3318,6,1
1939,263,1
1350,247,1
51721,69,0
615,258,1
256,464,1
4236,282,1
134,21,1
95268,456,0
72518,44,0
69710,24,0
86912,114,0
987,89,1
4136,1012,1
10,897,1
2798,129,1
1739,794,1
890,171,1
2100,19,0
5176,877,0
68793,171,0
31,337,1
102375,270,0
1541,15,1
188,272,1
66383,28,0
90851,114,0
57166,35,0
90909,455,0
3480,151,1
1041,78,1
87806,283,0
77520,431,0
67159,39,0
2412,158,1
3952,431,1
97121,217,0
944,40,1
68755,190,0
69907,878,0
2467,191,1
1506,177,1
92685,220,0
50906,57,0
1693,1198,1
25774,361,0
3227,124,1
1450,39,1
111,283,1
2223,1210,1
2439,91,1
284,431,1
9455,1202,0
14658,150,0
47703,37,0
17274,327,0
64262,809,0
3107,913,0
1270,1197,1
15638,207,0
1746,1207,1
1033,1198,1
89538,13,0
87383,776,0
15047,543,0
583,255,1
1101,175,1
85530,243,0
70014,827,0
9487,999,0
80727,76,0
3193,29,1
47,776,1
270,1185,1
188,1199,1
90141,473,0
156,1,1
104789,221,0
127,282,1
943,48,1
91172,80,0
51286,263,0
84544,927,0
17092,177,0
19728,247,0
101252,4,0
1365,103,1
2453,71,1
176,17,1
58517,522,0
3173,776,1
679,621,1
194,17,1
397,12,1
48707,129,0
2652,89,1
395,4,1
2451,124,1
90257,152,0
91998,41,0
4275,1,1
79194,18,0
50307,269,0
240,305,1
83577,1393,0
233,885,1
362,717,1
76075,18,0
135,139,1
5418,141,0
98132,759,0
63882,906,0
587,1210,1
32,150,1
74584,174,0
97526,170,0
6,9,1
83065,894,0
76484,78,0
66998,1244,0
101354,1396,0
105534,225,0
62434,82,0
73910,946,0
56867,783,0
59568,35,0
49326,9,0
82874,13,0
81880,905,0
1661,57,1
73451,37,0
336,380,1
5100,394,1
204,64,1
256,205,1
94057,38,0
4233,828,1
2034,246,1
98845,437,0
85255,180,0
21842,82,0
5303,13,1
1668,776,1
4464,1199,1
91520,45,0
4680,179,1
54960,89,0
966,172,1
86587,1207,0
66875,38,0
480,1314,1
52648,1,0
1348,114,1
2817,202,1
69311,151,0
1028,460,1
56196,808,0
101,252,1
2453,252,1
82039,189,0
57539,206,0
125,35,1
166,486,1
52377,45,0
82539,636,0
58534,137,0
19184,87,0
30,150,1
376,788,1
3173,73,1
61880,353,0
79659,71,0
124,822,1
88625,6,0
25484,6,0
101851,351,0
779,248,1
1674,859,1
49889,394,0
52,548,1
89152,1200,0
1381,206,1
59357,124,0
987,19,1
63159,1198,0
79759,9,0
89338,91,0
85905,79,0
1528,1194,1
86779,431,0
48750,201,0
99921,1207,0
54335,634,0
2531,16,0
59716,491,0
5938,251,1
2619,1307,1
94399,128,0
35,39,1
90611,150,0
75806,40,0
618,1015,1
74526,995,0
1098,172,1
82947,47,0
4470,431,1
2820,267,1
4303,5,1
63082,124,0
103520,309,0
1602,252,1
76,661,1
923,57,1
90574,155,0
49744,1198,0
99123,394,0
747,12,1
12607,913,0
779,193,1
4361,1217,1
61334,58,0
62045,953,0
894,71,1
70256,40,0
73864,1194,0
559,429,1
1812,44,1
100442,125,0
3644,45,1
2825,145,1
910,61,1
80532,1194,0
4514,233,1
72625,38,0
590,141,1
134,283,1
87904,199,0
60695,172,0
38,105,1
907,1433,1
3869,1207,1
97708,16,0
1563,800,1
922,13,1
73,305,1
2057,114,1
50281,249,0
1471,235,0
4874,1210,1
1222,24,1
61,404,1
105010,310,0
100448,9,0
1366,39,1
27564,945,0
105679,9,0
56313,111,0
83702,145,0
1348,21,1
2509,17,1
79525,431,0
66415,394,0
17295,1197,0
30454,1124,0
77935,156,0
157,40,1
421,194,1
61847,1207,0
53102,18,0
575,97,1
75558,3,0
53616,1222,0
320,468,1
5737,318,1
27274,0,0
68277,37,0
2618,784,1
61665,33,0
104283,394,0
18494,39,0
106172,252,0
1493,233,1
3493,882,1
557,1284,1
84542,458,0
1826,53,1
2827,1012,1
25,45,1
1288,247,1
1734,78,1
94575,61,0
1916,880,1
53391,486,0
60026,150,0
11,1194,1
2474,138,1
377,221,1
884,71,1
101,57,1
48806,784,0
2596,41,1
1336,306,1
498,256,1
2419,89,1
3543,150,1
46269,503,0
1367,520,1
84850,458,0
96861,961,0
19554,47,0
1365,4,1
43816,78,0
59885,206,0
73886,98,0
3258,16,1
944,247,0
87016,175,0
101875,6,0
70,387,1
82226,57,0
79422,229,0
121,1207,1
73501,21,0
47656,928,0
478,182,0
64642,823,0
74101,394,0
20656,374,0
66343,21,0
58622,961,0
79688,40,0
3273,47,1
83,882,1
315,1172,1
82164,1197,0
45,776,1
79055,1207,0
94901,202,0
2467,1198,1
2583,109,1
715,65,1
79381,973,0
94360,288,0
53011,1207,0
23564,1197,0
644,246,1
94837,1382,0
910,930,1
78665,239,0
58,64,1
253,41,1
2647,98,1
6121,256,1
3131,598,1
1967,194,1
60949,12,0
1968,4,1
59,152,0
94287,1433,0
5193,21,0
13248,248,0
45705,243,0
82045,37,0
2956,5,1
82964,12,0
32919,1210,0
106050,518,0
304,921,1
70599,431,0
222,192,1
190,776,1
2342,220,1
576,373,1
764,643,1
81871,994,0
96081,172,0
3902,1199,0
1175,820,1
57850,39,0
1996,1196,1
7,1,1
16053,21,0
53946,776,0
765,128,1
1350,292,1
78654,44,0
212,1481,1
92170,65,0
3217,776,1
3010,140,1
56792,109,0
55455,431,0
998,214,1
910,173,1
97599,58,0
76015,38,0
1556,39,1
85,281,1
1791,951,1
93208,227,0
66149,114,0
4721,431,1
2280,542,1
81038,980,0
317,13,1
4430,434,1
103,500,1
1491,39,1
101706,270,0
537,305,1
3007,673,1
86341,194,0
557,671,1
2956,455,1
1470,408,0
2671,173,1
3702,362,1
376,546,1
1035,433,1
569,21,1
3462,129,1
3097,173,1
58614,80,0
681,21,1
49,776,1
1188,24,1
26760,39,0
10401,47,0
1208,57,1
2131,4,1
1530,21,1
1111,917,1
91922,441,0
2435,140,1
191,66,1
178,13,1
112,220,1
96175,1017,0
49068,1210,0
2677,1435,1
106061,69,0
94539,91,0
3333,173,1
16,16,1
4477,961,1
102930,4,0
2407,109,1
239,39,1
937,37,1
77272,41,0
85,151,1
473,431,1
1391,109,1
1415,344,1
97494,248,0
48540,57,0
99932,78,0
61069,491,0
83044,13,0
233,40,1
99078,233,0
26,45,1
149,220,1
229,114,1
1631,44,1
28980,1197,0
77273,548,0
39,808,1
27540,220,0
648,47,1
73488,517,0
1008,44,1
2162,128,1
115,91,1
5346,256,1
71965,91,0
83565,431,0
92536,351,0
93385,877,0
2605,1198,1
497,580,1
339,1124,1
15436,129,0
63938,1198,0
52140,587,0
101918,21,0
1490,17,1
47667,430,0
1220,149,1
60016,784,0
67065,768,0
3066,217,1
59,431,1
49904,1197,0
87641,0,0
2554,145,1
591,551,1
99532,327,0
88296,776,0
99812,207,0
1904,431,1
351,616,1
583,170,1
48216,1197,0
85480,109,0
58301,281,0
313,1194,1
1503,61,1
71428,177,0
57745,87,0
93717,965,0
2086,98,1
127,114,1
84633,9,0
5232,31,1
552,1034,1
83021,483,0
1900,1396,1
76230,29,0
73544,233,0
85859,39,0
2608,191,1
3268,1198,1
682,74,1
84184,98,0
2844,307,1
191,460,1
90018,837,0
1090,1011,1
51642,317,0
1074,1101,1
297,313,1
78614,424,0
68631,323,0
4481,36,1
254,1210,1
3366,44,1
1886,994,1
2003,282,1
2200,73,0
5801,1207,0
3101,24,1
3469,78,0
56649,151,0
910,793,1
18570,207,0
69517,1258,0
225,45,1
61221,138,0
47796,124,0
28187,200,0
4581,410,1
2885,76,1
57034,21,0
4979,1197,1
102414,41,0
72569,1197,0
2616,379,1
456,263,1
2236,394,1
70,410,1
1708,41,1
73817,183,0
80326,142,0
102382,1443,0
11472,394,0
1398,9,1
73499,570,0
2765,76,0
99965,351,0
4023,878,1
50928,1198,0
104206,13,0
60303,859,0
3344,621,1
58999,0,0
746,24,1
90627,844,0
50879,1337,0
72164,29,0
51334,764,0
80592,231,0
154,73,1
80725,431,0
853,177,1
71807,13,0
63274,44,0
104725,1169,0
95271,256,0
818,431,1
293,139,1
2476,307,1
96026,6,0
98801,160,0
1647,29,1
1631,502,1
1928,84,1
565,40,1
2451,1269,1
5057,520,1
89382,245,0
92712,1207,0
62327,41,0
90407,177,0
233,177,1
99,1394,1
103945,458,0
91764,1400,0
87614,981,0
1120,376,1
1362,429,1
2885,150,1
3333,776,1
84507,109,0
6968,190,0
460,1207,1
681,936,1
1179,17,1
4345,57,1
61785,3,0
3480,621,1
2922,107,1
15031,149,0
4956,1196,1
49245,212,0
14846,200,0
57153,1197,0
1075,431,1
3129,38,1
81524,548,0
56773,31,0
50080,171,0
5473,283,1
49132,98,0
2434,160,1
6893,954,0
1306,24,1
65946,109,0
100656,581,0
63094,9,0
2885,946,1
51055,500,0
2451,18,1
47210,1196,0
61161,744,0
188,878,1
1036,1394,1
1224,1207,1
77695,40,0
3502,379,1
4242,21,1
53666,431,0
67,784,1
52915,39,0
3073,139,1
86116,6,0
578,67,1
96964,39,0
1847,186,1
72998,78,0
641,417,1
157,153,1
48711,12,0
13611,364,0
62919,9,0
98568,318,0
2446,157,1
55991,13,0
6538,1200,0
83498,1102,0
1448,525,1
56155,253,0
62246,546,0
488,303,1
6182,431,1
64590,991,0
2130,5,1
1602,109,0
50486,9,0
90005,220,0
2908,36,1
49546,1396,0
2668,45,1
14231,15,0
51673,209,0
1717,24,1
1872,217,1
1362,19,1
86354,114,0
68429,27,0
5057,61,1
12166,395,0
59463,263,0
2756,9,1
2820,39,1
2435,1,1
83581,125,0
204,1394,1
70474,1207,0
945,111,1
49394,40,0
1971,252,1
993,229,1
1618,73,1
1078,199,1
100,40,1
557,966,1
81713,250,0
2403,776,1
477,109,1
335,17,1
2268,488,1
253,1124,1
64238,38,0
219,58,1
921,35,1
1693,82,1
63413,220,0
92437,502,0
61889,12,0
248,474,1
86172,404,0
72303,351,0
47346,6,0
83641,39,0
320,64,1
50378,258,0
58374,138,0
4427,15,1
45,44,1
51728,177,0
5216,21,1
102443,270,0
18539,47,0
96273,452,0
1235,431,1
1485,230,1
104634,307,0
2158,961,1
616,12,1
65370,1073,0
928,283,1
576,40,1
47271,36,0
104553,78,0
5055,1197,1
3720,647,0
5556,21,1
70340,206,0
88789,180,0
98317,67,0
53378,249,0
73833,172,0
1396,45,0
97521,98,0
93549,114,0
84918,555,0
2561,231,1
1530,620,1
2718,480,1
74041,91,0
89492,344,0
2435,58,1
57127,41,0
75,1199,1
70245,962,0
87321,37,0
992,401,1
2033,36,1
4585,269,1
2789,114,1
80,27,1
583,339,1
49919,220,0
1689,33,1
86028,175,0
1812,71,1
559,21,1
63227,795,0
93306,177,0
67366,21,0
2189,69,1
75650,65,0
577,207,1
62677,29,0
29760,33,0
97957,283,0
4447,47,1
10702,41,0
225,57,1
81351,501,0
2885,504,1
2627,1207,1
88689,621,0
64906,109,0
96988,173,0
1046,61,1
262,217,1
1401,160,1
2885,72,1
48206,340,0
104,114,1
1583,582,1
172,1210,1
2850,1193,1
59673,776,0
3846,318,1
73,21,1
102058,671,0
125,911,1
90429,1197,0
134,74,1
58277,129,0
415,196,1
3095,1202,1
73563,253,0
1641,431,1
1618,502,1
75938,80,0
256,72,1
4125,41,0
893,150,1
124,19,1
101401,795,0
3341,150,0
1230,1479,0
75730,103,0
2476,1124,1
365,56,1
61495,69,0
1791,949,1
101336,122,0
82121,177,0
78962,253,0
1017,431,1
18904,245,0
415,39,1
1546,57,1
1136,1188,1
70559,897,0
1314,501,1
245,1198,1
62309,201,0
577,217,1
32,243,1
2020,233,1
6043,460,1
226,1202,1
3116,877,0
16543,156,0
1503,9,1
20530,79,0
82720,109,0
93310,37,0
2976,141,1
81105,305,0
2200,352,0
85117,98,0
3161,1198,1
83,263,1
2373,882,1
2045,74,1
74442,1197,0
78549,309,0
91815,943,0
1581,447,1
56508,68,0
5042,1197,1
91034,598,0
1450,114,1
62559,29,0
4247,253,1
74346,344,0
95553,285,0
48613,487,0
2471,1222,1
26404,247,0
74756,454,0
6893,215,0
3329,98,1
58040,220,0
916,73,1
9198,171,0
58040,9,0
276,39,1
1349,61,1
2440,160,1
5039,1207,1
935,5,1
3563,943,1
73463,41,0
2929,1450,1
76710,375,0
86662,110,0
89374,942,0
26,19,1
4687,125,1
1768,207,1
238,246,1
3577,274,1
233,621,1
87055,581,0
90358,44,0
2608,44,1
36,1001,1
77597,9,0
190,37,1
93025,321,0
3745,882,0
1220,776,0
100115,16,0
71,160,1
71416,1082,0
934,1207,1
63987,1200,0
59247,237,0
49762,523,0
983,31,1
64504,177,0
152,256,1
80818,399,0
4356,9,1
625,150,0
91241,1,0
1169,739,1
52625,9,0
80063,56,0
101801,80,0
2443,918,1
3021,21,1
1233,438,1
53155,431,0
70444,17,0
59996,21,0
1479,16,1
4630,798,1
65614,109,0
69758,339,0
48698,153,0
5390,270,1
1336,125,1
2208,846,1
77659,1227,0
95320,877,0
124,661,1
4482,9,1
73137,4,0
4100,13,0
149,41,1
1136,253,1
103815,878,0
23121,141,0
2027,48,1
423,941,1
51810,21,0
37434,74,0
69363,64,0
114,200,1
222,215,1
3128,776,1
818,468,1
909,1207,1
92,283,1
95402,480,0
64690,878,0
3809,270,0
3723,111,1
43230,74,0
561,776,1
53871,177,0
51250,97,0
39906,587,0
907,431,0
4678,431,1
182,13,1
4208,24,1
56977,6,0
1188,388,1
86507,44,0
114,97,1
51093,252,0
50320,233,0
100,39,1
587,114,1
91917,1197,0
79319,142,0
1074,1197,1
3563,160,1
7994,68,0
1760,776,1
69950,33,0
917,171,1
207,942,1
74282,103,0
18397,40,0
84989,124,0
83605,253,0
2046,44,1
13974,37,0
78546,283,0
64865,13,0
2535,16,1
1930,109,1
5148,1207,1
52888,197,0
83751,685,0
70756,78,0
557,621,1
2811,80,1
1630,39,1
25966,89,0
44004,186,0
1622,109,1
49792,776,0
102190,238,0
15648,318,0
102044,205,0
104913,58,0
27460,78,0
894,69,1
4962,1296,1
66483,64,0
72252,65,0
85273,1194,0
22648,621,0
79154,5,0
82537,347,0
83061,419,0
577,205,1
105229,1207,0
1336,111,1
1401,58,1
1572,41,1
76900,431,0
47360,9,0
7001,1399,0
58656,154,0
4455,686,1
82735,79,0
4211,776,1
101,776,1
1063,206,1
2244,98,1
3586,1394,1
2823,951,1
285,114,1
3244,82,0
2212,9,1
103176,39,0
82921,682,0
1640,394,1
97435,776,0
90893,29,0
51759,45,0
2129,13,1
45933,40,0
92947,281,0
2713,583,0
71800,92,0
748,681,1
84413,177,0
70208,13,0
78629,434,0
1528,1400,1
368,220,1
4345,776,1
102925,0,0
46797,207,0
226,78,1
4573,128,1
576,831,1
92368,16,0
100407,232,0
52407,150,0
59766,33,0
77942,171,0
3366,503,1
238,91,1
285,417,1
97250,980,0
2352,315,1
85778,205,0
85243,145,0
270,18,1
327,151,1
67056,41,0
112,111,1
320,433,1
93115,315,0
84958,1149,0
178,255,1
3284,945,1
77830,984,0
100052,66,0
128,648,1
58683,1196,0
75241,1207,0
84288,859,0
248,318,0
3562,190,0
1491,40,1
4192,621,1
5579,1306,0
76660,252,0
1781,776,1
2885,953,1
54485,21,0
52324,255,0
37355,35,0
5720,9,1
91364,45,0
1709,391,1
93648,1396,0
50716,45,0
64474,282,0
1465,551,1
32724,172,0
55670,0,0
15093,82,0
6608,1207,0
442,109,1
3480,74,1
56208,1394,0
1334,431,1
96,31,1
1080,258,1
2577,128,1
6731,1257,0
86254,21,0
302,503,1
8416,808,0
25,1005,1
75953,21,0
88865,177,0
56319,529,0
68640,339,0
2446,76,1
61535,130,0
70950,262,0
644,424,1
575,24,1
94512,33,0
57094,1200,0
131,824,1
2248,145,1
5034,1207,1
222,300,1
53605,673,0
25558,256,0
76,207,1
74003,282,0
436,58,1
300,736,1
81606,239,0
52672,621,0
349,410,1
1377,1306,1
83457,252,0
2386,304,1
2854,82,1
96992,1194,0
8553,248,0
71056,145,0
57293,91,0
57143,109,0
917,152,1
57190,44,0
98495,186,0
19158,21,0
593,1311,1
59237,776,0
94746,33,0
97215,389,0
102377,270,0
104490,109,0
5123,1197,1
82990,4,0
21626,248,0
1517,806,1
1664,45,1
106417,206,0
1902,460,1
227,502,1
60494,0,0
3014,270,1
105193,844,0
102805,877,0
86565,41,0
86798,1210,0
48610,838,0
75424,47,0
2938,281,1
50830,481,0
58673,878,0
58,48,1
1763,464,1
62942,12,0
96450,543,0
58351,599,0
63750,40,0
3141,109,1
93471,1200,0
171,1456,1
2812,362,1
2440,58,1
884,73,1
78825,1207,0
3857,109,1
91215,636,0
87936,18,0
52134,45,0
68090,24,0
3798,232,1
2189,73,1
75,673,1
104350,903,0
47240,72,0
5222,253,1
965,1361,1
78383,203,0
76838,35,0
72520,58,0
1844,128,1
2036,202,1
9539,717,0
1789,41,1
579,24,1
2698,74,1
91927,363,0
54399,431,0
88736,206,0
49981,253,0
87569,38,0
59606,256,0
59233,12,0
1627,800,1
97854,177,0
6950,12,0
4985,1196,1
416,1472,1
63323,182,0
50638,1394,0
55999,9,0
101,201,1
79012,45,0
74960,88,0
94699,1227,0
75294,821,0
103635,424,0
3478,0,1
977,351,1
26,150,1
2716,401,1
617,98,1
59800,33,0
587,109,1
1697,424,1
57771,151,0
95031,199,0
73663,41,0
60671,44,0
99386,44,0
34312,193,0
1586,880,1
95321,1102,0
66696,109,0
1313,54,0
7672,180,0
5586,3,1
4889,1202,1
98095,623,0
386,177,1
77393,21,0
94112,194,0
104899,184,0
77067,36,0
94464,456,0
2418,191,1
207,173,1
2506,33,0
5103,1207,1
93458,177,0
306,64,1
376,1210,1
91512,329,0
1508,17,1
98757,805,0
387,39,1
37883,39,0
2532,28,1
31585,775,0
751,253,1
56633,21,0
627,47,1
2702,61,1
76095,1322,0
77715,24,0
66,91,1
549,91,1
1536,282,1
34143,955,0
74816,9,0
891,449,1
3226,270,1
2885,245,1
19158,44,0
78350,13,0
70467,40,0
356,776,1
94407,21,0
1420,0,1
103782,4,0
3974,305,1
87823,1229,0
95532,913,0
1159,24,1
5781,44,1
67864,21,0
39926,21,0
1466,1197,1
19295,172,0
1127,15,1
87545,61,0
44178,460,0
5280,330,1
2977,460,1
4514,89,1
83,1082,1
53612,944,0
99338,331,0
83296,776,0
443,69,0
105645,431,0
87982,45,0
60947,892,0
2017,105,1
102472,217,0
1184,91,1
87192,282,0
73757,114,0
2593,109,1
884,40,1
912,156,1
82619,194,0
3164,189,1
1035,177,1
2514,109,0
63316,984,0
2386,195,1
72121,954,0
70824,125,0
90736,394,0
5937,170,1
2891,307,1
54044,1122,0
1301,919,1
3591,247,1
439,150,1
53380,503,0
4707,91,1
1367,58,1
59669,506,0
2471,73,1
3140,114,1
3580,39,1
49232,256,0
919,57,0
98807,13,0
246,13,1
924,105,1
253,920,1
85780,362,0
1289,918,1
14233,177,0
73585,13,0
89234,524,0
2831,246,1
6077,170,1
1618,72,1
1602,480,1
83127,177,0
3555,78,1
37478,1197,0
60392,1410,0
89523,245,0
52009,151,0
56898,21,0
70677,177,0
224,29,1
60062,5,0
252,65,1
94759,33,0
740,109,1
95234,477,0
28120,882,0
5749,431,1
437,154,1
81242,673,0
1632,160,1
92472,183,0
77563,40,0
61080,1197,0
3045,1210,1
300,542,1
30473,57,0
379,281,1
1123,130,1
99332,302,0
91152,1208,0
10527,245,0
96771,351,0
105985,12,0
76746,0,0
248,6,1
104590,37,0
1098,171,1
212,391,1
2097,40,1
90264,918,0
71781,424,0
1365,35,1
86157,255,0
1550,233,1
1630,878,0
103602,791,0
1749,125,1
1521,761,1
1661,9,1
79213,35,0
5790,9,1
47202,12,0
1205,235,1
2150,65,1
47,324,1
77991,80,0
50291,12,0
102982,114,0
2810,674,1
86668,114,0
87491,38,0
93509,205,0
912,153,1
1456,21,1
1288,621,1
101,951,1
285,1134,1
90990,364,0
593,859,1
356,1394,1
52296,282,0
76487,50,0
1399,255,1
801,82,1
69205,44,0
54173,394,0
52650,394,0
5474,207,0
751,252,1
103182,263,0
327,67,1
64366,31,0
1164,21,1
423,76,1
71369,1197,0
47573,583,0
557,24,1
285,551,1
84641,401,0
70988,57,0
67358,5,0
68597,37,0
80914,145,0
6964,72,0
1332,14,1
100286,12,0
23404,1196,0
12062,1210,0
46528,21,0
2956,323,1
682,255,1
76424,1471,0
61983,21,0
97012,776,0
2463,419,1
100210,36,0
4784,344,1
84913,426,0
1465,12,1
23353,15,0
8920,282,0
74528,9,0
389,569,1
1169,832,1
92967,24,0
60187,283,0
3729,776,1
88641,35,0
91964,58,0
68063,129,0
73262,1169,0
2732,180,1
106036,76,0
66099,76,0
219,823,1
1035,47,1
11270,1199,0
317,89,1
1000,58,1
87197,1217,0
1114,420,1
11527,47,0
78909,24,0
3674,24,1
215,269,1
634,194,1
59851,392,0
83584,76,0
75551,114,0
4757,82,1
3853,917,1
99244,1198,0
2428,125,1
91180,31,0
57706,89,0
57184,41,0
1183,270,1
11,139,1
96530,177,0
47,276,1
4578,859,1
1380,160,1
90602,40,0
73855,636,0
2469,1061,1
87745,47,0
2485,1194,1
100924,953,0
2964,78,1
98907,109,0
1640,16,1
50493,109,0
5364,172,1
53050,89,0
2354,859,1
3023,40,1
73327,21,0
1173,9,1
54516,177,0
50933,18,0
87763,344,0
4303,1494,1
3689,9,1
285,8,1
102354,21,0
2446,303,1
437,281,1
1288,141,1
156,621,1
96944,47,0
58466,4,0
163,193,1
82160,31,0
52768,220,0
85,352,1
2020,9,1
67213,9,0
5779,1431,1
47,319,1
4471,21,1
51214,40,0
102433,72,0
54,4,1
99698,37,0
549,177,1
4635,409,1
94182,74,0
13396,9,0
616,88,1
66734,592,0
1647,47,1
76886,5,0
49062,1224,0
65074,13,0
3366,58,1
2347,431,0
86676,192,0
6257,473,0
72077,488,0
45,524,1
81464,582,0
170,269,1
613,181,1
90177,431,0
77789,1269,0
74800,182,0
57571,795,0
17056,21,0
10,309,1
942,477,1
2971,501,1
70389,65,0
51782,1126,0
69282,431,0
2559,181,1
6066,12,1
75446,1102,0
66823,312,0
73041,58,0
55676,1378,0
11629,1198,0
80079,15,0
2589,177,1
102535,344,0
1773,776,1
84950,255,0
89675,909,0
78481,431,0
1431,78,0
51606,394,0
253,21,1
1031,340,1
50967,961,0
1074,1210,1
115,179,1
103068,1210,0
1491,608,1
76436,820,0
1367,0,1
3208,37,1
2303,177,1
74197,109,0
5930,394,1
3977,462,1
69747,24,0
2024,318,1
1366,171,1
1350,245,1
1117,193,1
1758,82,1
1501,501,1
2126,88,1
4617,1193,0
18144,24,0
48923,594,0
4603,16,1
80490,180,0
376,623,1
4511,67,1
1290,6,1
85588,190,0
3767,173,0
653,787,0
1810,16,1
100119,249,0
4775,227,0
1682,150,1
73,40,1
115,33,1
66887,44,0
183,992,1
578,207,1
97742,431,0
66758,431,0
87296,9,0
62347,35,0
74727,243,0
71375,24,0
73354,78,0
2022,503,1
2842,78,1
48294,152,0
95149,1237,0
1456,458,1
2908,255,1
1129,194,1
518,98,1
1865,179,1
2639,347,1
5700,882,1
3718,877,1
2977,786,1
4043,878,1
81230,114,0
578,35,1
5417,693,1
56434,149,0
49244,35,0
56845,45,0
612,300,1
262,57,1
727,80,1
426,192,1
23,1460,1
115,884,1
179,190,1
65522,6,0
88045,109,0
91201,41,0
1114,648,1
3325,541,1
14943,1200,0
59899,68,0
3528,4,1
74492,759,0
4083,877,1
77664,0,0
64046,6,0
1615,129,1
2418,270,1
4501,41,1
75607,44,0
75564,269,0
98701,21,0
1717,13,1
80835,798,0
1527,9,1
83347,31,0
214,98,1
4297,506,1
12,15,1
1276,21,1
497,89,1
1614,118,1
112,140,1
105681,621,0
3079,486,1
4135,1232,1
3213,253,0
1867,686,1
2189,44,1
57184,233,0
60362,806,0
1273,836,1
102320,621,0
80078,47,0
2045,561,1
942,491,1
92708,41,0
2064,8,1
2245,4,0
4350,3,1
137,1073,1
58525,39,0
703,144,1
557,41,1
890,36,1
78138,58,0
74059,1200,0
3366,859,1
2852,520,1
78029,0,0
63708,206,0
2885,173,1
1465,56,1
26111,150,0
249,229,1
81086,270,0
56480,47,0
2303,217,1
2512,150,1
979,17,1
61436,859,0
1348,58,1
1163,247,1
89833,8,0
56303,44,0
65535,71,0
70272,877,0
2535,784,1
1214,690,1
206,79,1
65929,259,0
2529,29,1
2534,460,1
101171,1194,0
55032,109,0
1812,67,1
22375,61,0
3946,256,1
644,281,1
59011,215,0
1461,352,1
25971,8,0
45,56,1
4278,21,1
76137,1255,0
27208,47,0
1618,252,1
6175,1390,1
86297,283,0
681,98,1
49956,1,0
888,456,1
3607,256,1
1033,21,1
49225,213,0
314,382,1
2073,798,1
102080,157,0
58036,47,0
99701,21,0
48029,21,0
63771,56,0
56124,39,0
4511,44,1
20627,128,0
47229,80,0
1459,431,1
3301,196,1
942,961,1
2519,733,1
500,376,1
1689,24,1
38226,47,0
100045,41,0
76,205,1
1365,44,1
8879,1012,0
2608,1124,1
2441,33,1
97055,1396,0
29343,72,0
103775,78,0
100676,407,0
78206,305,0
1090,877,1
20233,252,0
383,1,1
92,776,1
50004,9,0
94118,44,0
33929,92,0
91723,1202,0
3066,114,1
92725,44,0
207,941,1
108,173,1
2831,245,1
1634,109,1
1372,1194,1
77229,39,0
966,506,1
3333,942,1
2956,1197,1
233,38,1
1218,170,1
83957,546,0
77648,1075,0
71356,270,0
924,58,1
55482,47,0
256,252,1
90893,1023,0
2146,38,1
101499,288,0
167,264,1
71272,1,0
182,821,1
182,129,1
3400,248,1
347,138,1
1630,424,1
1214,431,1
64566,251,0
28741,65,0
48768,98,0
2729,477,1
327,207,1
559,39,1
41265,18,0
1693,64,1
94107,654,0
1348,520,1
212,199,1
100767,784,0
102498,722,0
5312,431,1
98137,89,0
32,242,1
122,1473,1
2926,44,1
3312,12,1
73089,13,0
4578,956,1
88137,399,0
84692,57,0
1249,882,1
81195,128,0
222,28,1
47543,806,0
99982,214,0
2602,87,1
1036,6,1
81776,179,0
233,150,1
89108,145,0
82597,231,0
16240,480,0
74404,616,0
320,48,1
772,109,1
1615,776,1
98851,97,0
1870,41,1
48517,17,0
2418,518,1
81025,776,0
14,29,1
83,297,1
101,906,1
128,71,1
871,1194,1
3138,76,1
103892,913,0
377,269,1
100084,456,0
1448,39,1
5634,78,1
1442,179,1
889,45,1
2608,1227,1
3871,961,1
1615,3,1
1035,24,1
89619,139,0
102978,41,0
1354,170,1
58880,951,0
84030,12,0
97295,877,0
78590,180,0
261,41,1
1521,340,1
192,269,1
1788,177,1
52,673,1
2440,76,1
94583,2,0
1205,579,1
104,6,1
53094,145,0
90960,403,0
3353,33,1
85,45,1
49,681,1
890,0,1
101125,1315,0
5626,409,0
45759,47,0
3132,6,1
1674,58,1
48540,431,0
2908,247,1
5410,142,0
283,129,1
998,408,1
103412,0,0
7603,247,0
1510,256,1
1342,1193,1
2034,65,1
297,759,0
106354,487,0
5198,256,1
93055,177,0
289,1400,1
77029,21,0
2549,1194,1
2434,234,1
33790,24,0
2471,98,1
63302,206,0
85498,105,0
1064,391,1
3214,1124,1
4460,44,1
22713,58,0
55949,1093,0
1501,9,1
58914,78,0
691,800,1
55415,364,0
902,859,1
3704,207,1
52843,1207,0
15891,141,0
156,173,1
618,643,1
58007,129,0
966,297,1
3765,309,1
2440,502,1
44573,849,0
883,41,1
76132,546,0
1284,65,1
4800,1227,1
103524,246,0
518,44,1
76957,13,0
99777,213,0
92637,583,0
1637,252,1
2126,160,1
64520,14,0
2438,1197,1
1038,5,1
60102,621,0
77336,1220,0
2915,1396,1
93068,189,0
262,153,1
72358,621,0
67005,150,0
91017,196,0
91358,1054,0
66058,474,0
99309,429,0
997,253,1
3689,179,1
1806,434,1
47448,73,0
4491,431,1
262,248,1
75984,82,0
1368,98,1
79609,105,0
276,40,1
2908,39,1
91460,97,0
55502,548,0
1463,318,1
467,44,1
59321,54,0
85350,84,0
3920,364,1
87741,252,0
9559,1198,0
81221,191,0
91685,21,0
92888,64,0
2713,91,1
922,114,1
474,80,1
84695,124,0
58665,21,0
497,942,1
96277,57,0
52846,455,0
98268,64,0
104398,1197,0
57057,40,0
1648,431,1
64466,9,0
66112,68,0
1929,109,1
2129,69,1
364,87,1
86522,179,0
10,1124,1
25428,1186,0
3750,109,1
1484,1269,1
20,880,1
50833,5,0
206,109,1
2532,305,1
91900,1197,0
4370,205,0
1336,976,1
207,207,1
105901,21,0
102967,321,0
4951,1207,1
1288,234,1
31870,109,0
188,78,1
4371,1094,1
53701,9,0
72012,504,0
937,35,1
6049,170,1
76278,206,0
61210,673,0
1367,501,1
2869,9,1
594,1193,1
245,1315,1
56,927,1
73004,189,0
10921,40,0
87047,150,0
916,503,1
2596,40,1
87530,98,0
197,40,1
73682,171,0
104679,264,0
62418,78,0
61278,202,0
902,579,1
1335,109,1
81506,64,0
47,21,1
1806,124,1
65598,114,0
103628,8,0
88008,140,0
749,256,1
2673,822,1
226,805,1
65695,44,0
49,564,1
39674,1204,0
172,138,1
944,263,1
3587,806,0
64418,31,0
4634,331,1
542,41,1
84437,297,0
56793,97,0
97504,375,0
55026,79,0
76,157,1
5720,33,1
84482,0,0
2633,61,1
3442,18,1
365,171,1
2900,114,0
4076,795,1
1979,245,1
2453,73,1
63563,58,0
57708,580,0
351,269,1
4902,1196,1
63218,992,0
77206,435,0
100857,1196,0
93438,683,0
59648,288,0
90733,72,0
78059,172,0
916,961,1
1130,438,1
61452,125,0
23372,401,0
557,243,1
79619,154,0
157,105,1
54479,739,0
88183,109,0
81430,1207,0
94971,1359,0
79899,71,0
31,910,1
59354,425,0
59833,84,0
724,673,1
2852,105,1
96442,88,0
54619,1034,0
78186,1394,0
5439,253,0
78545,431,0
59348,404,0
93714,39,0
2956,924,1
60800,1234,0
1671,245,1
78945,21,0
85725,859,0
65057,1456,0
1644,205,1
101,207,1
87597,252,0
4342,1411,1
69843,114,0
1693,47,1
3432,171,1
1188,97,1
98630,36,0
85611,882,0
1270,9,1
35994,38,0
101,237,1
548,33,1
83968,24,0
437,510,1
188,58,1
1249,98,1
77651,65,0
5630,76,0
3207,21,1
96422,242,0
140,394,1
557,337,1
4499,283,1
332,231,1
5473,206,1
95275,66,0
104942,1150,0
391,776,1
69722,793,0
518,150,1
102353,820,0
4475,431,1
18780,157,0
4345,282,1
2043,880,1
16063,24,0
4460,45,1
88654,1197,0
3162,37,1
102261,65,0
5651,1198,1
5262,3,1
4578,949,1
2815,47,1
2820,582,1
2435,9,1
89729,292,0
62671,15,0
79176,78,0
159,17,1
2644,1197,1
91019,800,0
5818,882,1
61739,1207,0
78652,270,0
114,884,1
51516,172,0
63467,270,0
74001,207,0
6202,3,1
1996,917,1
87079,828,0
783,35,1
73,44,1
29,1197,1
2092,169,1
2349,128,1
98867,114,0
519,203,1
2175,47,1
2931,217,0
12051,82,0
1017,82,1
97369,351,0
33189,158,0
2460,140,1
102915,259,0
5508,150,1
64531,231,0
2446,41,1
222,431,1
2853,1252,1
3187,12,1
561,931,1
94561,364,0
5275,80,1
102485,9,0
266,24,1
71673,878,0
53,503,1
101,1233,1
52607,248,0
69887,39,0
4149,16,1
91376,309,0
131,776,1
2823,283,1
84740,61,0
1026,424,1
1097,363,1
54649,582,0
86039,941,0
100005,1433,0
5316,21,1
2381,17,1
3097,233,1
2364,1222,1
87773,431,0
48028,44,0
2454,14,1
1501,98,1
10769,247,0
85359,111,0
62751,232,0
182,84,1
5364,171,1
306,795,1
783,776,1
1881,58,1
64418,504,0
1465,217,1
18459,806,0
104996,194,0
74393,1012,0
56123,693,0
77675,4,0
74249,882,0
1362,13,1
2431,177,1
88959,82,0
56244,431,0
3297,114,1
88288,58,0
2761,424,1
1288,12,1
52484,506,0
12932,21,0
4750,274,1
88996,9,0
106299,592,0
102881,541,0
55573,172,0
2627,518,1
384,109,1
51199,248,0
94389,19,0
34627,246,0
47657,37,0
104278,109,0
177,58,1
5014,394,0
6165,1,1
70025,33,0
5589,1198,1
81074,57,0
58004,57,0
2630,128,1
69189,889,0
75098,103,0
59449,4,0
62762,461,0
724,321,1
136,685,1
26701,248,0
32026,16,0
5931,394,1
1205,12,1
423,220,1
813,98,1
92415,65,0
68144,232,0
36737,245,0
5106,1197,1
2126,235,1
497,944,1
1084,1396,1
441,1161,1
67688,776,0
299,442,1
18501,503,0
2896,1196,1
1352,27,1
780,776,1
284,98,1
587,0,1
92437,283,0
68764,859,0
114,619,1
403,258,1
63724,12,0
2732,58,1
262,568,1
27030,394,0
66953,145,0
1739,808,1
17167,21,0
473,1193,1
24673,245,0
327,501,1
497,946,1
90760,310,0
1401,61,1
64628,139,0
4172,256,1
50203,1197,0
1204,171,1
5438,342,1
629,91,1
4578,955,1
2443,452,1
37,1408,1
4826,1196,1
3480,503,1
2698,73,1
35,40,1
911,13,1
76,13,1
140,193,1
55707,53,0
96710,616,0
83602,24,0
76,36,1
314,244,1
93191,15,0
76358,252,0
4308,79,1
4254,57,1
439,456,1
22653,0,0
584,64,1
909,130,1
375,1396,1
1850,776,1
593,91,1
1537,259,1
93772,776,0
6594,201,0
81095,394,0
1758,1200,1
830,57,0
2485,213,1
5592,1197,1
39442,882,0
63065,45,0
66,248,1
686,809,1
1104,128,1
75636,38,0
423,73,1
90593,21,0
1786,169,1
3744,743,1
4820,1196,1
7,111,1
92660,68,0
101,955,1
88453,1207,0
57344,39,0
3101,615,1
49126,821,0
1367,288,1
82158,1024,0
55564,621,0
97982,776,0
556,309,1
7,808,1
48067,621,0
15702,1396,0
98457,308,0
102192,229,0
1253,45,1
50534,636,0
177,112,1
56,21,1
336,961,1
80935,33,0
65708,39,0
73000,37,0
5222,68,1
397,91,1
1063,12,1
98475,984,0
76966,1198,0
83600,1193,0
84596,84,0
163,0,1
104034,586,0
49779,917,0
919,1124,1
27266,972,0
5791,33,1
75344,179,0
74617,149,0
75499,91,0
98809,331,0
93339,431,0
912,97,1
2535,1207,1
87478,791,0
57057,21,0
3504,114,1
3025,1012,1
97766,2,0
5441,394,1
197,4,1
24641,67,0
70573,456,0
1517,1490,1
99433,58,0
3786,232,1
69480,794,0
92,174,1
954,281,1
910,41,1
77291,89,0
5791,38,1
52602,944,0
58516,942,0
1104,64,1
1632,35,1
317,288,1
1366,36,1
793,1207,1
79649,1197,0
80282,749,0
85862,18,0
313,82,1
94934,316,0
71732,40,0
105538,351,0
105940,78,0
105342,31,0
50582,31,0
2826,776,1
115,202,1
383,109,1
1448,36,1
50913,995,0
46134,394,0
244,852,1
68982,1437,0
77667,458,0
995,97,1
67278,137,0
96148,551,0
5264,1433,1
1263,1133,1
2829,82,1
243,189,1
81750,145,0
5366,124,1
73943,344,0
5978,253,1
1911,465,1
82487,44,0
4806,1243,1
244,57,0
3448,264,1
2419,4,1
79899,38,0
3309,41,1
1691,682,1
10911,153,0
5351,265,1
70016,288,0
85820,47,0
1483,4,1
856,1207,1
17138,171,0
3112,309,1
85729,199,0
2435,456,1
188,464,1
90627,776,0
1033,456,1
48950,955,0
54219,283,0
58782,53,0
108,1075,1
2853,756,1
90197,961,0
95167,729,0
35775,256,0
192,1,1
68046,220,0
3013,149,1
974,431,1
88892,17,0
65442,47,0
50,44,1
1500,41,1
96362,78,0
1603,1244,1
55452,150,0
1791,61,1
1651,35,1
979,53,1
285,1299,1
809,715,1
77257,429,0
68869,41,0
1403,58,1
75358,1207,0
200,811,1
61,173,1
48621,149,0
29794,401,0
82748,68,0
581,41,0
98625,375,0
80412,130,0
200,394,1
55600,35,0
4402,39,1
3164,1197,0
2885,248,1
106416,207,0
111,623,1
253,69,1
1977,40,1
1975,40,1
85789,177,0
1631,504,1
261,61,1
92702,394,0
4653,362,1
1367,57,1
94252,1207,0
987,1284,1
48138,68,0
127,41,1
102686,9,0
3096,199,1
1216,199,1
6050,0,1
5699,909,1
58799,503,0
79124,174,0
2189,68,1
578,1299,1
82974,114,0
73330,41,0
1358,109,1
74733,9,0
63771,455,0
34305,21,0
51822,1075,0
99635,140,0
552,119,1
4431,379,1
99031,21,0
56,859,1
1314,504,1
4873,1322,0
944,282,1
87008,269,0
97521,1413,0
87870,3,0
55014,170,0
1465,9,1
2853,462,1
1448,247,1
1061,141,1
5326,118,1
1572,215,1
910,44,1
97807,171,0
14171,40,0
99051,1,0
69741,36,0
101968,80,0
125,173,1
73984,220,0
7738,169,0
765,306,1
93357,255,0
2431,213,1
103646,45,0
1486,130,1
557,125,1
22113,36,0
54659,282,0
4453,1456,1
72744,13,0
55252,1299,0
31834,220,0
84831,45,0
56340,87,0
100602,31,0
21205,1257,0
358,305,1
48573,73,0
724,264,1
3161,776,1
90844,220,0
2451,1197,1
42858,173,0
1569,445,1
90987,264,0
106417,1197,0
6080,5,1
724,177,1
91961,158,0
2153,248,1
1939,97,1
2793,510,1
49860,53,0
9563,141,0
5646,270,1
57461,454,0
92461,109,0
56738,1253,0
1517,138,1
83578,351,0
125,37,1
2440,179,1
76283,1258,0
12809,139,0
51260,145,0
88209,24,0
82932,150,0
67996,125,0
261,464,1
55286,1012,0
5310,541,1
67995,67,0
1115,333,1
552,141,1
124,248,0
96588,118,0
60372,340,0
4795,1197,1
2829,281,1
336,9,1
100046,790,0
124,1083,1
96744,13,0
4984,1197,1
51679,744,0
52687,945,0
97484,409,0
93876,1,0
100223,518,0
2419,669,1
97539,458,0
102783,33,0
52327,17,0
910,171,1
28886,885,0
52583,40,0
2196,880,1
64503,1199,0
1799,150,1
93012,9,0
2807,82,1
70986,269,0
3596,21,1
8869,433,0
88193,1200,0
2574,29,1
427,78,1
2411,17,1
68329,145,0
92145,74,0
1401,207,1
627,431,1
2446,252,1
101550,220,0
92067,1199,0
2444,13,1
106340,100,0
3899,994,1
1739,546,1
54782,3,0
618,386,1
1565,171,1
3378,956,1
26364,152,0
4246,24,1
4143,31,1
97596,40,0
1840,184,1
517,307,1
102417,145,0
3550,98,1
2141,323,1
56838,252,0
2003,114,1
70,392,1
87056,776,0
89242,9,0
70619,394,0
5073,158,1
105787,118,0
45905,398,0
97412,776,0
2004,280,1
559,728,1
355,41,1
1333,729,1
81536,98,0
79667,150,0
618,390,1
4931,1202,1
218,17,1
67104,17,0
969,78,1
105931,177,0
114,263,1
313,263,1
18,931,1
61438,58,0
13429,29,0
56805,252,0
4452,1194,1
52897,798,0
1866,306,1
225,12,1
89403,518,0
91419,201,0
261,13,0
71,44,1
262,1207,1
2435,21,1
1303,270,0
2688,288,1
637,14,1
101864,85,0
75575,1222,0
81943,29,0
9407,883,0
1000,1124,1
4545,859,0
96,1249,0
20307,190,0
1399,621,1
71619,5,0
105758,1197,0
97174,1233,0
4634,258,1
96267,877,0
2444,245,1
60166,45,0
1473,9,1
69999,124,0
4304,517,1
1183,49,1
53,13,1
99388,109,0
9504,190,0
5991,1197,1
1121,150,0
85059,269,0
105760,31,0
2881,4,1
26,285,1
3158,209,0
2605,669,1
4733,170,1
60287,170,0
910,177,1
3091,869,1
54861,28,0
2398,58,0
32504,776,0
2165,40,1
2455,1433,1
1366,141,1
94503,1237,0
81755,29,0
313,64,1
96835,344,0
682,71,1
2889,173,1
2213,158,1
58129,21,0
3284,956,1
105536,78,0
2905,21,1
100545,3,0
21925,1210,0
3578,61,1
3281,24,1
104202,21,0
24952,264,0
91429,3,0
81648,1411,0
49,520,1
71413,744,0
62175,56,0
233,151,1
3247,39,1
243,53,1
33685,1396,0
3810,1456,1
78079,1481,0
96965,114,0
69603,5,0
68285,1124,0
115,97,1
2956,189,1
37300,263,0
1314,74,1
100147,35,0
80633,886,0
1161,38,1
76638,65,0
125,41,1
1409,1124,1
48064,233,0
4578,744,1
26,283,1
152,217,1
5321,91,1
2725,35,1
4828,1210,1
2452,206,1
60047,114,0
2974,486,1
82561,1122,0
3326,170,1
105828,1467,0
54452,776,0
910,646,1
1798,45,1
1117,21,1
1244,776,1
2112,53,1
55848,1366,0
34368,80,0
4411,64,1
3169,538,0
1673,78,0
2820,89,1
85833,177,0
2248,14,1
1906,47,1
95912,431,0
71990,145,0
95869,21,0
5978,88,1
80398,78,0
87857,41,0
77317,105,0
4887,79,0
1881,21,1
1247,40,1
66648,5,0
100608,503,0
33163,458,0
1521,205,1
1403,282,1
2946,263,1
4467,9,1
5305,4,1
82792,392,0
84245,1193,0
54754,40,0
94484,194,0
95448,877,0
97223,394,0
81818,458,0
2446,302,1
63909,61,0
101,1256,1
2428,40,1
1282,177,1
67489,1237,0
86211,394,0
101898,246,0
82699,39,0
4406,44,1
102473,344,0
1081,769,1
2433,263,1
58079,145,0
1070,230,1
46594,1012,0
3480,172,1
4660,1207,1
27,220,1
629,543,1
5997,394,1
6834,593,0
207,180,1
703,1197,1
51630,711,0
5283,150,1
818,249,1
618,1185,1
96510,253,0
1933,270,1
19084,458,0
81911,949,0
81405,235,0
388,1224,1
17335,76,0
4630,306,1
72773,413,0
2642,859,1
910,936,1
1613,0,1
101611,859,0
317,40,1
2085,298,1
73045,4,0
52586,1075,0
1622,614,1
804,1202,1
3284,946,1
104127,1396,0
65546,304,0
304,139,1
48029,1456,0
18329,21,0
1531,190,0
72151,4,0
58626,78,0
95432,56,0
10854,87,0
590,24,1
101683,281,0
1895,824,0
910,464,1
204,109,1
77762,344,0
44868,139,0
318,786,1
281,1207,1
2558,283,1
92710,270,0
1821,41,1
105,897,1
17826,39,0
383,21,1
2649,177,1
95409,47,0
456,245,1
46983,1207,0
2852,21,1
1349,160,1
351,784,1
4850,36,0
76424,58,0
67990,342,0
952,1086,1
63557,431,0
83953,48,0
3746,1196,1
1074,169,1
6407,776,0
94025,44,0
93931,823,0
41323,193,0
59022,186,0
497,956,1
47056,724,0
37370,246,0
1398,776,1
72353,84,0
102269,776,0
1627,84,1
89753,21,0
53,72,1
5046,1197,1
1290,1207,1
112,4,1
2554,18,1
11107,245,0
1505,78,1
93790,98,0
61017,194,0
20620,207,0
102708,283,0
81687,21,0
50164,1224,0
464,109,1
95812,0,0
1631,72,1
64354,253,0
1031,151,1
552,1124,1
80338,607,0
74192,894,0
4143,177,0
85,206,1
724,245,1
99639,44,0
83,351,1
481,12,1
210,12,1
3116,171,1
2974,458,1
84392,835,0
55112,6,0
98640,1193,0
10,249,1
2817,98,1
7004,884,0
72753,109,0
50588,808,0
97009,1207,0
1739,616,1
65575,1226,0
79716,129,0
88086,186,0
102474,836,0
100527,555,0
4294,909,1
5222,503,1
1701,1207,1
227,253,1
375,363,1
552,274,1
5411,1396,1
5047,9,0
1349,882,1
4094,878,1
100584,0,0
95943,460,0
81918,139,0
31319,256,0
1374,410,1
2820,1194,1
58189,1199,0
3137,259,1
92110,109,0
3876,35,1
73398,147,0
103843,0,0
542,413,1
351,21,1
950,45,1
9539,502,0
74135,18,0
49616,109,0
3490,203,0
255,2,1
1364,896,1
68765,280,0
88622,12,0
124,40,1
50421,21,0
3527,673,1
10142,248,0
175,1226,1
2430,38,1
724,1138,1
71583,9,0
3808,878,1
97014,636,0
57054,109,0
1274,47,1
1321,89,1
342,534,1
644,13,1
4260,82,1
97082,263,0
3494,9,1
2820,98,1
365,21,1
3264,181,1
1614,21,1
2549,1394,1
92022,9,0
1620,8,1
63103,434,0
3788,24,0
2418,269,1
104527,155,0
54986,33,0
3563,956,1
61723,57,0
3116,1198,1
470,28,1
69982,24,0
60759,21,0
96180,144,0
75005,541,0
4511,74,1
1104,220,1
262,401,1
4345,177,1
2433,128,1
1824,386,1
1791,944,1
78231,1258,0
86,344,1
63380,21,0
1114,742,1
62586,9,0
258,533,1
5978,321,1
19836,247,0
68579,1073,0
101404,44,0
102234,882,0
2822,0,1
81179,408,0
188,5,1
2820,477,1
97839,109,0
4289,3,1
81982,97,0
3101,195,1
190,21,1
131,1073,1
85178,58,0
62363,340,0
95822,956,0
3225,2,1
79181,84,0
82951,157,0
3890,776,1
85043,927,0
2384,109,1
52110,21,0
103121,65,0
623,306,1
144,122,1
1136,140,1
57014,253,0
3192,80,1
102430,826,0
1399,68,1
61917,246,0
1374,8,1
1975,39,1
96077,581,0
81397,44,0
6395,58,0
68273,473,0
91879,29,0
48591,109,0
1207,150,1
500,438,1
2446,1245,1
102331,569,0
80083,1333,0
68539,40,0
102879,431,0
103816,109,0
8245,663,0
23320,8,0
239,1207,1
724,568,1
3428,41,1
262,114,1
1690,205,1
71444,621,0
362,1172,1
4827,344,1
2415,17,1
1805,285,1
73180,38,0
4345,98,1
58736,646,0
783,36,1
35815,263,0
4953,1122,0
74181,40,0
72446,17,0
105443,58,0
2122,152,1
74818,394,0
72411,130,0
95109,1094,0
94934,820,0
48922,39,0
49100,183,0
1195,569,1
47555,207,0
157,231,1
62343,1207,0
208,82,1
75126,172,0
1344,65,1
1977,39,1
67589,502,0
2353,128,1
62658,259,0
1684,744,1
4322,39,1
1647,97,1
49596,4,0
2440,61,1
65660,362,0
96079,24,0
59428,30,0
2636,877,1
1399,69,1
2043,12,1
78008,41,0
565,892,1
15847,35,0
64896,45,0
89854,410,0
5558,56,1
376,49,1
691,33,1
81254,8,0
71570,177,0
64574,78,0
83392,569,0
2115,173,1
79842,9,0
66136,1488,0
28925,1200,0
55932,1421,0
5415,1396,1
89905,464,0
97234,768,0
1364,942,1
101432,1197,0
22372,200,0
62880,9,0
73738,764,0
36217,375,0
3010,105,1
83421,269,0
99226,21,0
93488,318,0
94014,246,0
11973,694,0
1868,203,1
74583,913,0
6392,859,0
51122,836,0
1366,33,1
79955,92,0
88679,491,0
5720,744,1
423,71,1
204,2,1
98809,390,0
190,35,1
74407,172,0
1939,270,1
95283,40,0
47383,169,0
1136,5,1
5315,47,1
74526,58,0
2373,173,1
1297,431,1
73924,12,0
68843,1199,0
884,41,1
65368,520,0
40,139,1
1002,880,1
916,501,1
26459,331,0
1141,302,1
93568,3,0
83211,0,0
90838,41,0
85889,458,0
1061,246,1
58177,880,0
376,462,1
90765,91,0
3095,877,0
1348,1194,0
2816,82,1
1350,671,1
61348,17,0
99853,54,0
92173,12,0
2766,776,1
92596,309,0
6933,1198,0
3739,21,1
2406,29,1
91601,53,0
23746,172,0
3153,39,1
124,820,1
92644,21,0
82653,885,0
1491,58,1
65368,321,0
50342,84,0
1354,9,1
590,157,1
533,305,1
84985,282,0
85261,245,0
4695,1394,1
47094,80,0
2938,451,1
20,6,1
70545,193,0
4643,1198,1
559,671,1
5631,969,1
63,27,1
1982,61,1
84361,628,0
39,856,1
136,89,1
2789,253,1
47125,1207,0
1607,438,1
137,520,1
102557,1371,0
46262,39,0
561,800,1
1887,45,1
3522,40,1
644,248,1
3752,109,1
27,300,1
94293,27,0
104488,1222,0
71979,6,0
56674,882,0
4245,150,1
416,1400,1
93207,114,0
43239,180,0
997,252,1
2086,39,1
51744,1257,0
2908,21,1
1969,13,1
52260,109,0
55127,269,0
2475,243,1
1400,524,1
13266,1083,0
1450,1411,1
62251,9,0
3097,170,1
71246,177,0
48193,480,0
4566,1198,1
32,433,1
3345,24,1
43072,110,0
153,281,1
92503,58,0
5675,256,1
106199,379,0
93783,309,0
55751,352,0
1327,209,0
2471,1363,1
78172,433,0
70949,302,0
103,29,1
536,29,1
1450,245,1
2245,58,1
97313,263,0
2661,97,1
4572,1122,1
4014,21,1
2771,38,1
40487,21,0
25911,941,0
104914,661,0
69332,4,0
163,946,1
3577,3,1
3222,1,1
55833,937,0
82825,282,0
2217,1086,1
2068,8,1
591,155,1
2804,36,1
4201,621,1
61,431,1
2412,124,1
82645,292,0
7949,130,0
2995,445,1
8122,180,0
53779,13,0
77243,431,0
19752,15,0
53207,688,0
1910,207,1
65442,97,0
1615,263,1
283,5,1
286,1200,1
83,114,1
90772,114,0
2577,480,1
2412,961,1
4088,878,1
2527,76,1
77343,282,0
3598,150,1
103046,352,0
306,431,1
473,28,1
3284,92,1
213,3,1
84728,376,0
6582,1244,0
154,501,1
3080,180,1
26,650,1
63098,231,0
103478,58,0
90677,425,0
62014,206,0
274,179,1
76105,351,0
991,269,1
76352,256,0
102048,1198,0
2475,1210,1
1465,54,1
26,791,1
51322,948,0
31,58,1
103,31,1
88634,124,0
304,806,1
74194,373,0
6172,58,1
87983,376,0
101235,48,0
90353,205,0
2559,1202,1
53230,109,0
1798,1074,1
28172,97,0
2908,44,1
1731,880,1
9782,375,0
2642,82,1
1759,33,0
9602,180,0
102,283,1
2027,40,0
4750,1279,1
2136,128,1
560,463,1
13402,78,0
26,827,1
253,337,1
61,1149,1
49439,39,0
2843,1396,1
207,172,1
2659,177,1
546,806,1
464,472,0
66364,194,0
108,515,1
96806,4,0
92541,974,0
25286,155,0
1464,9,1
97620,186,0
3240,202,1
979,225,1
73317,579,0
1561,84,1
3529,67,1
1074,1227,1
36336,276,0
1030,128,1
83561,1075,0
95260,58,0
1061,351,1
76326,344,0
6406,504,0
75336,82,0
92,44,1
496,39,1
65180,151,0
54977,948,0
2516,546,1
98977,245,0
143,184,1
581,344,1
2206,878,1
26,183,1
75538,141,0
83149,40,0
2428,33,1
912,91,1
68551,1207,0
1301,543,1
48251,9,0
94474,288,0
1051,177,1
81311,58,0
95739,199,0
3604,13,1
2509,145,1
105479,189,0
8,111,1
79741,558,0
2522,306,1
547,1309,1
67441,285,0
6861,71,0
154,125,1
73922,58,0
76145,395,0
79816,1194,0
188,339,1
351,458,1
2440,153,1
643,555,1
4112,118,1
51292,17,0
81888,885,0
13960,460,0
55083,173,0
81,1407,1
336,105,1
63582,927,0
103176,19,0
16809,363,0
44576,296,0
66692,270,0
291,1,1
72270,431,0
1,220,1
1008,72,1
809,255,0
1222,580,1
2022,67,1
95322,44,0
783,206,1
4047,961,1
88264,456,0
48910,61,0
70041,89,0
48844,1311,0
2509,18,1
489,332,1
2436,130,1
103762,109,0
944,173,1
52178,44,0
85695,282,0
2044,98,0
1370,256,1
48544,1,0
104606,30,0
3097,0,1
31056,47,0
49811,255,0
48085,58,0
103268,61,0
101567,78,0
2122,331,1
82549,111,0
4485,4,0
1382,80,1
103191,220,0
49535,1198,0
1350,456,1
167,394,1
2559,183,1
1451,41,1
88937,5,0
94383,460,0
62567,172,0
79731,583,0
111,481,1
92586,438,0
99640,73,0
96610,877,0
2381,239,1
73329,163,0
88340,1198,0
86488,1198,0
62300,744,0
575,942,1
53,247,1
100960,776,0
233,37,1
93978,21,0
83954,19,0
61192,636,0
3556,82,1
1226,74,1
2668,337,1
1433,98,1
90169,342,0
46650,97,0
188,524,1
82398,288,0
35035,78,0
3490,45,1
1401,37,1
65561,256,0
97602,44,0
99561,9,0
616,13,1
96374,92,0
80536,1207,0
41,1085,1
3073,66,1
3097,1227,1
4631,1207,1
92145,9,0
1074,45,1
6027,1495,1
1665,39,1
67299,24,0
83222,41,0
50252,192,0
187,191,1
60401,29,0
4134,3,1
61807,683,0
51344,44,0
69857,394,0
557,283,1
3104,468,1
775,1194,1
62202,621,0
66466,784,0
96240,21,0
1615,41,1
48390,12,0
1296,100,0
1184,9,1
2549,954,1
240,28,1
3051,44,1
917,458,1
82931,949,0
127,352,1
95497,8,0
1584,65,1
3396,125,1
55286,114,0
5758,1207,1
966,58,1
69492,6,0
383,92,1
30105,1196,0
4614,305,1
61501,157,0
83740,579,0
304,1312,1
90044,150,0
49785,1203,0
2366,9,1
884,33,1
77285,39,0
477,776,1
2554,269,1
2625,17,1
53,510,1
56958,905,0
72634,800,0
91434,217,0
1615,40,1
456,153,1
5054,1124,1
90618,1197,0
96134,504,0
70901,38,0
16512,943,0
1272,111,1
4253,27,1
1872,58,1
47223,109,0
3442,17,1
149,776,1
80146,45,0
84155,654,0
62639,92,0
14109,139,0
3075,9,1
55092,394,0
101272,1004,0
70998,1199,0
559,1024,1
583,946,1
64334,344,0
67307,38,0
2364,33,1
4014,431,1
66629,232,0
105663,78,0
1484,1198,1
1077,527,1
152,281,1
86923,0,0
2355,194,1
81,118,1
42675,24,0
1836,98,1
256,36,1
2451,783,1
53563,217,0
3108,363,1
63705,623,0
76393,822,0
1632,288,1
134,885,1
27722,65,0
2471,68,1
54867,394,0
100502,58,0
1167,256,1
2725,38,1
2740,928,0
62653,41,0
197,247,1
1493,114,1
36,21,1
302,13,1
2618,1198,1
228,15,1
542,330,1
49763,24,0
3574,374,1
95382,1198,0
61466,256,0
4250,21,1
78950,44,0
2669,1199,1
105647,0,0
437,769,1
3187,58,1
67,18,1
72464,45,0
71550,220,0
2005,177,1
73,1394,1
5730,1216,1
1400,21,1
1615,130,0
91251,1210,0
1350,282,1
104523,391,0
81459,776,0
69610,269,0
6893,38,0
97257,177,0
62470,9,0
1261,21,1
2335,1200,1
69360,504,0
3059,24,1
321,606,0
88085,109,0
62736,809,0
1164,40,1
17373,364,0
81809,305,0
5210,729,1
549,927,1
2404,76,1
74526,1004,0
567,823,1
26016,1257,0
46736,364,0
103151,61,0
72210,28,0
1031,9,1
49176,883,0
98256,89,0
966,68,1
97730,72,0
106238,44,0
545,817,1
5072,44,1
97200,98,0
288,458,1
86123,1016,0
102126,12,0
1548,344,1
3271,342,1
46105,255,0
101467,997,0
1632,424,1
1092,76,1
2127,1,1
829,175,1
68947,220,0
124,231,1
52,89,1
2207,220,1
81294,394,0
101135,28,0
1084,1415,1
3480,173,1
58371,154,0
41253,78,0
101347,460,0
98457,823,0
4723,57,1
2384,1,1
86732,111,0
157,98,1
62968,58,0
559,776,1
6511,128,0
2017,431,1
78006,1340,0
41095,98,0
60,47,1
71707,394,0
992,926,1
360,125,1
285,9,1
92814,454,0
12633,1012,0
226,41,1
64234,21,0
57291,481,0
60916,318,0
346,114,1
51593,431,0
6055,91,1
94640,177,0
83406,230,0
519,58,1
3529,74,1
1855,177,1
9446,61,0
67353,47,0
85931,464,0
552,1102,1
232,1,1
4255,4,1
2130,193,0
1598,16,0
87221,0,0
1340,109,1
1521,949,1
591,98,1
47937,91,0
1693,140,1
92649,943,0
3147,468,1
1288,248,1
89217,58,0
62280,114,0
1507,1198,1
1910,248,1
18653,21,0
629,917,1
1092,462,1
103282,786,0
2823,949,1
2440,882,1
1247,13,1
245,18,1
89314,1074,0
756,1197,0
557,44,1
910,937,1
50099,582,0
