drug_idx,disease_idx,label
552,1243,1
4175,114,1
11502,253,0
1636,206,1
55253,150,0
100611,24,0
2659,0,1
2885,401,1
3431,0,0
4785,1227,1
65326,91,0
2033,40,1
90349,298,0
112,1200,1
894,71,1
34710,157,0
72921,431,0
62318,24,0
65758,583,0
84106,1227,0
1350,21,1
60568,776,0
2881,16,0
4824,1196,1
3741,150,0
29434,460,0
2192,1207,1
1997,13,1
103849,844,0
1750,84,1
378,37,1
74350,458,0
1965,57,1
91769,1207,0
79765,41,0
1017,78,1
85337,458,0
1312,776,1
6103,21,1
1537,1198,1
163,639,1
1236,541,1
10,776,0
2043,71,1
15388,72,0
3530,114,1
1398,180,1
89046,431,0
2820,141,1
3097,285,1
79868,269,0
80673,124,0
91808,3,0
68060,394,0
1070,39,1
2071,149,1
72326,263,0
11813,984,0
19100,66,0
4174,9,1
31707,941,0
2559,76,1
5364,71,1
81923,141,0
23279,431,0
37735,431,0
1529,431,1
95529,109,0
18446,37,0
1473,76,1
40439,39,0
66438,809,0
1130,543,1
1364,882,1
102974,946,0
4861,13,0
1470,17,1
31,1012,1
44273,248,0
101547,394,0
3861,636,1
105793,458,0
3954,273,1
89403,700,0
3161,776,1
488,303,1
102865,39,0
75113,12,0
23618,12,0
45243,776,0
60139,1075,0
70539,6,0
47302,13,0
183,138,1
253,139,1
247,227,1
2956,0,1
83001,183,0
3009,394,1
3585,45,1
104043,44,0
4590,1210,0
74324,4,0
1023,518,1
79277,1198,0
3937,795,1
87784,53,0
2441,272,1
320,1202,1
12859,776,0
2436,130,1
2300,58,1
37775,1044,0
1546,21,1
1886,994,1
9515,920,0
61825,97,0
3876,64,1
3173,68,1
37605,283,0
1278,1198,1
557,283,1
5704,220,1
34955,941,0
53,73,1
1040,37,1
5203,265,1
54797,163,0
101,235,1
43371,9,0
46551,202,0
41016,203,0
61742,150,0
1632,160,1
29963,220,0
910,502,1
77766,58,0
97603,1210,0
3008,28,1
3267,468,1
261,956,1
55072,491,0
80371,302,0
966,47,1
4668,170,1
40504,4,0
183,623,1
69394,80,0
390,65,1
49525,401,0
41590,232,0
2885,282,1
267,1198,1
1691,776,1
2509,145,1
57836,1124,0
575,56,1
902,621,1
81183,4,0
902,595,1
75069,245,0
79189,880,0
1865,21,1
3051,252,1
519,9,1
1090,21,1
1092,152,1
2159,231,0
5461,182,1
233,859,1
163,943,1
95247,1,0
102709,634,0
4886,1210,1
190,151,1
45440,24,0
2146,602,0
30692,73,0
96715,403,0
769,217,0
88699,109,0
8516,17,0
101318,253,0
922,40,1
24,97,1
28901,1356,0
36010,139,0
546,145,1
397,283,1
5084,1194,1
30085,36,0
944,177,1
75308,246,0
2615,305,1
332,57,1
17498,352,0
84889,61,0
7957,109,0
5376,21,1
105872,776,0
37861,262,0
1364,1199,1
232,852,1
1659,994,1
18,13,0
3563,945,1
46,229,1
89998,217,0
1401,882,1
84873,114,0
30487,157,0
313,1264,1
1104,430,1
2823,9,1
3333,173,1
48084,462,0
1204,1199,1
104398,501,0
1398,506,1
81862,15,0
94675,13,0
1414,805,1
5164,1,1
75324,105,0
6172,58,1
52981,394,0
76931,376,0
213,3,1
75557,1,0
63945,0,0
97619,776,0
81342,18,0
800,109,1
6250,233,1
1089,1196,1
27064,961,0
3111,1202,1
54392,233,0
18,283,1
286,1296,1
1911,391,1
2825,145,1
246,1245,1
5153,1252,0
86747,270,0
2174,375,0
4761,431,1
52620,953,0
2852,620,1
249,149,1
83207,3,0
85313,1217,0
299,21,1
42692,229,0
84978,1191,0
54932,247,0
160,394,1
1781,119,1
65935,1210,0
44433,437,0
1916,880,1
127,91,1
2725,37,1
105057,200,0
1910,245,1
966,506,1
69501,821,0
93973,327,0
5935,394,1
6178,41,1
3298,39,1
72103,245,0
1000,84,1
1163,9,1
969,253,1
87964,776,0
14208,40,0
302,379,1
5389,145,1
3167,1382,1
552,53,1
3366,57,1
115,37,1
3603,4,1
100812,344,0
575,941,1
28167,78,0
85966,76,0
233,464,1
63275,18,0
2822,0,1
53420,152,0
43611,36,0
74743,21,0
36715,791,0
3097,1197,1
1448,246,1
51333,424,0
44006,1200,0
4345,33,1
3503,208,0
206,125,1
54268,1207,0
60176,15,0
944,456,1
2061,431,1
92620,756,0
3689,179,1
44725,194,0
1618,73,1
76300,217,0
97109,352,0
2716,245,1
51446,21,0
51495,29,0
77464,21,0
21660,9,0
39996,306,0
1591,447,1
50931,288,0
47708,394,0
5998,729,1
173,905,1
83,172,1
2045,69,1
45446,39,0
639,399,1
3769,172,0
75075,189,0
101887,593,0
71853,1252,0
1812,882,1
70823,9,0
92826,84,0
47185,776,0
23037,621,0
2043,175,1
581,488,1
83,9,1
69607,1124,0
25582,3,0
47178,58,0
4319,1198,0
937,33,1
49864,587,0
5720,37,1
20761,64,0
99972,1216,0
5296,35,1
1996,17,0
101,180,1
157,114,1
1691,283,1
182,822,1
49582,114,0
52350,16,0
1452,786,1
86547,38,0
577,207,1
42968,21,0
51471,16,0
78303,87,0
51639,186,0
77676,21,0
5899,220,1
91626,173,0
1205,351,1
70967,61,0
85351,91,0
56,21,1
20157,848,0
285,13,1
21661,68,0
917,73,1
1413,776,1
1057,15,1
96398,69,0
6246,13,0
35,1197,1
3011,0,1
52,12,1
279,461,1
3360,40,1
35801,4,0
946,435,1
3765,309,1
15916,203,0
24956,220,0
227,151,1
24561,109,0
33747,486,0
1791,950,1
81492,464,0
43407,149,0
3050,139,0
104299,593,0
3899,78,1
875,256,1
53796,776,0
2107,110,1
15145,344,0
722,21,1
909,14,1
85360,431,0
86580,1232,0
60762,504,0
3611,344,1
1263,379,1
2434,160,1
1885,6,1
90579,1394,0
3277,44,1
5413,1394,1
2462,894,1
5271,5,1
157,284,1
54320,403,0
2202,724,1
985,109,1
95065,441,0
95024,114,0
284,776,1
3585,61,1
559,885,1
375,363,1
49070,256,0
66172,137,0
2648,1207,1
86704,438,0
51807,252,0
18186,9,0
2563,84,1
44993,61,0
1367,245,0
83322,578,0
82594,41,0
4116,456,1
44,394,1
12055,109,0
77272,429,0
47091,45,0
305,394,1
78508,1196,0
10318,256,0
2998,41,1
1117,193,1
100,217,1
85360,4,0
1973,288,1
4600,694,1
466,817,1
76299,118,0
5978,206,1
75277,88,0
93033,1124,0
2509,18,1
23735,80,0
89806,221,0
54027,503,0
5405,1,0
883,89,1
2820,321,1
6243,391,1
69381,282,0
82447,217,0
106396,1412,0
4472,170,1
94942,859,0
587,458,1
20532,433,0
581,97,1
1831,394,0
262,0,1
81195,16,0
889,524,1
65258,89,0
43417,41,0
1521,150,1
54088,1244,0
2671,172,1
29935,282,0
5174,1207,1
3587,21,1
3128,776,1
66248,150,0
30,882,1
52824,460,0
2737,247,1
92331,74,0
5458,1396,1
85490,843,0
89355,1200,0
83671,531,0
1630,39,1
1077,1197,0
801,430,1
3890,0,1
61051,9,0
1881,288,1
948,473,1
2912,39,1
54,109,1
54,18,1
1364,944,1
327,246,1
13608,8,0
100319,24,0
3960,109,1
256,97,1
97957,892,0
995,130,1
53,177,1
10024,941,0
5274,1202,1
67579,109,0
46523,859,0
226,40,1
1620,1198,1
65061,8,0
101036,173,0
101330,41,0
50302,157,0
41545,523,0
11147,12,0
902,1244,1
98477,129,0
4185,220,0
53629,58,0
2632,1,1
46237,130,0
88679,206,0
88904,340,0
102709,21,0
3161,4,1
1444,58,1
108,1396,1
679,248,1
2446,248,1
283,78,1
71384,47,0
8001,80,0
983,321,1
45792,962,0
686,193,1
81185,1394,0
48465,543,0
912,177,1
2022,44,1
27105,282,0
1485,394,1
965,1056,1
184,2,1
3237,97,1
4529,4,1
18,15,1
3026,443,1
844,1,1
52825,105,0
75202,53,0
26,350,1
70362,9,0
2817,247,1
63278,424,0
543,913,1
101035,19,0
1872,217,1
10265,256,0
207,945,1
393,65,1
3401,431,1
1104,128,1
32184,965,0
78265,1429,0
57000,217,0
13303,1322,0
28452,103,0
2018,264,1
91470,220,0
139,297,1
3428,41,1
81689,12,0
70,78,1
3273,1198,1
4131,21,1
940,5,1
500,323,1
22129,892,0
76041,38,0
36864,394,0
4591,269,1
20058,114,0
67,460,1
256,158,1
5650,880,1
3563,951,1
31247,515,0
16676,217,0
65846,114,0
36196,207,0
1313,91,1
89970,1207,0
1081,770,1
79310,110,0
1363,506,1
3101,1197,1
3732,394,1
82799,118,0
96119,503,0
20631,194,0
6242,327,1
2549,56,1
128,776,1
222,109,1
4179,776,1
42424,529,0
163,950,1
79942,235,0
3955,996,1
1521,207,1
103588,18,0
58961,424,0
125,246,1
3406,40,1
25,283,1
884,58,1
976,21,1
346,426,1
1739,270,1
45640,67,0
106400,40,0
75920,1025,0
99875,109,0
47828,859,0
557,769,1
7329,245,0
21690,33,0
2175,431,1
86173,80,0
167,394,1
20621,41,0
32256,65,0
175,1207,1
2729,477,1
1033,64,1
52448,3,0
27568,203,0
108,180,1
3890,430,1
571,1210,1
1301,543,1
78717,124,0
68823,656,0
1615,13,1
1554,220,1
104986,246,0
5906,376,1
63234,177,0
18169,74,0
2456,207,0
104591,58,0
97270,306,0
8710,1124,0
40339,458,0
2878,175,1
500,13,1
85,56,1
2381,518,1
1274,629,0
92,950,1
50602,140,0
1791,945,1
21104,1194,0
18214,13,0
66414,79,0
2549,74,1
64257,137,0
83079,37,0
17533,47,0
67065,41,0
57047,517,0
64422,69,0
29640,281,0
2795,21,1
557,91,1
32988,423,0
90500,331,0
1615,433,1
67551,130,0
5602,230,1
57196,561,0
104517,776,0
1742,503,1
21820,202,0
317,282,1
106039,376,0
995,1198,1
16088,394,0
56427,1279,0
3676,522,1
752,375,1
64323,35,0
262,205,1
4698,150,1
66278,884,0
17919,1194,0
91707,1198,0
28347,78,0
27969,89,0
249,5,1
1399,39,1
1352,800,1
62422,41,0
615,6,1
64517,17,0
86085,67,0
4960,9,0
104406,6,0
52849,693,0
1517,467,1
57992,886,0
20678,776,0
88819,956,0
901,76,1
62955,504,0
95282,203,0
3604,91,1
77998,170,0
4955,1196,1
30654,119,0
2395,12,1
1623,57,0
54786,21,0
964,1253,1
69,179,1
8354,5,0
1826,84,1
14157,72,0
94875,1227,0
1614,220,1
27916,724,0
19946,956,0
1695,949,1
22208,351,0
1699,98,1
19735,179,0
917,1207,1
5766,40,1
4125,776,1
4920,1197,1
1690,150,1
5481,474,0
1664,0,1
60727,1198,0
82021,160,0
1788,40,1
5218,1207,1
75,776,1
518,114,1
7245,41,0
890,9,1
1693,82,1
2738,776,1
288,139,1
3615,45,1
898,76,1
4155,87,1
3080,40,1
4158,232,1
341,31,1
935,5,1
4349,13,1
3303,76,1
69050,1210,0
3110,657,1
2303,189,1
22705,882,0
105480,835,0
98459,1200,0
23223,158,0
46303,283,0
64076,181,0
26,440,1
54294,6,0
2058,394,1
300,855,1
71934,948,0
75,114,1
52755,40,0
13639,579,0
54689,78,0
2462,193,1
39775,1,0
2384,64,1
2780,1210,1
85760,36,0
4693,21,0
306,487,1
52,91,1
583,447,1
1510,256,1
9371,776,0
77328,1280,0
2548,364,1
87872,305,0
93640,1443,0
2629,16,1
64362,282,0
1188,91,1
983,203,1
2371,37,1
2310,9,1
75715,1092,0
21014,9,0
97897,80,0
6176,9,1
0,21,1
623,905,1
40375,21,0
27672,431,0
104761,256,0
2643,156,1
48450,177,0
76,351,1
56700,21,0
67046,800,0
37611,47,0
101,160,1
902,155,1
503,503,1
1081,404,1
3051,76,1
285,58,1
56973,97,0
2018,114,1
91715,170,0
99092,170,0
53595,68,0
7788,105,0
261,177,1
11530,21,0
78619,1423,0
320,215,1
4303,5,1
3493,61,1
1039,425,1
59270,229,0
249,390,1
56972,82,0
25442,206,0
1434,91,1
67874,1074,0
2390,1198,1
37761,352,0
1647,431,1
172,145,1
14344,233,0
32,598,1
960,500,1
3116,882,1
103314,4,0
73673,1122,0
1263,1133,1
465,460,1
1974,1122,1
3378,950,1
1732,61,1
17048,1207,0
45968,57,0
890,201,1
22905,621,0
63224,247,0
1075,379,1
365,282,1
4852,129,1
16633,39,0
1171,1210,1
73942,791,0
5034,1207,1
266,264,1
259,65,1
1139,282,1
4397,1200,1
1776,1210,0
8565,124,0
50692,227,0
2232,394,1
522,1207,1
3819,458,1
102589,183,0
635,256,1
108,793,1
70383,342,0
764,423,1
349,386,1
13343,693,0
105756,350,0
18926,1285,0
8735,878,0
287,1200,1
4437,220,1
51654,253,0
8526,246,0
10425,621,0
89988,529,0
103673,464,0
1530,253,1
89488,24,0
18392,451,0
44619,67,0
73,1012,1
21473,1,0
97897,1258,0
1620,1197,1
2650,455,1
144,1194,1
55942,1124,0
74628,376,0
3536,1029,0
92835,717,0
55094,1412,0
2252,452,1
4745,1197,1
623,327,1
18276,24,0
73,245,1
3229,776,1
365,962,1
100,155,1
2176,5,1
73603,423,0
2200,6,1
73,233,1
87049,118,0
30962,89,0
5781,45,1
53625,39,0
38546,129,0
21644,1194,0
97703,1,0
783,205,1
2554,300,1
2796,125,1
43188,41,0
50823,1207,0
2439,21,1
54203,955,0
20168,424,0
3687,9,1
4322,41,1
55550,247,0
1403,282,1
559,12,1
81215,561,0
2373,394,1
60427,253,0
81222,39,0
1288,1244,1
18,221,1
872,256,1
53600,78,0
972,431,1
557,158,1
7311,189,0
17444,217,0
10240,15,0
76712,504,0
19877,9,0
50907,21,0
58394,29,0
37,1408,1
99116,682,0
2659,776,1
37000,40,0
55650,109,0
75978,125,0
65783,45,0
17685,955,0
105185,500,0
39421,221,0
2866,61,0
3366,502,1
103601,331,0
1910,12,1
31,671,1
105843,300,0
64058,128,0
83016,4,0
3042,149,1
86875,58,0
3480,72,1
59317,776,0
2051,555,1
282,251,1
56150,47,0
20740,246,0
5636,196,1
85,91,1
534,305,1
2961,913,1
63728,98,0
206,220,1
3609,1139,0
9638,21,0
43877,202,0
2446,155,1
2141,323,1
2823,951,1
71308,6,0
1403,288,1
125,911,1
969,1199,1
35751,13,0
2126,245,1
2254,636,1
101437,0,0
3113,150,1
67827,352,0
16896,615,0
11579,35,0
76420,1,0
2220,1,1
2831,217,1
88406,17,0
996,180,1
642,375,1
75,909,1
200,783,1
65608,0,0
104402,172,0
102671,21,0
4618,29,1
915,41,1
1342,431,1
658,199,1
1530,150,1
2276,477,1
5034,954,0
1385,305,1
10069,21,0
1224,17,1
51974,252,0
1977,352,1
2589,57,1
75504,189,0
32781,1312,0
46516,150,0
41226,39,0
1367,58,1
188,927,1
689,92,1
336,141,1
302,41,1
1693,582,1
395,881,1
2431,456,1
891,150,1
37428,456,0
42820,41,0
2759,242,1
2332,24,1
50511,109,0
90264,1207,0
1758,1200,1
101966,1210,0
100412,112,0
930,4,1
909,214,1
2185,0,1
1333,460,1
801,1210,1
724,155,1
2468,130,1
57325,235,0
582,307,1
4868,1198,1
15016,14,0
503,72,1
2908,884,1
48260,180,0
7803,177,0
2661,97,1
82418,233,0
249,1108,1
38900,1220,0
304,18,1
7,631,1
1691,263,1
24050,9,0
38635,65,0
1456,394,1
351,783,1
73,98,1
20093,18,0
37721,24,0
4747,849,1
3329,252,1
1058,82,1
392,41,0
149,597,1
1763,464,1
58465,79,0
65242,98,0
18261,1194,0
289,1400,1
2364,114,1
2430,33,1
2282,776,1
64601,39,0
83111,823,0
320,1207,1
42,133,1
4297,206,1
60025,901,0
26367,72,0
38356,631,0
641,372,1
306,582,1
5552,1387,1
2128,189,1
75547,882,0
26794,587,0
1887,776,1
937,35,1
3775,5,1
2771,24,1
39061,570,0
437,156,1
31755,1210,0
3536,39,1
39237,306,0
86425,460,0
53,248,1
105915,105,0
95012,72,0
3489,248,0
58291,38,0
1364,114,1
58425,175,0
2443,892,1
787,232,1
1123,1207,1
2989,431,1
4874,1210,1
85,207,1
1971,72,1
143,182,1
4490,40,1
52290,465,0
2856,13,1
104,27,1
317,1012,1
26496,40,0
1833,487,1
30412,878,0
336,460,1
175,1198,1
81432,214,0
987,1228,1
45846,39,0
74619,44,0
62356,256,0
5650,78,1
63046,33,0
52397,328,0
3522,91,1
414,160,1
88163,175,0
32,100,1
56,33,1
3550,1030,0
3515,13,1
2003,177,1
54,251,1
42514,12,0
59468,1207,0
115,401,1
587,58,1
74805,39,0
2549,3,1
22737,44,0
49160,2,0
45242,1199,0
2470,109,1
74391,877,0
11905,208,0
56309,78,0
16364,270,0
302,24,1
2260,76,1
102843,21,0
88584,1198,0
5699,911,1
19,776,0
87891,114,0
58626,0,0
2145,181,1
48700,481,0
11322,235,0
67097,1227,0
211,1224,1
97938,488,0
1473,24,0
1645,481,1
31295,31,0
5978,177,1
22696,193,0
17255,58,0
52335,150,0
171,1456,1
6484,21,0
2165,174,1
71,9,1
2635,21,1
2799,4,1
948,145,1
3695,172,1
100055,201,0
6195,878,0
89305,882,0
65942,917,0
1240,282,1
51980,1394,0
3490,44,1
88563,78,0
105986,98,0
1306,3,1
636,394,1
2542,376,1
2557,29,1
48622,431,0
557,1292,1
15265,217,0
17044,504,0
910,74,1
53407,213,0
222,303,1
966,180,1
3649,78,0
72296,141,0
84199,21,0
39340,1118,0
5719,9,1
3788,636,1
1448,39,1
28576,84,0
75179,394,0
24323,838,0
1101,403,1
55893,1193,0
47269,145,0
284,44,1
3452,177,1
63155,869,0
73,21,1
274,179,1
2451,89,1
92028,220,0
2931,837,1
1008,67,1
1943,69,0
2872,376,1
3333,69,1
4924,1197,1
4672,1207,1
578,33,1
114,57,1
72384,82,0
451,12,1
66545,1227,0
57,79,1
40354,220,0
26853,87,0
104621,97,0
6232,58,1
48,47,1
7429,206,0
6021,394,1
2305,352,1
5978,158,1
1753,91,1
75896,283,0
66404,776,0
46763,64,0
23281,109,0
245,1198,1
336,431,1
591,1299,1
1418,318,1
84980,510,0
2710,233,0
78713,158,0
51837,3,0
27093,39,0
3320,255,1
4294,1012,1
2667,15,1
25731,15,0
2793,114,1
207,40,1
11872,196,0
69632,35,0
8043,9,0
66350,124,0
497,54,1
63172,158,0
106191,37,0
73,40,1
639,364,1
2737,91,1
9186,578,0
30523,17,0
4568,1124,1
51261,680,0
61918,41,0
76077,45,0
89200,264,0
59148,281,0
106423,1210,0
40655,1034,0
34482,177,0
59476,1198,0
3809,232,1
1615,37,1
61088,1394,0
4370,394,1
2230,718,1
2885,264,1
1615,213,1
3116,1198,1
208,1144,1
91470,41,0
74429,548,0
4303,774,1
2645,460,1
2099,109,1
66495,621,0
22268,761,0
39102,227,0
156,9,1
91073,252,0
912,155,1
5473,44,1
19115,9,0
3071,8,1
930,9,1
31661,69,0
77497,256,0
68971,125,0
2550,84,1
68016,58,0
3303,504,1
88459,424,0
890,620,1
62,109,1
67327,220,0
204,78,1
7507,424,0
262,252,1
63902,40,0
90386,45,0
100677,1210,0
66218,111,0
70714,1193,0
127,1222,1
31,36,1
30847,140,0
1169,460,1
465,145,1
23083,180,0
2822,33,1
5057,179,1
262,249,1
12295,462,0
1367,501,1
39030,877,0
1460,13,1
3936,327,1
1712,460,1
65059,9,0
121,1224,1
19914,205,0
73,769,1
1534,195,0
2376,16,1
2520,1043,1
50729,776,0
80725,21,0
68,332,1
1421,114,1
1379,65,1
87988,1198,0
220,562,1
1398,21,1
3847,256,1
92086,78,0
503,89,1
101,954,1
76584,391,0
1521,340,1
106215,269,0
2268,488,1
84836,199,0
94573,114,0
38479,337,0
3209,520,1
60749,246,0
2129,45,1
2442,9,0
5092,1396,0
103819,1196,0
190,33,1
5951,36,1
330,80,1
11580,392,0
1493,246,1
5364,3,1
85791,763,0
3018,245,0
15918,5,0
2953,518,1
5354,1197,1
3555,78,1
103065,39,0
1350,621,1
84856,1124,0
1602,150,1
1832,313,0
2559,183,1
1887,21,1
2722,1197,1
1051,177,1
671,109,1
41086,0,0
96723,9,0
83015,510,0
1695,951,1
1092,462,1
84784,38,0
104014,0,0
48628,9,0
44644,89,0
62900,464,0
56049,125,0
227,255,1
94522,220,0
6253,332,1
102957,264,0
1205,248,1
3327,124,1
73142,256,0
262,57,1
4247,252,1
100703,170,0
73164,217,0
58057,783,0
96273,156,0
48148,1207,0
2463,418,1
327,73,1
53173,351,0
32256,45,0
22739,784,0
1471,247,1
328,39,1
3132,40,1
1161,36,1
1367,38,1
84979,14,0
52440,806,0
87396,41,0
5057,153,1
38,344,1
1122,203,1
2086,12,1
3262,264,1
63812,808,0
40164,456,0
70423,82,0
101,953,1
15320,9,0
495,256,1
104156,1193,0
1572,5,1
28153,37,0
888,82,1
79888,68,0
1636,859,1
82710,9,0
6047,841,1
1597,78,0
63138,202,0
1463,431,1
2467,80,1
18625,114,0
63356,621,0
1504,38,1
5978,5,1
87665,61,0
149,776,1
361,303,1
55324,892,0
2189,194,1
2602,621,1
103963,18,0
497,956,1
43168,41,0
724,157,1
3378,45,1
2468,227,1
58565,68,0
13810,456,0
19722,877,0
68258,468,0
19059,21,0
3505,33,1
40474,36,0
90286,1198,0
73482,364,0
2440,57,1
1888,9,1
45442,44,0
103582,110,0
63796,245,0
9766,943,0
49217,654,0
4186,3,0
49179,1202,0
115,1005,1
43770,305,0
88071,24,0
6045,306,0
3813,636,1
4387,1456,1
2611,16,1
32742,322,0
522,440,1
1288,973,1
3101,546,1
3182,17,1
2720,169,1
5274,4,1
1084,194,1
1898,430,1
966,24,1
69070,3,0
4456,431,1
188,98,1
4907,1196,1
95443,189,0
13434,809,0
3876,21,1
45136,323,0
2668,76,1
342,206,1
135,18,1
1755,376,1
76167,21,0
7701,672,0
25,282,1
5942,394,1
2820,15,1
3064,36,1
33096,1198,0
413,344,1
20094,791,0
20583,128,0
100,1012,1
27055,97,0
90824,14,0
1493,1075,1
2559,181,1
107,8,1
80534,882,0
519,36,1
61,844,1
49269,431,0
56,1073,1
163,177,1
91859,548,0
38704,330,0
4005,58,0
315,1172,1
59170,12,0
2025,309,1
1584,18,1
5903,394,1
12063,480,0
318,21,1
3208,36,1
22861,1228,0
54300,41,0
552,79,1
5978,429,1
1136,944,1
57821,67,0
1292,434,1
1367,45,1
16463,82,0
6219,118,1
26,175,1
89015,606,0
16395,78,0
1073,80,1
2201,17,1
2668,21,1
4891,1210,1
16033,1200,0
46261,1207,0
2817,24,1
73991,17,0
5943,394,1
313,720,1
88183,394,0
3634,351,1
2386,4,1
56500,256,0
1713,460,1
4761,256,1
45351,1,0
92686,1394,0
1906,111,1
1517,78,1
19453,71,0
86363,776,0
2645,458,1
1917,24,1
60118,281,0
2626,833,1
22847,1153,0
34502,21,0
27829,177,0
5069,639,1
1399,72,1
55157,501,0
1061,424,1
1855,172,1
78922,58,0
222,47,1
69486,503,0
2629,1124,1
2869,9,1
972,256,1
159,145,1
1368,1224,1
4771,394,0
557,56,1
559,1412,1
91983,155,0
6622,344,0
3827,889,1
3303,45,1
178,882,1
68749,361,0
15892,44,0
1644,859,1
20443,1411,0
521,9,1
83625,145,0
3490,1197,1
1234,175,1
431,1196,1
101986,89,0
1530,791,1
9577,82,0
1465,859,1
1354,57,1
2549,580,1
934,21,1
5717,431,1
92713,344,0
24138,504,0
303,47,1
40519,125,0
67216,363,0
86308,247,0
2544,767,1
46725,21,0
169,1200,0
156,500,1
91139,17,0
43543,431,0
103241,711,0
59950,47,0
41177,376,0
3723,111,1
965,1361,1
73459,344,0
20696,89,0
76383,29,0
44675,431,0
8920,437,0
21072,142,0
47990,502,0
1249,98,1
591,246,1
4144,1396,0
72552,352,0
2153,91,1
65745,1138,0
157,5,1
559,189,1
4046,630,0
4084,877,1
96632,172,0
105,4,1
2084,190,0
47,5,1
76758,968,0
42422,245,0
40623,33,0
80,78,1
2820,189,1
3692,129,1
28915,394,0
63577,269,0
686,227,1
53457,1207,0
58504,153,0
16510,894,0
51823,626,0
2314,13,1
90,1193,1
2077,144,1
68076,5,0
3692,258,1
55227,352,0
71576,1460,0
73012,58,0
2454,431,0
1450,9,1
1115,1196,1
156,21,1
47100,40,0
55664,39,0
26,208,1
101982,1396,0
883,245,1
94364,109,0
25688,82,0
272,1009,1
56312,130,0
349,410,1
3729,776,1
1637,80,1
68626,533,0
14459,170,0
2471,69,1
57797,399,0
102391,259,0
1179,84,1
149,177,1
27391,253,0
44715,1207,0
83,24,1
56740,4,0
94373,45,0
1398,201,1
2389,0,1
49637,503,0
3277,45,1
105803,1124,0
31,248,1
52647,229,0
56855,97,0
97972,177,0
90195,463,0
480,1017,1
55726,282,0
23,16,1
6291,217,0
1381,39,1
61685,614,0
100269,270,0
2107,1196,1
5758,220,0
12352,504,0
1298,180,1
63815,504,0
76546,791,0
9442,1073,0
1284,1203,1
84181,394,0
90325,170,0
4199,68,1
77908,463,0
5326,175,1
31119,207,0
70822,18,0
89779,29,0
106046,177,0
3944,743,1
15309,654,0
177,170,1
2019,97,1
28349,252,0
9770,1198,0
31846,37,0
1362,1070,1
1611,73,0
74911,883,0
358,21,1
125,6,0
1433,21,1
3010,407,1
102210,105,0
4262,1200,1
841,344,1
292,344,1
38,105,1
44605,1207,0
575,252,1
51891,194,0
103806,58,0
79561,91,0
37033,109,0
745,0,1
54,776,1
1314,33,1
302,157,1
157,157,1
3010,717,1
88069,776,0
74371,4,0
910,608,1
16490,394,0
4303,478,1
69164,74,0
29554,765,0
61079,173,0
92665,521,0
7350,843,0
74493,203,0
48294,45,0
386,40,0
50713,363,0
52019,694,0
1904,961,1
81018,82,0
188,883,1
42390,282,0
85,189,1
313,57,1
79886,533,0
346,1257,1
437,429,1
982,445,1
20729,19,0
1643,17,1
17196,39,0
2433,263,1
61,41,1
559,503,1
1010,202,1
616,89,1
73,157,1
1249,21,1
55137,438,0
32146,1428,0
524,305,1
3333,951,1
27150,66,0
3563,949,1
2430,9,1
192,199,1
74431,72,0
29502,9,0
2418,1124,1
5752,344,1
100191,944,0
253,66,1
92,105,1
291,3,1
2106,205,1
43221,177,0
47508,202,0
4622,306,1
11737,89,0
73,246,1
3527,1194,1
73712,1,0
114,39,1
85046,394,0
16927,859,0
5873,869,1
1090,833,1
39768,610,0
2054,40,1
5264,1433,1
56517,252,0
31587,139,0
16961,190,0
3138,45,1
70145,9,0
373,21,1
64962,44,0
21435,1394,0
1336,125,1
68412,40,0
196,3,1
899,5,1
48527,487,0
4112,21,1
70208,673,0
2273,464,0
1631,36,1
2098,882,1
96427,37,0
2374,460,1
61182,141,0
5239,1197,1
87183,3,0
3010,140,1
54883,1023,0
8281,61,0
38230,510,0
3543,61,1
102121,376,0
94174,776,0
103897,859,0
3471,173,0
39286,283,0
175,783,1
95253,16,0
3325,541,1
2659,21,1
89009,12,0
22918,435,0
2175,0,1
4585,269,1
1657,270,1
3660,259,0
84,273,1
1603,41,1
1051,105,1
2801,202,1
99762,1102,0
2389,269,1
1324,877,0
287,332,1
68020,21,0
256,252,1
68338,491,0
3098,220,1
36152,1194,0
16547,194,0
4467,28,0
23239,109,0
94664,1198,0
1632,339,1
50423,92,0
38637,169,0
64982,263,0
894,21,1
2528,58,0
391,4,1
3333,21,1
94792,877,0
188,681,1
84531,823,0
53117,592,0
2790,13,1
2788,54,1
28096,214,0
50200,119,0
2908,541,1
12253,220,0
2896,364,1
92915,174,0
1900,1396,1
5020,447,1
68079,129,0
596,109,1
1797,776,1
4652,1279,1
80069,189,0
66495,620,0
168,110,1
14289,1199,0
61975,383,0
69146,431,0
395,124,1
214,1,1
3824,21,1
6059,449,1
2240,1253,1
22531,615,0
1865,180,1
85327,943,0
2446,156,1
188,340,1
1512,256,1
3915,394,1
2715,82,1
24845,40,0
2888,1143,1
2705,234,0
1197,504,1
48347,173,0
3218,40,1
5978,89,1
3039,35,0
1478,21,1
86942,68,0
51736,460,0
5396,67,0
104243,36,0
81916,859,0
75159,456,0
2793,13,1
233,217,1
1070,57,1
1226,74,1
2114,114,0
103570,1394,0
13784,217,0
34265,1018,0
4314,214,1
51193,877,0
3074,80,1
2020,114,1
104580,9,0
84196,776,0
41731,859,0
92247,776,0
593,252,1
79122,40,0
81915,44,0
98123,36,0
72596,33,0
81792,1075,0
178,447,1
24887,561,0
79312,282,0
36264,58,0
3423,1197,1
82915,1198,0
23475,92,0
20375,978,0
80677,145,0
2912,170,1
575,773,1
4836,1197,1
662,109,1
15058,877,0
49087,1337,0
32509,33,0
4751,61,1
101178,1464,0
50684,3,0
255,2,1
388,394,1
34781,21,0
61,431,1
253,74,1
78689,1452,0
79339,215,0
1000,130,1
2779,247,1
91924,303,0
40005,880,0
16960,1299,0
376,1210,1
486,1210,1
92297,4,0
82599,458,0
31413,18,0
2798,431,1
248,474,1
73830,39,0
2076,1012,1
9858,114,0
104682,140,0
437,71,1
83746,45,0
63850,150,0
4410,394,1
6073,9,1
613,183,1
100144,173,0
5137,1210,1
71788,253,0
934,836,1
1644,1199,1
16814,29,0
76179,33,0
58289,27,0
1195,89,1
100326,41,0
1336,877,1
92896,474,0
77823,41,0
3798,232,1
88745,68,0
5733,114,1
1656,445,1
37793,78,0
2128,157,1
1263,1025,1
69154,486,0
76571,247,0
124,39,1
966,114,1
1407,109,1
40108,47,0
934,58,1
91,21,1
2446,352,1
1768,9,1
97191,852,0
88393,109,0
1301,919,1
134,180,1
2114,13,1
31497,246,0
95299,379,0
67869,1207,0
83,884,1
171,152,1
88362,177,0
1398,205,1
1291,78,1
13585,151,0
2908,76,1
71076,182,0
53845,175,0
225,73,1
31,38,1
2126,124,1
3580,114,1
92870,114,0
51071,220,0
249,276,1
78166,6,0
14502,481,0
562,892,1
1691,935,1
12745,109,0
2956,82,1
35103,76,0
2820,39,1
49205,9,0
105159,37,0
488,300,1
97126,859,0
4981,1197,1
31446,57,0
182,285,1
38139,606,0
52904,171,0
45652,327,0
89,38,1
1620,9,1
64835,177,0
17832,0,0
106053,394,0
2128,154,1
60244,431,0
35,207,1
24,16,1
82854,109,0
1905,795,1
101304,40,0
104737,21,0
17361,114,0
36869,919,0
3525,84,1
1692,281,1
2621,197,1
50918,1197,0
26183,1378,0
5951,859,1
83,97,1
1770,501,0
22466,29,0
27663,394,0
92813,288,0
3528,4,1
2822,36,1
90137,831,0
95891,47,0
1536,41,1
33589,39,0
776,1,1
1136,954,1
86123,463,0
1820,233,1
25855,56,0
39590,376,0
76816,177,0
3190,194,1
1288,235,1
29997,501,0
172,125,1
27232,1207,0
163,282,1
213,6,1
3224,98,0
64797,76,0
3529,502,1
1063,205,1
96473,24,0
98213,246,0
1318,155,1
50243,905,0
69613,37,0
29263,288,0
22329,68,0
262,41,1
456,68,1
54,44,1
65650,1194,0
61429,376,0
559,789,1
2412,114,1
41921,787,0
17945,45,0
140,0,1
41672,21,0
38917,9,0
968,13,1
41877,927,0
100147,29,0
93282,92,0
1205,246,1
1870,39,1
82337,21,0
80191,244,0
19551,152,0
306,17,1
4679,455,1
1398,882,1
47725,249,0
86062,1124,0
1409,434,1
1298,153,1
97938,253,0
2462,0,1
429,670,1
96381,788,0
88522,177,0
2885,12,1
2673,1324,1
40390,409,0
557,153,1
10572,119,0
55635,36,0
34978,1218,0
1615,47,1
83293,246,0
32224,504,0
2554,1200,1
82229,555,0
72088,502,0
253,1237,1
6051,1224,1
19554,503,0
1361,89,0
1491,568,1
108,885,1
94201,394,0
469,269,1
128,648,1
45201,145,0
32377,619,0
934,1124,1
96888,1210,0
96268,15,0
33292,73,0
351,486,1
3043,114,1
85946,175,0
185,394,1
1159,76,1
102845,776,0
313,45,1
3260,149,1
179,1224,1
1399,809,1
801,82,1
3181,47,1
1673,259,0
938,221,1
96202,21,0
3064,9,1
3585,776,1
99132,375,0
1187,0,1
26,285,1
1099,714,1
1668,1200,1
320,298,1
72788,247,0
31440,15,0
58530,57,0
2737,41,1
92,9,1
38,177,1
456,252,1
4942,1197,1
51601,237,0
302,252,1
1241,214,1
93548,794,0
90358,248,0
45476,9,0
20213,616,0
916,74,1
37729,235,0
1218,15,1
4406,45,1
66474,9,0
2131,179,1
97379,1289,0
1490,517,1
85561,33,0
2112,1207,1
1501,776,1
575,283,1
1225,88,0
23,214,1
4635,1470,1
2977,786,1
939,4,1
1524,788,1
86707,233,0
1314,504,1
89617,621,0
26695,13,0
5654,1198,1
497,105,1
92299,945,0
3323,2,1
22728,826,0
285,139,1
76757,40,0
77024,18,0
49,37,1
75,21,1
52,401,1
1258,177,1
42492,424,0
7497,160,0
30817,344,0
557,264,1
45,0,1
559,352,1
21504,315,0
91942,321,0
43976,1252,0
3400,246,1
1335,140,1
85388,13,0
96279,58,0
2773,285,1
3021,1197,0
55289,4,0
884,1199,1
20400,337,0
54405,67,0
254,139,1
104859,41,0
2722,4,1
79996,776,0
45709,47,0
26234,57,0
61479,1073,0
397,21,1
1365,340,1
407,80,1
88625,177,0
47247,242,0
5558,56,1
27998,78,0
69207,5,0
3616,40,1
1616,114,1
1119,47,1
76,39,1
25048,297,0
96338,328,0
52371,17,0
5787,1194,0
6207,248,0
890,171,1
11165,460,0
1306,107,1
25081,13,0
1671,237,1
266,160,1
45250,16,0
2440,541,1
98612,39,0
3630,776,1
4590,364,1
3277,13,1
437,982,1
2471,45,1
52216,548,0
139,483,1
3176,40,1
921,35,1
52700,105,0
100606,910,0
995,1227,1
629,913,1
37996,220,0
1698,4,1
76228,31,0
556,829,1
2516,795,1
143,128,1
64348,276,0
2563,13,1
95504,270,0
88432,65,0
3701,220,1
90674,1198,0
47341,431,0
67104,1011,0
152,217,1
2842,6,1
892,882,1
77799,1098,0
84070,201,0
644,245,1
38373,288,0
5756,252,0
3045,84,1
43084,465,0
227,39,1
62056,800,0
2896,276,0
32090,21,0
2098,795,1
583,953,1
81298,180,0
2920,394,1
62389,231,0
19829,1197,0
51231,342,0
92,172,1
41428,21,0
2027,743,1
1197,45,1
100,247,1
20387,139,0
51761,78,0
54366,282,0
56087,169,0
780,58,1
586,41,1
91816,233,0
79002,897,0
42,394,1
2372,636,1
6106,48,0
65199,45,0
103970,337,0
101653,1207,0
246,57,1
59803,21,0
1205,57,1
13469,878,0
66835,634,0
74590,1233,0
1508,18,1
3132,39,1
104760,347,0
95901,177,0
6378,1197,0
38181,220,0
39427,41,0
5236,1207,1
80166,264,0
101,950,1
3097,9,1
92005,3,0
3264,181,1
48600,776,0
105587,541,0
18054,61,0
106136,76,0
90450,394,0
327,57,1
306,140,1
1354,217,1
28095,151,0
159,1197,1
1622,1,1
28255,199,0
3448,264,1
3946,961,1
1526,109,1
2594,18,1
2815,1269,1
911,172,1
19005,776,0
789,252,1
11,1194,1
106459,189,0
1098,109,1
2771,177,1
93,66,1
91096,1207,0
519,35,1
1528,623,1
1367,12,1
1445,217,1
557,580,1
1693,631,1
78120,318,0
3101,174,1
902,9,1
2292,510,1
6170,282,0
93406,433,0
55003,40,0
315,472,1
5584,109,1
99373,21,0
57430,394,0
26,878,1
249,474,1
1313,233,1
2472,109,1
1418,364,1
678,805,1
92192,39,0
70,390,1
18349,54,0
3069,1191,1
1760,171,1
5518,69,0
60,109,1
2453,67,1
157,392,1
1603,217,1
90352,750,0
4878,1349,1
60,213,1
549,394,1
1887,1198,0
8,506,0
81638,878,0
45592,468,0
2040,175,1
2049,996,1
58563,809,0
5514,41,1
64198,57,0
14527,621,0
215,269,1
2189,375,1
46629,561,0
19369,41,0
3563,233,1
101079,21,0
1365,9,1
15029,80,0
578,39,1
36151,255,0
66851,798,0
101325,138,0
18826,283,0
47867,1122,0
27382,791,0
2439,171,1
1644,234,1
12378,1194,0
39396,1,0
36,805,1
66129,171,0
7102,207,0
91448,1198,0
5058,1194,1
2047,1198,1
51068,1194,0
4642,1186,1
2517,705,1
74051,249,0
100438,58,0
13605,1456,0
84566,28,0
32964,1207,0
91292,73,0
56698,67,0
7593,352,0
54,78,1
17856,177,0
1798,45,1
87967,1224,0
1517,920,1
24120,40,0
69455,387,0
30799,9,0
23570,394,0
72544,150,0
2364,776,1
2677,1074,1
3638,468,1
2589,9,1
1024,98,1
75375,40,0
47374,477,0
5207,21,1
96715,12,0
104398,387,0
92,76,1
97922,6,0
84259,58,0
9416,76,0
2827,40,1
215,1197,1
2787,9,1
1212,244,1
72865,927,0
37712,1124,0
1526,28,1
2706,24,1
19103,263,0
71780,1122,0
78819,930,0
1139,21,1
83697,156,0
53991,33,0
122,4,1
403,9,1
96962,21,0
3021,21,1
61239,1138,0
156,1073,1
3518,776,1
105354,5,0
18,21,1
67343,91,0
25811,21,0
88166,152,0
2376,80,1
313,424,1
46449,6,0
37643,64,0
87132,352,0
912,233,1
22656,344,0
2023,513,1
20821,431,0
41811,578,0
3872,40,0
52917,230,0
1636,207,1
90774,24,0
2554,18,1
2449,18,1
4014,304,1
801,285,1
801,1193,1
5250,961,1
1598,555,1
76900,45,0
19572,248,0
91861,839,0
45552,21,0
2727,58,1
5314,478,1
1135,79,1
54316,71,0
11777,221,0
128,961,1
2549,24,1
47200,9,0
24953,194,0
724,321,1
74095,206,0
4271,4,1
841,125,1
84090,21,0
180,1023,1
98564,281,0
53,13,1
809,500,1
67965,220,0
74879,21,0
19294,74,0
82866,349,0
102020,364,0
49708,150,0
281,139,1
60684,29,0
578,424,1
2119,221,1
105686,394,0
750,643,1
366,739,1
3543,40,1
3548,24,1
78619,130,0
2698,45,1
125,9,1
3567,321,1
13526,454,0
78100,1067,0
55244,156,0
6617,114,0
94498,1294,0
426,1218,1
4653,139,1
99849,39,0
73305,905,0
5954,413,1
773,109,1
74278,877,0
1824,386,1
233,44,1
1338,177,1
4634,259,1
55511,431,0
15175,114,0
89678,1196,0
73035,12,0
3228,9,1
163,949,1
11409,27,0
88748,8,0
86635,246,0
96952,464,0
87717,548,0
143,36,0
76168,1257,0
1133,16,1
49128,233,0
55684,1093,0
6652,502,0
10984,33,0
9590,3,0
112,112,1
1492,9,1
101,1233,1
317,292,1
26887,1226,0
17690,44,0
2597,80,1
30079,6,0
95571,205,0
827,80,1
61844,21,0
57,1275,1
2608,18,1
2905,35,1
97639,38,0
98140,1396,0
2793,424,1
3775,6,1
22536,91,0
105638,607,0
44285,36,0
28931,172,0
256,40,1
46997,45,0
170,29,1
8525,504,0
4460,45,1
5670,18,0
90924,431,0
172,6,1
23323,1196,0
9398,1394,0
16161,776,0
2936,1151,0
2853,1253,1
1456,458,1
2017,252,1
86679,44,0
21715,262,0
42267,1207,0
99580,45,0
17473,37,0
157,217,1
1035,114,1
102168,502,0
53425,27,0
106192,1200,0
96261,177,0
2428,776,1
4248,175,1
67078,1124,0
16310,616,0
185,65,1
67487,379,0
5583,950,0
2485,24,1
16718,269,0
682,76,1
1661,21,1
114,201,1
901,97,1
72583,9,0
71187,1005,0
2439,207,1
84628,776,0
724,974,1
13941,125,0
938,172,1
10195,1,0
102069,221,0
42049,878,0
75,186,1
1604,431,1
681,288,1
2908,426,1
2820,779,1
64888,24,0
2213,288,1
1168,1200,1
60704,776,0
830,109,1
456,233,1
5899,105,0
86,776,1
89611,206,0
254,1210,1
6718,82,0
20858,1198,0
34571,351,0
2189,12,1
94726,6,0
6853,394,0
4135,21,1
11655,394,0
32337,394,0
77156,1196,0
88948,98,0
3086,221,1
42681,114,0
125,141,1
38179,376,0
1661,57,1
10809,1207,0
89602,4,0
43448,31,0
93296,4,0
82386,478,0
4236,13,1
134,520,1
4999,45,1
82748,1197,0
1398,44,1
893,431,1
1008,69,1
75521,16,0
61743,673,0
78193,76,0
59613,78,0
88059,460,0
95523,125,0
3570,29,1
70397,418,0
1760,520,1
43091,5,0
62901,151,0
91481,98,0
3358,1207,1
27679,41,0
1367,150,1
4481,38,1
55569,429,0
96238,859,0
55489,154,0
76170,431,0
104853,8,0
2631,272,1
39440,61,0
36513,6,0
64646,74,0
2442,177,1
2196,194,1
724,246,1
41818,109,0
52678,541,0
5691,0,1
38422,252,0
1989,177,1
94498,58,0
78237,183,0
780,38,1
922,39,1
1682,288,1
1807,58,1
53688,1236,0
20805,533,0
96836,47,0
91991,9,0
95986,1222,0
45980,661,0
1364,534,1
162,430,1
91062,478,0
2106,97,1
312,13,1
557,186,1
142,206,1
188,0,1
1509,56,1
552,170,1
52982,258,0
40205,798,0
101668,741,0
100895,15,0
79098,109,0
39062,297,0
36803,304,0
1362,215,1
24539,431,0
4787,1224,1
49242,89,0
39631,171,0
2480,181,1
95652,114,0
106363,1196,0
1850,200,1
1472,431,1
43384,180,0
31,429,1
1720,1193,1
21538,1012,0
141,61,0
1799,177,1
5995,581,1
2938,281,1
1418,363,1
17223,1,0
75215,79,0
3334,177,1
65076,67,0
3227,247,1
68334,173,0
21288,109,0
73344,12,0
18738,616,0
3097,21,1
32182,300,0
1614,472,1
54120,884,0
20508,98,0
1308,621,0
46541,1043,0
27375,264,0
3597,98,1
2412,44,1
13815,12,0
5864,61,1
7422,255,0
1091,128,1
1455,376,1
59058,9,0
912,89,1
108,172,1
55439,175,0
9413,304,0
829,1415,1
3590,270,1
33320,80,0
39212,82,0
70358,776,0
1741,9,1
1235,1296,1
33554,767,0
71298,518,0
7743,1396,0
67,823,1
38177,246,0
2700,45,1
55296,177,0
33489,128,0
379,281,1
7192,1198,0
47915,170,0
10594,31,0
1364,252,1
3084,392,1
61466,429,0
78996,141,0
987,233,1
30091,45,0
64482,500,0
760,800,1
81046,1221,0
55938,61,0
9911,18,0
1761,203,1
87543,458,0
86841,78,0
2228,65,1
5473,206,1
96931,36,0
1615,2,1
12320,1207,0
4463,206,1
71647,24,0
1691,429,1
789,45,1
36209,9,0
1025,264,1
183,91,1
36759,309,0
32640,431,0
722,61,1
103172,817,0
1205,1412,1
40964,252,0
725,207,1
2075,462,1
5364,0,1
45077,145,0
567,269,1
79191,29,0
228,73,1
11389,590,0
2833,39,0
24,1207,1
58852,21,0
2614,158,0
2428,1483,1
10215,13,0
85165,35,0
4141,394,1
100,91,1
883,40,1
24055,980,0
2503,258,1
4969,1196,1
89286,12,0
1401,0,1
724,882,1
88401,487,0
10678,109,0
2489,621,0
3023,41,1
34177,8,0
66251,182,0
105828,76,0
313,35,1
44816,39,0
99503,995,0
31948,243,0
81666,61,0
1615,125,1
43511,13,0
20361,109,0
92630,362,0
3829,21,1
68897,98,0
56801,177,0
60756,114,0
35,39,1
788,232,1
105751,488,0
167,145,1
4301,305,1
1934,4,1
53943,1134,0
83237,331,0
1090,1406,1
1350,884,1
80752,247,0
1977,1012,1
437,284,1
724,147,1
2713,89,1
402,109,1
61358,8,0
97461,1433,0
4533,433,1
1387,6,1
33980,747,0
233,37,1
1218,170,1
69556,21,0
995,252,1
86405,18,0
679,13,1
4578,956,1
101726,33,0
40509,264,0
893,363,1
2401,394,1
26249,33,0
79726,282,0
1204,207,1
1244,0,1
587,114,1
53672,783,0
228,69,1
57822,33,0
2123,486,0
336,403,1
856,1207,1
44600,281,0
18292,8,0
71364,518,0
159,17,1
105798,424,0
98412,13,0
2033,13,1
44618,172,0
9249,78,0
67660,14,0
2810,674,1
6223,468,1
883,13,1
1398,179,1
20507,478,0
26727,125,0
1782,16,1
6030,1198,1
7700,518,0
1724,153,1
72267,80,0
3220,78,1
50010,460,0
2770,0,0
1637,859,1
4725,5,1
5977,431,1
60067,1198,0
2467,16,1
2106,835,1
3332,791,1
81593,288,0
5153,1207,1
53179,69,0
1366,35,1
67497,40,0
6248,105,1
1655,109,1
48457,74,0
4376,45,1
23259,520,0
63163,1197,0
3899,1176,1
357,282,1
1561,27,1
2434,233,1
884,252,1
66,40,1
52304,44,0
2594,269,1
1030,189,1
2463,419,1
3630,21,1
2452,255,1
18712,41,0
59855,253,0
34966,179,0
86125,510,0
21321,16,0
58790,424,0
1456,0,1
878,80,1
3173,69,1
1530,57,1
2439,173,1
2316,66,1
88538,82,0
39316,4,0
615,24,1
208,82,1
56193,776,0
51339,1412,0
3109,1200,1
22526,244,0
66175,89,0
82622,389,0
711,109,1
31819,776,0
41288,253,0
3523,598,1
12372,1207,0
26235,541,0
100,41,1
6590,9,0
137,207,1
724,1200,1
38601,13,0
102876,362,0
1000,17,1
77951,97,0
55838,21,0
12175,21,0
28609,615,0
30495,112,0
8434,71,0
3543,9,1
84691,8,0
65297,207,0
72285,13,0
27655,950,0
246,9,1
102577,65,0
101799,306,0
1819,177,1
98020,1394,0
167,17,1
49545,647,0
8126,199,0
63381,44,0
80528,468,0
1855,171,1
52270,430,0
108,171,1
27031,1258,0
552,18,1
26048,883,0
923,13,1
77460,968,0
1288,160,1
18568,18,0
1592,21,1
52,233,1
136,110,1
969,252,1
917,458,1
95763,128,0
5638,431,1
3845,389,1
5340,58,1
606,109,1
3066,217,1
1504,9,1
13944,72,0
2274,9,1
2713,45,1
42289,693,0
5282,3,1
26,2,1
25815,149,0
30956,45,0
90938,8,0
3312,13,1
2702,882,1
998,36,0
58869,776,0
106328,460,0
28253,202,0
24953,859,0
64302,150,0
857,394,1
3618,80,1
2799,1193,1
888,602,1
17761,517,0
40335,36,0
4663,1207,1
2050,53,1
61155,44,0
41466,4,0
78104,381,0
575,264,1
71432,220,0
2435,430,1
84561,21,0
3844,21,1
4119,502,0
98619,954,0
21,784,1
152,246,1
75,76,1
96425,45,0
1338,18,0
258,533,1
10767,186,0
575,206,1
91402,229,0
1647,835,1
95945,41,0
69016,961,0
1465,44,1
89058,58,0
3031,347,1
32952,177,0
6039,1198,1
73015,332,0
85106,460,0
102274,29,0
4470,431,1
90083,202,0
128,926,1
81973,997,0
3176,39,1
2189,74,1
36744,57,0
647,991,1
98695,253,0
2757,9,1
2213,97,1
37712,364,0
3915,1124,1
1350,882,1
91205,843,0
90593,1093,0
3604,352,1
40957,249,0
1480,16,1
2469,258,1
3128,217,1
1612,381,1
22553,1070,0
1033,1194,1
505,438,1
53904,24,0
71721,791,0
86340,759,0
140,454,1
2554,35,1
70802,1,0
24331,248,0
2153,245,1
33278,1200,0
5063,519,0
49784,381,0
7235,41,0
2364,40,1
10278,206,0
149,64,1
45037,220,0
98887,16,0
25,19,1
3839,21,1
33286,6,0
4116,173,1
11823,177,0
57051,82,0
1637,337,1
2953,80,1
207,103,1
2889,173,1
32202,171,0
69988,1176,0
944,282,1
2997,150,1
81436,76,0
2885,245,1
83625,394,0
1551,9,1
2364,33,1
37653,205,0
50285,283,0
31246,138,0
5606,592,0
3114,24,1
100860,352,0
77238,111,0
564,45,1
924,76,1
2303,172,1
522,82,1
3372,82,1
15144,878,0
102203,37,0
18007,541,0
2234,21,1
86372,681,0
58504,1207,0
233,579,1
2126,263,1
46395,456,0
39035,9,0
104442,57,0
136,13,1
56402,114,0
1061,39,1
66901,41,0
37303,33,0
2504,109,0
587,282,1
103496,14,0
91207,221,0
61,917,1
90324,21,0
105840,913,0
1545,128,1
33821,128,0
2831,91,1
3052,281,1
89130,1387,0
52,263,1
4687,124,1
20986,673,0
18902,24,0
5632,36,1
5647,1198,1
104261,58,0
18249,45,0
77328,171,0
8087,1245,0
79344,936,0
1620,342,0
5913,1421,1
306,1172,1
10415,503,0
88801,141,0
3615,1073,1
3378,24,1
55036,194,0
1074,44,1
65207,91,0
68461,729,0
37,15,1
1009,882,1
88590,21,0
61,89,1
587,109,1
898,37,1
94839,112,0
25032,229,0
11997,863,0
287,29,1
1019,209,1
101,283,1
301,1,1
317,15,1
86679,172,0
2885,74,1
298,140,0
25234,150,0
542,367,1
901,61,1
75646,182,0
2529,303,0
950,281,1
2957,128,1
18728,464,0
219,199,1
70572,36,0
5978,150,1
103953,199,0
317,255,1
100479,17,0
88153,21,0
1255,877,1
3406,5,1
59170,954,0
76798,269,0
57256,37,0
3587,54,1
197,91,1
95469,1224,0
6088,6,1
2615,431,1
81283,1207,0
73894,152,0
1118,256,1
100332,220,0
4284,33,0
83031,1200,0
49900,45,0
85631,44,0
102117,21,0
2774,91,1
347,269,1
1881,905,0
239,39,1
92,943,1
100,245,1
1521,761,1
81492,21,0
38419,362,0
987,217,1
40845,951,0
69985,4,0
35537,24,0
189,84,1
134,38,1
4992,1198,1
30429,33,0
105528,401,0
3094,1202,1
1975,89,1
13695,431,0
16973,41,0
1534,9,0
71334,431,0
441,1161,1
1243,451,1
94566,239,0
4630,798,1
157,607,1
12502,506,0
2412,227,1
39897,300,0
1031,114,1
30142,175,0
66766,125,0
100260,821,0
21534,877,0
2045,431,1
3707,599,1
845,776,1
3279,9,1
548,35,1
289,21,1
1366,33,1
2885,946,1
94859,76,0
79382,269,0
4959,1196,1
135,258,1
52084,57,0
1701,769,1
1630,40,1
1079,129,1
103929,783,0
104548,256,0
3459,564,0
2549,39,1
262,13,1
679,91,1
72361,965,0
83,21,1
49871,693,0
73220,1198,0
89347,47,0
5773,170,1
23525,1138,0
59096,464,0
4332,41,1
79608,1202,0
3208,33,1
3480,171,1
2412,180,1
89819,203,0
56184,503,0
71762,227,0
4703,431,1
3268,881,0
2822,177,1
24846,21,0
79692,282,0
1622,500,1
23524,0,0
1519,57,1
5720,38,1
1366,24,1
681,61,1
81196,61,0
2885,114,1
1454,1,1
63611,791,0
1618,464,1
2820,64,1
21518,50,0
19858,175,0
252,1336,1
59446,45,0
80743,150,0
72232,21,0
64252,685,0
88879,455,0
100712,31,0
2004,87,1
156,0,1
2022,367,1
102130,205,0
1982,39,1
70,739,1
65849,363,0
3043,1073,1
116,1,1
43740,1207,0
99050,217,0
108,515,1
644,555,1
98523,344,0
14315,0,0
4988,109,1
2325,40,0
53427,253,0
101,151,1
15835,256,0
94102,6,0
1345,394,1
41721,1373,0
226,109,1
1749,177,0
95619,403,0
16366,13,0
40376,13,0
527,305,1
1644,235,1
1533,1197,1
99067,84,0
853,256,1
2282,220,1
88679,1075,0
437,776,1
11564,245,0
5640,1224,1
828,376,1
30383,1207,0
725,506,1
256,41,1
3201,44,1
1102,18,1
49494,39,0
20091,1196,0
4900,1308,0
25248,82,0
3143,1,1
2249,78,1
41099,175,0
43634,47,0
643,555,1
86130,35,0
85,297,1
1017,961,1
17543,53,0
5343,1200,1
8543,229,0
6202,3,1
81571,118,0
6,9,1
64425,367,0
16837,15,0
134,305,0
102351,91,0
1644,206,1
1297,468,1
6056,41,1
96829,431,0
91183,1224,0
34225,40,0
56399,152,0
69754,68,0
423,717,1
12204,878,0
313,464,1
438,109,1
47,16,1
10330,182,0
2184,1043,1
126,29,1
1035,431,1
2908,246,1
710,109,1
2820,124,1
2131,61,1
51595,138,0
50074,114,0
18442,1237,0
32467,1280,0
92557,1210,0
456,510,1
1486,458,1
158,128,1
55382,882,0
225,38,1
4335,80,0
2823,942,1
39059,9,0
517,49,1
1798,156,1
1537,878,1
34184,91,0
931,97,1
17352,1199,0
884,35,1
40046,6,0
84912,283,0
18939,24,0
65159,956,0
1745,21,1
542,315,1
1420,0,1
6070,1192,0
5538,362,1
29124,129,0
58125,408,0
896,41,1
1713,1197,1
709,109,1
1433,340,1
5240,78,0
97466,128,0
18572,776,0
1758,394,1
79857,1197,0
1350,520,1
1854,21,1
31114,460,0
87701,58,0
35181,40,0
40818,153,0
14899,1073,0
87210,794,0
2467,961,1
252,806,1
39751,105,0
383,423,1
62559,256,0
4927,1198,1
77082,795,0
10679,13,0
25176,408,0
5222,67,1
2033,41,1
710,300,1
100282,118,0
99876,892,0
97239,105,0
439,456,1
2360,252,1
73318,791,0
76,1012,1
61622,1193,0
66339,1228,0
2908,44,1
2386,1200,1
360,39,1
1098,172,1
14628,1249,0
45009,504,0
22202,9,0
5080,1207,1
1619,80,1
38241,0,0
5794,57,0
38447,217,0
2419,968,1
969,173,1
63350,12,0
50047,191,0
480,310,1
19008,1196,0
16588,394,0
2440,72,1
68648,1253,0
327,233,1
5781,44,1
439,172,1
1364,41,1
5562,12,1
67640,103,0
19393,321,0
909,656,1
36283,608,0
9090,1396,0
1491,45,1
60406,458,0
2549,71,1
88938,13,0
262,157,1
9611,171,0
74291,936,0
921,37,1
4930,1207,0
28169,787,0
175,47,1
3261,18,1
63693,6,0
238,12,1
1501,44,1
313,487,1
38542,206,0
91712,74,0
360,13,1
79192,283,0
12906,859,0
17562,6,0
5845,233,0
41550,124,0
89195,1197,0
43318,125,0
41341,1400,0
96319,1176,0
41256,1210,0
36834,458,0
1517,130,1
351,130,1
100301,145,0
5720,33,1
3344,464,1
2953,362,1
5373,1176,1
4135,1232,1
54340,44,0
681,160,1
69091,124,0
1442,520,1
67882,160,0
32,125,1
48257,233,0
1892,206,1
93824,1244,0
2885,944,1
5897,394,1
154,39,1
857,1207,1
18940,859,0
119,621,1
64247,282,0
97116,319,0
68727,426,0
6085,364,0
5619,145,1
74525,464,0
3269,88,1
15767,186,0
4095,154,0
32321,9,0
27626,114,0
2812,362,1
83922,179,0
62467,18,0
67977,39,0
8328,97,0
94076,109,0
95531,21,0
96689,1124,0
3229,84,1
313,186,1
2735,45,1
17623,173,0
88563,35,0
40541,179,0
64480,9,0
28119,1222,0
341,1194,1
48786,364,0
3577,3,1
20797,800,0
228,24,1
2926,44,1
37606,431,0
48774,1124,0
42182,172,0
86833,21,0
1030,462,1
11113,0,0
16467,269,0
559,884,1
12,170,1
87407,109,0
1147,12,1
39691,145,0
10,109,1
76392,1102,0
2690,282,1
2441,859,1
1631,580,1
3599,246,1
41804,29,0
64314,73,0
51921,643,0
103480,1198,0
210,1400,1
25198,232,0
1354,0,1
76663,823,0
1637,44,1
4529,233,1
13161,89,0
55301,0,0
63879,9,0
101,253,1
17340,27,0
48733,194,0
81815,1198,0
2502,1196,1
4758,961,1
362,717,1
547,41,1
3360,41,1
2826,89,1
4526,3,1
304,921,1
10261,58,0
71695,54,0
45799,681,0
2010,281,1
81887,58,0
1090,251,1
44478,1227,0
135,137,1
89344,153,0
2821,220,1
107,844,1
4472,274,1
50309,859,0
542,40,1
5361,431,1
3689,9,1
5751,844,0
63032,9,0
105676,129,0
3258,464,0
67727,58,0
2406,47,1
26761,91,0
213,410,1
85032,1,0
2386,170,1
63150,40,0
93183,58,0
71,21,1
38393,13,0
90448,269,0
8565,460,0
86870,1412,0
437,24,1
9881,67,0
3268,1198,1
73164,954,0
927,21,1
108,883,1
72928,44,0
10752,138,0
54183,41,0
616,263,1
2709,82,1
69282,233,0
85929,57,0
157,673,1
259,17,1
74468,29,0
82956,66,0
101,1222,1
1226,67,1
28966,124,0
46980,18,0
2674,16,1
615,114,1
69,24,1
3437,582,0
101,21,1
5817,318,1
2793,5,1
356,205,0
35618,12,0
557,510,1
1866,39,0
302,67,1
27,47,1
2578,21,1
1306,47,1
101784,110,0
2429,109,0
28708,0,0
2846,194,1
98856,172,0
127,41,1
1040,105,1
89456,16,0
35830,248,0
2026,24,1
34864,4,0
8,109,1
2820,40,1
631,306,1
1403,0,1
66450,458,0
33225,98,0
102663,1247,0
53327,1394,0
20430,91,0
5169,1197,1
3333,57,1
14875,739,0
99082,1197,0
1662,1194,1
58787,0,0
439,621,1
299,4,0
18542,21,0
36790,45,0
68537,45,0
748,256,1
5978,673,1
2971,69,1
92793,67,0
206,4,1
83,959,1
49186,1207,0
3652,98,1
1552,9,1
3752,109,1
47744,13,0
97811,29,0
1932,1272,1
86673,8,0
1350,247,1
101073,636,0
1288,245,1
64304,40,0
29349,38,0
360,40,1
2164,76,1
577,97,1
85941,130,0
81832,394,0
1648,1,1
19339,1202,0
24960,327,0
63165,36,0
313,91,1
734,473,1
74645,12,0
62,1092,1
156,177,1
45153,152,0
76061,98,0
85084,962,0
40672,40,0
18358,36,0
49212,206,0
4031,877,1
14241,434,0
1644,38,1
66701,431,0
22336,138,0
365,1228,1
1758,130,1
3482,39,1
984,203,1
83904,235,0
300,304,1
2101,150,0
902,1007,1
99483,181,0
5377,255,1
557,464,1
45948,661,0
88036,739,0
934,233,1
47394,72,0
71991,1124,0
2446,578,1
2811,80,1
92,73,1
22746,467,0
66413,344,0
99,281,1
77389,394,0
40439,89,0
1615,1241,1
288,130,1
2457,130,1
23852,285,0
35740,221,0
1521,948,1
31163,79,0
21929,129,0
455,98,1
1763,45,1
34221,5,0
1739,794,1
77041,170,0
52531,0,0
2820,5,1
124,74,1
2020,217,1
112,109,1
1910,351,1
4972,1198,1
1754,344,1
44630,1224,0
1668,798,1
779,247,1
2698,44,1
60670,0,0
55847,154,0
3310,401,0
292,139,1
1188,189,1
552,1224,1
450,1,1
680,45,1
40806,28,0
1136,109,1
83028,41,0
952,1198,1
682,67,1
40007,882,0
8693,173,0
14543,205,0
58694,37,0
49328,13,0
13124,24,0
1456,76,1
90322,8,0
507,892,1
1352,27,1
66577,942,0
1471,308,1
45685,776,0
2461,84,1
71766,177,0
3563,943,1
103189,1197,0
679,246,1
25501,0,0
72841,394,0
3470,79,1
20440,434,0
549,927,1
1650,231,1
4654,47,1
139,931,1
100767,968,0
801,849,1
60331,363,0
105986,180,0
586,780,1
1313,41,1
24363,114,0
101308,1138,0
10540,945,0
104104,431,0
2820,548,1
2146,183,1
56478,456,0
2023,21,1
72763,910,0
2478,394,1
23832,97,0
39439,170,0
124,231,1
982,28,1
51292,61,0
289,1210,1
52210,0,0
101,74,1
71419,1197,0
20526,173,0
32256,1197,0
54,24,1
28767,318,0
40,139,1
559,186,1
86970,5,0
1435,468,1
1382,80,1
5871,256,1
102393,1480,0
90340,859,0
784,44,1
4528,41,1
48601,1308,0
79228,263,0
1466,1197,1
90939,73,0
80220,12,0
77526,504,0
288,4,1
46102,1194,0
67302,150,0
4869,1207,1
1046,21,1
8128,54,0
4303,1394,1
1777,177,0
2486,1198,0
55290,1197,0
5283,179,1
2527,1423,1
696,80,1
104538,139,0
300,482,1
84029,885,0
65545,39,0
2837,738,1
27972,57,0
85,1138,1
54260,1074,0
5296,33,1
10332,9,0
2352,1220,0
1398,73,1
65937,41,0
25289,9,0
249,880,1
59148,429,0
3333,946,1
809,342,1
49045,175,0
934,151,1
104033,247,0
2213,4,1
2186,109,1
562,316,1
108,173,1
18725,247,0
35053,5,0
781,351,1
1661,114,1
2446,302,1
1123,78,1
26037,91,0
3981,877,1
447,1207,1
157,429,1
7688,58,0
3129,33,1
1035,9,1
416,269,1
80873,1467,0
9579,319,0
4439,551,1
66901,989,0
8098,911,0
125,217,1
1164,91,1
780,776,1
52778,1197,0
24962,57,0
725,838,1
2034,247,1
32,243,1
1189,39,1
2271,452,1
191,969,1
73,44,1
222,1360,1
19345,754,0
59583,109,0
101,949,1
2026,56,1
51150,9,0
30467,45,0
940,76,0
94174,305,0
281,394,1
3417,105,1
22656,150,0
103916,776,0
1350,246,1
4524,91,1
44462,3,0
70703,39,0
34971,6,0
548,24,1
644,558,1
924,205,1
4183,97,1
60719,305,0
40340,252,0
90024,246,0
101,220,1
3473,114,1
17054,41,0
57229,18,0
22617,433,0
16546,80,0
44566,41,0
10556,376,0
3113,255,0
15111,281,0
77440,109,0
32,124,1
60629,44,0
68507,2,0
187,431,1
4283,37,0
5100,1207,1
2435,125,1
53,129,1
61146,1202,0
57312,364,0
784,72,1
93405,114,0
30356,37,0
1791,953,1
105666,1,0
1905,109,1
86390,636,0
1030,8,1
2444,246,1
93863,12,0
99820,394,0
1671,247,1
43756,15,0
3265,6,1
67762,352,0
5309,21,1
22,327,1
29933,97,0
4801,1198,1
114,21,1
65916,292,0
88238,483,0
2644,1197,1
1555,28,1
1224,138,1
1528,1400,1
74633,263,0
34870,220,0
58299,1428,0
60496,844,0
41523,98,0
2771,9,1
19062,151,0
23250,28,0
902,153,1
3519,15,1
966,253,1
262,33,1
982,47,1
71,282,1
47238,297,0
88968,1194,0
71444,740,0
69580,541,0
557,1299,1
112,29,1
36697,13,0
22788,1012,0
25015,24,0
912,344,1
1892,205,1
37324,39,0
1826,5,1
83,892,1
52174,911,0
387,13,1
23906,403,0
1981,282,1
82915,375,0
744,140,1
29158,776,0
94172,149,0
552,269,1
92262,270,0
82510,0,0
22882,1280,0
81750,215,0
85460,189,0
104681,128,0
5978,568,1
88855,351,0
954,82,1
853,45,1
370,1123,1
6088,41,0
51060,776,0
995,9,1
98179,80,0
3391,844,1
72813,344,0
4632,139,1
2346,89,1
94257,272,0
92600,189,0
3634,233,1
625,175,1
1640,80,1
5459,424,1
67133,401,0
97080,329,0
2471,74,1
5425,351,0
1314,37,1
64938,245,0
38969,1,0
1349,1074,1
62236,184,0
52690,961,0
2885,464,1
2885,504,1
112,1,1
28099,91,0
246,776,1
51155,9,0
5139,1197,1
50312,930,0
867,1,1
96142,681,0
220,631,1
91614,620,0
124,821,1
35946,0,0
91436,270,0
64876,21,0
5626,1199,1
5250,823,0
910,247,1
29531,13,0
3297,114,1
47987,263,0
2441,38,1
12370,47,0
102010,13,0
75,431,1
28840,89,0
4431,379,1
1188,245,1
91982,124,0
99585,78,0
77978,177,0
90172,109,0
74538,673,0
38825,206,0
8194,5,0
22302,152,0
1753,352,1
5626,911,1
57051,1200,0
1059,1198,1
5057,207,1
748,4,1
13484,1017,0
2525,247,1
4504,546,1
3735,468,1
95946,1369,0
5483,1396,1
3016,388,1
2618,269,1
76911,882,0
261,61,1
1758,431,1
102747,1,0
6031,9,1
114,464,1
8486,38,0
100614,248,0
4325,1269,1
54761,72,0
34735,288,0
65468,209,0
3799,128,1
207,942,1
75923,38,0
53330,13,0
2362,1235,1
2827,41,1
53044,809,0
44983,481,0
16697,138,0
12295,776,0
69,64,1
629,543,1
85833,200,0
51042,21,0
358,1303,1
115,245,1
901,1253,1
94538,776,0
1508,1017,1
2885,681,1
42094,1194,0
73601,776,0
1882,1194,1
3333,91,1
420,80,1
62547,139,0
2908,9,1
233,33,1
1784,529,1
319,80,1
233,40,1
542,323,1
5210,729,1
1698,9,1
25359,53,0
94080,27,0
22015,109,0
1791,97,1
34090,194,0
52422,376,0
80935,68,0
437,974,1
61481,729,0
41984,458,0
4170,61,1
78199,128,0
889,45,1
86315,175,0
79576,1074,0
2524,1207,1
49562,40,0
68900,419,0
75294,180,0
77914,481,0
15024,76,0
3195,220,1
53230,24,0
6926,1082,0
249,546,1
1724,41,1
73,76,1
227,58,1
19078,44,0
587,21,1
15674,150,0
3109,1074,1
97524,252,0
2439,12,1
1791,1199,1
3696,460,1
1752,150,1
100824,76,0
3585,0,1
99532,21,0
1824,13,1
72925,913,0
48761,65,0
1081,238,1
3589,304,1
51729,38,0
1073,784,1
90015,13,0
25876,809,0
8181,190,0
360,1194,1
4810,109,1
229,151,1
81096,76,0
87919,739,0
99318,1198,0
30560,263,0
80592,541,0
142,1235,1
102187,41,0
50474,332,0
13772,5,0
9192,520,0
95940,1244,0
1058,391,1
3196,12,1
3199,76,1
1517,1400,1
942,431,1
3913,344,1
36801,1200,0
90193,364,0
77241,844,0
1333,331,1
48125,40,0
95597,57,0
2649,177,1
99101,9,0
2520,1378,1
92646,37,0
53,45,1
89085,245,0
1990,882,1
1189,466,0
104394,882,0
477,431,1
96376,327,0
54039,47,0
336,776,1
14923,461,0
2371,621,1
46644,849,0
3985,741,1
2608,138,1
5270,194,1
83,791,1
624,414,1
8968,114,0
1517,344,1
67006,1124,0
2347,1,1
2176,410,1
21221,1296,0
939,477,1
3300,24,1
85007,233,0
68919,220,0
1314,72,1
40963,1343,0
89611,158,0
71,33,1
809,433,1
557,57,1
2335,21,1
391,65,0
97021,9,0
79651,246,0
2440,154,1
1890,40,1
29502,31,0
578,35,1
3529,73,1
2977,458,1
2232,16,1
42297,1200,0
71475,1124,0
584,304,1
84112,246,0
57436,246,0
2703,205,1
77314,253,0
1910,114,1
29234,173,0
1477,449,1
19714,1424,0
17392,40,0
124,12,1
6361,327,0
99604,151,0
207,954,1
2022,68,1
51436,12,0
6748,1210,0
4948,1210,1
99350,58,0
49633,109,0
77669,205,0
40453,80,0
93091,39,0
26,27,1
5575,1394,1
47589,82,0
624,175,1
3597,24,1
1063,282,1
557,1344,1
286,1400,1
2106,207,1
4275,4,1
3151,252,1
2768,29,1
93040,452,0
5446,4,1
1798,154,1
55779,37,0
122,48,1
48,29,1
917,24,1
1768,288,1
41538,35,0
27097,220,0
39061,6,0
3490,21,1
39771,150,0
2997,852,1
75784,177,0
22100,47,0
760,84,1
1256,58,1
3043,1375,1
78011,859,0
6633,217,0
1314,45,1
704,431,1
13719,207,0
66562,462,0
2070,31,1
63217,246,0
12526,994,0
3518,233,1
3108,468,1
2554,999,1
26,1207,1
9763,1198,0
101,225,1
480,1207,1
68762,1124,0
804,109,1
15057,835,0
4202,283,1
66172,1197,0
16018,45,0
51346,45,0
102494,1194,0
33396,9,0
77049,776,0
2807,15,0
1404,80,1
942,403,1
2440,882,1
389,569,1
3480,173,1
2146,184,1
3200,1322,1
52915,180,0
5424,693,1
124,950,1
5311,1198,1
81906,78,0
3116,456,1
51187,961,0
552,1222,1
2537,1,1
2932,1197,1
1660,247,1
1550,24,1
825,1207,1
1939,270,1
21574,72,0
3591,673,1
2381,784,1
584,47,1
77627,252,0
73670,883,0
3447,776,0
1791,1074,1
910,288,1
72281,776,0
70400,776,0
106166,91,0
89334,109,0
26643,129,0
60258,41,0
80536,177,0
90499,57,0
45,525,1
719,98,1
4912,1207,1
61688,431,0
18913,454,0
47,500,1
2725,9,1
26487,303,0
7,1223,1
2381,16,1
48331,9,0
39794,533,0
2383,379,1
42659,58,0
9891,1200,0
1471,91,0
4677,0,1
254,1197,1
1644,496,1
3284,942,1
63072,110,0
23679,262,0
157,608,1
1627,800,1
1399,456,1
10955,621,0
559,180,1
4194,1197,1
53478,207,0
779,192,1
907,1433,1
976,0,1
3028,21,1
1033,58,1
99996,21,0
388,174,1
59608,215,0
20541,502,0
39957,71,0
29633,1200,0
3784,776,0
41911,270,0
44080,269,0
6055,105,1
105,897,1
20250,71,0
37749,480,0
69325,438,0
172,130,1
124,661,1
53329,175,0
100,189,1
55296,1456,0
139,76,1
3010,119,1
45708,263,0
46341,38,0
557,111,1
3677,40,1
61200,190,0
417,91,0
5112,149,1
428,670,1
1530,72,1
105459,965,0
28756,183,0
1459,1,1
1333,129,1
2461,452,0
5787,21,1
60057,21,0
45413,98,0
86015,6,0
154,41,1
1097,364,1
1401,593,1
3250,33,1
1078,53,1
28534,283,0
66782,174,0
2455,1433,1
102509,1197,0
46914,150,0
2542,555,1
91525,776,0
295,21,1
1414,221,1
44845,9,0
89402,433,0
772,109,1
4243,39,1
105893,12,0
2446,73,1
1074,138,1
26,649,1
97619,79,0
1398,943,1
2852,61,1
16820,913,0
106068,212,0
5582,859,1
17248,464,0
583,255,1
3058,225,0
137,1073,1
42143,401,0
38146,114,0
10274,877,0
15983,1198,0
809,125,1
4740,40,1
1640,190,1
38368,1012,0
94959,33,0
80762,61,0
3173,237,1
3304,17,1
1758,458,1
884,177,1
15769,149,0
104975,220,0
2451,269,1
1169,344,1
4083,877,1
1517,221,1
15546,1073,0
245,1315,1
50767,29,0
2373,44,1
2743,9,1
1610,1210,1
2779,245,1
3018,47,0
4578,951,1
60425,331,0
1556,39,1
12565,1279,0
27956,820,0
1758,78,1
57893,15,0
39531,61,0
1345,139,1
1987,9,1
1008,72,1
629,249,1
41325,97,0
63724,180,0
66809,37,0
1368,173,1
898,103,1
41130,54,0
94803,38,0
37262,1218,0
583,942,1
71593,776,0
94308,424,0
5116,1264,1
952,434,1
934,270,1
36318,394,0
40807,98,0
12853,452,0
2435,1241,1
4668,9,1
1350,235,1
1623,431,1
26233,911,0
68858,44,0
503,12,1
4496,859,1
60,1194,1
1033,687,1
4912,39,0
2151,13,1
2867,256,1
83,283,1
4313,776,1
157,98,1
93510,121,0
30336,54,0
69378,245,0
928,255,1
83562,744,0
3876,431,1
66049,458,0
13303,40,0
18603,1074,0
274,45,1
33587,12,0
68726,431,0
69,109,1
1786,57,0
302,776,1
1491,114,1
62433,229,0
92,114,1
71803,578,0
44136,621,0
25819,177,0
3527,229,1
20262,78,0
108,179,1
83541,9,0
63852,87,0
27910,1124,0
55602,9,0
101,951,1
2155,12,1
2803,480,1
1565,172,1
5514,1012,1
1536,45,1
3333,607,1
995,859,1
32,196,1
3177,776,1
7796,39,0
2401,518,1
4935,1210,1
414,158,1
140,192,1
17694,253,0
104300,954,0
232,431,1
38344,21,0
103609,256,0
32187,202,0
4570,682,0
2435,47,1
6173,1193,1
5461,21,1
83555,506,0
75162,17,0
100328,53,0
2529,47,1
21501,98,0
2043,69,1
26,441,1
103007,9,0
1850,21,1
346,114,1
1500,9,1
952,485,1
2584,394,1
3008,1197,0
890,173,1
5384,342,0
1040,173,1
1225,17,1
11722,253,0
134,0,1
19341,65,0
58411,76,0
1372,315,1
94964,24,0
29041,72,0
101,943,1
360,124,1
105458,579,0
1273,118,1
19666,65,0
584,220,1
4584,221,1
3241,269,1
5475,423,0
52863,18,0
503,352,1
3457,203,0
302,156,1
2885,953,1
4255,4,1
38780,58,0
2325,53,1
2971,67,1
1975,233,1
5937,170,1
262,621,1
4258,821,1
24054,21,0
67573,13,0
75640,114,0
311,47,1
6843,39,0
2549,1197,1
1674,981,1
124,942,1
48213,464,0
6055,91,1
81171,776,0
575,942,1
1188,24,1
54204,233,0
66162,949,0
74577,392,0
19081,69,0
34631,1207,0
2412,961,1
94195,33,0
90532,247,0
12726,173,0
103064,1012,0
62395,776,0
35951,65,0
30722,256,0
1990,431,1
68529,193,0
1632,153,1
58521,823,0
41610,456,0
1365,177,1
1463,175,1
37751,73,0
90625,256,0
42537,21,0
57992,58,0
751,57,1
3055,58,1
101073,150,0
103974,1224,0
20003,926,0
3116,431,1
42065,478,0
18173,503,0
85,548,1
3599,21,1
27178,389,0
96722,71,0
1630,91,1
1539,214,1
18296,859,0
1078,213,1
17824,253,0
15225,248,0
39089,41,0
78261,269,0
3378,464,1
47240,954,0
910,171,1
1072,47,1
64796,0,0
49782,882,0
80073,973,0
2152,47,0
100737,177,0
94096,137,0
101729,30,0
91644,441,0
72864,965,0
5515,79,0
47249,616,0
92602,259,0
29428,177,0
2516,109,1
388,1224,1
17080,6,0
76225,220,0
38842,173,0
58932,105,0
1075,885,0
2128,249,1
2064,175,1
10,13,1
1758,214,1
912,170,1
5057,33,1
1241,1340,1
125,776,1
56179,12,0
3580,288,1
84119,694,0
27727,24,0
965,149,1
41997,61,0
10708,4,0
54878,269,0
1049,281,1
992,21,1
4342,196,1
37930,548,0
587,776,1
912,936,1
61308,57,0
24512,206,0
2707,89,1
2741,154,1
2440,67,1
103697,12,0
102355,503,0
226,1,1
1298,157,1
93,130,1
3054,1,1
591,245,1
20677,4,0
853,423,1
3580,177,1
2905,38,1
336,253,1
69070,27,0
1758,1198,1
47549,40,0
98931,394,0
40302,504,0
748,615,1
1824,6,1
917,140,1
68811,172,0
245,1,1
919,65,1
253,1124,1
80558,36,0
3133,35,1
245,230,1
4328,6,1
87410,31,0
1618,33,1
64149,607,0
1362,859,1
103325,203,0
29227,849,0
15368,197,0
64238,391,0
274,205,1
73677,58,0
33871,13,0
845,220,1
5403,693,1
2129,13,1
884,186,1
14882,1334,0
249,333,1
368,882,1
203,405,1
2348,913,1
27389,776,0
503,45,1
1188,21,1
22312,33,0
63762,776,0
1464,173,1
963,195,1
2885,930,1
56510,1200,0
54076,288,0
31,252,1
121,1197,1
190,506,1
2858,36,0
88392,87,0
361,217,0
358,1197,1
100970,464,0
51000,156,0
2905,761,1
50774,105,0
101930,579,0
13240,109,0
4607,269,1
1892,24,1
21995,186,0
576,125,1
1723,45,1
2289,98,1
1641,109,1
45812,1198,0
4851,1319,1
105396,24,0
304,1312,1
4515,258,1
27027,172,0
34568,598,0
188,28,1
65148,401,0
51727,12,0
71209,84,0
104327,1207,0
69000,0,0
69292,150,0
32516,376,0
9301,79,0
11271,73,0
40485,4,0
2732,206,1
182,1074,1
8167,1196,0
1517,1224,1
79986,18,0
29831,303,0
47874,1198,0
90696,964,0
1631,504,1
5125,1197,1
960,2,1
53414,233,0
5609,39,1
197,247,1
46239,944,0
23664,379,0
88199,232,0
52845,524,0
4164,878,1
16032,205,0
8261,892,0
1977,41,1
262,231,1
1136,64,1
31389,5,0
2668,154,1
969,76,1
222,89,1
979,394,1
2050,82,1
24194,80,0
157,1207,1
2510,199,1
2920,344,1
910,72,1
26028,9,0
93418,776,0
180,248,0
2594,783,1
300,1448,1
2003,21,1
27831,13,0
391,35,0
5413,21,0
68250,41,0
24288,114,0
4281,15,1
31214,82,0
2536,634,1
3378,954,1
2169,714,1
11274,795,0
81227,504,0
10053,84,0
139,31,1
48144,878,0
2213,57,1
575,13,1
115,1027,1
2367,1197,1
437,791,1
8987,21,0
79088,1105,0
2508,806,1
58871,458,0
8841,1415,0
489,332,1
65,6,1
1520,9,1
2908,98,1
13792,1245,0
172,270,1
42257,1274,0
51795,67,0
1935,45,1
83992,647,0
60213,646,0
33494,401,0
23407,882,0
137,1075,1
65749,41,0
99083,89,0
76658,1207,0
172,114,1
219,304,1
8314,639,0
85,763,1
10954,141,0
389,1207,1
39,196,1
3333,945,1
19630,80,0
1538,196,0
35153,0,0
1227,45,1
2485,1194,1
1606,394,1
188,283,1
3332,9,1
70575,1323,0
85,776,1
4627,175,1
50169,233,0
302,36,1
35035,57,0
98876,180,0
93618,434,0
23178,169,0
62149,1243,0
1377,212,1
887,91,1
2446,44,1
62584,956,0
56794,344,0
2737,40,1
335,21,1
3581,4,1
885,247,1
1679,57,1
1025,245,0
3227,245,1
63053,98,0
104784,158,0
92,37,1
2519,1241,1
37429,44,0
53003,1044,0
54183,82,0
1136,58,1
1364,171,1
1691,936,1
3273,47,1
25205,431,0
100000,194,0
84089,394,0
3358,80,1
3867,80,1
132,331,1
66530,423,0
67,18,1
51240,24,0
1081,546,1
46696,1207,0
46825,877,0
26798,150,0
88,140,1
14836,57,0
56218,40,0
3593,822,1
1521,182,1
252,1338,1
793,394,1
13231,394,0
415,89,1
4402,1012,1
549,47,1
2430,36,1
37165,91,0
21224,177,0
59,823,1
2332,0,1
2415,18,1
102432,961,0
1888,58,1
1640,1124,1
96650,145,0
10133,18,0
1079,15,0
34721,40,0
52004,561,0
29812,109,0
1758,344,1
724,36,1
178,128,1
106244,40,0
35506,488,0
1102,17,1
3116,1194,1
51548,2,0
208,613,1
3378,946,1
4294,12,1
96204,78,0
1891,24,1
1485,269,1
48056,69,0
5893,776,1
557,248,1
82298,58,0
5946,175,1
4528,40,1
1631,189,1
87668,522,0
1898,47,1
765,1237,0
1336,64,1
16672,80,0
339,1439,1
4743,21,1
27539,160,0
65,456,1
335,1198,1
102696,0,0
2944,24,1
2739,39,1
100111,71,0
33324,40,0
5634,141,1
4217,966,1
89566,1199,0
2885,13,1
845,1269,1
33078,69,0
5978,234,1
2885,942,1
128,616,1
18785,1252,0
43760,40,0
3718,877,1
49825,1198,0
98973,380,0
1365,36,1
1664,37,1
42548,189,0
1911,569,1
1501,504,1
2770,207,1
26829,206,0
506,6,1
724,37,1
69084,599,0
54008,125,0
43126,21,0
67350,76,0
4514,186,1
81742,621,0
518,45,1
127,170,1
3876,1252,1
4430,997,1
51,269,1
103899,943,0
1401,150,1
1760,9,1
71554,776,0
5963,263,0
993,229,1
2192,269,1
3353,36,1
105957,819,0
222,220,1
70044,911,0
93,65,1
69917,783,0
3563,158,1
1314,68,1
25499,15,0
82,220,1
1044,193,1
748,643,1
2672,44,1
26662,1194,0
15404,4,0
67012,41,0
80738,431,0
2303,44,1
55782,464,0
5043,1207,1
552,1200,1
31229,1308,0
2514,16,1
49040,429,0
156,173,1
80876,221,0
2831,248,1
365,158,1
1784,376,1
1798,38,1
1365,103,1
1469,877,1
902,503,1
124,586,1
1530,776,1
20063,80,0
1061,40,1
255,1339,1
2788,205,1
62036,961,0
5169,61,0
3998,21,0
1971,74,1
41019,220,0
783,40,1
285,420,1
14408,151,0
27706,203,0
942,434,1
37299,201,0
2062,1,1
3543,180,1
1306,376,1
26927,363,0
1380,431,1
999,36,0
15935,504,0
2755,45,1
1821,40,1
2885,935,1
153,97,1
1650,41,1
100031,463,0
78567,233,0
45674,58,0
1364,205,1
69970,9,0
73802,114,0
15978,264,0
68308,29,0
280,1207,1
82036,0,0
80661,174,0
75966,1200,0
89892,481,0
453,109,1
2473,270,0
104130,255,0
74198,37,0
1364,955,1
14946,501,0
73451,41,0
54615,718,0
920,80,0
23665,145,0
73002,71,0
948,394,1
784,245,1
188,776,1
2453,308,1
2817,248,1
1976,5,1
156,171,1
1368,15,1
136,170,1
4779,45,1
188,61,1
1914,1194,0
25279,71,0
1273,47,1
258,114,1
26240,462,0
21,9,1
304,41,1
52302,105,0
73384,1196,0
2364,39,1
4212,173,1
2005,98,1
86924,114,0
219,152,1
29418,39,0
101,234,1
93153,621,0
127,177,1
66024,246,0
1664,283,1
1092,249,1
1911,465,1
57288,19,0
1267,109,1
114,9,1
13052,344,0
19226,248,0
1758,124,1
4509,431,1
26503,1012,0
5787,0,1
45248,243,0
2446,233,1
96794,153,0
26629,911,0
1278,130,1
316,1456,1
29247,943,0
629,244,1
344,128,1
84041,518,0
555,21,1
332,0,1
86387,29,0
105411,98,0
89989,170,0
17564,1413,0
1665,41,1
51130,44,0
349,218,1
247,809,1
285,111,1
811,129,1
82410,376,0
29308,124,0
44061,431,0
85953,1226,0
313,243,1
2885,936,1
55053,1124,0
1552,41,1
598,109,1
584,213,1
77038,158,0
56027,29,0
780,35,1
27,109,1
103921,47,0
99405,541,0
20219,454,0
1647,961,1
68894,946,0
51,270,1
41507,776,0
79777,1199,0
83449,961,0
2652,460,1
28689,882,0
26444,1076,0
588,344,1
71656,776,0
890,150,1
65703,39,0
103982,1023,0
4165,878,1
104298,57,0
3178,122,1
37013,253,0
94550,502,0
97928,247,0
8368,252,0
1307,91,1
22822,791,0
93809,481,0
84520,806,0
15760,282,0
70140,72,0
3559,58,1
679,40,1
48791,1200,0
14530,852,0
71247,403,0
49533,114,0
13082,205,0
40421,264,0
61963,1124,0
85,12,1
62611,951,0
2069,364,1
6876,623,0
916,71,1
57015,593,0
4550,186,1
1035,373,1
87486,451,0
3366,98,1
85,1244,1
4431,817,1
81925,17,0
245,394,1
3696,458,1
86598,464,0
18979,1,0
3090,1197,1
197,97,1
54184,58,0
2885,76,1
67886,215,0
5005,1200,1
14595,953,0
74686,800,0
63506,1148,0
44369,1198,0
2787,263,1
31391,33,0
89466,58,0
2386,28,1
11699,9,0
23614,997,0
1670,79,1
624,694,1
1701,69,1
2804,35,1
2441,281,1
2247,145,1
39,125,1
41800,258,0
74231,5,0
108,681,1
756,16,1
2218,1,1
358,38,1
55165,54,0
1362,91,1
5328,444,1
70866,65,0
40535,2,0
3785,232,1
12474,16,0
3022,125,1
87339,48,0
38967,303,0
36295,190,0
84893,273,0
1531,6,1
1399,504,1
80673,208,0
1508,138,1
45487,109,0
1025,150,1
30386,394,0
1620,3,1
4954,190,1
352,109,1
75347,177,0
2175,298,1
94289,217,0
114,177,1
59779,72,0
866,1194,1
56,172,1
4822,1210,1
80844,671,0
1872,91,1
4559,40,1
5919,394,1
34470,40,0
3302,98,1
26830,53,0
99120,45,0
17749,1207,0
1455,130,1
15290,33,0
2677,883,1
652,835,1
2069,1196,1
5183,1197,1
1791,955,1
208,391,1
84502,189,0
109,78,1
2997,3,1
2204,308,1
1337,194,1
2917,431,0
100204,1252,0
966,98,1
1366,150,1
101,44,1
83469,16,0
99695,182,0
3084,274,1
1701,71,1
21525,171,0
2544,137,1
103756,1198,0
38837,302,0
31679,16,0
76,189,1
1226,206,1
71530,173,0
100020,961,0
902,76,1
2067,40,0
63196,89,0
50051,209,0
93214,2,0
1622,468,1
2300,35,1
104368,33,0
437,233,1
85,927,1
110,174,1
12,431,1
75148,431,0
4735,18,1
48081,2,0
70809,456,0
995,474,1
207,41,1
67258,506,0
3303,57,1
5492,80,1
2346,13,1
1372,1207,1
5606,1279,1
77494,710,0
575,0,1
4481,37,1
752,256,1
108,253,1
3132,681,1
102425,35,0
74063,158,0
755,438,1
11809,1199,0
97357,1196,0
4514,1394,1
1403,524,1
63700,12,0
4893,456,0
559,233,1
83949,126,0
36060,468,0
3010,562,1
2435,431,1
2441,615,1
69839,45,0
105631,175,0
51819,12,0
2825,1207,1
185,139,1
42724,9,0
246,189,1
124,1082,1
97,79,1
545,147,1
20066,12,0
2885,177,1
2253,805,1
31925,394,0
58846,44,0
2971,71,1
3005,784,1
1533,522,1
35916,202,0
31772,61,0
1163,8,1
1519,263,1
24621,646,0
49873,976,0
84123,283,0
992,1222,1
256,45,1
30,114,1
1398,1199,1
49363,9,0
40269,269,0
2820,671,1
9437,40,0
1685,13,0
79181,212,0
97332,1198,0
2908,248,1
3406,149,1
3721,363,0
1170,592,1
3628,21,1
59724,180,0
6059,38,1
73114,318,0
72214,21,0
2453,58,1
1017,82,1
728,87,1
559,150,1
47670,534,0
3208,21,1
2823,38,1
4844,1198,1
2773,461,1
56914,21,0
2939,1124,1
35052,248,0
50920,40,0
1833,486,1
84382,1198,0
44899,74,0
55702,8,0
48033,1207,0
75276,8,0
5970,394,0
550,693,1
37603,155,0
5651,517,1
90910,97,0
456,69,1
92806,158,0
91131,213,0
30396,1207,0
2476,606,1
59468,114,0
78806,1394,0
2415,886,0
92099,21,0
56875,28,0
1637,253,1
2445,445,1
676,460,1
2418,109,1
615,78,1
32277,91,0
1040,776,1
686,48,1
228,1272,1
81126,246,0
40788,39,0
60,29,1
49009,179,0
1136,953,1
4433,203,1
17130,177,0
25695,949,0
1910,24,1
3333,13,1
31880,636,0
2908,0,1
2122,1196,1
1336,316,1
7117,16,0
1637,1124,1
82862,133,0
69958,125,0
26,21,1
7251,40,0
2786,431,1
39419,74,0
1647,441,1
889,58,1
6207,460,1
54305,40,0
1433,57,1
49444,344,0
86885,431,0
56,394,1
77620,21,0
3383,15,1
61185,502,0
83313,394,0
2441,35,1
51642,58,0
100017,39,0
312,429,1
668,248,0
88760,189,0
1618,340,1
94015,248,0
179,1400,1
1603,551,1
5978,252,1
92,953,1
26,533,1
76286,36,0
559,283,1
91473,82,0
95090,230,0
557,281,1
3898,109,1
63017,340,0
89942,253,0
44726,84,0
96498,15,0
1084,316,1
484,140,1
18067,109,0
885,248,1
3305,1,1
1632,154,1
83644,931,0
98725,69,0
194,786,1
266,13,1
1739,616,1
1906,47,1
2462,192,1
207,35,1
6220,1207,1
423,943,1
61201,955,0
4474,431,1
106112,71,0
156,1,1
559,882,1
81798,905,0
74737,98,0
1288,21,1
137,882,1
53,245,1
1912,89,1
6872,806,0
12056,1450,0
2046,464,1
1288,1258,1
2389,431,0
6,24,1
267,17,1
1409,109,1
3737,57,0
94609,129,0
2446,245,1
1850,158,1
5278,5,1
4382,1207,1
3280,39,1
105602,177,0
159,53,1
69873,654,0
45022,58,0
92766,21,0
1582,344,1
901,38,1
3314,84,1
63894,21,0
1556,40,1
105306,9,0
89226,33,0
3480,501,1
1288,608,1
58383,36,0
144,3,1
74132,197,0
46654,68,0
64688,64,0
42550,111,0
65592,1210,0
266,98,1
1362,410,1
29585,438,0
618,48,1
259,214,1
25370,78,0
327,58,1
49636,920,0
332,39,1
1530,252,1
11714,158,0
23026,403,0
47576,41,0
2005,884,1
1164,886,1
5212,151,0
713,109,1
13477,743,0
93283,316,0
102960,9,0
81579,179,0
62739,68,0
62861,614,0
948,441,1
1350,91,1
4429,109,1
27561,17,0
23233,1207,0
593,38,1
3490,729,1
6037,214,1
5785,376,1
306,382,1
2642,1481,1
226,47,1
49057,189,0
168,5,1
2412,89,1
5676,478,1
44959,6,0
81186,309,0
92,177,1
106,614,1
2548,363,1
23326,1198,0
1365,882,1
42362,806,0
55941,790,0
1164,114,1
0,9,1
557,1244,1
81636,424,0
73,153,1
2451,784,1
3378,953,1
56603,145,0
1664,177,1
70952,1224,0
96920,586,0
56719,1147,0
92437,647,0
564,829,1
584,64,1
336,4,1
33993,140,0
1205,91,1
35390,202,0
697,366,1
72117,141,0
1069,376,1
313,41,1
75075,202,0
59834,9,0
26474,150,0
46366,452,0
2440,73,1
60142,1279,0
93080,21,0
92657,74,0
28147,754,0
262,1074,1
29234,0,0
1350,205,1
98374,431,0
4201,177,1
2360,5,0
1944,12,1
68720,431,0
44649,33,0
96332,351,0
1348,597,1
70486,943,0
18080,425,0
2412,1481,1
22507,129,0
238,91,1
74236,28,0
51919,130,0
578,263,1
5978,105,1
82553,80,0
50232,424,0
95163,177,0
508,13,1
25744,478,0
22500,288,0
559,1245,1
173,381,1
22379,330,0
2440,153,1
1521,184,1
57955,35,0
4693,344,0
88230,317,0
103192,145,0
42506,1,0
4771,768,1
306,130,1
227,69,1
22775,61,0
327,205,1
2805,434,1
5238,40,1
84171,8,0
578,202,1
1553,16,1
304,14,1
753,788,1
4107,128,1
66235,1198,0
3587,40,1
1891,776,1
629,175,1
32949,464,0
1448,151,1
34204,1236,0
1364,21,1
212,220,1
62575,205,0
902,337,1
6907,252,0
1332,138,1
25,39,1
2971,252,1
287,584,1
1935,44,1
48664,21,0
1134,8,1
41608,1074,0
5724,945,0
3097,870,1
62185,217,0
43978,24,0
84970,38,0
3426,47,1
262,156,1
2422,145,1
24074,263,0
4040,877,1
30345,6,0
5080,80,1
4648,78,1
1853,39,1
1313,217,1
63592,76,0
3093,6,1
1388,1292,0
80072,297,0
4663,1124,1
787,8,1
72515,78,0
3521,39,1
76614,362,0
618,431,1
101,859,1
3110,1356,1
3067,193,1
6207,233,0
500,905,1
2946,263,1
437,984,1
40379,431,0
481,98,1
2755,44,1
2545,21,1
77847,80,0
6667,878,0
21400,74,0
724,13,1
976,776,1
1415,256,1
225,89,1
83163,111,0
86050,57,0
2435,82,1
61061,37,0
3109,1073,1
1887,9,1
2823,45,1
3318,6,1
34128,12,0
1530,61,1
262,45,1
61080,394,0
67313,45,0
3195,9,1
26974,859,0
37236,35,0
2921,24,1
1491,69,1
4228,776,1
92,97,1
71,40,1
105127,555,0
73162,78,0
59945,47,0
4795,1197,1
82724,394,0
69439,151,0
75141,76,0
50655,292,0
4392,1480,1
101718,39,0
349,795,1
45559,1339,0
2412,175,1
5978,973,1
4302,394,1
19582,473,0
68969,373,0
96960,885,0
4565,47,1
1398,593,1
2820,91,1
1001,130,1
45290,21,0
559,1244,1
313,401,1
83895,1371,0
93712,9,0
3315,82,1
36913,892,0
3784,8,1
575,54,1
3478,0,1
77862,468,0
4532,759,1
1450,91,1
456,154,1
549,1,1
60468,37,0
29416,0,0
5897,288,0
105859,186,0
314,382,1
83142,1269,0
32657,114,0
61344,109,0
26,282,1
80292,160,0
473,431,1
99927,321,0
1701,431,1
5601,1198,1
95981,207,0
102238,114,0
358,1394,1
3326,170,1
104766,878,0
4553,518,1
757,269,1
18883,38,0
32938,91,0
61438,460,0
1509,54,1
710,303,1
63882,456,0
1845,147,1
96708,956,0
54672,8,0
57171,40,0
2630,480,1
4226,58,1
1240,21,1
383,269,1
87794,138,0
562,327,1
1485,1124,1
93011,57,0
2668,44,1
1463,5,1
88538,1224,0
936,6,1
423,67,1
8194,91,0
90826,246,0
33269,119,0
47424,29,0
4743,776,1
91054,84,0
17562,1200,0
17234,352,0
1910,0,1
25891,13,0
2904,686,0
103196,39,0
12547,114,0
4222,776,1
2759,82,1
45515,41,0
50049,18,0
2471,501,1
30921,639,0
54055,175,0
594,1193,1
89938,1197,0
18842,154,0
70084,769,0
90379,17,0
1968,4,1
5227,391,1
18114,9,0
19801,1210,0
45444,654,0
103374,230,0
2561,882,1
5037,1227,1
41115,456,0
79579,41,0
3385,78,1
38,45,1
2823,945,1
3339,9,1
70218,256,0
84197,21,0
966,1222,1
2915,823,1
94402,84,0
983,31,1
2303,217,1
65346,15,0
6485,84,0
82506,109,0
6055,619,1
10928,1234,0
97621,124,0
3122,682,1
91078,1124,0
162,1202,1
12276,21,0
724,151,1
182,27,1
48707,4,0
78335,44,0
2145,1197,1
78558,24,0
5346,9,1
973,82,1
313,267,1
2446,98,1
86238,474,0
68092,137,0
49494,191,0
3994,47,1
8024,245,0
98430,58,0
1603,39,1
58314,184,0
10119,431,0
2440,91,1
86025,189,0
11193,1124,0
2446,13,1
8458,1194,0
3054,220,1
91665,109,0
3073,66,1
33932,265,0
36939,4,0
300,407,1
40299,97,0
77285,18,0
22505,1446,0
22978,1253,0
1892,207,1
14128,220,0
64846,61,0
79412,16,0
4342,1411,1
2705,304,0
71659,1200,0
2328,1357,1
3615,150,1
724,245,1
46499,24,0
4315,40,1
1455,13,1
508,172,1
10449,186,0
43464,1303,0
3480,114,1
52612,1207,0
49775,18,0
88438,45,0
2429,480,1
50554,21,0
81925,47,0
99432,0,0
104001,91,0
917,149,1
98964,89,0
1476,177,1
722,171,1
302,431,1
575,255,1
105690,776,0
1739,152,1
66988,776,0
3462,129,1
4628,29,1
9764,33,0
46324,1,0
75087,37,0
182,776,1
84865,429,0
23181,150,0
5562,41,1
54943,12,0
1914,8,1
92971,175,0
1399,97,1
902,189,1
85,58,1
20666,37,0
2516,145,1
76445,36,0
207,173,1
1227,207,1
1363,253,1
155,110,1
811,910,1
35565,82,0
172,1102,1
2723,40,1
93058,1198,0
88977,89,0
1715,482,1
46083,41,0
52,673,1
58892,6,0
1033,80,1
41180,524,0
2197,114,1
2068,221,1
2301,21,1
59,171,1
19674,149,0
1778,417,0
1401,207,1
33123,1197,0
1365,45,1
88770,29,0
910,12,1
29982,12,0
2458,431,1
55679,859,0
35567,44,0
100766,156,0
85,579,1
60126,13,0
85437,1194,0
5889,145,1
339,1207,1
102451,431,0
63940,125,0
544,1415,1
44007,150,0
67418,97,0
39311,943,0
44546,281,0
1031,621,1
3307,91,1
245,65,1
85793,331,0
134,177,1
35046,961,0
1087,363,1
1911,78,1
261,942,1
32457,217,0
95764,424,0
4335,9,1
105412,1196,0
578,58,1
28418,270,0
286,344,1
1492,97,1
1078,21,1
1448,33,1
6741,884,0
212,391,1
4099,283,0
1446,82,1
1530,69,1
14263,65,0
593,776,1
8472,180,0
1078,61,1
478,455,0
78030,953,0
270,150,1
578,885,1
468,80,1
2605,1207,1
58557,466,0
104574,1485,0
94798,177,0
15696,74,0
67709,45,0
50935,305,0
1399,0,1
2752,424,1
14048,79,0
20555,82,0
52280,35,0
26,473,1
1007,1194,0
79466,956,0
178,13,1
52172,89,0
500,68,1
59488,269,0
69864,118,0
75570,53,0
53491,961,0
67520,114,0
2823,282,1
25,150,1
3325,21,1
2208,626,1
26,209,1
1292,394,0
53150,309,0
2852,791,1
1101,177,1
222,1277,1
2885,68,1
10620,84,0
213,1207,1
63643,72,0
397,173,1
94546,39,0
104839,130,0
1542,114,0
61558,337,0
892,150,1
58852,460,0
1797,91,1
1622,122,1
2097,39,1
1464,0,1
5978,39,1
3580,54,1
98111,424,0
2196,306,1
2800,443,1
910,936,1
627,8,1
51286,379,0
96303,292,0
28931,500,0
4857,1196,1
41888,1197,0
26,827,1
97760,61,0
4091,878,1
98884,1198,0
100177,129,0
49983,177,0
2451,97,1
1327,114,1
70587,1031,0
1278,395,1
36051,56,0
22169,1316,0
549,431,1
127,57,1
73413,408,0
1426,776,1
40414,29,0
3641,141,0
55099,233,0
403,880,1
78559,1407,0
987,40,1
52720,91,0
10619,8,0
1798,189,1
26,182,1
566,319,1
8519,882,0
75574,510,0
5707,447,1
944,9,1
8545,6,0
923,24,1
71,4,1
1701,74,1
17536,17,0
932,33,0
19196,961,0
1403,58,1
1517,1227,1
44498,4,0
24447,151,0
5812,21,0
3212,114,1
51821,221,0
317,1075,1
3018,488,1
70404,648,0
3116,173,1
28104,41,0
89086,409,0
1517,458,1
736,109,1
19857,431,0
101516,933,0
4580,153,0
6182,431,1
41768,97,0
75,24,1
55209,1197,0
3967,877,1
89894,89,0
45700,57,0
37578,21,0
5219,801,1
1189,40,1
233,776,1
10836,1296,0
2102,1198,1
559,57,1
48958,3,0
4156,989,1
68662,67,0
15395,327,0
4631,1207,1
188,5,1
24131,621,0
739,109,1
10,309,1
1350,282,1
1548,269,1
3148,84,0
1969,21,1
27395,45,0
47411,76,0
262,1075,1
403,1196,1
87573,1123,0
95266,21,0
300,209,1
96744,41,0
3378,943,1
2428,403,1
680,58,1
1040,263,1
76504,269,0
952,281,1
98632,392,0
1597,1198,1
820,438,1
35455,996,0
163,953,1
33162,217,0
4702,480,1
22761,40,0
34167,40,0
5355,431,1
2561,429,1
65276,158,0
415,696,1
85057,91,0
1366,13,1
93139,220,0
811,39,1
730,407,1
36843,1222,0
108,21,1
3208,37,1
92,942,1
51459,41,0
115,1004,1
23393,85,0
77315,1032,0
6024,142,1
47007,9,0
89569,456,0
81873,78,0
1819,283,1
47706,35,0
82425,24,0
105151,945,0
4300,9,1
483,577,0
71,58,1
179,80,1
40089,64,0
1455,1198,1
934,458,1
32622,0,0
16,18,1
366,78,1
152,281,1
188,24,1
72173,78,0
1259,431,1
3876,35,1
41689,488,0
83391,39,0
38952,160,0
7047,150,0
5028,1224,1
61068,441,0
2837,152,1
1684,759,1
55074,130,0
958,193,1
48,220,1
383,82,1
34049,431,0
31877,44,0
437,217,1
9138,424,0
90216,262,0
3401,78,1
3480,67,1
55247,145,0
1159,21,1
46324,79,0
2246,823,1
1471,309,1
104387,425,0
931,80,0
92617,61,0
4540,1032,1
266,208,1
53167,1198,0
23263,351,0
32964,87,0
1699,9,1
6050,0,1
78457,776,0
3127,61,1
56213,560,0
55538,177,0
77609,434,0
6165,31,0
37030,482,0
69151,1012,0
22805,835,0
32390,0,0
127,0,1
31296,458,0
636,80,1
3347,18,1
71060,593,0
724,776,1
36511,269,0
17471,172,0
2027,1196,1
2138,53,1
3595,3,1
56452,394,0
60304,155,0
28904,150,0
56316,114,0
71,37,1
2712,431,0
207,956,1
172,431,1
2817,39,1
2848,13,1
14854,175,0
62962,33,0
67603,776,0
1398,72,1
995,1124,1
1509,21,1
71255,9,0
51316,89,0
88403,201,0
583,943,1
13590,1198,0
2651,1396,1
2340,21,1
3135,125,1
841,140,1
557,966,1
33418,791,0
16104,73,0
41522,306,0
65747,39,0
3143,431,1
14486,283,0
587,404,1
69169,1207,0
2364,36,1
28238,877,0
1791,946,1
10230,344,0
1003,364,1
67075,171,0
2669,173,1
4445,394,1
54038,141,0
54810,434,0
11879,878,0
85137,685,0
4943,1198,1
1075,488,1
103,29,1
2,1207,1
557,78,1
40573,4,0
39,598,1
395,125,1
72593,41,0
249,1413,1
96277,948,0
982,29,1
145,865,1
894,69,1
94189,0,0
2475,491,1
69049,880,0
1530,67,1
29730,105,0
2647,13,1
46608,9,0
3986,892,0
1681,623,1
423,74,1
1905,435,1
2756,9,1
4060,256,1
43125,175,0
2240,29,1
62895,39,0
38342,621,0
68724,411,0
63386,39,0
60078,1,0
19743,21,0
3074,230,1
346,246,1
1230,56,1
108,1199,1
6077,1200,0
74228,17,0
103769,773,0
91229,45,0
19853,281,0
5223,1198,1
2472,1396,1
2289,13,1
499,905,1
101,40,1
2367,5,1
135,1124,1
66785,172,0
2919,331,0
1399,283,1
3208,35,1
1350,177,1
18838,215,0
522,431,1
40267,957,0
65216,0,0
23512,24,0
77680,8,0
2730,149,1
32162,669,0
6067,13,1
291,29,1
9815,47,0
12928,1210,0
83894,1200,0
96499,65,0
225,776,1
1597,458,1
18148,40,0
67841,309,0
2371,177,1
1249,105,1
31243,36,0
104,21,1
50949,124,0
764,149,1
45,177,1
3214,1197,1
2471,125,1
4315,41,1
24838,73,0
1148,89,1
885,13,1
22217,9,0
3480,456,1
101320,413,0
75589,175,0
1528,21,1
1208,82,1
56,859,1
29,31,1
89786,3,0
2022,76,1
1212,633,1
3703,894,1
69191,98,0
3284,948,1
175,394,1
522,310,1
103294,114,0
17270,21,0
58933,172,0
1288,1200,1
3120,28,1
40610,38,0
104897,682,0
4105,877,1
2287,124,1
225,21,1
909,239,1
33154,39,0
902,91,1
100897,776,0
934,1280,1
5200,1385,1
3576,783,0
94560,53,0
912,882,1
6800,234,0
12682,621,0
1400,524,1
64452,233,0
1724,9,1
102817,1,0
42540,125,0
80364,44,0
253,252,1
92,44,1
377,269,1
5607,849,1
93857,195,0
75409,1196,0
89965,316,0
1726,1395,0
1655,149,0
61,1149,1
54049,44,0
45482,29,0
22482,946,0
15790,282,0
41848,953,0
76567,109,0
100937,302,0
1365,263,1
39708,431,0
1637,1207,1
33789,175,0
97701,91,0
49970,175,0
28254,170,0
262,71,1
96350,597,0
642,84,1
4486,352,1
1829,5,1
2127,1,1
42900,608,0
222,1359,1
519,0,1
65970,1,0
783,39,1
36961,21,0
10,2,1
1691,39,1
469,806,1
88391,306,0
403,331,1
5231,362,1
1647,29,1
3366,58,1
85,38,1
1033,546,1
35929,12,0
33828,9,0
100286,431,0
4348,1072,1
2820,1,1
99457,39,0
157,885,1
37905,114,0
7378,35,0
94938,464,0
3286,145,1
3489,5,1
70177,249,0
54378,39,0
57450,636,0
89723,288,0
3400,245,1
90396,1224,0
542,570,1
62705,521,0
79899,955,0
50941,247,0
102620,67,0
608,238,0
2608,145,1
57482,1122,0
480,17,1
69103,460,0
807,109,1
29513,61,0
1631,859,1
4049,877,1
13564,308,0
1850,114,1
75645,9,0
79776,1124,0
2471,503,1
35383,954,0
43348,76,0
86756,13,0
58206,305,0
63154,121,0
9658,253,0
6739,263,0
3349,97,1
5057,1199,1
353,1,1
270,616,1
98811,196,0
188,13,1
26173,234,0
5388,139,1
841,45,1
5070,1198,1
1664,340,1
95073,362,0
98978,109,0
15292,403,0
10,41,1
1349,882,1
1789,58,1
45320,205,0
21655,1230,0
76387,41,0
65168,6,0
5923,58,1
2004,91,1
1037,258,0
81660,64,0
5564,175,0
188,980,1
79555,805,0
2476,741,1
79751,1012,0
3597,13,1
884,464,1
4116,180,1
403,258,1
2261,130,1
1222,580,1
127,151,1
37738,24,0
36105,394,0
25215,429,0
423,718,1
1389,109,1
90693,125,0
249,243,1
2202,829,1
80317,177,0
85887,431,0
60618,1,0
87100,140,0
4290,65,1
134,71,1
64837,158,0
578,429,1
1542,100,1
3333,153,1
28215,33,0
154,253,1
4267,458,1
562,961,1
1097,363,1
31156,47,0
363,84,1
1366,248,1
63321,906,0
54,65,1
20205,776,0
81317,125,0
4705,9,1
92439,1197,0
1350,154,1
89235,924,0
60363,4,0
75303,442,0
1029,114,1
3176,21,1
4385,1207,1
51491,89,0
5293,256,0
1528,928,1
16169,1,0
1922,327,1
77242,39,0
44193,1079,0
91300,105,0
388,207,1
3162,41,1
270,1218,1
20945,128,0
3264,182,1
5071,1207,1
3456,78,1
2301,621,1
58791,6,0
60592,9,0
681,1396,1
1692,738,1
5057,154,1
56899,39,0
43889,91,0
173,333,1
253,97,1
25319,941,0
82414,114,0
886,256,1
61549,574,0
31485,17,0
74514,21,0
1901,410,1
77097,0,0
44183,230,0
391,21,1
42364,140,0
1491,464,1
4237,41,1
66533,1207,0
22598,425,0
5414,1349,1
8834,138,0
50146,182,0
1527,44,1
29936,138,0
54355,40,0
2618,87,1
43308,36,0
1509,0,1
1330,16,1
437,45,1
8928,13,0
14769,182,0
16711,376,0
4982,1296,1
565,41,1
82212,129,0
2774,245,1
30591,968,0
226,8,1
1040,172,1
73962,621,0
424,47,1
64618,12,0
53,769,1
19673,1207,0
131,1074,1
2987,256,1
3333,61,1
2983,776,1
15302,431,0
562,606,1
56076,1193,0
4508,21,1
1442,297,1
57034,829,0
5441,394,1
912,12,1
1268,21,1
37613,794,0
26084,1086,0
917,57,0
31147,341,0
2605,18,1
68,21,1
1584,1400,1
82108,568,0
3396,79,1
7150,288,0
9524,91,0
4511,45,1
25971,445,0
90603,12,0
88462,1197,0
552,431,1
4677,776,1
96599,1210,0
98771,791,0
14063,1207,0
21466,203,0
57465,27,0
8669,67,0
16958,786,0
87240,53,0
138,179,1
1676,9,1
76691,1198,0
79695,955,0
70,12,1
1031,172,1
1987,424,1
3490,76,1
588,899,1
17990,327,0
79902,337,0
11,139,1
92,69,1
335,1124,1
72220,66,0
22694,1433,0
557,13,1
3236,351,1
60686,119,0
77540,39,0
1541,64,1
24373,845,0
58963,352,0
12593,1346,0
3869,394,1
5562,352,1
157,9,1
182,1073,1
7828,288,0
188,44,1
3507,33,1
13216,401,0
1292,111,1
4087,877,1
65008,1197,0
3074,269,0
21616,21,0
40972,1202,0
3563,956,1
81951,1124,0
13553,944,0
76860,263,0
1078,15,1
7461,57,0
1949,79,1
95519,380,0
1699,173,1
61367,447,0
76570,13,0
3138,859,1
63189,36,0
2428,4,1
83086,263,0
5574,196,1
187,269,1
1811,91,1
2842,5,1
53730,199,0
12566,21,0
77651,44,0
50101,424,0
4878,1350,1
66887,633,0
317,41,1
4058,877,1
172,269,1
2485,1064,1
917,441,1
72691,45,0
60221,1269,0
7970,776,0
18912,283,0
3281,114,1
82360,183,0
2,4,1
5379,480,1
1066,438,1
63706,31,0
81385,247,0
3050,3,1
4754,1012,1
83043,40,0
351,487,1
7259,4,0
4971,1198,1
4945,1196,1
68429,431,0
16473,38,0
2852,9,1
9279,40,0
90488,45,0
44030,39,0
20346,445,0
8319,44,0
1997,1131,1
5237,4,1
53664,177,0
138,9,1
4931,1202,1
25230,124,0
3974,991,1
2461,1207,1
58286,456,0
1631,456,1
33407,245,0
70069,3,0
2488,152,1
96847,40,0
559,98,1
910,646,1
375,364,1
593,352,1
21835,877,0
5978,91,1
70176,339,0
12700,21,0
43069,1196,0
4670,98,1
2993,847,1
72292,109,0
942,1394,1
317,177,1
44420,1074,0
53083,245,0
2435,0,1
4221,150,1
74405,217,0
1632,35,1
1636,177,1
1453,109,1
8839,1198,0
31575,1407,0
4750,274,1
2519,78,1
66158,1396,0
9294,13,0
3011,9,0
1108,97,1
89513,41,0
30384,339,0
45595,44,0
5912,89,0
1357,739,0
1763,89,1
23175,878,0
498,256,1
33681,207,0
1398,9,1
13491,73,0
62715,247,0
55773,39,0
2820,477,1
1090,542,1
2167,375,1
3944,957,1
7,47,1
1159,41,1
391,195,1
1159,80,1
912,255,1
3333,105,1
101,206,1
257,64,1
1604,194,1
89940,375,0
33404,41,0
2208,996,1
3538,109,1
92,456,1
5014,1207,1
172,1400,1
4732,41,1
1136,253,1
48986,361,0
6990,109,0
5057,58,1
188,177,1
39112,593,0
19388,12,0
26,184,1
1742,68,1
20,5,1
105516,1198,0
884,504,1
5342,220,1
2875,321,1
88524,172,0
84003,137,0
44313,31,0
441,220,1
1660,456,1
45624,17,0
23006,318,0
321,80,1
66062,1196,0
40350,44,0
95271,784,0
68442,1124,0
936,152,0
2146,233,1
6152,256,1
35,80,1
11260,5,0
54274,45,0
105484,41,0
125,24,1
1690,114,1
990,394,1
101,941,1
94816,33,0
77018,186,0
35763,230,0
91379,478,0
826,80,1
89492,288,0
32039,681,0
22571,199,0
3272,145,1
125,954,0
86151,246,0
1699,33,1
103495,1207,0
76,207,1
67370,141,0
1399,170,1
45,56,1
5364,74,1
49,172,1
1910,248,1
33776,68,0
46573,784,0
314,1210,1
1123,170,1
54524,1207,0
944,621,1
433,139,1
86596,18,0
8001,71,0
79278,33,0
2485,39,1
27031,233,0
53286,1075,0
1205,21,1
94911,109,0
21615,321,0
227,0,1
1421,112,1
188,525,1
360,423,1
5057,103,1
1618,40,1
115,33,1
83,272,1
69595,270,0
2554,36,1
190,884,1
222,21,1
12940,501,0
1717,12,1
2412,45,1
2559,177,1
5978,21,1
51123,248,0
50201,78,0
106328,40,0
3437,170,1
39546,45,0
1081,460,1
856,80,1
69677,152,0
898,283,1
902,481,1
61,281,1
5887,523,1
59287,381,0
216,139,1
100149,97,0
1933,4,1
97967,776,0
31564,520,0
55675,426,0
67303,309,0
327,177,1
105703,206,0
1061,9,1
1417,217,0
70,48,1
53845,783,0
4889,1202,1
1775,40,1
31375,8,0
383,92,1
365,13,1
168,431,1
51386,36,0
79474,41,0
73294,157,0
35498,217,0
16205,175,0
91249,21,0
614,194,1
2071,125,1
5640,821,1
346,245,1
17387,17,0
731,410,1
74678,551,0
55843,220,0
46292,460,0
93177,57,0
4407,394,1
2804,180,1
52168,4,0
21359,91,0
106314,139,0
91877,91,0
1204,177,1
44858,954,0
3137,58,1
300,118,1
102061,0,0
1760,233,1
1657,18,1
23253,426,0
1885,5,1
36446,114,0
70985,100,0
9924,147,0
7770,47,0
4058,878,1
117,394,1
25680,316,0
415,78,1
108,1074,1
6006,1197,1
4403,394,1
47270,0,0
618,125,1
300,1197,1
304,44,1
6967,1234,0
39991,247,0
100744,352,0
46065,1258,0
182,13,1
255,109,1
29658,1124,0
1564,437,1
65120,45,0
65123,661,0
5122,1197,1
98031,57,0
58088,114,0
77138,1207,0
25797,525,0
5560,91,1
94590,41,0
1622,458,1
1432,40,1
1910,776,1
49930,13,0
40837,248,0
91302,177,0
3664,35,1
1188,1245,1
2770,58,1
98354,41,0
5978,581,1
5832,54,1
302,217,1
157,671,1
9359,1197,0
62712,58,0
64726,24,0
2471,72,1
3260,1396,1
84045,35,0
131,114,1
428,1018,1
71303,3,0
45558,41,0
82845,1294,0
12452,4,0
1354,89,1
41105,1035,0
1070,520,1
3367,21,1
19691,41,0
4028,1,1
313,12,1
66618,586,0
47,1194,1
2885,153,1
921,36,1
114,619,1
86024,173,0
65220,203,0
4915,1197,1
1141,300,1
14874,28,0
496,40,1
30,205,1
42627,45,0
1921,40,1
17051,877,0
5971,903,1
2381,1198,1
280,17,1
58675,905,0
74732,1296,0
63569,58,0
82925,247,0
42499,12,0
341,21,1
1033,456,1
2904,14,1
1664,282,1
7729,40,0
41749,65,0
29799,3,0
115,13,1
99927,97,0
2412,755,1
127,98,1
8720,1200,0
4809,91,0
103343,44,0
57011,949,0
2422,17,1
72027,91,0
92280,281,0
81087,654,0
950,256,1
96454,61,0
18786,105,0
6156,114,1
65391,880,0
54,39,1
391,776,1
72671,217,0
83,36,1
1161,150,1
24082,283,0
6165,1,1
934,220,1
65023,253,0
24944,57,0
10706,9,0
10485,340,0
104615,125,0
69479,21,0
140,394,1
99596,1200,0
57191,65,0
95528,506,0
31764,79,0
19605,821,0
82154,98,0
3614,29,1
186,137,1
3221,109,1
4166,877,1
77947,473,0
5495,193,0
3333,608,1
1611,44,1
40846,13,0
2638,47,1
1136,942,1
73697,282,0
549,803,1
10178,186,0
557,246,1
60503,47,0
497,264,1
405,16,1
1114,468,1
1247,39,1
104,5,1
1702,137,1
39,24,1
1678,61,1
1989,202,1
11084,194,0
8186,304,0
9991,145,0
1787,15,1
182,1194,1
75385,1394,0
302,483,1
15182,431,0
1188,1244,1
90715,109,0
2820,233,1
912,859,1
2005,217,1
1240,41,1
21563,189,0
1807,24,1
2471,8,1
35179,65,0
2784,270,1
33700,45,0
4512,1176,0
37718,147,0
108,1054,1
99019,58,0
966,205,1
63630,946,0
63852,330,0
100727,513,0
87444,1198,0
53502,71,0
62604,1394,0
3563,954,1
1644,5,1
3932,344,1
42794,12,0
3139,9,1
83733,109,0
21634,158,0
954,682,1
3290,270,1
68246,729,0
2779,248,1
15208,41,0
76280,217,0
58,48,1
958,1400,1
90156,283,0
85348,984,0
94,84,1
3153,40,1
16713,763,0
289,394,1
2542,281,1
6904,580,0
328,40,1
14835,1197,0
562,543,1
801,431,1
157,97,1
39427,1149,0
2412,478,1
313,671,1
46431,477,0
584,109,1
209,821,1
42417,263,0
5155,283,1
4676,4,1
1190,41,1
1517,21,1
4751,177,1
24668,173,0
71255,12,0
29419,394,0
5245,1236,1
101,504,1
3097,1202,1
35266,1124,0
89661,403,0
1039,460,1
101360,798,0
986,1194,1
2428,91,1
101371,943,0
4543,91,1
12485,675,0
38509,3,0
9435,9,0
62630,41,0
42539,45,0
52231,24,0
1136,956,1
70342,13,0
26,44,1
35633,78,0
76718,36,0
437,58,1
8581,0,0
12259,376,0
85411,798,0
1842,458,1
550,328,1
66912,961,0
2993,6,1
1485,138,1
3129,21,1
1798,9,1
1647,47,1
172,21,1
26315,1197,0
8179,177,0
57083,9,0
2605,669,1
188,33,1
950,682,1
5972,431,0
48612,0,0
1508,269,1
96457,3,0
27594,61,0
247,1194,1
479,1122,1
59821,1269,0
188,35,1
23203,464,0
3344,35,1
5262,3,1
156,122,1
70777,844,0
2594,784,1
280,145,1
934,24,1
23794,913,0
74765,351,0
51712,9,0
31125,673,0
1472,256,1
937,1082,0
157,186,1
50988,56,0
87587,40,0
52616,192,0
41579,247,0
1923,78,1
252,1124,1
1052,844,1
3047,5,1
46839,743,0
1403,859,1
2622,109,1
73490,180,0
4224,21,1
53238,1495,0
56021,431,0
56,157,1
3853,917,1
32329,114,0
2698,503,1
37348,1412,0
262,125,1
3209,177,1
80378,297,0
52775,464,0
4270,951,0
2175,149,1
59929,783,0
30184,58,0
33068,1347,0
58817,231,0
1033,13,1
57235,9,0
52488,97,0
2043,44,1
2412,58,1
52605,1199,0
4116,9,1
29594,795,0
101217,18,0
1366,172,1
1039,5,1
1613,0,1
2956,44,1
3263,44,1
20075,1324,0
36370,4,0
14308,305,0
90188,9,0
3097,256,1
2916,838,1
2676,423,1
4440,431,1
4527,621,1
76069,41,0
960,865,1
42359,217,0
54823,114,0
61079,82,0
2017,504,1
306,1122,1
557,1226,1
73,600,1
49205,21,0
262,247,1
74998,17,0
262,673,1
254,1224,1
87069,109,0
618,383,1
631,798,1
30,58,1
4258,820,1
15308,1193,0
7779,704,0
360,48,1
44110,600,0
32646,269,0
2771,36,1
2141,328,1
172,17,1
57409,57,0
1460,24,1
253,920,1
1528,704,1
11269,17,0
28052,78,0
90992,882,0
69174,391,0
100197,172,0
2559,776,1
19654,482,0
151,15,1
68532,40,0
1077,404,1
1159,189,1
437,141,1
2286,745,1
3173,24,1
52003,245,0
2566,53,1
1437,394,1
46852,503,0
4293,1411,1
90831,172,0
1490,17,1
74156,1411,0
83,1196,1
559,74,1
25042,592,0
2175,1200,1
1129,306,1
34698,186,0
52664,21,0
82701,41,0
1826,394,1
44256,1207,0
222,13,1
69649,12,0
624,8,1
587,0,1
14942,212,0
25055,1198,0
5341,274,1
39464,233,0
1735,220,0
87428,542,0
1598,111,1
1971,69,1
40,47,1
2995,445,1
20769,1224,0
36082,17,0
69577,784,0
1491,608,1
51350,728,0
38287,431,0
1472,344,1
253,58,1
34944,1237,0
1411,431,1
557,125,1
28999,337,0
48625,39,0
99229,288,0
14827,253,0
5057,9,1
51117,21,0
346,89,1
1837,58,1
3286,784,1
34935,89,0
41817,140,0
33887,13,0
37928,40,0
551,318,1
95509,177,0
1979,246,1
90493,13,0
86543,808,0
1536,177,1
2608,367,1
77459,80,0
96733,155,0
156,776,1
5287,41,1
1732,456,1
30236,776,0
54114,217,0
53285,592,0
79401,1251,0
94086,1196,0
78030,58,0
89505,394,0
1000,803,1
1820,89,1
35246,1207,0
500,849,1
2187,53,1
74972,1023,0
71,201,1
25790,0,0
2268,1394,1
1365,61,1
139,105,1
2333,1198,1
102673,153,0
37396,1210,0
58480,252,0
76214,45,0
5396,109,0
54519,109,0
1836,263,1
256,885,1
35479,89,0
97641,1198,0
38097,1342,0
70993,420,0
41097,41,0
60520,510,0
92737,53,0
3604,403,1
25283,9,0
131,824,1
25395,12,0
55401,884,0
724,91,1
60983,80,0
336,468,1
68411,911,0
5765,252,1
1350,98,1
253,13,1
30142,84,0
54190,58,0
3600,1336,1
5097,1198,1
46565,431,0
46941,69,0
1448,177,1
60349,945,0
65035,431,0
52505,39,0
23545,321,0
1365,58,1
88465,256,0
1724,253,1
397,776,1
16445,1194,0
452,140,1
1027,21,1
1646,449,1
19064,776,0
122,2,1
1508,145,1
1239,1364,1
30182,29,0
89614,12,0
751,13,1
2785,58,1
2061,150,1
45044,1249,0
2544,1194,1
2549,15,1
88219,305,0
1560,82,1
4511,71,1
2479,110,1
4020,256,1
57104,878,0
1545,1193,1
168,465,1
4250,21,1
200,784,1
3701,673,0
82,64,1
67146,445,0
1664,41,1
1283,776,1
96406,883,0
37523,92,0
884,600,1
187,1207,1
522,1198,1
52321,191,0
16488,1413,0
1677,37,1
3491,1197,1
4451,431,1
253,12,1
35637,125,0
1758,1153,1
3,1197,1
36,1001,1
1366,776,1
3569,1394,1
102997,13,0
64091,288,0
645,8,1
5465,1197,1
65909,220,0
4178,776,1
53896,822,0
17384,124,0
148,1193,1
73837,215,0
2435,124,1
100083,877,0
1699,58,1
44396,961,0
346,548,1
5281,9,1
575,776,1
1465,13,1
64215,520,0
2523,152,1
56,182,1
100540,44,0
3173,71,1
724,153,1
18716,1394,0
92627,930,0
5203,140,0
37812,109,0
2419,610,1
53712,37,0
26320,248,0
53592,78,0
3979,877,1
1283,19,1
3346,38,1
76469,815,0
68938,21,0
2126,247,1
1504,35,1
82393,24,0
14858,256,0
302,324,1
23093,189,0
49273,92,0
56560,3,0
87459,1124,0
17342,631,0
17250,152,0
18741,191,0
724,503,1
1080,258,1
64187,1196,0
84290,352,0
934,4,1
17648,954,0
12065,12,0
917,8,1
1987,1012,1
327,776,1
14753,1010,0
351,65,1
47412,878,0
24200,21,0
23,1400,1
59513,141,0
5117,1194,1
4400,458,1
57317,189,0
1107,13,1
65225,823,0
4345,98,1
3959,21,1
101947,255,0
1349,158,1
3150,73,0
47575,41,0
80888,21,0
1343,313,1
883,533,1
910,654,1
1025,57,1
60308,1207,0
1283,424,1
5632,33,1
1615,15,1
19258,177,0
1760,21,1
87941,455,0
101510,109,0
52248,442,0
365,54,1
1812,97,1
47937,89,0
7578,394,0
85026,172,0
11050,961,0
28216,270,0
2036,401,1
1243,474,1
450,47,1
90822,206,0
31946,61,0
331,1210,1
43972,207,0
78037,2,0
893,488,1
11120,61,0
4162,12,0
34577,263,0
544,316,1
8025,180,0
2784,4,1
1536,12,1
1853,776,1
2071,220,1
92746,431,0
8272,80,0
2251,1196,1
117,327,1
3507,78,0
45856,351,0
1971,252,1
79309,253,0
313,465,1
2033,39,1
883,0,1
6891,913,0
91715,9,0
31159,71,0
2022,67,1
1739,454,1
26797,1199,0
55985,259,0
3189,129,1
76418,431,0
89389,3,0
1914,9,1
18,1001,1
4578,744,1
4253,800,1
43533,438,0
100764,0,0
12567,791,0
23710,126,0
99149,233,0
375,1032,1
17087,72,0
824,1207,1
4342,4,1
72416,255,0
37,562,1
45962,433,0
85851,5,0
85528,39,0
156,283,1
46817,18,0
1739,431,1
559,429,1
884,69,1
188,981,1
72925,823,0
42605,258,0
72490,431,0
246,76,1
96247,246,0
4753,776,1
552,403,1
97544,35,0
2502,9,1
83296,170,0
9855,252,0
108,456,1
43270,58,0
4665,128,1
63590,602,0
9414,76,0
765,306,1
104498,1197,0
1197,502,1
789,114,1
5298,87,0
36248,309,0
25199,1222,0
437,502,1
58338,57,0
58,109,1
45,252,1
3101,125,1
101,4,1
4257,40,1
3915,1207,1
70732,173,0
3344,33,1
55457,1232,0
62602,44,0
2471,173,1
102706,177,0
2723,24,1
75270,1196,0
61935,793,0
2885,73,1
101,246,1
2578,1241,0
23423,0,0
15711,403,0
500,438,1
272,215,1
99237,1130,0
4847,1210,1
104,207,1
89224,1073,0
26587,233,0
84,5,1
1690,33,1
46952,297,0
1631,1344,1
942,215,1
38608,945,0
30,39,1
55171,949,0
20563,202,0
182,1,1
102524,21,0
229,21,1
1473,58,1
682,45,1
6143,130,0
2885,9,1
1207,342,1
3480,69,1
3941,795,1
3515,24,1
97375,256,0
1356,431,1
31,39,1
39772,579,0
47980,800,0
28034,79,0
20,478,1
1216,4,1
104907,776,0
105813,38,0
74652,776,0
2616,1032,1
898,21,1
75,41,1
157,1258,1
8927,80,0
58666,255,0
57149,87,0
910,78,1
966,158,1
1392,109,1
987,568,1
3149,53,0
6405,502,0
4695,1394,1
75769,71,0
4248,961,1
86472,13,0
60872,45,0
3644,12,1
92634,430,0
5057,155,1
29924,926,0
92211,302,0
128,0,1
82266,1032,0
57751,961,0
90126,214,0
7559,37,0
57371,478,0
6075,58,1
84238,14,0
2884,1400,1
45205,91,0
2793,283,1
33621,58,0
78165,431,0
220,47,1
811,259,1
1461,217,1
3306,91,0
73517,464,0
902,74,1
765,363,1
3896,6,1
1364,948,1
927,114,1
61184,485,0
910,155,1
1061,246,1
17102,111,0
90403,151,0
11499,941,0
45028,1207,0
57517,21,0
92269,150,0
1330,460,1
2352,315,1
61826,506,0
4731,4,1
3424,944,0
2982,47,1
15595,78,0
51,686,1
575,954,1
84517,124,0
637,1456,1
20703,518,0
16,17,1
7033,18,0
87071,801,0
37799,962,0
14153,110,0
97,139,1
157,105,1
4703,203,1
84660,220,0
105047,125,0
225,1074,1
4308,79,1
397,172,1
3065,114,1
94481,97,0
10655,41,0
55015,109,0
5647,1197,1
55724,98,0
84685,1253,0
2446,303,1
4820,1196,1
2852,283,1
163,192,1
3123,145,1
995,78,1
78830,111,0
2289,177,1
3820,21,1
80526,78,0
61,183,1
104435,877,0
62373,35,0
94106,58,0
3015,438,1
480,1011,1
95339,892,0
1016,852,1
1421,305,1
55325,45,0
11813,281,0
886,281,1
155,125,1
2554,1253,1
427,58,1
1399,172,1
4004,177,1
1753,233,1
188,272,1
2914,91,0
28353,13,0
47554,1124,0
70581,9,0
1074,80,1
3693,41,1
2033,12,1
1781,0,1
2908,61,1
104434,13,0
2635,776,1
1377,1306,1
35611,13,0
1400,9,1
1398,36,1
378,35,1
4927,344,1
48218,13,0
5730,1216,1
52,41,1
1445,114,1
6230,9,1
35,202,1
79882,1176,0
73957,82,0
55772,199,0
1173,1124,1
11461,859,0
134,114,1
2608,1227,1
95774,506,0
3500,905,0
439,882,1
2007,47,1
500,347,1
52318,621,0
9768,114,0
1092,128,1
497,942,1
567,17,1
66017,69,0
234,828,1
2573,80,1
724,21,1
912,82,1
681,425,1
17638,502,0
11345,431,0
2428,125,1
32580,220,0
25113,89,0
118,1276,1
8053,1198,0
47018,205,0
21012,776,0
93019,927,0
902,594,1
1615,12,1
64414,1176,0
77988,150,0
20900,793,0
2175,183,1
1541,44,1
10390,776,0
50349,141,0
130,47,1
3173,35,1
1365,283,1
1073,145,1
83859,114,0
4499,283,1
82750,97,0
72021,252,0
786,256,1
63960,269,0
34193,56,0
304,806,1
1904,87,1
790,18,1
2554,14,1
103849,1194,0
49253,44,0
165,8,1
35323,141,0
1615,29,1
97302,217,0
4527,177,1
80206,1,0
1092,76,1
86055,9,0
1853,40,1
1019,331,1
398,1196,1
51893,40,0
6054,15,1
51637,410,0
437,818,1
811,654,1
29023,24,0
71483,128,0
66,248,1
69199,156,0
428,6,1
1398,74,1
178,761,1
180,29,1
35282,1198,0
4345,57,1
24070,80,0
56585,394,0
1367,68,1
887,82,1
2468,1,1
917,45,1
561,798,1
16777,47,0
1088,88,1
143,58,1
3094,500,1
1630,429,1
39287,12,0
1061,89,1
1690,207,1
3400,91,1
108,615,1
18030,1244,0
100117,24,0
2428,13,1
42379,39,0
32960,431,0
53907,363,0
3857,6,0
72900,15,0
376,9,1
36273,12,0
3097,12,1
1788,41,1
58723,21,0
13342,217,0
3036,58,1
75114,234,0
39755,13,0
84331,58,0
4404,1496,1
15338,89,0
53903,227,0
3984,621,1
134,151,1
122,109,1
79524,76,0
188,252,1
1162,5,1
5214,920,0
876,389,1
66584,248,0
42700,16,0
85418,460,0
437,98,1
2381,239,1
84313,776,0
2885,58,1
28930,91,0
575,288,1
17393,45,0
102730,44,0
76098,173,0
3674,405,0
15743,37,0
29269,181,0
23226,5,0
2088,1224,1
65827,1199,0
45767,126,0
48487,386,0
1463,322,1
2554,61,1
392,305,0
60857,41,0
106134,429,0
1742,791,1
75,9,1
4894,192,1
2908,202,1
81646,1309,0
1019,53,1
56531,283,0
31499,1194,0
1739,1124,1
102506,318,0
2440,160,1
910,91,1
14191,21,0
4592,169,1
85397,600,0
2282,36,1
104026,1394,0
49292,776,0
2668,859,1
51063,74,0
464,312,1
43366,66,0
4175,24,1
139,21,1
84,776,1
2428,37,1
18492,344,0
2131,58,1
92145,57,0
1230,13,1
93636,21,0
80983,1054,0
360,424,1
125,13,1
66758,220,0
253,73,1
36729,109,0
1734,78,1
102599,480,0
19336,98,0
46453,45,0
2669,24,1
1644,37,1
69724,160,0
82661,181,0
39531,394,0
89782,151,0
211,145,1
19,788,1
3493,882,1
6260,464,0
27201,197,0
1476,21,1
2908,13,1
5125,487,0
27818,9,0
35973,217,0
27262,274,0
66901,234,0
267,230,1
56755,72,0
4250,669,0
70415,89,0
6696,107,0
13292,568,0
1368,12,1
32369,9,0
92895,541,0
85278,1412,0
59509,344,0
88590,41,0
84691,974,0
30383,12,0
1362,247,1
2816,82,1
12457,6,0
22215,35,0
51,17,1
38396,114,0
586,82,1
1465,57,1
1636,37,1
74164,882,0
31119,61,0
16456,961,0
3264,0,1
2740,9,1
249,21,1
30295,1197,0
2476,194,1
85365,829,0
103945,504,0
1367,114,1
1347,1421,1
1306,16,1
2608,82,1
934,109,1
1399,9,1
2440,105,1
10753,71,0
54766,91,0
969,21,1
18382,1198,0
1647,213,1
44800,531,0
34296,1400,0
2812,14,1
912,403,1
1235,53,1
2594,4,1
8287,510,0
3101,776,1
559,103,1
80277,194,0
59930,468,0
63549,352,0
327,89,1
55734,84,0
2371,33,1
88034,177,0
285,431,1
1637,68,1
5222,73,1
44476,220,0
2312,221,1
1485,1207,1
95193,24,0
21677,1198,0
3173,74,1
4460,138,1
578,548,1
59308,496,0
300,203,1
682,73,1
77594,171,0
98306,28,0
4514,247,1
25816,29,0
95356,4,0
1283,24,1
779,0,1
3037,125,1
19820,44,0
46803,41,0
243,1198,1
274,180,1
82667,1207,0
10902,1143,0
88277,78,0
618,88,1
106404,57,0
29932,221,0
1288,217,1
4473,47,1
59901,41,0
1174,21,1
28189,9,0
58250,623,0
82165,74,0
3507,38,1
16586,1074,0
1631,67,1
1036,1394,1
64459,76,0
6735,41,0
4667,47,1
5758,1207,1
634,798,1
751,91,1
88312,844,0
2940,65,1
4233,828,1
1421,98,0
1214,468,1
9698,472,0
1616,253,1
81586,9,0
1930,957,1
281,190,1
4354,33,1
99396,333,0
60218,1194,0
72916,184,0
66645,1,0
38449,230,0
39,1196,1
98683,1237,0
1660,91,1
72989,693,0
4647,1198,1
41,21,1
91,169,0
56795,1198,0
6028,522,1
13062,1198,0
3284,941,1
13403,21,0
93192,207,0
13857,9,0
57767,73,0
7462,1198,0
49506,47,0
10822,47,0
73168,1197,0
78097,91,0
2549,1,1
784,71,1
103884,76,0
6042,1202,1
1073,1207,1
65141,12,0
44996,194,0
3614,47,1
11680,47,0
1399,791,1
1671,41,1
17046,39,0
291,1221,1
96749,877,0
92787,1292,0
2835,379,1
552,646,1
18112,119,0
17682,215,0
365,502,1
84048,141,0
79212,352,0
3951,128,1
84596,431,0
2435,394,1
67815,21,0
1366,548,1
3710,47,1
1341,1193,1
1530,13,1
4499,351,0
66,247,1
79331,992,0
910,179,1
2435,283,1
32927,1196,0
2138,190,1
1030,500,1
14221,41,0
3569,78,1
559,790,1
15785,502,0
105649,1412,0
82843,431,0
618,739,1
3589,256,1
2034,693,1
2570,18,1
934,47,1
577,58,1
37562,435,0
30303,35,0
154,352,1
1367,207,1
124,1083,1
84157,351,0
79683,942,0
2569,109,1
94222,1411,0
4472,5,1
902,39,1
3297,21,1
351,546,1
67178,98,0
6990,327,0
100596,205,0
319,394,1
48544,111,0
105064,180,0
90205,109,0
86197,58,0
1136,951,1
2126,1412,1
1374,827,1
1691,12,1
28039,68,0
27066,245,0
93965,36,0
2228,700,1
71685,3,0
255,28,1
779,2,1
5944,1074,1
78601,376,0
2956,570,1
1689,33,1
496,13,1
591,809,1
37550,761,0
2885,248,1
38501,29,0
1236,21,1
58684,45,0
559,0,1
79458,33,0
1180,97,1
83469,788,0
51833,256,0
437,13,1
95899,89,0
10369,109,0
2837,47,1
89956,145,0
15760,9,0
2017,253,1
27248,91,0
2527,152,1
48000,9,0
20208,458,0
397,579,1
55390,379,0
4356,9,1
68997,173,0
992,945,1
55900,71,0
157,1308,1
2789,253,1
874,256,1
76077,124,0
69339,221,0
26471,800,0
578,24,1
76683,548,0
86680,776,0
856,394,1
55052,156,0
53451,1194,0
97872,956,0
100709,39,0
95432,1210,0
178,58,1
42598,878,0
88063,76,0
3192,17,1
44051,89,0
40284,269,0
93461,105,0
1465,340,1
7300,253,0
958,192,1
2702,9,1
1197,500,0
103484,375,0
55451,177,0
105096,125,0
85539,394,0
85304,1198,0
60172,327,0
11883,16,0
81660,423,0
2574,29,1
43977,1124,0
32589,180,0
1636,761,1
542,351,1
41421,124,0
67779,282,0
3238,31,1
93497,431,0
97043,270,0
56,114,1
2669,172,1
94828,394,0
2776,47,1
62849,79,0
49365,80,0
55517,1399,0
53434,100,0
47965,39,0
909,18,1
94448,500,0
31772,114,0
62683,1073,0
94736,464,0
61585,504,0
125,910,1
25407,817,0
56,998,1
1169,739,1
101755,809,0
34750,149,0
86988,145,0
222,186,1
75876,196,0
13267,245,0
48879,256,0
2195,768,1
857,80,1
83,481,1
306,92,1
2911,212,1
320,670,1
70734,71,0
71942,27,0
51089,172,0
1205,235,1
902,114,1
1403,481,1
101029,9,0
55081,111,0
23234,109,0
63377,205,0
1242,137,1
2201,18,1
4261,997,1
100106,1012,0
33868,1222,0
9862,246,0
16931,9,0
3528,124,1
3006,24,1
1812,13,1
1123,394,1
1388,109,1
62005,21,0
59072,1456,0
74128,948,0
1693,1040,1
1234,21,0
69,434,1
2880,79,1
85344,21,0
1067,175,1
77732,37,0
300,66,1
472,109,1
1556,41,1
495,281,1
12281,13,0
4902,1196,1
14207,440,0
91156,1194,0
61791,656,0
9470,776,0
105900,1044,0
4644,363,1
2364,37,1
1517,1207,1
794,80,1
2170,194,1
1366,186,1
1865,33,1
3478,37,1
36341,247,0
9431,776,0
71837,53,0
93606,1196,0
30266,823,0
406,521,1
18382,729,0
313,351,1
4514,44,0
34092,410,0
188,207,1
3396,1394,0
26,15,1
1880,1444,1
86804,1480,0
2488,350,1
917,36,1
66581,288,0
1461,177,1
39382,109,0
944,44,1
3333,593,1
49199,192,0
94147,18,0
2022,464,1
1170,1144,1
82731,364,0
18006,1155,0
20553,12,0
49,160,1
93257,249,0
253,177,1
1362,248,1
88105,352,0
1111,1196,1
38519,292,0
1739,518,1
66500,602,0
35214,394,0
557,930,1
427,1198,1
25223,39,0
47858,233,0
36049,80,0
105974,172,0
3061,233,1
5780,424,1
5473,114,1
2825,270,1
103,199,1
25649,776,0
4483,80,1
1367,180,1
363,480,1
1675,344,0
2519,29,1
247,304,1
605,1194,1
1259,203,1
26044,973,0
69415,109,0
15612,192,0
2403,754,1
37282,510,0
16736,654,0
987,1245,1
17965,65,0
92680,510,0
1464,150,1
2641,80,1
44677,21,0
259,906,1
96301,130,0
1092,220,1
1336,29,1
85975,12,0
18280,98,0
557,33,1
9255,242,0
2446,153,1
629,606,1
262,69,1
987,548,1
93674,460,0
2412,140,1
519,58,1
91,56,1
3082,6,1
2175,182,1
317,200,1
77625,33,0
31535,24,0
3354,21,1
42495,141,0
4280,194,1
38190,16,0
124,424,1
1644,33,1
55304,58,0
98895,29,0
1031,21,1
43318,1196,0
11533,1193,0
104699,97,0
65370,403,0
35109,21,0
72807,13,0
1467,391,1
59727,394,0
18504,45,0
30936,129,0
1869,89,1
3262,24,1
206,1349,1
29192,844,0
5597,1217,1
37924,1210,0
39727,776,0
84298,882,0
995,270,1
327,21,1
1517,487,1
5980,487,1
883,21,1
62088,114,0
2530,130,1
1366,21,1
5344,91,1
68156,24,0
3688,124,1
1612,1210,1
41780,21,0
96421,13,0
916,961,1
6059,21,1
3594,149,1
995,24,1
3663,9,1
1104,29,1
28411,138,0
987,98,1
1443,177,1
2645,118,1
70,381,1
2885,885,1
63771,13,0
71131,0,0
47601,431,0
45469,4,0
26390,910,0
66231,433,0
6603,170,0
50660,776,0
22056,12,0
69810,141,0
104357,906,0
3116,233,1
50150,175,0
21353,464,0
9178,264,0
11793,58,0
72392,13,0
437,503,1
4245,58,1
91769,58,0
102635,155,0
82874,1207,0
69201,5,0
157,88,1
13004,45,0
966,68,1
3115,114,1
49,44,1
436,58,1
27891,13,0
4839,1196,1
45403,581,0
21060,9,0
78368,1122,0
89927,953,0
577,776,1
3401,124,1
40500,175,0
21182,150,0
81774,208,0
3379,79,1
1840,183,1
917,61,1
101806,4,0
313,78,1
74090,460,0
3087,376,1
5402,394,1
51873,39,0
68753,0,0
1398,38,1
38532,1131,0
101,1232,1
10347,501,0
48332,882,0
42235,233,0
62280,989,0
1456,433,1
74488,76,0
17565,1088,0
58696,119,0
436,78,1
2122,331,1
240,961,1
108,33,1
93638,189,0
2930,114,0
3333,67,1
3695,456,1
75152,598,0
100255,905,0
211,1197,1
49808,98,0
12157,620,0
54301,394,0
38262,61,0
78788,130,0
4533,124,1
27875,270,0
81012,21,0
104337,206,0
5815,431,0
1368,171,1
1367,201,1
16880,91,0
358,37,1
3833,965,1
3099,6,1
97666,98,0
29805,9,0
105022,105,0
53,548,1
1104,332,1
4175,45,1
99840,999,0
233,78,1
46603,215,0
1456,2,1
1902,460,1
113,460,1
1465,456,1
88167,65,0
49801,269,0
1616,98,1
3989,877,1
5593,47,0
60079,137,0
1872,44,1
20900,67,0
15401,487,0
26031,44,0
284,98,1
82071,394,0
33714,431,0
13775,1198,0
589,21,1
14148,220,0
52036,327,0
93691,119,0
177,220,1
6084,230,1
32312,172,0
3297,189,1
66,510,1
29060,89,0
35,12,1
72346,255,0
1565,171,1
77078,333,0
4124,776,1
2446,264,1
47242,84,0
3480,36,1
96584,118,0
724,351,1
5254,256,0
35225,33,0
2633,456,1
75173,946,0
34831,200,0
2446,1412,1
13657,865,0
987,1294,1
6020,97,1
3589,431,1
82134,776,0
50332,431,0
2439,1199,1
219,964,1
41809,193,0
73914,776,0
66315,911,0
5561,882,1
104408,1394,0
35063,232,0
44738,80,0
56971,57,0
101366,78,0
85,429,1
200,21,1
644,281,1
71247,315,0
51818,76,0
93208,150,0
456,579,1
546,1227,1
32248,177,0
2086,835,1
31683,39,0
886,776,0
302,69,1
4385,394,1
61997,109,0
36854,9,0
102033,24,0
559,35,1
42690,582,0
1517,145,1
59319,859,0
1244,776,1
5979,139,1
49037,503,0
30,98,1
57868,744,0
2586,109,1
180,195,1
4797,1196,1
89189,28,0
73245,1147,0
48360,233,0
3129,776,1
4578,941,1
676,269,1
5796,24,1
1228,1198,0
3606,145,1
238,245,1
59943,156,0
66707,18,0
22274,49,0
21083,897,0
6053,194,1
32635,12,0
50022,39,0
1350,33,1
1205,621,1
63,84,1
557,673,1
103288,33,0
1887,44,1
10200,502,0
1052,221,1
2439,37,1
1908,79,1
53323,361,0
2897,347,1
7915,9,0
90368,57,0
2035,98,1
2017,155,1
42204,1197,0
912,172,1
106,3,1
4553,394,1
48968,91,0
2194,905,1
197,321,1
42849,98,0
336,533,1
54790,253,0
917,65,1
124,61,1
59872,6,0
1033,9,1
57644,615,0
105197,170,0
73310,431,0
5254,12,1
39445,383,0
97698,700,0
4343,3,1
91155,500,0
3378,956,1
103379,362,0
93744,13,0
28630,1210,0
5514,40,1
8218,230,0
42332,581,0
95379,203,0
780,9,1
719,74,0
19658,114,0
910,503,1
63162,232,0
76285,394,0
3565,5,1
23773,305,0
4045,877,1
4476,391,1
3523,392,1
575,177,1
2519,175,1
63444,776,0
1732,36,1
2562,1197,1
615,910,1
4458,686,1
170,15,1
53765,403,0
1402,5,1
78803,803,0
13557,9,0
83352,1207,0
38798,410,0
17480,1073,0
10793,80,0
1004,388,1
24748,45,0
1618,69,1
154,654,1
59262,13,0
4503,880,1
57231,878,0
2440,12,1
90970,150,0
70452,58,0
100650,24,0
58955,54,0
1446,281,1
14078,473,0
2547,220,1
2562,460,1
2126,129,1
12179,44,0
1184,9,1
2625,17,1
1171,1400,1
75720,157,0
209,1124,1
41380,169,0
587,31,1
3791,256,1
4800,1193,0
81494,232,0
1826,53,1
17262,455,0
69583,1210,0
5978,1394,1
3327,433,1
16282,78,0
134,883,1
2817,429,1
755,543,1
65341,84,0
79095,621,0
456,264,1
27,302,1
67446,1207,0
33346,40,0
51,139,1
157,24,1
66695,80,0
41235,149,0
1926,456,1
1092,431,1
2386,3,1
60228,61,0
479,482,1
65688,80,0
66351,160,0
576,367,1
26521,245,0
188,1075,1
105912,246,0
1161,44,1
50566,972,0
92931,9,0
67740,33,0
92180,37,0
75461,215,0
1195,8,1
74988,1197,0
66249,177,0
1933,270,1
552,87,1
5502,57,0
39,21,1
61,1207,1
63101,27,0
78877,1207,0
2170,431,1
60009,1193,0
1448,13,1
707,1197,0
3333,44,1
51774,1,0
636,362,1
37212,39,0
21689,40,0
72549,171,0
1227,105,1
2128,1194,1
42927,1224,0
1401,205,1
3869,1207,1
1631,57,1
238,40,1
5287,40,1
60141,203,0
18,324,1
557,58,1
92506,468,0
432,14,1
83554,405,0
99638,98,0
64570,456,0
227,882,1
2012,1044,1
820,175,1
593,202,1
4016,1197,1
4906,53,0
1929,1194,1
7708,24,0
87659,1147,0
3401,125,1
207,149,1
1336,592,1
2659,24,1
557,124,1
79513,688,0
12079,1164,0
95579,177,0
5288,21,1
100,248,1
1674,13,1
2101,47,1
2439,41,1
31662,156,0
59678,245,0
5640,822,1
5164,122,1
2817,13,1
1644,9,1
54801,333,0
8812,517,0
2908,78,1
95470,133,0
19737,24,0
102159,17,0
58918,776,0
38677,233,0
76,156,1
1521,225,1
33357,4,0
944,255,1
5411,595,0
50658,150,0
983,281,1
51163,205,0
541,330,1
57459,362,0
49299,9,0
12184,776,0
87748,41,0
99577,89,0
2444,401,1
966,61,1
2367,80,1
40368,91,0
61190,480,0
2671,61,1
104314,621,0
39450,41,0
5737,318,1
2723,41,1
1739,806,1
98356,1147,0
2440,201,1
306,21,1
5391,693,1
49921,4,0
1335,109,1
44056,270,0
6005,256,1
28190,40,0
4292,98,1
21093,37,0
304,76,1
1990,207,1
378,36,1
33076,109,0
4346,21,0
1914,500,1
14651,1193,0
2434,246,1
2886,6,1
51900,776,0
4014,21,1
80897,9,0
1171,17,1
2770,114,1
4228,0,1
10884,74,0
1755,555,1
950,45,1
87169,21,0
23772,1224,0
30227,47,0
49610,40,0
5390,269,1
1346,65,1
20807,316,0
75015,859,0
52716,949,0
84076,961,0
1674,189,1
122,47,1
2531,1196,1
41526,1124,0
163,0,1
30756,50,0
46966,16,0
24228,6,0
24954,37,0
25885,1207,0
105582,24,0
437,0,1
86340,14,0
1517,124,1
48521,351,0
1791,283,1
18199,844,0
72684,885,0
1314,464,1
909,518,1
5107,1200,1
4193,1073,1
92,263,1
1035,147,1
50887,130,0
4537,91,1
78839,602,0
65088,1234,0
1971,68,1
22216,114,0
79694,36,0
2301,177,1
4768,1197,1
3277,58,1
302,45,1
724,621,1
40426,44,0
55418,41,0
132,15,1
14664,1207,0
1448,247,1
41307,170,0
86676,438,0
93369,6,0
23082,65,0
83719,9,0
939,424,0
2504,270,1
497,89,1
81981,78,0
433,722,1
56658,21,0
127,763,1
39275,92,0
629,917,1
56139,97,0
19660,180,0
11163,245,0
586,741,1
34488,255,0
1420,220,1
32614,4,0
4630,306,1
51498,179,0
55156,21,0
6826,780,0
2033,98,1
92454,6,0
76619,13,0
232,109,1
56158,793,0
24571,828,0
4486,54,1
1676,45,1
3095,0,0
87578,9,0
19545,171,0
5966,255,1
3527,215,1
928,523,1
83432,82,0
19578,776,0
79753,352,0
189,405,1
99422,1196,0
13255,130,0
19,1058,1
35907,245,0
58104,21,0
4063,877,1
612,114,1
8875,968,0
39674,394,0
90887,269,0
73555,844,0
89083,58,0
44537,69,0
62939,64,0
37984,270,0
17571,54,0
67723,21,0
39646,39,0
59701,40,0
36759,784,0
1465,217,1
83959,1224,0
1502,776,1
40000,91,0
1606,451,1
2748,129,1
2418,1207,1
80260,1390,0
68964,456,0
1662,431,1
3281,97,1
500,1196,1
51651,64,0
3736,245,0
552,564,1
227,38,1
149,78,1
82295,305,0
5283,882,1
50182,989,0
138,38,1
1327,174,1
14842,429,0
102772,91,0
74422,256,0
18544,344,0
2,139,1
2306,78,1
3735,4,1
79653,49,0
21861,821,0
1690,1199,1
3062,9,1
44222,74,0
54892,18,0
100563,937,0
332,431,1
5885,256,1
32128,9,0
500,918,1
76558,33,0
5086,1371,1
437,157,1
969,288,1
11917,1210,0
71769,91,0
286,1124,1
32940,600,0
207,955,1
63632,87,0
4285,109,0
85299,9,0
94892,317,0
101,97,1
91291,172,0
37876,5,0
10216,33,0
552,5,1
1061,141,1
1097,6,1
84060,21,0
87298,21,0
106456,0,0
100308,149,0
781,429,1
88990,800,0
222,1124,1
897,39,1
1640,191,1
1566,376,0
7565,74,0
85774,458,0
1676,44,1
50967,906,0
5296,38,1
24317,221,0
85640,91,0
1636,58,1
58273,1251,0
57196,283,0
2618,318,1
54455,1207,0
76539,0,0
32246,543,0
3591,245,1
922,352,1
2348,510,1
4177,646,0
443,80,1
40312,431,0
1367,73,1
76812,1200,0
5885,40,0
83295,4,0
1860,78,1
61,47,1
27947,456,0
30640,636,0
1550,114,1
49546,431,0
13696,394,0
1199,31,1
1696,41,1
5609,40,1
3116,28,1
134,73,1
92434,15,0
153,282,1
2441,33,1
112,111,1
262,883,1
86605,40,0
1690,24,1
104945,41,0
127,68,1
1290,1207,1
4367,394,1
59035,47,0
5927,38,0
5222,69,1
1674,114,1
28314,877,0
2618,783,1
58786,1336,0
547,1097,1
1276,139,0
1832,403,1
50966,463,0
644,1,1
1354,4,1
226,189,1
1665,40,1
4511,44,1
1776,486,1
1674,73,1
1552,21,1
210,163,1
57188,179,0
72520,344,0
5799,9,1
73846,82,0
1517,18,1
32857,220,0
3745,487,1
5173,149,0
71555,282,0
32896,473,0
3528,215,1
976,114,1
103164,288,0
4370,1207,1
85061,91,0
1416,80,1
575,114,1
1463,44,1
96680,177,0
82404,995,0
105562,482,0
98858,431,0
942,78,1
104627,58,0
8061,89,0
17174,171,0
2045,72,1
62150,44,0
6983,363,0
78447,542,0
1045,45,1
1714,480,1
1444,456,1
3014,270,1
4,327,1
80206,233,0
2431,21,1
4019,128,1
4682,795,0
2103,1413,1
3079,486,1
3250,37,1
163,82,1
179,394,1
74282,1124,0
1288,155,1
2956,455,1
97623,256,0
97778,682,0
1366,424,1
1684,744,1
1536,481,1
14880,502,0
115,520,1
2519,30,1
58231,4,0
14833,144,0
898,464,1
2971,502,1
228,15,1
103,1194,1
75256,953,0
910,246,1
95598,394,0
28029,555,0
81741,722,0
1465,464,1
36858,434,0
59628,45,0
52,57,1
1127,15,1
182,78,1
1657,145,1
93760,64,0
76388,269,0
76887,179,0
4816,109,1
91908,1222,0
65504,21,0
56539,44,0
1179,138,1
3600,614,1
416,917,0
53355,805,0
61,376,1
68146,48,0
1996,917,1
11189,1200,0
82150,283,0
83908,72,0
101156,776,0
3563,950,1
225,1073,1
83943,1194,0
57249,252,0
1038,6,1
21468,256,0
21302,249,0
5484,114,0
50385,460,0
1740,4,1
86770,45,0
16949,744,0
12039,33,0
50502,1210,0
3187,91,1
2905,21,1
3080,1012,1
253,1210,1
64572,4,0
83,525,1
437,89,1
15443,431,0
74045,306,0
74401,124,0
66403,949,0
108,1027,1
11963,61,0
1640,17,1
58677,282,0
86653,1315,0
586,78,1
98109,681,0
5382,1394,1
518,58,1
95951,607,0
102962,13,0
72676,1468,0
105532,82,0
90792,1275,0
67128,109,0
27443,583,0
65068,786,0
101,158,1
73930,175,0
4240,776,1
2765,229,1
562,919,1
28244,153,0
1367,305,1
69,28,1
2997,100,1
2793,282,1
4621,394,1
12243,1198,0
2384,29,1
1290,6,1
66693,39,0
36050,202,0
1362,429,1
227,61,1
4242,21,1
4411,394,1
68404,1,0
72441,177,0
149,1198,1
7203,394,0
52865,124,0
1716,319,1
96985,233,0
2885,97,1
17565,878,0
99587,44,0
4296,217,1
423,431,1
4817,1255,1
91562,184,0
1696,40,1
575,97,1
19604,40,0
1399,431,1
2088,3,1
80072,177,0
3057,12,1
2294,45,1
3528,6,1
102496,9,0
992,401,1
10040,281,0
4714,24,1
19987,948,0
63485,634,0
259,18,1
19297,87,0
578,464,1
317,9,1
2134,776,1
88851,859,0
42158,64,0
20224,129,0
3632,3,1
4552,433,1
5729,1456,1
34144,149,0
7168,1207,0
103770,114,0
95085,4,0
386,0,1
2547,1198,1
2485,285,1
24044,631,0
919,45,0
43236,76,0
75,352,1
68055,35,0
85461,229,0
90226,149,0
922,98,1
101260,783,0
34078,206,0
48364,84,0
20484,304,0
809,251,1
1717,177,1
92141,79,0
15317,252,0
46089,461,0
44019,504,0
41744,68,0
2564,1067,1
61788,91,0
4210,103,1
81772,744,0
32678,776,0
157,177,1
108,13,1
253,806,1
2126,233,1
5314,5,1
94,405,1
11192,172,0
2604,109,1
96234,321,0
47307,98,0
81359,337,0
54292,504,0
99024,9,0
50158,660,0
466,364,1
132,327,1
42925,13,0
25172,259,0
7072,84,0
69673,44,0
9705,1396,0
83,288,1
93820,500,0
55736,0,0
724,235,1
2263,480,1
62950,252,0
2823,35,1
391,196,1
163,1,1
87766,24,0
22745,118,0
2223,17,1
3806,1218,1
256,206,1
95183,344,0
518,255,1
1668,128,1
2732,205,1
75682,89,0
992,941,1
115,91,1
22401,460,0
2043,74,1
58090,21,0
1448,248,1
362,269,1
105843,1163,0
4983,1210,1
85453,39,0
47933,523,0
3540,47,0
95478,40,0
74057,38,0
98479,207,0
559,502,1
84951,305,0
45512,248,0
724,114,1
578,141,1
317,44,1
5583,39,1
2795,24,1
61986,21,0
1522,212,1
352,1198,1
3602,84,1
4206,917,1
2549,946,1
11257,21,0
101641,4,0
1101,217,1
79756,13,0
285,1197,1
22340,410,0
2440,97,1
98780,809,0
1321,466,1
321,394,1
1288,189,1
81620,429,0
5012,1197,1
38539,744,0
88217,1198,0
375,169,1
51214,61,0
31,35,1
3043,1075,1
1288,974,1
68951,109,0
99273,4,0
42130,49,0
62176,9,0
4355,292,1
81181,1277,0
15706,1396,0
5196,1207,1
4864,150,0
1524,430,1
256,74,1
1618,38,1
1671,541,1
539,311,1
47697,169,0
94785,82,0
102335,945,0
50706,138,0
1644,114,1
71195,89,0
90196,189,0
21128,255,0
34910,394,0
1063,207,1
105078,78,0
3284,92,1
83206,184,0
685,114,0
89525,109,0
30562,1197,0
99636,15,0
104371,58,0
87451,621,0
73705,170,0
70917,1386,0
1499,45,1
39508,31,0
378,205,1
1690,61,1
152,256,1
2520,1218,1
1632,1228,1
18180,171,0
36535,776,0
5864,9,1
5978,776,1
9096,848,0
13321,480,0
82766,40,0
14008,171,0
45446,109,0
1004,1334,1
23023,153,0
103024,877,0
4481,35,1
97163,41,0
99787,1032,0
27600,981,0
3051,0,1
100997,1200,0
69463,57,0
137,776,1
11994,256,0
5350,288,1
11187,386,0
38818,189,0
1348,114,1
77415,220,0
3620,1252,1
1062,1124,1
3695,173,1
2852,884,1
99377,282,0
456,67,1
84996,248,0
16183,394,0
22940,33,0
93562,12,0
57810,29,0
1401,40,1
422,18,1
320,118,1
1413,0,1
227,177,1
1679,114,1
84187,456,0
66059,1124,0
6074,1228,0
156,2,1
1432,39,1
4476,21,1
349,5,1
1651,186,1
12020,1098,0
76112,41,0
84296,1074,0
12702,45,0
4514,246,1
42882,171,0
250,270,0
8683,192,0
67845,1124,0
54207,501,0
91592,12,0
586,327,1
2485,961,1
59633,5,0
3618,3,1
156,341,1
1501,9,1
3686,24,1
62458,465,0
63895,455,0
1615,91,1
2418,80,1
102996,282,0
65860,53,0
40105,578,0
397,282,1
4891,1296,1
74695,89,0
85950,17,0
17133,177,0
107,776,1
2690,1373,1
65986,590,0
503,68,1
52049,45,0
65476,175,0
5706,0,1
2702,97,1
1690,35,1
1350,36,1
4380,643,1
35703,195,0
99911,1313,0
995,175,1
244,4,1
4806,1243,1
2119,259,1
13920,170,0
5145,729,1
314,381,1
14925,149,0
2471,92,1
84223,233,0
142,207,1
3151,110,0
6734,340,0
13087,518,0
1207,118,1
346,141,1
10769,305,0
17130,1193,0
114,61,1
81480,6,0
105660,1207,0
39850,13,0
360,142,1
34959,36,0
5726,717,0
70892,363,0
576,40,1
3213,44,1
3306,58,1
2890,203,1
5008,1197,1
72722,149,0
233,150,1
37411,581,0
45057,150,0
75,105,1
3284,944,1
2835,149,1
73670,857,0
53838,97,0
29562,13,0
8128,423,0
1035,47,1
1283,40,1
1283,189,1
28294,16,0
2114,76,1
2130,913,1
92398,776,0
2371,98,1
45812,270,0
104031,98,0
98133,259,0
1442,24,1
91,98,1
16322,1393,0
437,892,1
1205,54,1
256,456,1
86175,39,0
4338,685,1
672,1155,1
9321,58,0
336,1450,1
1448,40,1
19698,5,0
1305,39,0
4443,82,1
42395,244,0
66339,647,0
50106,363,0
6261,3,0
2293,57,1
578,73,1
2826,24,1
1107,6,1
84753,1396,0
81300,504,0
5094,1198,1
1919,45,1
1632,620,1
2057,586,1
2602,119,1
49230,806,0
188,58,1
2453,253,1
20002,956,0
35229,37,0
84079,24,0
101,82,1
69650,13,0
94181,15,0
87054,308,0
3706,776,1
100560,44,0
16221,38,0
26487,114,0
1009,150,1
75777,1207,0
1622,109,1
29610,551,0
1678,9,1
4383,107,1
28608,130,0
1833,170,1
39293,21,0
313,569,1
1365,179,1
40737,252,0
27989,179,0
13620,91,0
18,177,1
23282,477,0
3346,89,1
4890,1124,1
54733,24,0
686,119,1
91,151,1
90015,252,0
4829,664,0
18056,97,0
1758,1154,1
248,795,1
91590,35,0
1806,774,1
2908,506,1
225,502,1
43904,39,0
1448,41,1
883,57,1
518,98,1
2820,1411,1
101023,906,0
63594,12,0
4112,119,1
63194,177,0
27462,946,0
5165,1202,1
2017,157,1
11916,270,0
1226,158,1
509,1198,1
32598,13,0
77521,80,0
923,57,1
87897,44,0
190,885,1
2554,482,1
96474,344,0
30141,253,0
25610,770,0
86917,171,0
300,1050,1
30259,1149,0
67711,464,0
3081,4,1
3040,221,1
3299,189,1
98580,138,0
213,147,1
86791,39,0
82786,4,0
615,344,1
22031,247,0
48396,273,0
1603,1244,1
2542,111,1
48102,776,0
51228,848,0
1393,29,1
95307,429,0
45202,366,0
2718,431,1
1107,5,1
5982,744,1
1074,270,1
486,80,1
309,109,1
3568,4,1
74883,431,0
83715,784,0
30341,87,0
306,15,1
18963,1340,0
29477,97,0
46390,41,0
2853,756,1
76816,175,0
2141,693,1
3994,64,1
1111,848,1
1218,304,1
4932,150,0
58779,89,0
30044,688,0
103577,252,0
14791,285,0
22672,376,0
45711,741,0
49411,44,0
1074,269,1
2520,79,1
424,225,1
27066,41,0
2554,150,1
135,191,1
1020,196,1
4147,225,1
2215,263,1
111,9,1
1878,434,1
45013,482,0
2509,17,1
20342,157,0
437,980,1
12278,244,0
593,44,1
5642,1200,1
317,38,1
49825,65,0
5115,1197,1
1168,85,1
3550,39,1
42207,40,0
2607,17,1
977,39,1
77012,1,0
1226,253,1
95489,21,0
1618,41,1
2234,0,1
24436,3,0
12298,9,0
12786,1396,0
99982,69,0
83361,832,0
29099,38,0
38688,9,0
1249,776,1
2194,458,1
59259,9,0
85118,21,0
92,621,1
312,217,1
1690,283,1
92,171,1
53989,71,0
783,57,1
553,484,1
21257,5,0
27396,1199,0
3544,150,1
26218,256,0
1196,1,1
2151,1,1
18586,205,0
112,631,1
4801,478,0
88767,41,0
218,1198,1
14325,606,0
95823,109,0
2981,82,1
82996,24,0
172,138,1
1798,297,1
81558,1394,0
288,806,1
71236,179,0
1914,843,1
3550,9,1
34360,125,0
57874,424,0
522,961,1
93380,480,0
5006,1210,1
53228,73,0
104952,16,0
46355,125,0
679,233,1
9128,541,0
13735,194,0
362,109,1
3355,13,1
105167,12,0
91620,170,0
80932,39,0
104194,177,0
70509,1124,0
95171,56,0
45086,877,0
88132,45,0
58280,458,0
437,189,1
1309,49,1
88814,87,0
1527,177,1
98388,207,0
2668,39,1
5044,1197,1
25004,152,0
78100,171,0
88702,394,0
4821,1196,1
8288,269,0
5941,16,0
100698,214,0
53142,263,0
276,98,1
100172,943,0
110,110,1
88509,1198,0
1016,47,1
1192,905,1
98272,337,0
83410,65,0
961,53,1
45565,1210,0
2779,88,1
2630,118,1
3550,57,1
90532,424,0
4941,149,1
74130,13,0
578,456,1
726,80,1
262,502,1
3080,179,1
67324,145,0
360,596,1
81397,21,0
6088,433,1
10293,255,0
101566,45,0
6661,9,0
104514,44,0
85986,878,0
3976,16,1
552,192,1
2820,1263,1
25894,21,0
59576,246,0
5365,344,1
5691,776,1
51216,177,0
12,15,1
564,41,1
1226,531,1
841,150,1
16807,283,0
13019,189,0
89867,38,0
20667,0,0
1035,424,1
3223,456,1
871,1194,1
355,1012,1
437,29,0
4205,82,0
3561,92,1
233,114,1
54113,586,0
82830,213,0
20516,316,0
15904,1124,0
38414,877,0
86795,179,0
1182,249,1
9958,21,0
62807,58,0
94699,433,0
64371,4,0
80243,45,0
25518,61,0
86342,253,0
52053,776,0
197,245,1
3682,18,0
183,79,1
4348,424,1
1248,1012,1
122,1473,1
89377,1257,0
59615,21,0
44996,119,0
157,189,1
93837,40,0
68548,1197,0
288,394,1
1660,248,1
37497,882,0
5809,12,1
1354,41,1
77606,76,0
2911,1316,1
26069,6,0
27,1,1
31050,255,0
39817,125,0
938,456,1
106005,247,0
56484,889,0
88285,776,0
415,1023,1
60816,671,0
960,783,1
100641,269,0
2908,36,1
2050,3,1
2820,569,1
60018,1193,0
1399,936,1
317,13,1
45354,17,0
4758,431,1
2956,480,1
84196,155,0
3064,283,1
46788,145,0
2126,1394,1
3794,878,1
2439,39,1
3523,141,0
924,776,1
3653,1381,1
629,1323,1
37467,69,0
19111,1196,0
437,281,1
49703,154,0
557,1289,1
20823,259,0
78711,4,0
2752,9,1
2793,510,1
1030,269,1
65914,41,0
248,5,1
50,109,1
97196,31,0
40417,654,0
2832,177,1
103584,468,0
684,256,1
30899,91,0
3250,36,1
37474,460,0
35,24,1
568,329,1
3825,1226,0
100633,39,0
30372,351,0
29814,1394,0
5817,363,1
2806,897,1
2170,175,1
82297,40,0
365,39,1
3053,1198,0
1493,40,1
16828,189,0
86840,17,0
28633,316,0
32962,621,0
66542,78,0
2634,808,1
26,643,1
1674,980,1
3018,44,0
4033,1122,0
346,36,1
1632,177,1
6106,47,1
58627,97,0
51594,151,0
6047,460,1
1616,245,1
101715,47,0
784,69,1
96030,1202,0
924,33,1
2059,78,1
20731,150,0
3140,89,1
270,783,1
63692,41,0
218,1207,1
1865,1199,1
97,921,1
23839,488,0
13283,394,0
934,0,1
302,503,1
4199,73,1
5195,1197,1
4447,321,1
36248,249,0
85657,504,0
72490,12,0
39746,58,0
4021,232,1
67192,177,0
1282,97,1
575,950,1
4724,6,1
24387,648,0
47570,304,0
61647,1200,0
9421,870,0
545,175,1
578,245,1
44746,141,0
19382,1483,0
2419,89,1
262,155,1
56,776,1
23500,362,0
2787,114,1
306,795,1
22684,1012,0
2639,194,1
101886,945,0
45421,109,0
39,114,1
34659,110,0
542,801,1
75,179,1
59354,92,0
391,319,1
31,171,1
6009,1198,1
47852,882,0
90056,877,0
4079,1198,1
751,150,1
64309,304,0
16859,3,0
84802,170,0
101,98,1
1139,33,1
3244,53,1
12781,955,0
2872,16,0
488,1396,1
134,884,1
2902,829,1
57563,206,0
183,480,1
73,568,1
27485,114,0
35253,292,0
38837,91,0
36403,175,0
54271,17,0
58257,177,0
1771,58,1
67946,316,0
427,3,1
27385,995,0
894,158,1
1791,21,1
22917,177,0
54186,344,0
105820,160,0
94808,24,0
987,1200,1
49102,129,0
4177,246,1
48795,124,0
66296,39,0
99258,394,0
87752,878,0
88966,58,0
87847,583,0
52223,429,0
45698,882,0
898,39,1
2820,126,1
197,233,1
2429,463,1
38262,878,0
901,1252,1
151,44,1
22890,61,0
84155,12,0
6069,24,1
2556,80,1
92585,186,0
10400,1162,0
78887,73,0
33020,72,0
61386,78,0
1350,292,1
40,1333,1
61675,1269,0
61799,158,0
51181,232,0
2215,776,1
101,103,1
1183,304,1
1280,364,1
24150,98,0
46,6,1
302,154,1
315,47,1
75648,153,0
2434,91,1
23457,138,0
62,78,1
211,270,1
5832,44,1
83860,41,0
1354,1012,1
63205,180,0
8367,44,0
603,220,1
4676,1394,1
106452,1222,0
583,949,1
44777,2,0
23706,173,0
3528,392,1
69324,206,0
3570,47,1
15788,61,0
32707,1207,0
67903,39,0
44131,283,0
449,65,1
888,456,1
51971,189,0
57695,58,0
43548,942,0
5707,255,1
65724,24,0
2189,149,1
14175,1196,0
346,1289,1
57227,835,0
898,776,1
20921,47,0
4444,1,1
54229,445,0
52955,445,0
35900,1196,0
4143,31,1
2530,821,1
2303,173,1
1758,145,1
58511,44,0
79691,817,0
38438,114,0
183,21,1
2364,885,1
43215,47,0
41711,217,0
42340,239,0
22838,460,0
4144,394,1
16576,391,0
178,759,1
38168,593,0
1975,217,1
75911,464,0
1075,40,0
3515,424,1
724,263,1
313,263,1
59216,129,0
21296,3,0
327,13,1
239,80,1
28682,859,0
87453,1194,0
87097,954,0
3540,776,1
5973,170,1
69689,884,0
3097,221,1
53104,491,0
87066,954,0
4239,776,1
82745,89,0
69610,40,0
94231,458,0
105395,71,0
36871,149,0
85011,175,0
2826,41,1
84630,53,0
222,1194,1
3605,434,1
5620,1482,1
88470,623,0
61553,744,0
37146,1228,0
559,67,1
7067,233,0
2071,29,1
3284,776,1
93632,45,0
90791,339,0
2416,203,1
92,501,1
12204,89,0
2616,169,1
40025,525,0
70682,253,0
92639,69,0
7819,154,0
77674,17,0
98687,383,0
5516,0,1
4764,0,1
25254,205,0
60581,456,0
60899,1224,0
222,118,1
1448,18,0
83,1083,1
1362,229,1
63517,21,0
6277,40,0
2668,0,1
2090,57,1
270,53,1
2644,304,1
5909,64,1
2110,500,1
98839,57,0
389,312,1
104811,72,0
7509,47,0
83,151,1
4577,220,1
28559,245,0
43798,124,0
1485,214,1
92423,153,0
1818,197,1
724,177,1
47,125,1
5976,109,1
1996,1196,1
3984,177,1
3580,97,1
3655,16,1
4205,1198,1
437,41,1
554,319,1
2786,9,1
76070,784,0
4286,1200,1
3026,177,1
707,41,0
2,994,1
25442,0,0
54302,171,0
96922,464,0
9877,9,0
92899,153,0
94479,169,0
1142,30,1
70435,917,0
42601,9,0
559,671,1
22975,1075,0
15618,67,0
557,243,1
12706,221,0
2045,306,1
101829,946,0
157,154,1
2584,1207,1
417,1033,1
227,57,1
2639,389,1
67211,41,0
17044,44,0
902,252,1
569,177,1
5766,41,1
159,76,1
1783,867,1
47,324,1
724,501,1
17449,56,0
6056,40,1
92,68,1
74832,288,0
2823,160,1
1851,41,1
31179,21,0
160,258,1
1403,89,1
50343,82,0
326,859,0
4836,1456,1
27799,230,0
686,1222,1
77296,504,0
336,21,1
731,913,1
191,1124,1
1572,141,1
3820,79,0
1233,194,1
262,154,1
70331,80,0
576,3,1
86843,16,0
84967,247,0
63114,40,0
77048,478,0
34578,859,0
3245,1196,0
615,258,1
175,1226,1
188,859,1
100377,201,0
79156,363,0
29,29,1
39913,1269,0
4555,776,1
50066,1,0
1288,252,1
3707,258,1
81435,946,0
8979,270,0
43295,946,0
1824,5,1
2439,58,1
66479,431,0
73200,283,0
258,426,1
75544,33,0
993,312,0
917,194,1
66650,620,0
1031,171,1
822,8,1
276,41,1
60726,76,0
4401,1210,1
1445,89,1
67349,39,0
104252,47,0
19723,89,0
81477,264,0
913,259,1
13534,80,0
4486,39,1
23823,41,0
358,282,1
546,24,0
17112,602,0
97127,88,0
4830,1207,1
3529,74,1
388,892,1
2421,14,1
966,288,1
33055,58,0
317,45,1
3229,220,1
86767,324,0
5352,729,1
60479,160,0
101302,78,0
84871,44,0
89437,98,0
2437,53,1
267,317,1
20325,140,0
104,6,1
71981,982,0
103520,517,0
3116,1207,1
60418,1200,0
82074,795,0
63043,109,0
312,41,1
1136,1200,1
3022,124,1
74849,67,0
36173,79,0
665,109,1
1366,45,1
56,798,1
90355,141,0
1062,47,1
3616,39,1
90540,968,0
4291,1394,1
2156,47,1
20,747,1
312,776,1
1398,35,1
1387,581,1
50106,671,0
4376,47,0
3334,114,1
63949,272,0
1950,45,1
157,1237,1
153,297,1
2572,859,1
10345,1261,0
559,728,1
1133,53,1
2471,67,1
500,72,1
349,149,1
423,710,1
5215,114,1
569,543,1
81426,248,0
175,246,0
3178,73,0
1160,0,1
987,351,1
952,82,1
21831,125,0
52386,244,0
2712,82,1
538,305,1
45009,97,0
2826,776,1
924,206,1
47935,340,0
14131,1207,0
102155,1147,0
2561,13,1
3342,170,1
94901,1197,0
82482,456,0
55383,24,0
5558,264,1
1927,1207,1
63776,76,0
4715,114,0
6405,1,0
66816,1422,0
1448,621,1
4322,39,1
102157,951,0
46672,1012,0
176,350,1
1401,263,1
96470,955,0
55268,520,0
85,89,1
1309,97,1
1636,205,1
93058,1073,0
260,327,1
96131,16,0
1230,431,1
4286,661,1
2652,1027,1
56,882,1
46912,58,0
33631,931,0
4247,1199,1
37156,44,0
910,1318,1
16606,305,0
3662,9,1
856,1197,1
52680,230,0
62086,152,0
1253,36,1
1671,1482,1
1591,616,1
5307,9,1
62540,68,0
40949,1382,0
11150,229,0
74612,6,0
2713,44,1
2108,9,1
2367,6,1
10231,109,0
2452,206,1
101,948,1
547,1200,1
101298,24,0
35849,118,0
80937,744,0
618,340,0
26,109,1
2036,202,1
909,17,1
1208,431,1
4289,3,1
80665,205,0
4826,1196,1
45360,24,0
15979,58,0
69638,394,0
909,130,1
46320,35,0
4288,474,1
1092,460,1
1114,961,1
23073,40,0
60936,17,0
68150,214,0
993,215,1
3333,252,1
85291,319,0
320,97,1
2676,141,1
78227,111,0
54307,155,0
35813,64,0
84531,76,0
86920,623,0
3333,773,1
16366,41,0
42124,344,0
42230,191,0
102483,183,0
1488,1122,1
84808,282,0
79052,631,0
90257,824,0
302,21,1
811,429,1
40230,263,0
870,40,1
79695,1466,0
67860,36,0
52752,47,0
55934,829,0
100687,206,0
59325,502,0
33686,15,0
151,45,1
236,1047,1
37333,728,0
2907,1194,1
83009,91,0
1401,255,1
533,305,1
119,2,1
724,248,1
589,0,1
2785,882,0
94996,280,0
5740,229,1
99185,621,0
576,455,1
16595,878,0
58368,9,0
34606,270,0
10,24,1
1205,217,1
18192,15,0
1205,744,1
41718,776,0
37694,39,0
35,13,1
2820,974,1
34232,424,0
503,73,1
238,429,1
575,282,1
56656,78,0
29710,283,0
34230,0,0
16381,256,0
2320,12,1
90913,45,0
1460,45,1
2754,40,1
2993,53,1
26338,1210,0
3348,82,1
97521,394,0
24700,68,0
12794,1172,0
67991,64,0
93949,158,0
2146,36,1
95542,269,0
1270,9,1
213,880,1
47214,431,0
13121,21,0
225,36,1
1921,39,1
231,170,1
1849,35,0
18032,458,0
2542,1226,1
2885,172,1
8462,82,0
73,429,1
11572,1210,0
227,9,1
2554,24,1
11417,464,0
10176,1202,0
557,770,1
59094,149,0
389,138,1
95512,0,0
3192,1207,1
68266,158,0
38720,206,0
2395,283,1
1650,352,1
91423,68,0
114,621,1
42432,170,0
77772,344,0
2829,82,1
6059,1500,1
527,431,1
69192,401,0
100415,247,0
82026,1198,0
38642,157,0
7728,776,0
75115,1499,0
58406,12,0
26,171,1
44454,57,0
49652,41,0
46702,1202,0
1130,118,1
93199,344,0
1164,21,1
2412,38,1
5915,394,1
722,179,1
1632,13,1
55657,79,0
2989,6,1
2820,111,1
1354,551,1
55185,58,0
100599,24,0
21000,61,0
38,21,1
90309,15,0
289,478,1
950,0,1
83123,39,0
7655,71,0
576,397,1
85385,944,0
59608,173,0
2268,468,1
1499,114,1
1399,621,1
8820,206,0
5081,1194,1
49568,1017,0
82350,150,0
2729,1433,1
27891,177,0
1188,12,1
1298,179,1
84655,39,0
42471,76,0
2098,0,1
429,1453,1
674,109,1
57548,491,0
1131,1340,1
42343,139,0
884,40,1
1205,429,1
1466,460,1
5636,1023,1
5741,264,1
1401,61,1
40566,1241,0
14685,145,0
5419,1124,1
1399,171,1
2126,150,1
1354,91,1
627,707,1
17255,98,0
1632,37,1
351,97,1
1188,97,1
2513,783,1
25,424,1
58967,97,0
2440,58,1
578,882,1
41165,47,0
910,41,1
11261,1176,0
52620,76,0
93299,306,0
48089,45,0
5907,41,0
84611,125,0
47229,177,0
75186,245,0
92,619,1
111,481,1
5564,344,1
1559,488,1
3997,37,0
219,203,1
97301,9,0
70541,195,0
2850,1193,1
43651,109,0
35960,109,0
71999,91,0
84316,67,0
103002,149,0
1583,581,1
2412,253,1
13354,53,0
27305,71,0
20461,189,0
9330,13,0
49435,246,0
3604,13,1
559,71,1
5552,72,0
3321,9,1
917,69,1
212,1200,1
83780,1433,0
43423,309,0
208,431,1
8738,217,0
1632,57,1
741,109,1
352,220,1
2235,12,1
30943,21,0
55190,4,0
71490,39,0
17753,1198,0
119,151,1
86378,175,0
84555,4,0
17101,21,0
100339,1200,0
2371,13,1
18582,15,0
18483,8,0
286,270,1
1366,44,1
78131,24,0
61,21,1
10,621,1
240,430,1
4980,109,1
76564,430,0
56,1222,1
20893,248,0
10598,992,0
934,1394,1
38973,9,0
3281,24,1
2721,58,1
108,38,1
51249,654,0
1677,36,1
75746,994,0
33950,33,0
103,500,1
4182,844,1
5221,1198,1
362,140,1
55407,215,0
23812,776,0
30695,654,0
1631,153,1
2281,44,0
1501,98,1
2908,41,1
69793,1197,0
1681,57,1
20456,376,0
2885,943,1
56485,82,0
16932,21,0
61800,972,0
4691,170,1
1455,281,1
96309,221,0
145,270,1
4545,776,1
31666,97,0
30,37,1
15785,309,0
4158,186,0
15886,125,0
100033,27,0
74535,1199,0
15149,57,0
2523,21,0
9130,21,0
901,37,1
2682,186,1
100,252,1
5630,1236,1
2549,1394,1
1493,9,1
892,58,1
2373,58,1
85965,190,0
1791,944,1
134,61,1
50116,12,0
92419,255,0
679,41,1
103371,40,0
12029,129,0
11330,654,0
74813,386,0
35668,58,0
2517,140,1
2953,138,1
746,202,1
21604,133,0
16180,333,0
54220,5,0
3954,44,0
62793,654,0
86,844,1
291,109,1
219,58,1
1911,1305,1
1872,58,1
77562,1210,0
16523,12,0
3080,288,1
18360,244,0
383,47,1
69241,9,0
1350,263,1
91176,12,0
3240,5,1
26573,21,0
545,363,1
97957,39,0
1033,47,1
5456,693,1
917,37,1
83,12,1
64023,905,0
24894,460,0
70460,38,0
1190,40,1
46712,1197,0
45264,57,0
50053,389,0
59697,1224,0
829,316,1
52807,255,0
54403,1,0
25973,885,0
88822,246,0
5316,21,1
312,352,1
49393,1102,0
61596,786,0
784,98,1
48213,97,0
91623,468,0
67374,776,0
3187,13,1
25633,953,0
70978,877,0
43375,39,0
93629,1394,0
188,97,1
188,682,1
1799,57,1
18891,877,0
1401,339,1
2977,460,1
1403,776,1
46857,171,0
1763,456,1
103322,274,0
4614,956,0
1177,1197,1
1314,41,1
145,137,1
72926,72,0
37241,12,0
1689,621,1
44083,124,0
1024,40,1
30130,129,0
1442,9,1
3036,61,1
75,246,1
59236,248,0
724,247,1
3043,1199,1
4836,394,1
552,304,1
60087,125,0
243,138,1
50079,72,0
104821,621,0
2240,180,1
30652,1194,0
43317,12,0
2885,1073,1
78526,909,0
33171,776,0
3328,425,1
74066,636,0
1538,138,1
313,1411,1
98845,737,0
2074,203,1
894,207,1
67178,480,0
552,801,1
397,246,1
42879,251,0
89,36,1
3116,31,1
8480,207,0
41633,64,0
586,194,1
63997,9,0
34104,423,0
2043,1194,1
101,503,1
1032,129,1
586,348,1
62089,4,0
2699,24,1
1420,3,1
1631,155,1
50115,283,0
2453,174,1
87221,221,0
2229,1,1
92788,58,0
1914,455,1
317,89,1
3677,39,1
97088,283,0
1336,1132,1
47274,1207,0
1350,57,1
45438,73,0
2944,80,1
32880,256,0
19157,207,0
1398,33,1
2476,389,1
42593,129,0
47771,71,0
79355,73,0
1288,154,1
42831,364,0
518,793,1
20793,41,0
79001,4,0
56596,80,0
2732,114,1
100880,189,0
3996,859,0
443,1210,1
1040,36,1
1476,1466,1
40,1197,1
1065,253,1
97707,18,0
3611,1198,1
577,21,1
56,24,1
95266,12,0
34633,546,0
300,824,1
557,1284,1
5726,1207,1
1799,91,1
557,340,1
138,205,1
105584,79,0
3149,9,1
92,201,1
81178,776,0
52371,1198,0
23094,37,0
2439,15,1
1444,882,1
576,39,1
1367,1012,1
96202,76,0
1530,71,1
21057,700,0
2440,9,1
285,9,1
423,97,1
1288,39,1
586,617,1
67915,205,0
103069,344,0
99566,73,0
313,990,1
77498,33,0
1890,29,1
78734,79,0
288,344,1
50712,114,0
4436,124,1
3023,39,1
3028,61,1
1724,156,1
2232,460,1
439,150,1
83,282,1
53809,464,0
44078,255,0
2441,58,1
300,78,1
46137,58,0
63861,80,0
46751,9,0
5433,431,0
2017,154,1
3122,431,1
320,9,1
68634,776,0
2956,410,1
253,394,1
987,321,1
27944,149,0
35,41,1
557,1412,1
2319,13,0
283,464,1
1752,180,1
1674,297,1
72468,451,0
1571,209,1
24697,245,0
35069,45,0
3526,9,1
2295,318,1
74957,57,0
131,87,1
1378,109,1
3333,956,1
780,45,1
5944,158,1
103042,885,0
93393,1396,0
76288,267,0
39304,246,0
2453,189,1
19074,1198,0
1197,344,1
473,1193,1
22992,9,0
2168,844,1
26140,97,0
81187,776,0
1665,39,1
47499,213,0
157,352,1
21263,589,0
387,41,1
5696,220,0
46806,1198,0
58419,269,0
94264,661,0
2643,154,1
4667,181,0
890,520,1
100976,150,0
995,344,1
3260,1237,1
52039,6,0
2908,40,1
25973,41,0
1697,19,1
52470,1,0
71444,150,0
197,4,1
262,401,1
2889,40,0
203,461,1
1205,282,1
557,654,1
36565,65,0
30008,1197,0
2199,190,0
1493,1073,1
50874,1253,0
63166,1457,0
4537,12,1
24258,33,0
19318,1210,0
3064,54,1
14723,488,0
49,173,1
437,491,1
10498,429,0
910,9,1
25058,109,0
1821,39,1
3580,21,1
2524,124,1
456,608,1
93954,1094,0
1350,13,1
1365,282,1
54342,1333,0
10035,109,0
1701,770,1
2838,47,1
58475,48,0
4852,1031,1
586,124,1
336,40,1
1847,199,0
38,339,1
194,1207,1
2340,45,1
65761,593,0
2845,74,0
1487,141,1
53568,8,0
1975,41,1
80162,4,0
427,1224,1
1691,1075,1
41314,253,0
41507,29,0
18453,1296,0
51735,207,0
2428,212,1
78715,35,0
1914,561,1
59974,156,0
948,1210,1
83679,145,0
85535,5,0
63274,61,0
29460,1074,0
2994,182,0
5047,1197,1
61960,468,0
71981,41,0
1336,905,1
59210,344,0
76,38,1
5473,24,1
2439,340,1
300,736,1
1934,1,1
16635,312,0
88419,1207,0
61884,181,0
315,58,1
59627,776,0
11094,47,0
1049,15,1
27476,44,0
1490,80,1
3876,800,0
197,12,1
26968,323,0
67006,220,0
2471,504,1
4065,79,1
208,256,1
45331,13,0
2340,44,1
320,824,1
949,281,1
6099,4,1
87736,41,0
1097,318,1
100573,36,0
77831,194,0
89679,776,0
222,177,1
679,283,1
1789,351,1
229,882,1
2431,220,1
49860,1488,0
1798,33,1
81723,220,0
4163,776,0
953,256,1
5485,375,1
1117,192,1
104652,74,0
25297,78,0
225,151,1
67706,125,0
1599,1198,1
2430,38,1
55051,114,0
3538,47,1
45268,460,0
3247,39,1
320,64,1
24266,149,0
262,72,1
764,87,0
63481,685,0
86002,1224,0
64056,205,0
58692,29,0
39505,882,0
99069,21,0
52993,255,0
52,246,1
1812,885,1
3582,1253,0
2793,246,1
10603,270,0
73752,179,0
1768,61,1
82117,1396,0
3480,504,1
53382,1296,0
724,89,1
105238,473,0
53555,1023,0
811,1012,1
21768,213,0
182,0,1
37617,27,0
2364,245,1
917,440,1
59831,1363,0
569,49,1
49082,180,0
39003,88,0
35814,252,0
31091,78,0
65621,1280,0
46828,207,0
26,584,1
5364,68,1
62696,44,0
4295,776,1
20032,207,0
60982,35,0
40359,1198,0
21593,153,0
64943,269,0
4221,623,1
2463,420,1
1690,230,1
163,9,1
167,618,1
1030,1193,1
1476,1251,1
105536,253,0
228,835,1
327,248,1
71128,558,0
6211,1196,1
21598,221,0
92,58,1
913,158,0
210,12,1
2008,9,1
1197,71,1
2669,456,1
1982,44,1
2254,634,1
91872,464,0
9757,69,0
59711,523,0
7282,481,0
41835,523,0
567,1197,1
6174,379,0
56,1197,1
1365,339,1
100263,252,0
47114,152,0
44957,248,0
23614,270,0
1101,175,1
83,98,1
2602,87,1
8309,171,0
191,66,1
4017,776,1
4063,878,1
969,206,1
1368,98,1
64269,145,0
21749,770,0
57517,942,0
3161,0,1
137,206,1
940,6,1
21295,220,0
791,270,1
4615,431,0
463,282,1
938,171,1
1503,21,1
910,67,1
2593,109,1
1598,376,1
104618,884,0
912,153,1
5984,114,0
1910,206,1
285,29,1
139,193,1
1288,1228,1
3351,460,1
266,24,1
19137,217,0
262,21,1
100224,80,0
3527,673,1
2357,150,1
1691,177,1
187,18,1
20243,206,0
1302,332,1
1749,125,1
1171,138,1
33652,9,0
28202,212,0
1648,431,1
313,89,1
3162,352,1
500,97,1
106,1,1
91048,16,0
200,230,1
875,460,1
22314,137,0
3875,859,0
1666,39,1
11393,662,0
157,1222,1
105362,1394,0
2018,263,1
49512,774,0
63307,375,0
1350,252,1
103140,15,0
5327,1197,1
59085,44,0
1910,207,1
5489,170,1
1491,76,1
983,207,0
22463,69,0
629,456,1
140,247,1
557,1138,1
62,28,1
365,37,1
87935,35,0
315,581,1
2848,48,1
74798,351,0
2875,1207,1
45327,949,0
72304,40,0
76408,1194,0
77835,58,0
19409,57,0
11136,954,0
56251,58,0
2823,953,1
1644,35,1
33217,255,0
17821,53,0
228,1202,1
10898,111,0
21,40,1
29656,318,0
2416,109,1
362,765,1
1867,1210,1
65298,1249,0
159,269,1
1498,253,1
38928,8,0
56914,458,0
87224,28,0
256,61,1
286,783,1
557,892,1
724,129,1
105869,841,0
19633,880,0
75,217,1
90412,67,0
13548,831,0
75348,905,0
503,217,1
31799,38,0
1491,58,1
85663,256,0
92,946,1
127,464,1
17226,1197,0
40375,142,0
76985,791,0
11649,401,0
75667,431,0
52762,1207,0
55618,1198,0
62072,600,0
125,247,1
1455,33,1
5907,394,1
2005,245,1
61063,58,0
4520,1313,1
36966,954,0
213,249,1
87588,78,0
16391,58,0
92360,114,0
57296,304,0
1000,783,1
16911,8,0
54017,57,0
18793,283,0
45,21,1
1075,243,1
937,37,1
1302,282,0
46667,220,0
23216,961,0
1739,199,1
3400,97,1
67918,21,0
100706,654,0
76076,177,0
1618,776,1
413,1236,1
60560,21,0
16921,38,0
1623,256,1
58951,780,0
27896,486,0
1077,129,1
67636,13,0
577,352,1
48934,206,0
2453,1194,1
618,242,1
139,292,1
1026,424,1
42046,680,0
101538,47,0
3236,39,1
33580,564,0
1366,202,1
2721,44,1
108,114,1
724,538,1
89194,9,0
916,503,1
71639,41,0
39108,460,0
2464,330,1
548,9,1
77054,225,0
56374,177,0
209,258,1
54,47,1
40283,643,0
95218,203,0
208,41,1
57724,308,0
46640,1207,0
50445,91,0
4112,16,0
320,124,1
76697,21,0
2045,73,1
92722,114,0
64728,24,0
1398,255,1
948,474,1
4238,305,1
10814,58,0
149,21,1
51070,264,0
1365,593,1
63428,391,0
226,15,1
36400,288,0
3479,0,0
93863,1253,0
4135,1233,1
122,140,1
578,205,1
17870,97,0
2726,9,1
51878,788,0
2471,68,1
1455,47,1
49601,47,0
25672,1394,0
92,949,1
1347,1307,1
94411,40,0
11268,125,0
29105,1124,0
100740,1122,0
74622,1227,0
200,394,1
74775,69,0
34528,1149,0
3153,39,1
11322,909,0
33864,580,0
4345,36,1
38253,269,0
2971,68,1
4202,203,1
27352,24,0
82075,9,0
61578,47,0
83314,639,0
18011,158,0
102799,464,0
1456,15,1
3507,36,1
2755,255,1
14819,245,0
41052,823,0
32,111,1
1517,0,1
80683,468,0
1348,207,1
58382,418,0
10030,255,0
1125,518,1
44855,951,0
22480,1399,0
41160,263,0
82992,798,0
2247,394,1
27780,38,0
65077,24,0
615,177,1
47251,217,0
5232,4,1
111,177,1
2671,456,1
5473,78,0
62365,431,0
97049,255,0
115,282,1
18269,318,0
188,206,1
52364,776,0
14004,1196,0
2191,305,0
70072,21,0
32556,103,0
939,124,1
86474,78,0
33006,248,0
88840,220,0
4117,232,1
69091,1198,0
99006,13,0
56135,105,0
5982,189,1
9606,5,0
89549,1357,0
317,283,1
154,71,1
5597,1216,1
103328,283,0
8011,13,0
49766,57,0
987,661,1
9231,259,0
66765,21,0
2282,37,1
429,215,1
4138,394,1
82584,4,0
618,400,1
3548,859,1
3303,180,1
2537,1394,1
81310,6,0
2098,794,1
1426,24,1
37059,961,0
79677,137,0
1919,44,1
67,1229,1
39576,36,0
1981,9,1
218,18,1
74836,431,0
5073,160,1
29885,35,0
42094,29,0
40118,431,0
1537,84,1
3406,41,1
575,105,1
1812,72,1
371,87,1
1910,13,1
59203,45,0
2796,78,1
65714,138,0
15007,47,0
80790,394,0
5896,394,1
125,91,1
61888,253,0
50862,53,0
29,30,1
200,66,1
90182,175,0
85770,109,0
1491,73,1
1724,97,1
10028,41,0
1647,827,1
2359,644,1
87549,620,0
80860,71,0
285,202,1
6272,220,0
93572,128,0
60201,541,0
60717,203,0
295,795,1
248,473,1
106215,431,0
3529,68,1
76,910,1
73021,109,0
172,304,1
72516,97,0
83722,33,0
67713,364,0
15491,769,0
4130,80,1
12056,45,0
54163,82,0
1090,445,1
46571,114,0
31950,220,0
9939,792,0
75630,98,0
3659,1,1
1226,9,1
6231,431,1
26974,78,0
11457,693,0
5232,31,1
102056,33,0
13484,838,0
1693,112,1
477,28,1
31001,151,0
95724,877,0
3162,776,1
638,363,1
163,942,1
5632,9,1
2468,381,1
45321,21,0
64546,160,0
4397,431,1
1527,57,1
99691,1,0
33051,89,0
90557,173,0
1031,177,1
31106,141,0
72283,203,0
3561,21,1
79234,273,0
38392,1155,0
72513,82,0
176,109,1
578,186,1
3461,1,1
13170,775,0
417,140,1
124,97,1
950,252,1
18441,877,0
2559,217,1
2554,114,1
884,12,1
128,157,1
43674,264,0
3480,177,1
3675,230,1
3167,3,1
84346,905,0
53,233,1
59473,29,0
3082,5,1
2822,171,1
2126,21,1
89262,179,0
210,13,1
157,39,1
1632,791,1
1597,460,1
57622,80,0
75731,138,0
898,282,1
4405,233,0
63874,58,0
3482,40,1
62389,297,0
3227,248,1
93018,149,0
1465,41,1
548,36,1
5978,114,1
1365,456,1
442,53,1
98665,776,0
64935,91,0
3689,180,1
58170,21,0
81335,643,0
99680,82,0
12831,1207,0
1306,29,1
89176,281,0
77498,24,0
2997,480,1
3227,246,1
910,173,1
437,67,1
928,283,1
2966,272,0
55408,468,0
313,1309,1
532,305,1
96167,37,0
3065,68,0
106176,431,0
3099,791,1
989,163,1
2549,67,1
2010,451,1
34712,283,0
21100,955,0
2180,17,1
3689,98,1
285,880,1
64864,40,0
49571,431,0
72065,395,0
101542,283,0
44897,1194,0
187,17,1
22043,152,0
1615,733,1
5955,39,0
69836,256,0
57702,4,0
3801,2,1
351,269,1
71289,4,0
643,376,1
75851,464,0
46305,616,0
811,13,1
1448,4,1
99488,258,0
56710,18,0
17441,13,0
89117,21,0
95791,39,0
5634,125,1
466,87,1
60389,13,0
69404,520,0
1632,158,1
5282,1200,1
23366,1207,0
102967,74,0
6922,456,0
4189,233,1
1123,1124,1
285,418,1
212,29,1
101919,201,0
14626,460,0
56767,186,0
14771,220,0
5309,57,1
101202,0,0
39713,948,0
148,140,1
25659,190,0
62478,194,0
2554,1296,1
2327,0,1
22208,844,0
4702,73,0
2189,175,1
2708,4,1
100191,288,0
4454,177,1
84857,212,0
100689,352,0
4717,776,1
389,269,1
1606,1194,1
2165,39,1
1381,206,1
365,56,1
315,15,1
80971,21,0
226,41,1
13854,1207,0
7799,56,0
893,125,1
72062,206,0
35710,1279,0
1651,38,1
2668,41,1
2549,953,1
61,177,1
80789,53,0
1501,71,1
72592,318,0
91831,82,0
1473,160,1
917,21,1
80976,16,0
13250,424,0
36904,73,0
16725,17,0
4292,233,1
207,949,1
2412,57,1
2323,150,1
557,456,1
29070,65,0
1508,394,1
2929,258,1
5695,9,1
3097,173,1
56,92,1
2885,44,1
1661,207,1
1455,38,1
1401,206,1
28639,1,0
77965,45,0
645,379,1
8923,186,0
4804,344,1
1882,465,1
28827,1193,0
88460,882,0
49,151,1
5994,16,1
233,184,1
54687,407,0
62958,555,0
67709,155,0
97039,21,0
819,194,1
71791,17,0
49,171,1
23599,1198,0
11,1210,1
6977,621,0
32962,351,0
12305,24,0
286,1102,1
55429,1198,0
85993,149,0
21585,36,0
105981,41,0
51417,109,0
2469,109,1
1615,1280,1
3563,160,1
4134,3,1
99483,217,0
23345,4,0
559,930,1
95035,305,0
70516,949,0
890,200,1
1591,31,1
2554,21,1
938,21,1
336,105,1
12715,246,0
4211,776,1
16276,177,0
1205,237,1
3074,454,1
53673,984,0
240,109,1
333,109,1
2412,141,1
39498,57,0
81535,12,0
47476,98,0
91638,606,0
3265,5,1
97424,247,0
97632,1207,0
377,761,1
1527,21,1
29061,217,0
70566,57,0
36105,9,0
73334,189,0
59280,114,0
71643,21,0
983,1199,1
2189,1090,1
4514,89,1
437,9,1
4496,39,1
93196,21,0
724,217,1
4095,878,1
4827,344,1
3151,13,1
2536,9,0
104156,245,0
2633,171,1
52945,776,0
106375,593,0
92394,3,0
77327,39,0
4543,45,1
75,401,1
5054,1207,1
909,376,1
481,21,1
3914,244,1
94681,520,0
66962,608,0
1190,39,1
63065,955,0
4883,109,1
48792,9,0
54543,35,0
46497,1197,0
16209,256,0
841,1269,1
21,431,1
1399,38,1
34994,40,0
2153,246,1
167,80,1
306,79,1
1636,98,1
93502,3,0
66963,776,0
85276,339,0
75087,569,0
893,124,1
3137,259,1
91496,1023,0
58637,44,0
31385,21,0
21,50,1
69739,2,0
4339,431,1
7527,401,0
2823,944,1
8268,182,0
3571,614,1
131,1075,1
4247,41,1
16263,288,0
3360,19,1
4349,24,1
4000,232,1
69470,9,0
40486,992,0
1401,36,1
2812,65,1
256,205,1
56307,87,0
2488,304,1
1848,741,0
3432,58,1
2374,58,1
78869,92,0
61154,784,0
104516,41,0
7243,68,0
1622,460,1
1268,58,1
114,40,1
50585,150,0
52411,253,0
2908,401,1
99601,18,0
121,394,1
1671,246,1
5775,1197,1
4427,394,1
81485,67,0
69764,1012,0
2190,776,1
101970,0,0
1614,1339,1
4628,47,1
46816,73,0
100213,791,0
488,479,1
78624,202,0
77982,13,0
79600,65,0
78551,1241,0
2800,225,1
2126,203,1
91361,129,0
134,9,1
102,927,1
6667,87,0
76481,207,0
59485,177,0
1791,58,1
5660,973,0
70528,729,0
15271,621,0
50817,852,0
11787,578,0
12897,340,0
5905,394,1
1456,1255,1
34651,114,0
102884,36,0
84074,463,0
1671,776,1
1111,917,1
1058,256,1
82757,71,0
5103,1207,1
4611,1075,0
34244,39,0
288,460,1
61097,1196,0
90520,481,0
1690,21,1
22092,270,0
2083,78,1
75856,9,0
2530,820,1
1718,233,1
45024,114,0
23,1460,1
416,50,1
1370,129,1
314,244,1
190,38,1
55928,16,0
48939,105,0
32113,884,0
30,35,1
67565,1224,0
898,206,1
3132,231,1
20246,776,0
3127,41,1
19069,67,0
365,21,1
21288,274,0
2412,431,1
4616,394,1
28574,41,0
23472,955,0
36531,97,0
617,98,1
3298,40,1
86694,39,0
853,4,1
1441,190,0
76075,620,0
2486,451,1
204,431,1
51826,305,0
47505,44,0
497,954,1
98243,1074,0
86644,318,0
326,318,1
157,89,1
6031,3,1
31,58,1
51422,40,0
3209,776,1
1633,449,1
66963,160,0
56214,85,0
2402,463,1
559,9,1
3474,5,1
3929,190,1
22195,91,0
1528,145,1
2373,160,1
36598,340,0
4338,461,1
66146,1263,0
17922,9,0
415,175,1
6195,288,0
148,4,1
49552,721,0
902,73,1
856,1124,1
552,214,1
45,9,1
86634,1194,0
2034,39,1
2561,351,1
86820,21,0
1998,433,1
11958,235,0
78421,67,0
2476,1207,1
1639,449,1
13901,480,0
7984,1207,0
1657,17,1
4282,47,1
50000,1034,0
1033,1200,1
104797,951,0
94379,401,0
135,129,1
78537,13,0
54840,1194,0
97,1210,1
94932,9,0
42040,47,0
1256,128,1
2116,1210,1
2453,776,1
2386,431,1
104,206,1
72282,141,0
22349,38,0
90237,564,0
3344,621,1
105691,955,0
77303,35,0
1725,61,1
1041,845,1
57514,270,0
1458,431,1
100337,67,0
89168,0,0
52203,394,0
103965,546,0
39511,13,0
948,45,1
85370,33,0
87296,53,0
114,36,1
14426,1394,0
40137,882,0
90314,141,0
84488,1224,0
93894,114,0
78623,305,0
1632,207,1
2419,256,1
83240,13,0
403,259,1
629,817,1
73065,394,0
1742,9,1
19826,1194,0
9462,1396,0
78620,181,0
5810,330,1
5028,614,0
225,150,1
37535,1199,0
112,92,1
67039,109,0
497,98,1
2459,859,1
18486,39,0
456,58,1
637,14,1
2865,569,1
50257,501,0
2848,880,1
4889,1196,1
100602,859,0
1039,1322,1
94841,327,0
44555,5,0
34200,138,0
733,913,0
5951,38,1
159,1124,1
586,89,1
76649,431,0
103034,555,0
559,282,1
10797,78,0
99612,9,0
1806,215,1
49556,6,0
18586,47,0
13277,1018,0
33738,9,0
52050,72,0
37946,124,0
4510,21,1
557,1228,1
63266,141,0
66823,693,0
74103,111,0
5959,21,1
74060,69,0
667,109,1
12565,3,0
437,930,1
85580,1196,0
3644,45,1
22607,39,0
2885,682,1
845,1199,1
108,58,1
1368,252,1
105613,186,0
227,98,1
85,744,1
313,510,1
13296,838,0
3530,776,1
33118,21,0
51795,9,0
577,233,1
27814,8,0
5317,920,0
89643,253,0
20553,238,0
51719,205,0
54588,109,0
55553,73,0
912,321,1
1605,458,1
26301,1194,0
16199,1226,0
222,78,1
1690,37,1
14,47,1
1437,1207,1
20026,464,0
207,205,1
4345,21,1
46043,30,0
127,61,1
689,513,1
1081,281,1
39336,109,0
65030,673,0
1224,18,1
587,12,1
2480,791,1
1464,40,1
2381,53,1
69295,941,0
1521,759,1
4276,16,1
1283,41,1
1781,118,1
99268,1216,0
1891,9,1
3147,468,1
1603,859,1
100,24,1
1437,776,0
72130,1197,0
3232,394,0
884,24,1
33200,206,0
2435,460,1
4295,0,1
26,961,1
1412,65,1
63931,153,0
59806,307,0
2309,98,1
13448,37,0
92506,9,0
16797,45,0
20,880,1
1598,198,1
78237,887,0
35697,285,0
378,74,1
58453,3,0
1486,130,1
70932,394,0
1310,128,1
1979,33,1
288,76,1
2825,269,1
1022,1122,1
84044,65,0
36329,318,0
67658,784,0
22065,24,0
4579,29,1
3005,16,1
19781,621,0
12806,217,0
1095,44,1
80115,1018,0
745,776,1
27195,1199,0
1235,784,1
8905,114,0
1366,12,1
81445,78,0
18248,1,0
1283,39,1
72327,885,0
96727,21,0
1173,152,1
17329,1,0
13833,347,0
91530,728,0
73451,150,0
1635,67,0
122,1,1
84285,1074,0
15025,1176,0
765,1196,1
68221,452,0
92603,37,0
86840,262,0
3010,445,1
593,33,1
93919,1253,0
83110,109,0
1742,464,1
81621,1396,0
85,13,1
2823,61,1
51936,263,0
1607,438,1
740,109,1
83164,157,0
31271,38,0
1717,431,1
896,40,1
100023,373,0
672,109,1
1615,776,1
1905,478,1
125,58,1
12286,47,0
85058,21,0
6548,12,0
104170,119,0
58745,12,0
67446,80,0
92,620,1
2655,270,1
27192,1276,0
5978,247,1
1506,177,1
25563,1196,0
23199,130,0
157,220,1
16475,233,0
94917,13,0
2018,76,1
552,1237,1
82561,247,0
56036,431,0
51091,776,0
1490,1197,1
88508,1,0
1368,859,1
5303,13,1
48765,538,0
38680,462,0
227,206,1
2884,1197,1
2126,154,1
44702,339,0
49,114,1
90274,24,0
3173,877,0
70807,0,0
38620,481,0
70486,331,0
31367,105,0
5402,269,0
101,41,1
2430,58,1
13159,361,0
57,1221,1
74779,255,0
71267,431,0
1249,177,1
58923,47,0
2698,67,1
44639,79,0
26938,65,0
19704,71,0
261,948,1
2554,130,1
42425,551,0
81404,17,0
2500,543,0
5057,37,1
1248,39,1
4496,40,1
26,24,1
2626,806,1
101597,246,0
4480,4,1
104380,1412,0
992,12,1
1615,65,1
2273,1207,1
917,252,1
1367,21,1
2519,12,1
3876,1463,1
1288,510,1
7654,456,0
60572,13,0
1372,47,1
358,221,1
557,600,1
552,193,1
5801,214,0
1087,1210,0
6051,1200,0
314,78,1
92561,949,0
80995,468,0
5249,1197,1
56270,21,0
9202,877,0
35264,97,0
2817,231,1
2610,488,1
105285,24,0
154,124,1
60579,29,0
7271,1435,0
2440,69,1
85941,419,0
103938,267,0
104261,177,0
5914,394,1
642,41,1
97273,97,0
478,379,1
644,128,1
35615,791,0
1669,327,1
356,841,1
34012,482,0
88716,144,0
2608,44,1
2207,220,1
97413,57,0
24294,431,0
253,337,1
1661,103,1
87175,137,0
6019,376,1
81063,795,0
41230,12,0
136,21,1
751,58,1
5328,480,1
2145,182,1
19681,0,0
8322,477,0
100007,8,0
68971,207,0
233,72,1
1969,13,1
6041,0,1
84816,97,0
95373,21,0
60,262,1
7213,248,0
24498,177,0
2912,12,1
92638,78,0
102823,870,0
588,1342,1
73957,263,0
3284,21,1
2945,1196,1
3130,28,1
346,186,1
86390,784,0
34776,24,0
32066,57,0
4057,877,1
3629,1121,1
1644,292,1
86130,207,0
105824,327,0
68981,784,0
3920,399,1
2897,194,1
527,15,1
3162,61,1
2301,9,1
1614,21,1
20086,247,0
3621,685,1
5369,4,1
4472,141,1
1677,38,1
912,186,1
2251,249,1
91889,1207,0
1031,1216,1
302,263,1
43432,14,0
2434,61,1
93627,54,0
1311,39,0
3550,351,1
73930,548,0
681,937,1
2033,33,1
188,205,1
6699,282,0
8957,8,0
1615,6,1
75313,139,0
1616,105,1
8645,776,0
17124,1194,0
1450,248,1
76503,877,0
691,38,1
4483,1207,1
3121,836,1
281,806,1
124,949,1
47705,1460,0
856,639,1
38044,8,0
21644,1098,0
12284,251,0
35,5,1
38034,882,0
1495,6,1
33334,451,0
1367,35,1
1517,44,1
4473,144,1
1087,331,1
82334,21,0
4610,363,1
35209,21,0
42915,321,0
47049,69,0
2820,82,1
4223,431,1
228,227,1
2050,394,1
62752,44,0
2820,581,1
51358,1198,0
34882,269,0
19628,1394,0
5945,40,1
2914,24,1
465,458,1
10215,443,0
90679,288,0
51078,220,0
2150,65,1
64323,160,0
559,179,1
93820,824,0
4511,67,1
446,994,1
586,877,1
2442,391,1
22289,68,0
3142,27,0
23457,643,0
79028,44,0
1618,255,1
58913,171,0
47675,0,0
55935,1222,0
40003,141,0
14972,78,0
966,173,1
2862,196,1
63538,150,0
68527,1224,0
467,253,1
313,352,1
73454,235,0
1035,397,1
49196,1226,0
1810,24,1
2415,17,1
2440,481,1
95083,150,0
31,424,1
460,1207,1
98570,259,0
46077,40,0
46567,109,0
63014,941,0
86436,153,0
23830,3,0
784,246,1
75385,1210,0
57957,714,0
2519,376,1
3543,179,1
1035,820,1
414,1,1
841,768,1
98185,138,0
2804,37,1
178,21,1
2438,1124,1
644,1226,1
95946,501,0
413,149,1
3333,0,1
8464,1198,0
163,283,1
1690,105,1
10453,179,0
79962,972,0
23485,905,0
966,456,1
19158,21,0
3057,40,1
1401,33,1
58531,364,0
60547,35,0
78342,130,0
19223,36,0
4612,795,1
74376,13,0
101604,1411,0
938,150,1
87363,500,0
697,451,1
1033,21,1
3101,9,1
9212,15,0
356,465,1
79156,269,0
13706,452,0
29545,61,0
4572,1296,0
96353,1138,0
41859,12,0
4749,392,1
96212,696,0
5583,12,1
56,153,1
1631,172,1
6600,36,0
78634,39,0
3090,4,1
5567,73,0
91995,45,0
3010,252,1
4964,1196,1
2886,5,1
724,401,1
3563,24,1
127,40,1
2923,24,0
100611,310,0
2743,1198,1
81650,486,0
5930,394,1
92857,675,0
3584,66,1
41491,9,0
1401,776,1
3591,246,1
65036,1227,0
2440,728,1
55944,72,0
26760,1203,0
57870,243,0
4428,1207,1
2018,98,1
35901,673,0
93124,47,0
96616,109,0
38410,13,0
419,8,1
724,125,1
10772,40,0
1154,21,1
2820,352,1
3333,73,1
46376,129,0
52344,21,0
2740,292,1
61,1196,1
5982,109,1
3101,195,1
3600,1224,1
98275,671,0
1949,362,1
3347,269,0
23746,50,0
5771,15,1
67118,296,0
104,927,1
73592,1200,0
4424,220,1
5978,1012,1
93949,206,0
200,130,1
437,620,1
82382,274,0
46132,64,0
57668,18,0
43270,129,0
39457,776,0
25231,1400,0
43067,82,0
65640,252,0
5720,253,1
2716,247,1
456,984,1
47869,621,0
5916,394,1
2823,283,1
32,1267,1
1249,150,1
33623,109,0
629,9,1
92946,1034,0
56978,177,0
1657,388,1
75448,215,0
96230,327,0
61308,305,0
1682,150,1
48570,859,0
686,170,1
53106,570,0
11219,541,0
71010,180,0
2554,17,1
49618,776,0
5219,394,0
21516,1162,0
43869,9,0
3612,431,1
1788,39,1
26317,89,0
5224,1197,1
545,316,1
100550,9,0
1632,621,1
261,953,1
2820,364,1
3480,464,1
73666,379,0
2741,153,1
25174,3,0
2115,171,1
1374,905,1
85745,1394,0
71045,103,0
46703,180,0
3707,259,1
19914,184,0
5038,1198,1
2788,9,1
587,788,1
99304,1196,0
43772,9,0
33478,202,0
44624,403,0
9471,220,0
70548,245,0
2412,41,1
12756,40,0
3573,431,1
39644,262,0
91429,673,0
502,4,1
1521,954,1
5110,1197,1
2752,61,1
1411,170,1
67,784,1
108,177,1
94295,206,0
74216,4,0
3667,220,1
77354,29,0
4335,776,1
175,177,0
95191,288,0
4571,480,1
2889,456,1
71653,502,0
61009,255,0
6243,88,1
549,454,1
55210,45,0
70931,1210,0
1442,97,1
58802,207,0
1700,1207,0
2713,91,1
56828,1290,0
168,1196,1
2022,503,1
93167,636,0
36851,270,0
81127,9,0
180,47,1
296,431,1
72008,100,0
1836,150,1
19223,97,0
383,41,1
376,21,1
1768,58,1
686,734,1
1136,119,1
70833,109,0
423,941,1
51649,776,0
62396,281,0
58657,744,0
1074,169,1
10520,12,0
24239,225,0
2424,351,1
24856,252,0
34494,39,0
4136,1012,1
66161,820,0
97124,36,0
58559,21,0
89258,41,0
233,58,1
884,114,1
3626,41,1
89951,255,0
2690,1232,1
25644,98,0
1188,58,1
1098,173,1
1205,578,1
59912,12,0
356,1394,1
61,173,1
802,109,1
2175,80,1
5562,429,1
2008,1199,0
49207,1124,0
2248,518,1
18687,538,0
37064,1161,0
2861,50,0
6063,1,1
301,1194,1
591,424,1
43621,39,0
41403,78,0
922,263,1
86579,206,0
2260,157,1
35,205,1
2932,49,1
97008,17,0
5439,1396,1
1540,375,1
48299,768,0
4695,78,1
5027,1197,1
70640,1197,0
1806,124,1
105226,149,0
30038,154,0
864,98,0
476,78,1
85786,38,0
59437,878,0
73263,154,0
3186,12,1
2137,84,1
26131,215,0
98556,40,0
3159,47,1
59,133,1
86311,160,0
12850,1155,0
890,352,1
2407,109,1
98388,233,0
58988,930,0
1349,57,1
300,21,1
70797,602,0
17401,24,0
2607,270,1
25881,69,0
75299,157,0
3607,256,1
2184,347,1
10854,877,0
11980,363,0
47294,0,0
27712,47,0
248,149,1
784,464,1
1690,711,1
4632,362,1
578,74,1
1758,82,1
3335,3,1
302,923,1
6178,1012,1
2146,38,1
253,768,1
1939,1198,1
1689,44,1
47865,1,0
103656,258,0
1365,150,1
104033,1198,0
2806,47,1
71797,64,0
76,206,1
54,1010,0
1362,21,1
3460,1207,1
5898,394,1
557,776,1
172,783,1
80107,66,0
9908,190,0
82683,36,0
3075,9,1
59447,40,0
125,173,1
71375,36,0
56768,0,0
423,956,1
100900,636,0
31448,288,0
4586,1032,1
61448,98,0
59721,217,0
37569,114,0
4995,1196,1
4725,433,1
52037,177,0
36096,4,0
1647,350,1
49170,283,0
779,193,1
76309,68,0
1244,217,1
26816,548,0
618,243,1
3325,1124,1
103592,78,0
35958,175,0
59404,267,0
104381,87,0
2428,1207,1
10371,57,0
82993,382,0
127,282,1
88006,1124,0
105184,1394,0
44773,21,0
724,1458,1
81092,391,0
39298,1197,0
99339,217,0
7052,57,0
32046,100,0
87156,1145,0
23547,263,0
92607,1,0
1159,12,1
995,80,1
11987,21,0
1367,342,1
5589,1198,1
1205,24,1
31390,4,0
1401,41,1
1741,114,1
5461,91,1
300,427,1
9852,1,0
11434,205,0
93171,440,0
15025,433,0
304,138,1
82215,9,0
71891,29,0
1781,220,1
67134,0,0
51053,1,0
46351,555,0
57483,175,0
1816,79,1
575,502,1
46,581,1
3051,859,1
105005,525,0
5405,1407,1
5791,481,1
80991,251,0
1367,4,1
128,114,1
1469,431,1
47663,33,0
61730,8,0
3097,776,1
31442,424,0
5297,478,1
1336,306,1
3378,255,1
80845,1226,0
38476,1394,0
58549,776,0
85529,945,0
1399,67,1
2882,269,1
1443,9,1
41262,340,0
1372,1194,1
2999,1147,1
3480,44,1
5650,433,1
912,154,1
2086,189,1
37126,206,0
1283,12,1
3514,220,1
2652,13,1
54464,64,0
549,9,1
2846,380,0
40100,61,0
934,184,1
2722,40,0
939,427,1
6623,91,0
747,13,1
1981,481,1
245,53,1
2396,58,0
90445,16,0
47,124,1
21282,776,0
102109,109,0
591,57,1
98564,36,0
43096,946,0
46547,347,0
145,21,0
34319,1200,0
39555,44,0
86661,110,0
81229,6,0
1530,541,1
4487,12,0
2892,12,1
1403,13,1
1006,776,1
2364,654,1
2189,68,1
65653,149,0
66885,47,0
61586,141,0
2435,29,1
2310,172,1
57383,1216,0
91355,145,0
37970,408,0
78074,1172,0
105424,1197,0
75389,35,0
70615,238,0
67865,344,0
1684,150,1
2384,17,1
1791,1073,1
67138,344,0
1288,125,1
88837,429,0
62049,21,0
31897,776,0
68254,78,0
934,181,1
3429,468,1
578,71,1
5731,1216,1
19834,109,0
97612,150,0
68218,776,0
1350,253,1
8133,776,0
61,181,1
73013,91,0
1775,78,1
56,58,1
28663,795,0
2519,100,1
80186,45,0
3373,82,1
20009,160,0
1631,264,1
20532,555,0
2989,65,1
346,673,1
4075,877,1
20581,21,0
52328,35,0
69580,15,0
927,172,1
95356,800,0
3522,39,1
45820,9,0
30809,47,0
2652,458,1
63369,685,0
1509,24,1
69752,431,0
88417,315,0
75810,80,0
102839,21,0
789,44,1
11492,5,0
39787,256,0
38227,24,0
23,18,1
1164,151,1
63332,45,0
74261,233,0
85155,109,0
23581,270,0
63353,128,0
64938,252,0
101084,1253,0
79345,98,0
68842,434,0
31,177,1
7406,877,0
1472,82,1
51056,109,0
417,193,1
39687,323,0
6226,5,1
5316,0,1
19920,283,0
84541,172,0
3101,1194,1
99756,65,0
20414,21,0
2194,21,1
2819,431,1
64629,773,0
256,57,1
19695,783,0
1455,21,1
849,39,1
2439,339,1
1739,304,1
567,768,1
10449,205,0
94676,776,0
5611,1197,1
42562,1394,0
5214,1207,1
1615,263,1
1123,518,1
1791,177,1
3447,1258,0
884,502,1
503,71,1
40226,39,0
3652,580,1
143,79,1
17483,56,0
1758,139,1
2214,9,0
2181,1241,1
71426,1197,0
71588,21,0
4336,47,1
19448,1194,0
43022,1033,0
579,177,1
3173,72,1
57444,233,0
56,155,1
89,177,1
557,141,1
1,1,1
2029,21,1
583,1210,1
317,35,1
2373,171,1
2110,128,1
29657,177,0
5330,217,1
91383,1199,0
89812,182,0
54228,817,0
4386,1197,1
12405,197,0
90926,150,0
2908,245,1
3383,472,1
2513,394,1
48555,1315,0
69694,12,0
2352,913,1
2513,305,0
58138,1264,0
19302,40,0
43924,47,0
86149,9,0
2476,688,1
1501,464,1
10003,231,0
53994,177,0
262,9,1
506,5,1
101,205,1
52,776,1
76250,246,0
24852,462,0
63945,39,0
35367,82,0
576,194,1
3097,1198,1
3822,21,1
6188,309,1
50021,1342,0
66307,58,0
2992,578,0
1364,0,1
49973,21,0
3250,38,1
2503,394,1
84860,44,0
5674,173,0
36847,41,0
78695,16,0
104680,809,0
72112,21,0
2485,41,1
3066,150,1
39709,989,0
37031,2,0
258,9,1
3630,13,1
35174,114,0
101153,247,0
81857,160,0
58484,1360,0
53125,24,0
4583,128,1
3164,362,0
617,13,1
3097,171,1
15819,64,0
2527,1066,1
42025,9,0
47401,36,0
19573,160,0
14675,76,0
32520,1194,0
5473,623,1
4901,546,0
43753,73,0
2820,1252,1
2915,1396,1
77010,256,0
63232,44,0
3396,124,1
724,1138,1
843,109,1
82204,179,0
95812,248,0
52661,1124,0
31749,394,0
34696,109,0
2675,1372,1
77978,776,0
204,1,1
60113,37,0
102814,41,0
5019,729,1
9868,129,0
5969,259,0
70768,1198,0
61407,776,0
14524,882,0
1620,110,1
1880,0,1
1702,16,1
156,670,1
34084,38,0
841,1218,1
70695,438,0
87567,79,0
618,404,1
894,58,1
20689,45,0
1839,28,1
2597,1198,1
27429,160,0
56900,776,0
29842,251,0
99137,13,0
45345,39,0
16024,283,0
6011,270,0
44416,105,0
3333,953,1
3538,4,1
2096,48,1
1463,125,1
94447,17,0
37324,458,0
14892,33,0
103541,315,0
155,433,1
65403,877,0
1651,40,1
47206,9,0
4018,344,1
41383,9,0
1401,179,1
2060,1400,1
6633,1043,0
415,170,1
4112,518,0
3764,124,0
58017,1007,0
79145,139,0
2005,235,1
102006,24,0
60932,644,0
276,231,1
2568,196,1
6716,438,0
620,1243,0
13552,961,0
100273,109,0
2115,78,1
33470,21,0
444,87,1
1517,598,1
42957,501,0
427,434,1
99625,189,0
96421,109,0
62,305,1
5932,394,1
55436,282,0
437,579,1
15371,1,0
3680,9,1
944,173,1
2669,13,1
24818,905,0
73836,105,0
1188,41,1
104743,245,0
782,13,1
40596,621,0
41337,122,0
79859,283,0
3615,9,1
62398,344,0
21954,1207,0
53,98,1
22208,455,0
26221,500,0
19336,337,0
39784,151,0
917,29,1
54071,192,0
2728,172,1
5030,170,0
97211,40,0
7648,61,0
1455,1207,1
422,269,1
2817,245,1
729,281,1
1491,72,1
73928,282,0
60190,1107,0
103587,776,0
229,177,1
9529,394,0
989,0,1
37335,35,0
2787,306,0
42,82,1
22831,1124,0
1367,13,1
55007,21,0
100699,253,0
95765,1456,0
48,933,1
1603,1245,1
60,1193,1
115,105,1
29224,221,0
2440,502,1
1278,18,1
1469,878,1
257,193,1
39880,220,0
6047,458,1
45388,252,0
3323,776,1
1342,109,1
39129,643,0
15143,503,0
3055,9,1
1812,73,1
15215,9,0
76015,16,0
91673,180,0
92914,1236,0
80908,53,0
21982,403,0
1637,89,1
14529,340,0
7387,39,0
910,429,1
2282,38,1
76357,305,0
5416,65,1
4552,478,1
10557,3,0
47404,1207,0
81655,194,0
841,109,1
97842,67,0
2181,30,1
910,351,1
54256,1366,0
18611,252,0
3333,942,1
1974,480,1
930,41,1
49659,114,0
4075,342,1
2312,125,1
5978,1258,1
1363,76,1
89404,784,0
100200,621,0
17109,233,0
2885,179,1
2452,207,1
30436,253,0
97841,1394,0
2565,189,1
90,1202,1
40169,515,0
121,53,1
77866,44,0
64461,965,0
3120,1198,1
97407,555,0
1851,114,1
6105,194,0
2911,750,1
63067,344,0
2452,177,1
17424,40,0
19571,776,0
3298,41,1
1447,693,1
1458,1193,1
18,1251,1
559,69,1
29483,40,0
3828,76,0
5803,1207,1
60609,347,0
50,29,1
270,269,1
2956,114,1
1098,183,1
1464,1199,1
12497,47,0
26988,431,0
21746,1197,0
31,352,1
17919,47,0
41350,321,0
35584,150,0
85,45,1
1028,458,1
1636,21,1
45030,1207,0
1313,89,1
950,681,1
54412,252,0
105196,859,0
4697,114,1
3045,175,0
10421,424,0
2,57,1
73377,177,0
33535,1365,0
3489,6,1
64038,478,0
101971,878,0
583,776,1
6059,33,1
1791,954,1
12788,37,0
98354,1200,0
11,270,1
618,387,1
86428,452,0
1556,9,1
3480,24,1
42007,79,0
1074,253,1
406,1197,1
1690,189,1
31798,1396,0
1288,248,1
2446,186,1
73007,112,0
670,109,1
26813,36,0
977,315,1
1490,394,1
54699,35,0
559,593,1
2804,33,1
313,491,1
72554,114,0
5436,124,0
1448,525,1
909,53,1
91720,623,0
4423,190,1
167,269,1
51852,170,0
1350,200,1
3987,639,0
5320,431,1
33548,270,0
1521,205,1
1831,40,1
20375,394,0
2503,152,1
93,139,1
36913,331,0
1463,126,1
24819,253,0
4323,79,1
356,1423,1
25,189,1
5778,3,1
1333,1197,1
34629,837,0
914,124,1
47089,114,0
46062,248,0
14501,40,0
67207,693,0
77708,44,0
1905,1122,1
2467,82,1
40199,776,0
562,194,1
1075,468,1
74475,1210,0
2820,13,1
31338,5,0
38563,111,0
302,984,1
883,1412,1
40705,40,0
5057,859,1
5402,1334,1
1381,40,1
2078,776,1
39709,57,0
20747,24,0
182,461,1
33365,171,0
253,44,1
84070,39,0
96490,110,0
3508,49,0
997,730,1
4199,67,1
845,1200,1
317,114,1
22111,431,0
36220,1198,0
477,304,1
67166,170,0
50225,956,0
1471,58,1
27601,305,0
11727,41,0
188,1196,1
1065,58,1
559,151,1
22540,607,0
2330,715,1
437,621,1
1205,579,1
63216,920,0
2145,9,1
1731,880,1
1333,6,1
28646,45,0
85888,344,0
2452,205,1
5903,84,0
59139,318,0
19261,8,0
28514,105,0
816,282,0
917,456,1
1838,478,1
135,139,1
4582,29,1
60418,403,0
969,171,1
362,220,1
1798,776,1
20131,252,0
10716,37,0
31525,331,0
1958,1199,0
28823,154,0
559,33,1
14019,128,0
52391,1,0
62939,215,0
266,1466,1
75754,458,0
2820,1138,1
56682,109,0
1070,40,1
1963,480,0
98002,13,0
2440,200,1
3016,79,1
3480,71,1
22704,128,0
45380,460,0
77469,339,0
200,317,1
4338,84,1
14061,965,0
438,220,1
4279,363,1
74284,107,0
1475,282,1
1632,151,1
21449,89,0
44675,783,0
52992,883,0
4484,4,1
34408,283,0
2812,686,1
2608,17,1
10315,1198,0
24835,154,0
2703,13,1
1055,15,1
79516,18,0
917,33,1
561,931,1
3111,220,1
776,4,1
88388,431,0
92104,593,0
96177,78,0
57677,582,0
336,243,1
2241,27,1
922,41,1
2558,1197,1
75977,72,0
15,16,1
70867,380,0
1789,41,1
1461,776,1
1616,217,1
54281,109,0
35878,105,0
47424,78,0
45412,270,0
59243,153,0
751,599,1
2,15,1
5920,160,1
2765,89,1
3161,1198,1
67727,394,0
50691,206,0
92864,9,0
3137,258,1
7884,456,0
3920,364,1
29856,53,0
19587,40,0
73206,97,0
1853,41,1
56085,45,0
1270,31,1
40192,144,0
15211,21,0
31976,1227,0
21813,394,0
77365,399,0
50225,80,0
67419,105,0
83,35,1
5978,88,1
2115,776,1
1978,529,1
27339,125,0
21410,521,0
20064,16,0
87867,206,0
177,431,1
106,433,1
1450,40,1
13774,239,0
77323,38,0
300,85,1
1367,158,1
43592,114,0
69245,47,0
42405,177,0
15901,1,0
2885,217,1
263,112,1
32458,403,0
30161,252,0
52653,24,0
52,1299,1
70249,382,0
56,9,1
100281,150,0
5437,693,1
85822,92,0
2627,394,1
1676,283,1
345,362,1
29576,431,0
88852,1494,0
2386,15,1
1584,602,1
26876,37,0
4733,1197,0
16944,58,0
99114,918,0
4893,928,1
74282,61,0
1763,44,1
4264,376,1
1061,351,1
906,256,1
71558,91,0
47064,24,0
36164,1198,0
4685,21,1
7299,1207,0
274,206,1
72541,21,0
5986,1456,1
77193,21,0
413,18,1
306,18,1
624,389,1
976,217,1
4371,600,0
238,39,1
233,248,1
164,130,1
37520,233,0
23905,232,0
53520,45,0
80672,12,0
437,150,1
59,1274,1
43,1210,0
58551,1197,0
25504,460,0
3056,41,1
7331,38,0
62425,40,0
1921,41,1
32,1394,1
94606,39,0
226,318,1
1536,0,1
3738,795,1
41,1085,1
28890,47,0
2559,220,1
1087,1032,1
1350,37,1
80266,431,0
27079,124,0
16720,156,0
108,1280,1
80908,347,0
1401,744,1
51891,150,0
76846,283,0
208,961,1
1400,21,1
48873,1415,0
52493,61,0
959,431,1
921,263,1
1699,172,1
11311,1122,0
76,202,1
24886,1366,0
18861,109,0
818,21,1
1791,943,1
17619,283,0
99448,41,0
11643,38,0
3167,74,0
2713,253,1
87717,0,0
2428,39,1
97924,333,0
103672,579,0
2575,17,1
10889,1197,0
346,98,1
23207,39,0
5064,1198,1
188,1073,1
2630,119,1
233,12,1
115,884,1
83857,189,0
83035,431,0
88542,307,0
57725,523,0
56,53,1
982,468,1
3026,621,1
619,256,1
4809,1193,1
20707,78,0
37924,82,0
724,39,1
1077,822,1
45687,37,0
112,0,1
2260,859,1
172,639,1
71742,201,0
104646,304,0
1399,58,1
182,685,1
168,1200,1
423,942,1
332,12,1
557,45,1
45996,308,0
69598,61,0
2434,776,1
2486,994,1
24570,205,0
77622,24,0
140,245,1
65355,33,0
332,1138,1
1177,1207,1
233,74,1
87063,119,0
300,253,1
2168,0,1
101969,202,0
34372,24,0
1498,252,1
9710,776,0
583,945,1
68879,41,0
23212,40,0
1690,728,1
4368,1032,1
106394,401,0
58598,145,0
94827,177,0
2549,949,1
2523,109,1
20773,1479,0
1836,45,1
2217,1086,1
36749,1217,0
74789,24,0
1717,78,1
306,152,1
4867,1196,1
1551,21,1
6015,431,1
432,394,1
84147,447,0
4779,1197,1
2817,103,1
78067,47,0
3496,80,0
98855,58,0
2823,217,1
1081,768,1
969,78,1
615,909,1
95143,194,0
88110,57,0
938,149,1
66842,150,0
1618,235,1
1372,84,1
13629,6,0
3099,21,1
70349,1124,0
1090,500,1
1455,431,1
53610,878,0
89824,322,0
2589,177,1
250,221,1
38738,449,0
64562,89,0
79694,394,0
53076,39,0
101,12,1
34273,239,0
68055,312,0
67376,522,0
39602,15,0
103363,394,0
54415,431,0
93332,27,0
5493,21,0
681,150,1
2124,1207,0
2779,61,1
105134,255,0
61769,472,0
4913,1210,1
43912,768,0
227,504,1
5056,80,0
2057,114,1
80303,205,0
5174,4,0
1306,80,1
14292,18,0
85216,61,0
583,956,1
67,50,1
1552,40,1
778,263,0
16689,149,0
452,29,1
1709,391,1
22013,1073,0
4813,1210,1
45417,404,0
253,317,1
51664,21,0
98498,344,0
16917,481,0
5461,181,1
77792,1349,0
439,180,1
27134,331,0
1365,288,1
285,1230,1
99622,523,0
3019,4,1
56997,58,0
4550,12,1
46415,776,0
1077,407,1
26914,114,0
54090,100,0
2764,150,1
186,1198,1
149,262,1
15465,13,0
71512,217,0
48858,776,0
2126,88,1
68232,0,0
104465,5,0
3376,41,1
14901,449,0
127,21,1
58256,78,0
313,1308,1
1632,9,1
50328,344,0
1491,44,1
5818,882,1
477,203,1
2273,80,1
103281,45,0
68963,130,0
20686,818,0
2897,306,1
76,424,1
99862,18,0
360,318,1
19494,394,0
5079,1197,1
81675,177,0
767,109,1
105357,394,0
253,859,1
12887,227,0
4534,27,1
4803,1399,1
1927,394,1
208,40,1
467,252,1
47103,431,0
56,184,1
65742,458,0
980,175,1
97901,304,0
4221,21,1
222,452,1
84870,381,0
28871,1197,0
404,6,1
52847,47,0
54967,88,0
103919,405,0
3507,35,1
1205,297,1
15085,37,0
5745,1396,1
106,2,1
11037,109,0
1313,40,1
89019,442,0
1080,259,1
100539,45,0
36406,38,0
262,504,1
5790,9,1
39807,194,0
52253,5,0
7841,24,0
317,621,1
47975,276,0
1699,4,1
25460,2,0
1632,105,1
183,18,1
240,29,1
1644,255,1
1972,1437,1
57422,391,0
92726,1347,0
133,431,1
87726,177,0
356,1097,1
2789,41,1
1296,220,1
40550,2,0
2789,206,1
3273,431,1
713,140,0
328,78,1
47514,1200,0
543,309,1
2616,379,1
17761,80,0
437,186,1
917,1,1
48703,784,0
75787,194,0
378,38,1
97800,0,0
24630,1264,0
105122,256,0
500,67,1
42494,263,0
78673,256,0
991,269,1
3596,151,1
62129,431,0
3902,1255,1
124,1200,1
86845,44,0
24704,69,0
23944,431,0
2751,114,0
1975,40,1
1380,776,1
1363,531,1
3396,125,1
79551,430,0
51,388,1
32589,340,0
1115,889,1
2516,961,1
1061,13,1
68228,53,0
89566,1185,0
722,456,1
2522,141,1
17402,4,0
27,145,1
51051,9,0
34640,994,0
410,8,1
8572,177,0
1448,35,1
97242,429,0
49074,1394,0
104249,217,0
76,621,1
5933,318,0
1632,157,1
82,1200,1
57872,150,0
36667,78,0
89701,309,0
188,520,1
226,203,1
89149,1222,0
2439,98,1
68541,170,0
926,57,1
1253,45,1
548,246,0
838,1197,0
103083,177,0
67927,965,0
69642,880,0
783,35,1
2999,404,0
15825,394,0
256,502,1
21323,220,0
43939,598,0
3453,13,1
567,521,1
69291,76,0
47582,1244,0
2458,305,1
80386,205,0
98555,1054,0
5864,158,1
1789,114,1
3640,31,1
53244,1124,0
1029,776,1
3101,615,1
74011,1122,0
285,558,1
262,1200,1
88998,252,0
92042,12,0
31,203,1
34134,309,0
53444,9,0
2547,158,0
6954,38,0
270,17,1
89040,40,0
5233,61,0
87749,897,0
227,74,1
51064,5,0
42845,53,0
5228,1390,1
52857,0,0
5128,1198,1
3624,776,1
91008,47,0
74647,73,0
73,859,1
2454,14,1
349,87,1
8970,783,0
4712,12,1
53,510,1
82221,158,0
3999,452,1
72603,80,0
74002,58,0
99534,109,0
2365,431,1
102375,41,0
1742,71,1
2844,307,1
28581,15,0
66700,68,0
85401,892,0
28549,431,0
682,503,1
5066,1196,1
66219,172,0
105331,33,0
2935,583,1
497,941,1
75,282,1
90782,582,0
139,882,1
86578,424,0
3129,35,1
3679,9,1
100122,18,0
5140,1197,1
66973,47,0
253,820,1
62552,234,0
31194,9,0
51146,54,0
48642,1198,0
85407,431,0
50743,39,0
2395,282,1
188,882,1
22686,15,0
300,1202,1
1471,248,1
1027,177,1
2820,24,1
1120,555,1
1636,759,1
10068,13,0
9213,776,0
3312,12,1
21079,68,0
1775,39,1
55341,462,0
69,47,1
557,170,1
93350,82,0
1401,160,1
28205,24,0
401,44,0
3308,82,1
2246,462,1
42516,45,0
2630,128,1
25,1004,1
83307,728,0
4199,74,1
10646,1396,0
56624,1492,0
3604,217,1
1101,431,1
89617,264,0
38646,58,0
1773,263,1
416,270,1
24341,540,0
2535,16,1
95234,156,0
40664,189,0
340,109,1
1636,97,1
5030,1197,1
358,109,1
82733,955,0
70544,761,0
1373,897,1
81006,3,0
2389,783,1
19712,431,0
100979,74,0
5694,1198,1
30214,1498,0
26153,776,0
5798,124,1
99790,431,0
62716,37,0
2548,331,1
256,177,1
82814,963,0
3676,1198,1
1456,47,1
4629,331,1
63526,391,0
67021,776,0
41195,859,0
84216,4,0
2706,61,1
2907,224,1
5553,694,1
2122,152,1
79760,37,0
188,151,1
55296,189,0
1005,128,1
37418,139,0
996,1394,1
7623,263,0
7961,944,0
679,339,1
75202,186,0
58378,431,0
75,456,1
79020,16,0
18671,58,0
27106,5,0
91055,64,0
575,36,1
3793,431,1
212,431,1
77771,124,0
53910,171,0
2425,543,1
833,109,1
2774,248,1
83628,1198,0
95339,40,0
59395,41,0
13100,584,0
103640,259,0
40923,35,0
69107,1194,0
2629,269,1
104653,38,0
304,920,1
902,21,1
60582,171,0
67560,917,0
1025,593,1
327,673,1
4,53,1
63146,409,0
2136,128,1
992,955,1
2342,220,1
27908,172,0
779,245,1
2786,39,1
37311,263,0
32972,247,0
283,202,1
97110,859,0
1063,21,1
26420,89,0
119,21,1
84393,1193,0
93538,259,0
55548,1202,0
71845,9,0
14640,39,0
56,821,1
66187,582,0
79697,394,0
603,1194,1
1398,68,1
20818,305,0
77354,233,0
5309,41,1
64665,79,0
54093,73,0
5797,9,1
1644,98,1
105069,234,0
236,9,1
893,21,1
2820,12,1
971,82,1
30999,58,0
232,1,1
225,173,1
1699,35,1
46498,503,0
2672,859,1
95549,4,0
91635,199,0
71356,823,0
106073,163,0
4272,21,1
68507,151,0
2904,111,1
50480,253,0
101475,829,0
52798,157,0
101,69,1
29542,283,0
1166,486,1
1637,256,1
207,179,1
31885,37,0
11048,292,0
4601,194,1
42403,4,0
2145,61,1
70,382,1
1336,220,1
51,18,1
24275,1210,0
95080,91,0
97342,331,0
225,12,1
35996,6,0
4742,91,1
139,844,1
22337,269,0
60279,878,0
1796,76,1
6111,306,0
62659,5,0
1914,323,1
1364,288,1
101626,13,0
893,468,1
212,1198,0
25,464,1
125,37,1
15213,233,0
10940,36,0
98458,431,0
1668,41,1
435,1198,1
1931,12,1
100048,1207,0
1517,1490,1
1242,17,1
1451,114,1
69392,431,0
456,114,1
46592,1198,0
2885,882,1
81218,80,0
83005,158,0
19029,27,0
67497,58,0
27964,859,0
68049,36,0
30736,57,0
335,138,1
33691,114,0
437,153,1
2332,776,1
48678,327,0
90363,88,0
66,246,1
51984,21,0
966,160,1
51647,128,0
134,72,1
19562,76,0
80191,608,0
68093,1197,0
3120,610,1
32922,1252,0
257,445,1
2669,21,1
21907,263,0
105328,21,0
2229,17,0
63860,9,0
2766,44,1
1456,220,1
1010,40,1
80021,125,0
27238,1394,0
3478,36,1
1136,562,1
100682,1244,0
3021,58,1
3652,1344,1
1384,319,1
79257,16,0
5057,206,1
52162,859,0
3095,15,1
131,776,1
4125,1396,0
22659,1196,0
19479,89,0
3224,18,1
52192,33,0
336,252,1
5560,150,1
34809,139,0
232,4,1
552,1124,1
17390,58,0
2146,776,1
94017,880,0
81737,154,0
642,39,1
20829,1,0
69871,776,0
90640,253,0
53131,487,0
14146,40,0
8787,13,0
2732,58,1
26962,45,0
1074,1102,1
103741,877,0
18960,1396,0
47298,1198,0
28919,1197,0
77625,39,0
9314,1197,0
47705,681,0
128,21,1
3101,202,1
18119,141,0
87428,40,0
211,18,1
79196,256,0
93659,45,0
1035,44,1
54518,259,0
2126,189,1
35078,6,0
102546,150,0
8,304,1
23711,48,0
5331,181,0
89729,1198,0
76,13,1
98686,76,0
21903,950,0
557,1075,1
389,17,1
552,784,1
9733,24,0
2017,105,1
4782,344,1
1644,39,1
4083,878,1
27629,9,0
3478,776,1
91927,41,0
518,97,1
1971,73,1
32,391,1
19887,905,0
69499,1194,0
9275,18,0
40893,253,0
86404,39,0
61536,41,0
4537,264,0
5309,40,1
57707,54,0
80632,616,0
56543,270,0
1529,379,1
28397,44,0
1448,58,1
70532,150,0
2056,0,0
1342,4,1
14279,40,0
85,97,1
3151,253,1
97541,882,0
1637,12,1
20,431,1
58876,388,0
58408,114,0
39706,29,0
4371,1094,1
2458,269,1
575,945,1
1090,1010,1
13164,252,0
4660,80,1
3548,253,1
959,488,1
2034,246,1
4974,1196,1
18299,114,0
83,883,1
737,24,0
64499,24,0
33564,155,0
63663,263,0
13027,1199,0
1368,1197,1
1615,30,1
96463,621,0
4578,955,1
2584,80,1
238,248,1
5720,36,1
2026,98,1
68929,438,0
587,47,1
10912,1207,0
172,486,1
1008,45,1
14956,114,0
11478,71,0
5433,270,1
79387,111,0
2698,502,1
39880,29,0
49767,173,0
49063,9,0
346,33,1
15799,12,0
249,215,1
77562,58,0
10313,12,0
1398,200,1
389,686,1
1108,35,1
238,41,1
966,73,1
1977,39,1
3760,305,0
315,28,1
2722,65,1
335,394,1
18059,207,0
6170,114,0
33151,80,0
1644,776,1
103434,954,0
2629,18,1
1352,15,1
49038,1444,0
25077,179,0
41453,88,0
477,824,1
54627,256,0
67494,776,0
378,283,1
103015,44,0
612,0,1
1582,1224,1
256,464,1
163,18,1
1715,16,1
3718,40,0
360,12,1
2746,3,1
1957,214,1
586,111,1
183,249,1
16275,28,0
3899,434,1
54615,1269,0
93651,21,0
167,239,1
67789,72,0
53772,780,0
2460,109,1
1398,954,1
28787,394,0
98471,38,0
112,40,1
14065,340,0
62912,9,0
16485,859,0
76107,21,0
68560,47,0
1614,394,1
82993,111,0
1349,456,1
94959,79,0
98878,1197,0
1381,207,1
1798,1073,1
1753,12,1
98292,456,0
82549,245,0
68213,4,0
934,182,1
561,111,1
2165,40,1
90294,1207,0
220,140,1
60083,172,0
5699,909,1
1362,351,1
3480,776,1
1982,61,1
9570,472,0
64427,693,0
253,57,1
780,150,1
1546,57,1
82183,105,0
66754,37,0
60379,255,0
9877,942,0
587,283,1
33540,124,0
81509,128,0
2061,468,1
77428,9,0
549,58,1
1517,270,1
94304,1210,0
30,776,1
2231,194,1
65145,68,0
70161,21,0
124,464,1
11607,21,0
43568,1200,0
561,91,1
1398,114,1
91938,246,0
60567,1309,0
3794,124,0
96976,33,0
1136,97,1
83846,394,0
100016,1207,0
917,177,1
227,67,1
81088,172,0
26396,155,0
1370,82,1
1233,438,1
373,5,1
63491,621,0
783,776,1
2826,39,1
106099,621,0
2434,305,1
83501,71,0
63558,424,0
1812,884,1
80070,16,0
59065,65,0
4472,6,1
63665,318,0
11240,1196,0
1448,263,1
3210,434,1
3366,859,1
136,47,0
1766,40,1
95354,1197,0
99562,233,0
1074,252,1
42966,150,0
81102,88,0
28107,206,0
28362,784,0
61644,44,0
53276,190,0
562,529,1
99975,89,0
3139,431,1
37199,248,0
615,776,1
42869,21,0
32711,458,0
1910,671,1
87601,21,0
86045,472,0
2289,21,1
8518,177,0
265,170,1
853,1194,1
1009,58,1
105837,12,0
2759,243,1
557,1073,1
5876,233,1
2451,16,1
90525,248,0
38950,399,0
81686,128,0
5791,35,1
3344,36,1
1674,4,1
36002,281,0
34079,206,0
88834,98,0
1689,207,1
41122,247,0
73589,2,0
163,1197,1
780,33,1
13493,21,0
68960,458,0
68761,21,0
13952,129,0
992,253,1
16316,206,0
3285,111,1
101404,158,0
15592,581,0
51520,1197,0
93116,109,0
1631,156,1
22888,1396,0
76498,327,0
101,179,1
49601,41,0
1518,270,1
1188,177,1
72620,429,0
3277,98,1
1897,4,1
52939,91,0
1684,540,1
2186,245,1
4788,13,0
2627,138,1
70310,9,0
46,582,1
104122,4,0
76126,72,0
93768,21,0
45502,154,0
60290,510,0
26790,464,0
901,728,1
801,109,1
52061,40,0
42962,704,0
63979,139,0
276,600,1
1325,12,1
3162,39,1
15312,45,0
17390,433,0
47440,172,0
27881,24,0
33955,1124,0
59638,245,0
5400,82,0
42962,1228,0
82,78,1
49585,264,0
358,36,1
10867,882,0
10881,24,0
257,15,1
55704,156,0
513,24,1
76816,246,0
1530,456,1
57390,24,0
13323,233,0
95800,175,0
31941,21,0
1108,21,1
1672,269,1
5241,1176,1
439,1199,1
1517,1256,1
57690,1441,0
74228,282,0
947,961,1
56,1207,1
10610,464,0
99375,67,0
14368,13,0
992,92,1
3132,6,1
415,1394,1
1230,54,1
50552,24,0
182,84,1
335,1207,1
32,465,1
15681,1124,0
46877,1102,0
20776,97,0
92530,24,0
37689,1194,0
4190,251,1
704,1194,1
93597,183,0
23468,33,0
96911,170,0
7793,776,0
6055,776,1
94831,339,0
69379,4,0
102557,431,0
46764,1207,0
27760,273,0
578,9,1
3797,1196,1
1169,209,1
778,44,1
43058,458,0
3505,35,1
3229,149,1
59305,776,0
14251,1210,0
83493,878,0
1541,15,1
36340,0,0
73816,445,0
2559,283,1
197,39,1
2820,351,1
100368,53,0
2544,128,1
1939,263,1
47533,0,0
384,109,1
80949,24,0
3333,189,1
2908,38,1
4918,114,1
25044,61,0
968,452,1
90374,150,0
26200,501,0
413,17,1
99734,177,0
547,13,0
60,64,1
2389,394,1
784,155,1
66739,230,0
1061,245,1
3789,431,0
1507,4,1
11395,207,0
40174,203,0
99598,1035,0
79920,1193,0
19002,431,0
2698,74,1
69537,1007,0
5123,1197,1
92330,5,0
3846,477,1
601,109,1
73027,520,0
647,270,1
5978,248,1
39456,455,0
1721,220,1
22281,58,0
2165,114,1
57927,76,0
3162,24,1
3721,109,1
1517,80,1
397,791,1
1434,217,1
22636,24,0
29242,434,0
4975,1196,1
106398,215,0
6162,40,1
50750,318,0
31625,1194,0
262,682,1
1318,157,1
52242,1309,0
1398,150,1
575,21,1
27232,21,0
43855,40,0
23225,175,0
3892,844,1
587,191,1
69137,783,0
67101,40,0
1438,80,1
620,1167,1
59718,252,0
112,39,1
20,379,1
18027,458,0
2658,82,1
4610,364,1
2635,177,1
1679,9,1
3300,593,1
317,234,1
3385,431,1
2175,504,0
104685,478,0
3259,437,1
53547,882,0
1288,40,1
1615,36,1
5155,9,1
52561,109,0
4014,175,1
806,109,1
43861,35,0
681,179,1
2784,1198,1
287,152,1
17231,21,0
1988,1,1
1907,76,1
1427,285,1
65445,504,0
924,45,1
463,972,1
96030,189,0
91,54,1
1565,61,1
101160,220,0
351,111,1
30229,40,0
2430,37,1
12924,80,0
65315,58,0
15143,744,0
1917,150,1
1270,2,1
103857,1005,0
2745,776,1
14147,207,0
188,57,1
103148,1394,0
54622,177,0
5758,657,1
32043,97,0
71391,251,0
4130,1207,1
54,29,1
66706,282,0
1644,263,1
4566,1197,1
3931,308,1
86990,58,0
2179,913,1
35210,1322,0
4731,961,1
58,64,1
91171,76,0
1491,607,1
1836,114,1
2597,1207,1
1603,177,1
16093,768,0
299,351,0
86670,3,0
957,256,1
1393,196,1
69911,129,0
17543,24,0
76,21,1
2485,352,1
38265,98,0
922,283,1
13786,1076,0
105437,1253,0
22325,12,0
4985,1196,1
99801,5,0
5512,41,1
1865,35,1
42911,282,0
54310,458,0
336,41,1
269,79,1
549,574,1
22982,1198,0
26,47,1
5820,1151,0
2572,109,1
188,36,1
4494,431,1
4402,40,1
104565,274,0
222,129,1
108,297,1
9506,281,0
1563,405,1
3639,1149,1
6829,331,0
52478,481,0
152,233,1
92402,4,0
2485,100,1
13082,29,0
96058,65,0
1427,688,1
40923,776,0
85,54,1
29200,304,0
35524,394,0
2126,337,1
11850,403,0
96548,392,0
100270,78,0
55,29,1
266,728,1
1798,109,0
80339,41,0
68243,37,0
2073,798,1
437,973,1
93020,0,0
23392,1068,0
1399,35,1
4107,1198,1
38102,221,0
13836,363,0
98518,542,0
91697,4,0
2885,252,1
1637,0,1
1740,1200,1
49574,21,0
44886,648,0
64955,319,0
2642,430,1
9707,430,0
93312,45,0
96644,24,0
31457,783,0
70693,431,0
233,98,1
13606,859,0
71329,217,0
1773,150,1
104491,118,0
306,458,1
59012,793,0
912,1299,1
88860,179,0
593,13,1
53,491,1
60671,21,0
17292,1197,0
1306,13,1
36138,89,0
89285,636,0
3603,92,0
426,192,1
98226,1,0
92769,61,0
1040,114,1
29251,82,0
41822,21,0
10214,41,0
4294,0,1
41844,73,0
125,97,1
1504,36,1
437,790,1
86416,1200,0
56,820,1
3442,17,1
155,79,1
284,9,1
80901,110,0
37434,67,0
1810,36,1
2823,955,1
88890,504,0
1636,776,1
69412,221,0
44990,89,0
3025,41,1
2832,58,0
2362,1194,0
85105,36,0
62429,24,0
883,24,1
96719,149,0
105085,6,0
30849,205,0
95131,45,0
156,458,1
25317,40,0
98777,36,0
7986,1200,0
57240,15,0
8760,555,0
4651,1176,1
16384,21,0
1797,282,1
79316,171,0
27619,1196,0
2412,40,1
1832,961,1
313,1394,1
49993,413,0
4150,232,1
5978,207,1
44346,18,0
57999,778,0
61250,1122,0
14731,71,0
3854,8,1
101611,484,0
104411,1207,0
3480,37,1
80628,462,0
1367,36,1
70664,859,0
105256,189,0
42566,105,0
618,175,1
135,269,1
97530,205,0
43515,39,0
77151,1207,0
76005,44,0
565,39,1
3143,208,1
42172,1207,0
557,882,1
27273,1197,0
94863,97,0
2671,173,1
63205,39,0
575,58,1
1275,40,1
63521,1,0
3187,58,1
5978,189,1
679,105,1
96920,352,0
765,128,1
79456,1245,0
1066,175,1
5283,431,1
1610,995,1
65072,776,0
25448,17,0
2365,265,1
2849,364,1
1768,180,1
783,206,1
576,315,1
71492,58,0
20424,776,0
85866,45,0
58695,500,0
1615,40,1
67016,220,0
7873,1257,0
59799,776,0
1910,61,1
917,245,1
97611,91,0
5004,1210,1
27379,28,0
22929,177,0
1399,105,1
2316,65,1
78160,877,0
1455,919,1
62746,170,0
2608,40,1
2319,2,1
3461,2,1
52961,227,0
344,765,1
89988,955,0
31957,394,0
722,180,1
2209,107,1
106411,256,0
5474,1200,0
42046,98,0
82382,171,0
87691,171,0
37385,5,0
103170,64,0
42920,248,0
1000,431,1
27230,233,0
33205,1197,0
2180,18,1
15299,1196,0
90357,391,0
1666,40,1
1699,36,1
77367,196,0
97607,78,0
586,463,1
6533,392,0
69265,265,0
483,139,1
3474,6,1
1465,24,1
2126,1200,1
86077,433,0
48687,1124,0
2460,53,1
411,80,1
3697,255,1
415,65,1
1321,89,1
261,949,1
557,154,1
1099,431,1
75018,239,0
56059,233,0
336,616,1
96139,527,0
22555,292,0
48391,183,0
57738,177,0
26892,13,0
106159,21,0
81063,80,0
387,233,1
1350,150,1
15396,253,0
5265,177,1
16643,253,0
94922,1269,0
103161,1,0
2429,877,1
3148,468,1
1336,878,1
5355,504,0
50528,606,0
89793,9,0
6409,38,0
34630,47,0
77129,100,0
84713,98,0
24201,1194,0
12982,57,0
5461,6,1
1078,76,1
1464,171,1
112,1193,1
751,1197,1
56212,482,0
1576,29,1
1929,2,1
3122,681,1
1193,1207,1
50804,880,0
81897,431,0
1348,61,1
26212,72,0
67652,189,0
77468,1,0
102641,596,0
1705,84,1
84873,21,0
100400,150,0
1975,39,1
2438,344,1
62945,5,0
47719,269,0
262,190,0
57796,376,0
4805,1194,1
14582,61,0
703,270,1
59314,39,0
75477,408,0
136,800,1
377,31,1
37091,37,0
97293,111,0
18914,61,0
1485,130,1
37975,21,0
2440,173,1
39242,69,0
3327,125,1
497,955,1
2554,64,1
890,38,1
27286,111,0
1188,621,1
3079,1101,0
1169,109,1
17101,89,0
76370,6,0
89233,109,0
90209,245,0
1349,150,1
94800,417,0
1979,38,1
556,724,1
2373,882,1
133,109,1
56611,145,0
98083,98,0
1205,189,1
68286,84,0
39882,801,0
335,0,1
22724,253,0
2384,47,1
1364,597,1
6103,0,1
47665,150,0
57543,4,0
3028,9,1
26974,193,0
397,578,1
3109,376,1
127,97,1
981,1124,0
103,220,1
14875,681,0
4373,31,1
2755,24,1
98129,9,0
3772,364,1
52031,109,0
55752,352,0
54318,502,0
564,913,1
70539,98,0
6229,78,0
49519,247,0
2098,76,0
51506,175,0
53666,29,0
76423,109,0
497,616,1
91164,821,0
1987,19,1
4386,258,1
3562,1224,1
6059,263,1
43060,21,0
94283,150,0
76,153,1
3264,13,1
4162,877,1
997,636,1
21264,534,0
82580,206,0
4558,9,1
356,477,1
30846,200,0
456,153,1
1690,288,1
437,431,1
3252,177,1
77006,173,0
44,53,1
28782,788,0
94701,776,0
587,3,1
69043,468,0
8981,91,0
1658,431,1
261,954,1
1207,1194,1
1536,776,1
1163,852,1
1692,485,1
96121,41,0
167,270,1
105310,206,0
5368,21,1
2212,21,1
2428,9,1
3113,76,1
55340,150,0
69277,111,0
39116,36,0
1398,953,1
984,344,1
411,1124,1
107,0,1
75707,177,0
20,961,1
3604,233,1
99116,112,0
16736,9,0
2035,555,1
80498,170,0
14595,73,0
108,882,1
1930,109,1
541,308,1
259,317,1
2439,91,1
89450,501,0
4191,394,1
13736,974,0
619,12,1
22447,744,0
291,220,1
2453,74,1
97106,57,0
7990,1198,0
948,44,1
4042,636,1
415,13,1
928,21,1
2418,191,1
127,171,1
11024,318,0
26592,269,0
94237,177,0
95452,215,0
335,17,1
7329,643,0
98179,72,0
51855,382,0
45319,97,0
2727,21,1
587,1,1
79014,394,0
101933,44,0
1463,477,1
3366,341,1
68380,321,0
29396,209,0
1699,61,1
1136,220,1
64776,1,0
1519,58,1
52349,438,0
106397,12,0
2310,58,1
40521,21,0
3010,1051,1
55705,783,0
18360,35,0
11687,79,0
29964,45,0
317,288,1
2686,79,1
86492,878,0
1107,124,1
58453,91,0
306,832,1
97888,431,0
2645,21,1
63825,24,0
34255,351,0
31,217,1
23923,89,0
2115,39,1
16861,818,0
809,431,1
60036,58,0
2752,150,1
2700,44,1
1614,321,1
179,190,1
1504,91,1
1521,4,1
80789,247,0
15825,6,0
5067,1197,1
98030,37,0
90372,478,0
11414,141,0
936,5,1
53780,105,0
11,145,1
69160,170,0
26,64,1
1644,1253,1
92754,431,0
66340,503,0
3016,5,1
16611,21,0
80889,953,0
96494,214,0
24643,673,0
86839,39,0
2346,202,1
14759,44,0
1755,198,1
15966,1207,0
23142,256,0
417,84,1
186,230,1
72299,877,0
39370,172,0
102982,255,0
397,248,1
156,460,1
25067,203,0
62414,37,0
902,1245,1
1300,82,1
8284,1170,0
31917,318,0
71,41,1
20320,97,0
1632,98,1
39858,231,0
2708,145,1
67131,1196,0
2381,18,1
60802,44,0
256,33,1
93351,9,0
587,433,1
66974,82,0
42735,71,0
72971,247,0
71,160,1
944,263,1
26339,1207,0
23128,965,0
8164,177,0
2044,394,1
2529,29,1
41800,1122,0
2986,3,1
70263,1394,0
493,114,1
136,461,1
470,109,1
1641,305,1
19706,58,0
97183,488,0
22781,8,0
3578,283,1
80503,172,0
3389,296,1
2885,594,1
378,68,1
910,114,1
59350,64,0
6059,37,1
84424,78,0
86912,17,0
1696,424,1
14058,189,0
1399,33,1
21,41,1
95293,82,0
910,456,1
42268,9,0
72049,221,0
106228,1207,0
24,9,1
1674,44,1
204,1194,1
94216,45,0
41736,621,0
91084,1198,0
65691,111,0
8069,362,0
71423,58,0
65221,29,0
3344,9,1
73251,248,0
57509,156,0
5222,503,1
332,45,1
3644,0,1
227,40,1
1760,179,1
36672,109,0
5319,460,1
87214,35,0
96504,12,0
22342,82,0
1062,431,1
28861,791,0
642,431,1
4132,21,1
5612,78,0
218,639,1
3841,1207,1
1821,41,1
182,114,1
3010,972,1
63470,233,0
1783,158,1
1017,4,1
4578,859,1
2418,269,1
87756,431,0
357,221,1
1615,1226,1
75,44,1
1674,67,1
2428,141,1
101847,253,0
1334,669,1
10811,91,0
85138,1010,0
73397,305,0
841,3,1
100851,109,0
1445,24,1
281,627,1
1363,24,1
16510,175,0
2230,238,1
3482,217,1
26,173,1
910,200,1
233,68,1
90322,6,0
3227,351,1
2455,18,0
3867,1207,1
81945,78,0
1470,1196,1
39026,21,0
1031,339,1
19372,57,0
105296,47,0
1739,808,1
77094,946,0
69242,1194,0
47378,1093,0
1574,206,0
5161,1197,1
100349,292,0
32987,452,0
96801,394,0
44090,1199,0
9364,177,0
3120,0,1
5258,1,1
1362,321,1
36132,327,0
81634,246,0
1842,1334,1
3541,381,0
43364,128,0
70405,13,0
1288,177,1
89174,1197,0
863,109,1
39,433,1
59250,9,0
4192,177,1
811,12,1
84125,114,0
4709,220,1
126,15,1
228,521,1
5210,1198,1
1984,139,0
91224,39,0
4093,878,1
603,109,1
13037,6,0
3182,18,1
22659,109,0
30898,859,0
66505,87,0
94519,68,0
95372,21,0
83683,180,0
618,390,1
1033,220,1
1474,47,1
80671,109,0
95963,30,0
100435,382,0
55273,231,0
15369,128,0
31908,880,0
46536,31,0
2885,98,1
46708,40,0
31447,128,0
93022,58,0
49279,29,0
2355,438,1
2175,137,1
69909,252,0
1753,89,1
3979,878,1
5283,180,1
986,1,1
5891,394,1
928,776,1
11099,84,0
358,449,1
11922,682,0
46058,897,0
94891,1194,0
103261,35,0
727,80,1
1098,1198,0
40186,5,0
3550,464,1
65829,105,0
543,12,1
1805,623,1
1195,58,1
55904,394,0
51265,56,0
31,337,1
101134,71,0
63070,431,0
46002,1222,0
4270,82,1
53,189,1
4684,150,1
2485,109,1
9221,74,0
1035,111,1
1401,621,1
132,1198,1
63893,961,0
84565,884,0
52963,394,0
22355,776,0
3660,13,1
12651,24,0
41190,39,0
574,87,1
1887,217,1
3812,232,1
17450,460,0
2148,175,1
56858,885,0
21360,256,0
37702,40,0
54319,171,0
114,35,1
3201,657,1
14571,9,0
2170,438,1
244,715,1
20818,243,0
86622,109,0
65063,269,0
1081,259,1
209,21,1
27735,263,0
49052,125,0
1693,111,1
2159,76,1
51615,941,0
5705,1207,1
2129,74,1
92,71,1
1000,65,1
3195,776,1
21613,246,0
1668,788,1
2283,58,1
21168,1,0
1536,39,1
49177,541,0
38468,478,0
2549,78,1
103908,124,0
86542,21,0
1361,521,0
76770,114,0
1517,230,1
65916,820,0
346,38,1
2997,1023,1
24626,351,0
4532,761,1
49620,78,0
33427,305,0
3263,45,1
91651,4,0
248,87,1
35561,1073,0
1092,503,1
56653,464,0
74137,169,0
755,119,1
916,73,1
83430,1210,0
85805,1197,0
239,394,1
75353,1400,0
79197,21,0
33048,80,0
3,880,1
5346,256,1
912,0,1
88677,693,0
1226,72,1
1668,40,1
61638,100,0
47591,3,0
34589,41,0
11014,246,0
300,140,1
105878,270,0
4469,129,1
508,248,1
2774,247,1
1632,1468,1
987,13,1
2613,109,1
85057,58,0
3344,37,1
71558,38,0
557,809,1
25277,468,0
5413,263,0
10160,256,0
56247,1197,0
20664,68,0
1700,114,0
381,776,1
26,474,1
14424,880,0
25033,375,0
312,150,1
5893,561,1
313,321,1
5983,776,1
67833,1197,0
43766,822,0
262,151,1
912,150,1
95519,1224,0
1434,40,1
2126,246,1
30,61,1
1812,68,1
2435,177,1
52452,13,0
80026,21,0
55088,72,0
7338,89,0
6217,551,1
45824,394,0
4190,877,1
88845,252,0
2435,1,1
101,141,1
5184,1210,1
1077,259,1
52449,776,0
68760,1194,0
894,68,1
67679,599,0
3239,21,1
42985,154,0
85502,844,0
53000,1210,0
91693,6,0
383,1249,1
4696,57,0
31158,53,0
2003,282,1
96577,238,0
64993,623,0
2022,501,1
1693,140,1
1722,13,1
94425,156,0
95750,1011,0
102420,430,0
1821,13,1
14019,45,0
4623,1207,1
1273,519,1
44304,6,0
1306,64,1
315,220,1
42145,1396,0
96826,1124,0
45665,784,0
304,859,1
2669,351,1
939,1394,1
5443,331,1
2202,309,1
56105,800,0
1491,503,1
70488,114,0
2023,905,1
20546,458,0
99099,366,0
39742,105,0
1333,423,1
850,593,1
561,9,1
8801,1198,0
5325,100,1
94502,520,0
217,327,1
4750,1279,1
2735,364,0
13809,154,0
30045,40,0
18356,248,0
318,197,1
86058,247,0
3284,954,1
2222,626,1
262,568,1
49,45,1
5893,460,0
818,519,1
52616,18,0
327,506,1
1491,151,1
40639,431,0
1367,105,1
6676,57,0
1549,255,1
1691,883,1
84524,172,0
35293,48,0
105720,153,0
207,206,1
51805,205,0
2138,362,1
197,98,1
23975,456,0
456,71,1
2441,13,1
4006,878,1
50365,58,0
38900,5,0
167,53,1
31889,1194,0
58058,36,0
75523,169,0
2506,203,1
25323,1196,0
46796,80,0
4307,9,1
90665,65,0
59253,1197,0
338,125,1
30453,76,0
75421,9,0
102993,98,0
1812,69,1
262,882,1
388,1313,1
4575,1124,1
1981,105,1
2443,918,1
760,220,1
24853,41,0
29529,155,0
2459,189,1
45300,24,0
1241,1439,1
2823,954,1
3105,40,1
51581,465,0
1614,1193,1
34497,1194,0
64259,404,0
83463,114,0
912,711,1
61929,693,0
1424,109,1
50034,215,0
3550,41,1
4048,878,1
4315,89,1
91764,636,0
2848,718,1
1090,1011,1
2383,1032,1
69933,438,0
58041,1124,0
3797,331,1
244,47,1
79981,130,0
91629,15,0
66739,175,0
96606,9,0
70846,949,0
68765,1197,0
21777,823,0
3521,41,1
675,921,1
83489,795,0
100397,776,0
60189,157,0
1826,6,1
9327,1456,0
21599,74,0
50256,76,0
61783,6,0
23,1207,1
45544,1210,0
378,33,1
365,44,1
912,661,1
3191,130,1
25596,24,0
2793,141,1
13104,626,0
543,41,1
104137,39,0
96910,111,0
612,302,1
1692,82,1
15,17,1
63014,905,0
82835,227,0
1602,252,1
61501,98,0
1074,17,1
40126,12,0
19394,251,0
3950,1,1
105571,404,0
13252,283,0
37286,942,0
1674,71,1
29412,844,0
73560,1227,0
92032,394,0
2005,114,1
1270,1194,1
75810,16,0
53878,114,0
44022,12,0
96464,41,0
100561,16,0
96248,394,0
3208,172,1
1078,65,1
2772,1363,1
40502,4,0
774,1,1
86087,72,0
85443,177,0
86656,304,0
52548,1193,0
64,109,1
40936,145,0
37638,1202,0
87953,1226,0
3454,122,1
71643,33,0
90992,1200,0
262,114,1
67111,13,0
51291,1433,0
2688,4,1
8373,431,0
63621,1207,0
2386,109,1
47934,45,0
19572,1207,0
59956,39,0
37493,265,0
765,484,1
475,823,1
14754,877,0
5322,21,1
3579,109,1
68706,33,0
72076,394,0
75308,98,0
24298,431,0
46633,5,0
497,776,1
249,242,1
518,792,1
68689,520,0
92121,910,0
1268,28,1
19434,1198,0
100008,284,0
1789,235,1
3116,2,1
11354,844,0
32867,486,0
966,9,1
86235,48,0
58813,198,0
6388,13,0
46517,503,0
7518,15,0
34860,989,0
94704,263,0
9867,1207,0
28379,961,0
4814,1210,1
75036,87,0
3054,431,1
68504,379,0
5534,193,1
96665,878,0
332,41,1
30692,29,0
1798,155,1
2908,45,1
896,12,1
11426,435,0
79161,16,0
75771,394,0
2196,880,1
98712,98,0
1674,255,1
746,21,1
1471,150,1
11182,256,0
1695,956,1
5415,1396,1
57857,41,0
950,555,1
104216,21,0
43734,410,0
88700,256,0
4173,1210,0
1450,1411,1
103381,256,0
1645,9,1
587,460,1
77578,331,0
295,6,1
917,1218,1
2446,1245,1
300,244,1
66525,481,0
61592,65,0
29376,245,0
15856,30,0
62713,33,0
315,582,1
81012,213,0
24758,21,0
79201,21,0
4337,1197,1
262,246,1
77868,1371,0
102842,150,0
2935,13,1
4554,9,1
96748,12,0
1204,206,1
557,258,1
54282,1200,0
32408,704,0
80951,151,0
45653,109,0
249,473,1
2084,8,1
500,175,1
1521,949,1
5685,468,0
72145,44,0
629,694,1
917,502,1
102380,177,0
59036,424,0
388,1198,1
3948,844,1
26904,130,0
26,41,0
5482,1396,1
94629,431,0
98087,221,0
65763,151,0
252,1210,1
1108,33,1
28926,13,0
6088,78,1
2408,253,0
99389,1207,0
302,502,1
58930,4,0
3366,504,1
55888,256,0
764,12,1
29424,5,0
933,64,1
666,47,1
969,114,1
53231,673,0
67579,265,0
15527,45,0
19143,21,0
78501,21,0
80692,1194,0
28039,58,0
3620,8,1
480,16,1
2415,394,1
1657,784,1
1611,1187,1
71967,87,0
2373,173,1
2274,791,1
4643,1198,1
40101,1,0
188,247,1
4306,39,1
33108,200,0
2033,38,1
62448,24,0
22205,282,0
4387,394,1
1610,462,1
10160,13,0
79497,220,0
13679,671,0
2410,1196,1
2023,917,1
4354,38,1
5978,974,1
57920,235,0
9093,125,0
1693,1200,1
94766,0,0
51404,1202,0
5626,910,1
43429,39,0
1366,246,1
890,283,1
95133,4,0
100881,221,0
88148,27,0
85422,76,0
3133,36,1
29730,76,0
3162,21,1
43758,150,0
4407,1207,1
615,1199,1
99148,251,0
27902,674,0
557,927,1
137,464,1
20365,941,0
7936,233,0
85789,1124,0
12321,33,0
35633,125,0
508,245,1
4447,47,1
1425,109,1
3067,221,1
52,248,1
84079,481,0
35,721,1
552,1034,1
2740,0,1
2998,39,1
101887,40,0
23372,91,0
59355,45,0
8422,97,0
73870,129,0
124,951,1
885,245,1
96043,105,0
60458,1461,0
21319,431,0
680,44,1
100029,614,0
44907,431,0
56174,524,0
79250,506,0
2386,1307,1
38118,344,0
829,606,1
22968,109,0
5294,458,1
165,177,1
21658,942,0
1461,89,1
88491,6,0
65389,33,0
84649,173,0
54814,205,0
85133,1207,0
97945,220,0
681,882,1
84955,44,0
1509,1199,1
51957,814,0
2668,40,1
135,1222,1
3116,58,1
42201,13,0
90862,29,0
1982,41,1
1425,152,1
1537,877,1
5068,1210,1
95818,1,0
2213,180,1
4116,61,1
15579,1197,0
853,105,1
2357,1228,1
35717,47,0
4636,1122,1
135,190,1
21469,429,0
25780,36,0
170,133,1
1364,941,1
246,24,1
2956,225,1
1366,37,1
1798,621,1
1171,783,1
3207,21,1
1455,488,1
22272,47,0
2724,220,1
30041,209,0
500,564,1
49,253,1
31459,736,0
56912,84,0
640,256,1
355,41,1
49,456,1
50778,45,0
70207,420,0
616,17,0
4211,1199,0
50564,394,0
90613,125,0
37583,595,0
40978,394,0
101,186,1
1615,44,1
89267,1234,0
7337,520,0
6253,29,1
25606,233,0
875,114,1
31651,445,0
921,12,1
2602,1210,1
559,68,1
57448,381,0
1662,256,1
35144,961,0
427,174,1
23197,984,0
2761,424,1
65575,256,0
35778,128,0
1272,194,1
102878,141,0
22546,69,0
3543,288,1
1753,13,1
2931,232,1
227,234,1
82866,177,0
74465,114,0
497,953,1
318,616,1
3451,57,1
1702,362,1
75201,220,0
4658,431,1
2249,741,1
3253,0,1
2739,41,1
2447,776,1
2891,307,1
82099,171,0
87538,24,0
90737,430,0
69276,1,0
2922,107,1
3197,394,1
70181,65,0
2368,9,1
46046,100,0
335,130,1
51954,1012,0
11346,109,0
541,436,1
388,1207,1
9909,149,0
916,68,1
1,220,1
31941,252,0
65184,429,0
2751,78,1
1088,391,1
4314,1461,1
3158,129,1
442,269,1
84158,1207,0
1615,4,1
92769,3,0
16491,121,0
74218,217,0
1647,440,1
3197,195,1
3259,431,1
21458,5,0
84887,282,0
156,45,1
47350,0,0
5252,4,1
2315,107,1
391,24,1
1233,152,1
12150,193,0
1517,65,1
211,269,1
2,150,1
2018,984,1
1695,944,1
40835,15,0
157,1309,1
12214,948,0
2908,1197,1
730,1210,1
96627,464,0
29426,426,0
25,58,1
86516,9,0
64684,171,0
60048,252,0
569,21,1
211,394,1
676,270,1
30862,15,0
3902,905,0
47434,1124,0
40319,170,0
58116,431,0
28070,44,0
4294,909,1
8485,100,0
4574,431,1
44099,21,0
5720,283,1
97332,24,0
313,141,1
17887,1308,0
4845,109,1
81628,1228,0
548,57,1
2434,247,1
79869,21,0
2451,1207,1
98599,13,0
83,33,1
38727,0,0
9678,705,0
16677,1092,0
884,45,1
43616,109,0
64322,65,0
4067,877,1
56075,1200,0
127,141,1
1645,21,1
2081,79,1
33548,889,0
423,788,1
65537,524,0
222,193,1
166,500,1
9287,531,0
1973,255,1
256,501,1
24816,122,0
1550,40,1
1989,13,1
78328,245,0
2669,171,1
10984,152,0
20483,13,0
139,481,1
56,150,1
983,822,1
3347,17,1
10243,882,0
90455,78,0
95566,65,0
11472,38,0
99082,1396,0
101,776,1
1108,36,1
2608,269,1
4193,285,1
57816,16,0
93352,9,0
1366,41,1
1024,39,1
618,6,1
2885,503,1
3897,28,1
103012,391,0
76381,175,0
34959,66,0
81628,150,0
23203,596,0
1604,1124,1
1981,61,1
16351,9,0
218,0,1
60884,394,0
44944,776,0
102897,606,0
575,944,1
7760,327,0
95051,270,0
58496,24,0
1455,1,1
80001,220,0
2713,58,1
18804,431,0
75340,776,0
24986,391,0
24361,111,0
1496,1,1
3162,263,1
60974,173,0
573,318,1
1348,160,1
58685,903,0
40665,288,0
2519,203,1
43689,41,0
6540,433,0
88501,50,0
557,568,1
291,776,1
1136,105,1
1448,456,1
41656,503,0
8176,234,0
3152,629,1
54509,431,0
2810,433,1
934,394,1
5461,78,1
3061,1394,1
575,38,1
1336,256,1
76592,15,0
2852,282,1
39221,394,0
1798,1074,1
72732,66,0
97113,305,0
69081,177,0
2088,258,1
398,21,1
66927,391,0
68669,783,0
93872,882,0
103611,270,0
950,82,1
96804,177,0
20512,24,0
1807,207,1
20323,200,0
20780,1,0
80843,21,0
2384,744,1
555,321,1
13721,18,0
94389,177,0
10249,431,0
4694,91,0
2885,21,1
62480,151,0
13103,41,0
76878,128,0
5412,1207,1
38344,39,0
83234,776,0
5801,177,1
4675,41,1
4802,318,1
3634,283,1
204,614,1
1314,38,1
3563,944,1
1742,73,1
1625,1124,1
2364,1222,1
85,281,1
86343,61,0
902,58,1
79917,1,0
917,64,1
37,479,1
416,1207,1
924,0,1
40734,269,0
2629,394,1
111,105,1
99018,45,0
83692,61,0
10324,0,0
98152,245,0
2647,21,1
100963,429,0
188,621,1
51294,114,0
1183,64,1
54,1193,1
188,158,1
3698,202,0
3644,456,1
95517,0,0
85394,44,0
4843,1210,1
3818,232,1
1362,9,1
150,79,1
50245,206,0
6072,1202,1
1051,24,1
18098,245,0
1475,776,1
54280,39,0
114,200,1
313,247,1
54505,124,0
35518,1439,0
2468,382,1
1608,964,1
25,885,1
3742,21,1
1087,364,1
34819,540,0
101425,35,0
38535,78,0
57849,313,0
8201,1468,0
24216,21,0
289,1303,1
15011,175,0
357,1400,1
29642,339,0
268,163,1
16235,179,0
1064,391,1
18999,458,0
1150,89,1
2126,91,1
93003,160,0
1163,5,1
100517,1423,0
575,503,1
912,37,1
71479,57,0
10999,2,0
2561,39,1
26816,193,0
115,263,1
3689,150,1
89580,39,0
365,41,1
584,6,1
63158,317,0
35516,419,0
26066,105,0
64989,17,0
5783,394,1
1897,1101,1
81546,21,0
58034,255,0
22629,171,0
2129,72,1
79012,13,0
50724,13,0
620,48,1
5306,587,1
103770,789,0
4255,13,0
58109,17,0
100027,220,0
365,255,1
3698,435,1
583,339,1
102200,31,0
95507,281,0
1910,97,1
83578,45,0
101853,429,0
557,247,1
9360,170,0
2439,40,1
1362,40,1
66234,21,0
83281,913,0
208,466,1
22478,569,0
91841,304,0
47,114,1
46910,1197,0
84005,71,0
1491,12,1
30,40,1
8955,1245,0
85439,91,0
13964,33,0
243,18,1
4914,1198,1
936,213,1
76325,460,0
77094,170,0
58667,41,0
5288,461,0
3932,517,1
22996,24,0
15826,160,0
70714,744,0
1053,31,1
2435,776,1
54602,112,0
6794,229,0
1625,80,1
101694,283,0
631,424,0
5913,921,1
72518,14,0
3451,58,1
2011,58,1
629,89,1
103,1,1
16989,92,0
54984,13,0
98341,53,0
26458,1075,0
85,39,1
1521,793,1
29143,315,0
45450,985,0
2672,253,1
75,252,1
2852,340,1
1598,1016,1
100920,41,0
2043,68,1
53653,877,0
89626,582,0
40508,58,0
2275,45,1
336,542,1
1035,433,1
5240,1194,1
3561,13,1
2017,576,1
3624,21,1
388,776,1
559,37,1
894,73,1
65754,68,0
20435,8,0
97361,98,0
30002,362,0
2549,950,1
37564,202,0
41590,177,0
99834,114,0
78788,878,0
61094,389,0
102632,5,0
1450,264,1
3604,4,1
212,788,1
101445,1032,0
51332,65,0
2439,175,1
48246,73,0
319,1207,1
1136,949,1
30,282,1
98263,1199,0
23641,88,0
50894,18,0
1214,45,1
4777,1210,1
2412,304,1
5960,636,1
3656,9,1
76766,82,0
1017,124,1
101,523,1
86511,49,0
14061,36,0
70600,1207,0
80674,949,0
98492,122,0
389,65,1
2365,1269,1
4788,3,1
1967,175,1
254,145,1
2862,13,1
2126,156,1
47069,220,0
387,551,1
58411,1147,0
1985,82,1
76632,114,0
87327,269,0
52,89,1
39611,68,0
19254,38,0
35268,352,0
111,58,1
65039,1197,0
2435,58,1
12878,776,0
29762,177,0
73718,263,0
106403,950,0
101,955,1
55900,263,0
95166,1124,0
49,252,1
1032,91,1
45,61,1
36636,0,0
77019,458,0
2336,150,1
2170,152,1
8325,39,0
1374,109,1
60333,1194,0
97120,1118,0
67596,521,0
81805,145,0
17769,68,0
6845,884,0
1159,114,1
423,72,1
98451,21,0
24339,949,0
101380,1244,0
112,4,1
26865,1272,0
5072,1197,1
88645,153,0
1171,394,1
68362,38,0
103257,29,0
43425,109,0
578,206,1
81699,74,0
45485,742,0
1618,172,1
101704,618,0
3657,39,1
1493,13,1
81680,35,0
4036,989,1
86598,256,0
33099,61,0
77697,1124,0
214,98,1
56,35,1
4171,844,1
74902,1200,0
44108,270,0
32699,9,0
2534,1207,0
3902,78,1
389,394,1
101460,1484,0
19738,13,0
77897,49,0
22353,795,0
412,1223,1
84407,859,0
14770,394,0
53648,21,0
927,263,1
4966,1196,1
67846,501,0
4481,33,1
1464,160,1
969,24,1
48,1193,1
1650,40,1
81643,68,0
33015,711,0
39138,263,0
300,1405,1
23536,531,0
36493,4,0
4039,877,0
16506,267,0
15576,36,0
1738,192,1
2145,76,1
33333,263,0
9210,69,0
583,79,1
4337,1207,1
635,366,1
4018,1198,1
5730,1430,1
1504,21,1
27,29,1
102706,344,0
2647,40,1
66184,281,0
595,109,1
5735,1198,1
13719,189,0
1952,886,1
42411,382,0
256,1004,1
261,154,1
66698,98,0
53,67,1
105591,21,0
38858,1222,0
3294,24,1
1604,583,1
618,401,1
97157,173,0
2373,312,1
81065,284,0
33998,300,0
6175,1392,1
65221,145,0
79433,180,0
87317,21,0
902,1222,1
25753,61,0
55599,235,0
64290,184,0
3443,78,1
477,109,1
47561,41,0
5326,118,1
73156,200,0
3974,305,1
3368,1194,1
1663,3,1
327,503,1
89507,491,0
357,283,1
8,111,1
1582,1037,1
63476,98,0
67586,177,0
10353,882,0
63484,245,0
155,353,1
2110,1457,1
1364,791,1
78345,3,0
1549,4,1
95233,506,0
55781,1280,0
5320,170,1
1618,21,1
88554,89,0
115,35,1
3597,105,1
76503,89,0
1033,202,1
99322,300,0
88197,403,0
3119,12,1
101893,5,0
3580,40,1
2885,793,1
19939,105,0
100075,21,0
450,30,1
70651,248,0
13874,15,0
24460,89,0
442,270,1
83,1199,1
1961,194,1
437,245,1
91421,391,0
644,307,1
83718,33,0
18,282,1
184,296,1
27482,196,0
46700,109,0
1597,138,1
15217,331,0
313,1257,1
1195,175,1
1092,45,1
41195,65,0
1640,823,1
87360,248,0
3017,4,0
86713,114,0
58463,64,0
46170,589,0
12084,40,0
98279,150,0
1063,263,1
36288,232,0
262,38,1
4313,431,1
288,859,1
1825,1207,1
8479,1198,0
232,64,1
790,17,1
1631,282,1
1631,867,1
68842,71,0
57881,194,0
1787,472,1
49304,177,0
245,17,1
85685,961,0
29,141,1
15796,9,0
177,304,1
53738,91,0
114,97,1
2453,309,1
2898,270,1
8805,54,0
71767,1,0
21786,230,0
998,1043,1
153,593,1
135,17,1
72462,1394,0
66159,109,0
155,124,1
53051,172,0
2548,961,1
35247,229,0
47080,9,0
2247,1124,1
1679,61,1
39767,5,0
2629,270,1
7294,1207,0
1806,110,1
950,98,1
591,156,1
32113,1199,0
233,35,1
365,504,1
2554,302,1
783,44,1
6013,3,1
222,30,1
34470,17,0
73419,150,0
6049,170,1
884,74,1
44189,264,0
18,1423,1
95542,9,0
4459,9,1
2412,142,1
391,273,1
18972,109,0
45569,21,0
2852,885,1
856,145,1
6419,193,0
28590,263,0
55883,4,0
1288,12,1
5561,150,1
1701,73,1
92,504,1
86784,173,0
480,18,1
4993,1322,1
5170,1198,1
25670,249,0
1752,288,1
9877,35,0
7207,44,0
500,961,1
578,189,1
97441,0,0
285,817,1
618,28,1
26950,636,0
1690,206,1
567,1207,1
57029,177,0
2044,16,1
3222,1,1
2313,109,1
42589,394,0
34334,227,0
2524,125,1
445,0,1
85245,175,0
24802,1207,0
24817,230,0
27366,82,0
2471,44,1
1314,502,1
3,5,1
105009,160,0
98751,68,0
14513,1198,0
4290,1315,1
27715,150,0
1222,24,1
304,39,1
128,581,1
63191,193,0
98803,1197,0
88031,419,0
4413,431,1
19543,918,0
96156,98,0
733,367,0
24107,1466,0
40668,180,0
1644,56,1
70,442,1
34093,97,0
2798,124,1
3586,1394,1
1900,149,1
1235,1124,1
3074,806,1
2004,838,1
71,791,1
793,80,1
74687,189,0
2440,263,1
26447,744,0
48187,821,0
27738,460,0
34445,28,0
1049,256,1
102531,9,0
376,795,1
5642,321,1
3459,24,1
70176,1244,0
422,109,1
79372,24,0
1639,1457,1
46168,177,0
90369,109,0
72320,114,0
48379,170,0
91076,97,0
122,1023,1
1007,3,1
41704,21,0
101442,4,0
84786,158,0
32125,56,0
41445,269,0
96,704,1
98390,337,0
21587,807,0
50373,125,0
3108,364,1
101,337,1
917,965,1
78351,39,0
983,78,1
50525,518,0
33628,12,0
82966,510,0
95915,445,0
55624,1210,0
2420,114,1
3952,431,1
16594,203,0
1674,0,1
3307,246,1
3336,13,1
1033,8,1
62029,431,0
10898,14,0
615,259,1
103272,882,0
62180,681,0
550,913,1
3229,170,1
88182,150,0
314,0,1
1367,160,1
86231,533,0
1253,37,1
102343,124,0
7182,1124,0
28941,795,0
108,92,1
227,89,1
66469,1196,0
28000,80,0
8297,155,0
83234,1196,0
40475,1207,0
3670,225,1
29535,47,0
24994,1198,0
52563,177,0
30866,69,0
1092,501,1
1629,65,1
57178,456,0
4870,1312,1
154,74,1
31796,40,0
13012,33,0
19196,1122,0
2364,859,1
86135,878,0
274,114,1
934,80,1
56034,24,0
72377,1,0
22674,270,0
2835,739,1
85331,21,0
168,6,1
1690,205,1
36707,107,0
53063,29,0
61627,694,0
1691,1074,1
98452,595,0
59034,24,0
57763,995,0
80635,12,0
16528,47,0
85839,47,0
530,305,1
70165,6,0
1265,40,0
5433,269,1
78353,206,0
4479,9,1
2885,69,1
183,798,1
68006,29,0
98504,231,0
5364,172,1
43431,21,0
98911,193,0
37443,21,0
17566,65,0
2918,468,1
1027,776,1
41707,955,0
105405,68,0
21834,283,0
49514,124,0
2240,114,1
1615,1193,1
67684,305,0
40053,130,0
70139,423,0
5734,78,1
90735,0,0
56,183,1
27766,1207,0
98904,198,0
53714,776,0
21,234,1
519,776,1
25048,91,0
921,33,1
14148,58,0
36339,1433,0
85054,502,0
89893,38,0
39445,776,0
27769,40,0
4591,270,1
3119,24,1
78663,179,0
83137,594,0
4546,1196,1
2383,331,1
4878,1333,1
2471,464,1
30708,340,0
25426,149,0
87613,78,0
3280,41,1
97953,1075,0
3746,1196,1
95547,252,0
591,91,1
262,76,1
53499,431,0
1035,344,1
70632,76,0
1235,269,1
97467,1196,0
114,791,1
437,264,1
11703,235,0
94481,344,0
92684,1216,0
105230,394,0
31,247,1
77444,16,0
72710,994,0
1632,58,1
31557,956,0
3307,248,1
2022,793,1
53587,91,0
1664,481,1
65427,65,0
2852,13,1
79424,1197,0
2935,12,1
76,233,1
2554,303,1
19112,431,0
73367,65,0
1052,193,1
70753,18,0
72989,394,0
38302,297,0
26621,37,0
93309,473,0
124,1294,1
696,209,0
227,21,1
28673,61,0
65166,35,0
1364,953,1
93882,246,0
1724,154,1
56,181,1
1442,0,1
188,235,1
2514,138,1
801,1194,1
45921,379,0
2639,376,1
84214,45,0
59458,82,0
2005,247,1
2439,431,1
965,473,1
5235,177,1
4167,109,1
35806,58,0
18023,44,0
230,197,1
2115,636,1
4258,344,1
2896,1196,1
3029,3,1
32220,109,0
1493,233,1
47560,623,0
4180,961,1
1768,206,1
63045,615,0
66965,1210,0
3981,878,1
3070,13,0
1227,9,1
3329,263,1
21791,6,0
39860,24,0
1084,606,1
83016,1269,0
724,1228,1
51978,21,0
69451,28,0
1560,13,1
2723,39,1
69200,2,0
47362,431,0
3490,776,1
10459,434,0
1863,129,1
14168,21,0
65968,247,0
53530,836,0
33771,253,0
99381,3,0
85124,82,0
17924,247,0
729,114,1
84147,109,0
5333,9,1
225,263,1
28101,24,0
94,27,1
285,91,1
41725,364,0
2075,1210,1
50044,560,0
4404,1498,1
7252,798,0
91222,47,0
61,5,1
24122,82,0
90409,45,0
9028,394,0
30067,1349,0
4828,1210,1
60455,281,0
25359,248,0
503,24,1
13346,9,0
5978,141,1
64340,1075,0
1169,832,1
72916,486,0
2735,21,1
61550,1394,0
809,29,1
3612,147,1
2555,403,1
2885,671,1
48626,264,0
2230,795,1
117,878,1
2771,38,1
82827,215,0
313,568,1
1205,177,1
85008,36,0
23238,621,0
98263,21,0
190,98,1
4071,177,0
8660,157,0
4615,394,1
3198,53,1
103242,533,0
188,728,1
2451,125,1
26650,504,0
188,9,1
58104,45,0
63934,344,0
7202,39,0
4934,425,0
85,541,1
35381,270,0
2336,109,0
636,1207,1
3527,78,1
58567,1197,0
85633,431,0
233,76,1
66814,0,0
72602,139,0
60243,41,0
1789,33,1
43230,24,0
19791,9,0
62746,206,0
57777,458,0
188,481,1
1819,481,1
55592,319,0
1797,105,1
162,47,1
6010,1456,1
1689,21,1
1990,205,1
51072,327,0
5316,776,1
52242,379,0
106457,264,0
4333,15,1
41,795,1
59,44,1
3869,1460,1
4517,9,1
917,445,1
2106,121,1
1061,431,1
182,1269,1
75,595,1
84800,171,0
2480,182,1
50619,147,0
1464,172,1
576,124,1
6476,1198,0
586,878,1
437,548,1
55825,255,0
65004,344,0
328,859,1
42893,44,0
47063,21,0
15570,256,0
207,456,1
67992,318,0
261,155,1
587,1197,1
84048,114,0
902,859,1
2908,39,1
336,212,1
34268,401,0
10370,12,0
759,685,1
82739,776,0
2668,45,1
101973,997,0
100217,47,0
56936,593,0
76,1200,1
52388,921,0
6150,124,1
25250,282,0
45896,156,0
712,89,1
73326,109,0
58543,431,0
1650,671,1
47,203,1
1399,24,1
1364,943,1
27349,670,0
1336,304,1
317,252,1
1905,431,1
351,1200,1
3038,434,1
17617,878,0
39559,776,0
603,961,1
19289,9,0
3675,1207,1
5699,910,1
5715,13,1
3846,318,1
56626,232,0
77838,109,0
5091,1197,1
91303,36,0
20091,33,0
3805,877,1
73038,45,0
304,1197,1
313,274,1
552,17,1
62629,4,0
52943,351,0
28991,259,0
490,305,1
59327,87,0
5890,1226,0
99598,258,0
12444,109,0
2194,58,1
2953,1207,1
2044,18,1
63445,263,0
5494,431,1
62419,31,0
46966,4,0
35851,186,0
98176,24,0
46329,468,0
8407,41,0
1618,114,1
2146,37,1
72644,1196,0
4896,253,0
2682,233,1
108,9,1
577,282,1
172,1210,1
3657,40,1
47421,351,0
335,518,1
1584,17,1
29457,1,0
60753,207,0
5153,1210,1
2276,403,1
23379,283,0
3064,158,1
37041,12,0
40822,205,0
1364,206,1
92,33,1
7962,944,0
53614,984,0
56285,150,0
96027,41,0
4749,1394,1
61,1394,1
5956,58,1
2559,1001,1
75082,527,0
8377,0,0
55886,1196,0
61,80,1
35142,281,0
783,38,1
28516,282,0
1228,904,1
67683,1032,0
19232,392,0
1466,221,1
55955,67,0
188,288,1
252,215,1
66660,145,0
43365,24,0
104950,253,0
743,109,1
302,38,1
1349,255,1
53861,89,0
3081,194,1
163,1124,1
727,394,1
3838,1456,0
99720,109,0
2439,141,1
26579,16,0
1499,44,1
104592,39,0
4157,109,1
79307,1394,0
2619,1034,1
227,1075,1
1333,269,1
100792,36,0
93803,47,0
52269,305,0
784,728,1
76837,1075,0
98378,1,0
2221,194,1
33316,64,0
25115,1124,0
4092,24,0
306,209,1
3597,217,1
618,643,1
253,21,1
71093,503,0
34496,37,0
45811,154,0
100908,15,0
575,207,1
442,1198,1
1747,16,1
42116,175,0
83,351,1
74471,1210,0
456,246,1
26173,347,0
14546,151,0
104318,13,0
885,246,1
3450,542,1
966,74,1
2460,18,1
157,40,1
2997,213,1
4537,0,1
67,1093,1
3707,4,1
2721,45,1
2666,1222,1
71,39,1
3577,274,1
591,248,1
20322,258,0
262,503,1
1563,800,1
5740,478,1
1615,45,1
15880,6,0
246,13,1
2451,394,1
2807,744,0
4278,205,0
84512,1210,0
1641,961,1
24108,253,0
56,927,1
81024,610,0
2444,13,1
2870,394,1
841,610,1
27184,21,0
14199,942,0
18554,1200,0
3303,503,1
73966,45,0
53954,1396,0
1933,152,1
37207,40,0
1661,150,1
59914,1,0
66,654,1
17558,47,0
85208,434,0
47799,79,0
76573,724,0
44408,791,0
5390,270,1
2820,217,1
89013,13,0
2022,73,1
5978,76,1
948,91,1
714,109,1
336,425,1
358,305,1
37680,114,0
17907,394,0
23438,246,0
55434,177,0
724,673,1
5708,1207,1
496,24,1
2549,220,1
49,882,1
62841,97,0
8974,1,0
2097,12,1
57584,805,0
5305,4,1
4195,21,1
78083,1394,0
2386,237,1
26,181,1
105948,3,0
33476,141,0
1937,269,1
53751,150,0
59566,109,0
1981,776,1
3580,180,1
48397,9,0
60996,682,0
94972,600,0
61558,1228,0
93162,150,0
4220,21,1
25745,225,0
898,35,1
388,1124,1
76996,174,0
4533,125,1
3625,458,1
2549,945,1
209,991,1
77232,283,0
3897,87,1
93,1124,1
2465,47,1
2854,1200,0
81064,13,0
2440,282,1
19018,376,0
5678,246,0
2213,160,1
346,39,1
1354,21,1
423,955,1
43773,119,0
5582,190,0
101098,431,0
54625,352,0
91591,44,0
2071,64,1
1511,431,1
94767,232,0
1249,61,1
2661,177,1
87362,124,0
21352,800,0
4177,247,1
2539,1207,1
2431,109,1
67932,673,0
84048,128,0
1078,249,1
17184,175,0
1167,738,1
2596,57,1
28609,791,0
266,91,1
1136,905,1
18479,379,0
95180,776,0
31020,1067,0
52622,456,0
76502,1,0
1380,160,1
2187,518,1
2097,114,1
58747,36,0
10834,35,0
5057,288,1
76,37,1
91046,1202,0
46375,28,0
3217,58,1
497,621,1
1806,125,1
26229,1197,0
47421,1210,0
83860,40,0
1660,13,1
927,150,1
4871,1198,1
3097,1394,1
32876,669,0
68777,39,0
35705,745,0
227,776,1
78381,224,0
63125,97,0
6218,309,1
52374,36,0
33010,124,0
932,844,1
3331,256,1
1348,21,1
4112,200,0
2642,109,1
233,252,1
51302,6,0
95652,698,0
56414,194,0
59903,57,0
72397,1,0
212,112,1
335,264,0
2371,38,1
73380,878,0
40181,232,0
84665,824,0
13007,98,0
44470,184,0
567,18,1
3043,21,1
1855,173,1
1036,386,1
69700,1207,0
2726,114,1
90316,57,0
2549,28,1
104362,806,0
1136,407,1
2418,518,1
5382,233,0
26901,21,0
86857,53,0
33553,518,0
1136,140,1
84458,456,0
35449,18,0
48803,961,0
557,569,1
99372,47,0
101487,892,0
29997,1199,0
11816,40,0
5954,315,1
32102,410,0
4006,945,0
1615,582,1
43974,755,0
829,111,1
3815,394,0
376,542,1
101883,331,0
11570,109,0
72803,246,0
74231,776,0
35160,141,0
219,220,1
933,0,1
4255,1193,1
16919,363,0
92,941,1
4111,273,1
1380,0,1
53,153,1
965,87,1
25580,12,0
49228,33,0
93674,82,0
966,520,1
901,35,1
4675,40,1
104875,36,0
1701,404,1
2852,97,1
5171,1198,0
966,21,1
106286,363,0
39190,189,0
267,53,1
77064,40,0
82339,28,0
80179,9,0
76,91,1
497,21,1
1445,91,1
97162,152,0
55793,213,0
941,78,1
17648,0,0
6059,24,1
11154,97,0
4698,344,1
983,1356,1
5755,798,0
149,220,1
86993,31,0
1795,109,1
73672,269,0
2848,381,1
5587,1210,1
1517,784,1
21645,111,0
1717,89,1
24288,179,0
57418,33,0
85977,281,0
85202,776,0
1914,375,1
67900,233,0
5651,1198,1
57884,304,0
95860,258,0
559,40,1
651,21,1
87511,282,0
87955,303,0
1739,1200,1
96715,424,0
1349,520,1
31096,153,0
45232,206,0
100861,309,0
61,45,1
2994,256,1
30358,1197,0
439,179,1
44611,1312,0
101820,41,0
3309,39,1
159,394,1
38625,16,0
66130,423,0
81058,15,0
100809,882,0
32871,57,0
102377,621,0
67623,21,0
25,41,1
402,488,0
33080,247,0
127,13,1
65037,87,0
81401,1074,0
1008,71,1
76,403,1
1657,823,1
45600,621,0
4113,255,1
102770,809,0
80903,1207,0
4411,431,1
6935,37,0
72100,882,0
365,1423,1
42873,954,0
72657,430,0
94819,233,0
35968,321,0
1491,157,1
600,109,1
559,205,1
83627,331,0
51880,1478,0
3883,80,1
118,344,0
20667,40,0
23761,621,0
909,1207,1
69936,24,0
93689,9,0
86017,578,0
2609,331,1
32087,196,0
1905,452,1
51695,989,0
2602,118,1
188,593,1
26899,67,0
2894,905,1
1493,12,1
4529,491,1
44032,460,0
3805,878,1
37846,24,0
100503,173,0
2305,89,1
10841,138,0
2668,156,1
38122,282,0
1164,41,1
94962,24,0
82350,44,0
99881,97,0
2837,445,1
222,961,1
1664,339,1
40016,33,0
996,114,1
54000,263,0
3452,47,0
2554,58,1
17330,109,0
4430,434,1
35282,145,0
31668,950,0
91614,460,0
522,190,1
93106,258,0
16286,74,0
70531,44,0
77663,71,0
746,621,1
54654,5,0
115,98,1
948,522,1
3658,6,1
95562,562,0
66846,237,0
2713,9,1
3586,878,0
41988,581,0
61720,29,0
3400,248,1
1239,8,1
11507,45,0
15998,252,0
96988,878,0
13945,949,0
66428,84,0
4411,304,1
10146,431,0
222,24,1
442,109,1
84283,125,0
4446,220,1
18461,64,0
1878,256,1
2605,1227,1
1336,1226,1
9862,114,0
2412,150,1
75150,128,0
39042,13,0
74967,518,0
102814,21,0
2649,21,1
496,548,1
2543,109,1
85651,172,0
5264,477,1
52801,964,0
50525,119,0
1442,57,1
71894,3,0
51181,3,0
420,394,1
34911,89,0
1248,41,1
39247,17,0
76756,109,0
211,214,1
1000,394,1
645,410,1
1618,171,1
43364,630,0
53537,47,0
6994,307,0
3109,878,1
1582,47,1
1366,253,1
26058,71,0
1033,401,1
79473,98,0
42370,1196,0
23092,878,0
13263,1200,0
4107,318,1
2468,877,1
2709,4,1
3084,1394,1
61,331,1
14874,109,0
475,53,1
13123,89,0
1099,109,1
9732,882,0
61587,520,0
36630,186,0
24561,324,0
559,892,1
11776,263,0
13740,333,0
26659,1207,0
858,363,1
2446,67,1
26,1124,1
103943,984,0
1208,58,1
52330,53,0
30450,189,0
2475,1210,1
157,839,1
95536,431,0
10251,882,0
987,1289,1
1456,1194,1
101202,583,0
1313,13,1
2444,247,1
92769,877,0
52759,1244,0
1332,394,1
377,1,1
531,305,1
1119,28,1
67409,253,0
859,109,1
20244,838,0
12534,1408,0
88692,125,0
1598,529,1
21199,331,0
19,430,1
67236,98,0
25553,909,0
6062,1216,1
4933,522,0
11472,91,0
4680,179,1
65432,1396,0
913,1224,1
376,98,1
71661,951,0
28117,78,0
68255,885,0
9697,39,0
3599,247,1
415,141,1
68017,255,0
156,229,1
66027,283,0
1399,114,1
41203,1207,0
102350,771,0
2786,114,1
53781,13,0
2702,61,1
68430,183,0
94712,647,0
1205,984,1
77463,21,0
101330,0,0
197,429,1
82863,1074,0
47802,189,0
16694,98,0
94529,24,0
55902,5,0
7785,47,0
1724,177,1
5805,361,1
30297,57,0
85413,1196,0
912,776,1
1326,109,0
783,36,1
108,160,1
66603,282,0
91,97,1
47443,13,0
99047,282,0
2435,9,1
37775,21,0
154,40,1
1345,13,1
98269,233,0
104729,801,0
65138,114,0
2451,124,1
6828,522,0
84133,125,0
1465,424,1
3955,636,1
2831,246,1
2446,45,1
29155,54,0
7194,283,0
61,926,1
355,150,1
2745,1198,1
95406,3,0
5486,351,0
3209,263,1
3034,1396,1
9599,203,0
1205,524,1
1289,918,1
52904,21,0
97216,1207,0
99609,45,0
87232,403,0
4122,79,0
67856,41,0
97192,58,0
96475,40,0
327,245,1
10835,372,0
80472,173,0
37992,82,0
421,194,1
5273,227,1
1061,248,1
4401,44,0
1690,252,1
43544,173,0
5700,150,1
12965,9,0
1273,109,1
17068,1,0
69746,35,0
633,87,1
33128,405,0
262,171,1
937,36,1
3503,53,1
87304,339,0
5398,0,1
62147,109,0
885,267,1
704,245,1
246,283,1
3144,13,1
68550,1237,0
579,24,1
92500,38,0
1664,621,1
27113,306,0
9404,21,0
1796,9,1
22581,72,0
2008,21,1
7739,1193,0
82453,953,0
16799,205,0
1000,518,1
869,44,1
995,45,1
42109,89,0
3108,431,1
104087,1,0
2822,35,1
67504,431,0
255,29,1
361,302,1
5039,1207,1
53007,151,0
92,72,1
1098,184,1
764,643,1
50131,89,0
3237,776,1
9406,431,0
1045,21,1
51280,177,0
139,91,1
89208,57,0
1618,878,1
1445,248,1
2597,214,1
1463,215,1
809,715,1
4735,17,1
66768,247,0
67884,249,0
1087,379,1
520,305,1
153,281,1
44782,13,0
5057,253,1
2785,150,1
27355,319,0
1760,172,1
4077,1210,1
2713,21,1
302,247,1
16323,207,0
39619,66,0
50573,394,0
25363,44,0
89780,39,0
142,205,1
12563,1207,0
11783,1197,0
20218,72,0
20544,220,0
228,68,1
94704,798,0
578,91,1
1694,199,1
101289,593,0
6026,305,1
99891,1124,0
208,39,1
100238,24,0
12206,125,0
1039,29,1
61977,361,0
1246,175,1
49322,150,0
13549,152,0
15180,189,0
2804,1199,1
2185,776,1
3688,125,1
2998,40,1
397,13,1
52796,1198,0
929,9,1
27056,57,0
66685,1202,0
892,177,1
2729,89,1
4345,38,1
99191,18,0
57306,21,0
93122,410,0
2126,98,1
163,944,1
31452,252,0
57789,878,0
78395,820,0
82718,342,0
52818,80,0
63319,464,0
38267,39,0
1631,98,1
90462,16,0
38103,41,0
207,171,1
2431,140,1
95735,0,0
91889,21,0
77779,451,0
888,379,1
62567,171,0
3658,477,1
21944,1,0
1798,37,1
75556,263,0
2232,1207,1
34638,169,0
99124,80,0
97184,434,0
34558,768,0
94781,921,0
92,954,1
944,105,1
644,91,1
62699,150,0
49,38,1
1866,306,1
34024,24,0
20023,220,0
809,203,1
3363,9,1
4608,844,1
63776,1004,0
22169,89,0
1036,5,1
13790,230,0
4904,1196,1
1136,1051,1
917,193,1
1972,79,1
60702,843,0
1456,776,1
89193,352,0
32785,824,0
103000,431,0
71774,456,0
912,38,1
38531,8,0
100834,404,0
68875,431,0
46233,35,0
2885,57,1
58259,662,0
30432,321,0
62174,124,0
39048,431,0
755,175,1
3737,201,0
2017,153,1
10092,177,0
74095,259,0
1368,41,1
43595,58,0
3442,18,1
35,215,1
34779,44,0
11748,130,0
99428,1396,0
53973,546,0
34538,973,0
87220,997,0
102567,259,0
70732,103,0
28400,78,0
2115,0,1
37215,41,0
3036,150,1
2792,114,1
921,58,1
51119,12,0
593,24,1
52228,170,0
74450,248,0
90199,105,0
61544,1207,0
8444,491,0
86323,13,0
68286,21,0
365,481,1
917,460,1
3284,945,1
2467,431,1
76,36,1
90295,1210,0
4971,5,0
28072,1198,0
987,654,1
304,787,1
96276,948,0
23618,1396,0
2608,14,1
7694,87,0
16026,173,0
36,621,1
62745,1197,0
79689,58,0
1656,152,1
88255,177,0
1890,24,1
28398,174,0
894,205,1
52620,65,0
54167,114,0
118,21,1
7497,1056,0
52384,1237,0
897,41,1
1826,79,1
66415,247,0
80815,673,0
11,65,1
1939,460,1
13534,29,0
1175,129,1
62978,72,0
4352,1167,0
52780,13,0
1799,150,1
890,282,1
841,44,1
41197,599,0
1615,829,1
79695,54,0
68439,331,0
342,207,1
101,1230,1
5800,24,1
20055,235,0
1227,58,1
22335,351,0
100391,1207,0
1399,227,1
2356,897,1
376,111,1
83354,394,0
811,351,1
2213,158,1
40553,569,0
3128,179,1
75238,1198,0
4510,282,1
3617,53,1
1065,9,1
724,264,1
28663,363,0
36627,114,0
2817,9,1
346,1200,1
84805,109,0
44223,1093,0
213,327,1
1569,445,1
89945,431,0
111,805,1
68492,480,0
6459,155,0
80104,1194,0
71771,711,0
83040,410,0
69193,233,0
28482,1344,0
98675,145,0
11899,510,0
10040,12,0
781,13,1
40,48,1
49038,47,0
66202,1199,0
4957,462,0
3063,13,0
51025,444,0
90086,154,0
93266,140,0
5796,89,1
207,207,1
98769,21,0
2257,8,1
2817,671,1
2373,158,1
95639,36,0
2510,542,1
100,153,1
2908,97,1
2468,1210,1
233,57,1
5720,57,1
70577,729,0
93564,41,0
57371,480,0
3133,186,1
25003,57,0
197,246,1
73451,256,0
3356,144,0
11918,65,0
104720,149,0
76506,177,0
1708,24,1
86192,139,0
1717,233,1
1078,1408,1
58700,424,0
99955,47,0
100845,483,0
67888,1262,0
91462,477,0
30685,138,0
30868,76,0
50389,9,0
1362,491,1
2549,54,1
15272,12,0
95037,456,0
68023,1308,0
2237,1396,1
2797,78,1
300,152,1
87354,174,0
1336,741,1
4449,487,1
3563,297,1
2833,177,1
29873,150,0
462,1207,1
29820,109,0
1002,364,1
942,229,1
53,503,1
2476,1124,1
97086,464,0
2756,21,1
85,882,1
61431,24,0
61,313,1
14559,460,0
102771,13,0
31155,21,0
298,6,1
18408,831,0
950,44,1
54333,263,0
1010,177,1
98874,791,0
11288,472,0
91178,47,0
32244,141,0
1691,282,1
80259,9,0
176,262,1
724,352,1
4243,91,1
4560,247,0
50009,270,0
1161,0,1
1136,631,1
177,175,1
140,246,1
3497,114,1
32,880,1
31577,84,0
33759,89,0
65718,258,0
46399,40,0
3136,58,1
2506,431,1
374,633,1
858,364,1
977,40,1
1399,623,1
21136,852,0
3064,1073,1
53002,105,0
3634,217,1
68089,449,0
1253,33,1
1159,464,1
1307,21,1
557,1151,1
98753,905,0
61016,58,0
87765,1235,0
33265,15,0
2428,217,1
6606,170,0
39431,431,0
154,73,1
92683,1224,0
87716,9,0
60317,488,0
106339,109,0
68986,1207,0
4349,91,1
79580,89,0
283,431,1
73895,84,0
74583,109,0
46598,39,0
225,69,1
3678,13,1
28,1197,1
4411,806,1
37080,37,0
104843,1210,0
45788,1197,0
27656,56,0
2066,780,1
102829,1245,0
118,616,1
30518,288,0
103256,13,0
21518,1198,0
2451,53,1
915,40,1
472,21,0
207,200,1
2510,21,1
94366,460,0
22103,82,0
1414,13,1
53723,9,0
79201,203,0
86511,58,0
17452,217,0
875,87,1
2126,491,1
106014,327,0
2120,431,1
55913,269,0
15528,884,0
29575,568,0
5899,194,1
81552,1411,0
1293,307,1
39,141,1
661,109,1
30,36,1
15785,181,0
30790,431,0
34194,151,0
5039,1197,1
302,13,1
65727,68,0
19116,114,0
8974,1198,0
76768,465,0
85784,994,0
211,190,1
3307,247,1
95587,456,0
488,169,1
29384,53,0
41306,1227,0
2998,431,1
3938,21,1
557,206,1
23,1124,1
45795,33,0
1401,252,1
514,29,1
384,521,1
97002,1207,0
30312,40,0
1451,39,1
49,255,1
69703,438,0
2188,87,1
2841,29,1
4328,5,1
561,152,1
81468,582,0
6514,33,0
995,994,1
3153,91,1
557,4,1
1154,9,1
3482,41,1
88855,1197,0
101,173,1
4163,877,1
44033,45,0
21947,440,0
75,582,1
4223,4,1
1603,248,1
1205,763,1
2774,776,1
100187,124,0
317,235,1
2793,351,1
1648,500,1
222,1200,1
96519,221,0
1398,949,1
16647,206,0
3129,38,1
92253,481,0
2668,155,1
57367,1197,0
36396,1075,0
7593,12,0
49961,41,0
135,394,1
50166,859,0
115,21,1
2852,58,1
104194,800,0
56,615,1
2820,215,1
26863,1200,0
3947,198,1
95915,57,0
1695,955,1
587,1210,1
68314,41,0
2673,729,1
2544,269,1
43499,394,0
61753,798,0
167,264,1
1163,140,1
227,538,1
59220,37,0
3309,89,1
48380,39,0
206,79,1
20008,989,0
2440,179,1
20876,1200,0
4002,16,1
30447,45,0
33168,109,0
92421,6,0
51434,109,0
2965,109,1
77412,394,0
53463,1198,0
61640,21,0
1631,464,1
57739,1194,0
11475,35,0
2522,194,1
2703,206,1
36726,351,0
74165,510,0
94686,1197,0
101798,58,0
332,40,1
327,91,1
987,252,1
40890,318,0
57183,776,0
153,21,1
1000,58,1
40968,403,0
427,78,1
1261,21,1
2380,468,1
83649,19,0
75,189,1
37078,877,0
31238,31,0
39254,248,0
43469,541,0
22815,47,0
2977,787,1
6059,965,1
3116,149,1
17627,1200,0
58832,248,0
11599,214,0
95847,1207,0
38104,0,0
1840,181,1
1735,78,1
3195,456,1
5980,486,1
2996,817,1
1587,608,0
579,621,1
18802,259,0
67484,64,0
4750,4,1
1664,859,1
3195,2,1
1671,114,1
4199,45,1
57171,847,0
6145,961,0
1560,431,1
1365,38,1
811,40,1
63740,426,0
559,13,1
2429,31,0
3550,114,1
100152,256,0
2531,331,1
44958,129,0
59826,35,0
1650,252,1
79052,253,0
67928,883,0
38238,1207,0
1812,74,1
50032,180,0
1693,472,1
1381,41,1
94841,141,0
2535,783,1
948,220,1
1603,189,1
17105,1351,0
46,5,1
1524,220,1
1243,383,1
98879,491,0
1197,503,1
24093,454,0
100077,434,0
1806,434,1
2146,35,1
2022,58,1
187,1227,1
1136,717,1
2353,1200,1
3707,403,1
101332,193,0
85563,173,0
2649,1198,1
157,568,1
137,61,1
1631,114,1
69126,242,0
2660,109,0
1965,892,1
1608,12,0
67,133,1
115,61,1
5951,37,1
17243,892,0
1867,65,1
2989,5,1
2554,149,1
15049,39,0
987,424,1
53397,40,0
924,38,1
4747,3,1
58070,41,0
68172,525,0
31175,28,0
5493,1396,1
2175,1197,1
13112,39,0
104145,1073,0
76,245,1
81275,1196,0
4327,98,0
9415,6,0
1758,125,1
19889,177,0
105432,504,0
58460,776,0
2348,315,1
43654,0,0
100517,9,0
102542,1394,0
2165,41,1
346,621,1
2068,8,1
3264,184,1
65937,73,0
46517,9,0
200,79,1
68816,47,0
1368,114,1
1272,111,1
1087,1178,1
2260,155,1
2885,150,1
416,130,1
2215,13,1
5473,283,1
134,233,1
2791,434,1
100657,227,0
9530,24,0
34802,1194,0
2659,177,1
2428,282,1
2188,1198,1
43829,78,0
2412,78,1
1095,45,1
68544,150,0
39639,252,0
4357,255,1
59661,1054,0
2461,379,1
98283,186,0
2152,461,1
32087,40,0
48559,87,0
182,405,1
3398,431,1
1826,480,1
96611,4,0
362,472,1
42853,899,0
1618,74,1
48766,376,0
57543,21,0
6002,15,1
30807,137,0
177,111,1
59634,431,0
49477,331,0
191,460,1
3129,37,1
4725,6,1
90843,109,0
910,58,1
1739,394,1
3395,175,1
155,877,1
3043,180,1
2445,776,1
45560,1133,0
1674,150,1
44263,431,0
887,256,1
105622,878,0
103513,65,0
142,121,1
192,269,1
38902,82,0
653,109,1
82299,592,0
1253,44,1
49176,18,0
7453,776,0
2771,33,1
51,394,1
73657,114,0
695,80,1
10899,502,0
1789,35,1
274,207,1
1171,190,1
103761,582,0
5995,5,1
1336,1134,1
1606,1220,1
276,351,1
2466,220,1
44389,78,0
103928,194,0
1790,221,1
2476,961,1
2028,57,1
71888,97,0
71971,149,0
68324,878,0
47369,40,0
1034,0,1
37207,1258,0
54129,1210,0
365,173,1
437,859,1
60837,1152,0
884,44,1
207,33,1
508,173,1
1465,114,1
3036,172,1
50196,35,0
3431,798,0
91899,231,0
64136,9,0
450,220,1
23647,1394,0
1367,200,1
27618,806,0
2020,186,1
90377,1202,0
2596,41,1
28938,1197,0
24749,501,0
253,41,1
35,40,1
1521,953,1
4301,269,0
314,209,1
29260,47,0
1009,466,1
1175,822,1
676,458,1
2926,45,1
61554,809,0
100806,1210,0
7582,17,0
23207,376,0
41197,877,0
2845,128,1
8925,460,0
98095,114,0
1944,169,0
9446,930,0
437,1244,1
1314,73,1
4297,207,1
2158,961,1
1693,15,1
1205,245,1
902,109,0
73011,364,0
2862,1394,1
60396,431,0
1768,98,1
2112,394,1
105228,45,0
5720,282,1
912,352,1
56,283,1
19065,21,0
41495,213,0
4194,17,1
35158,1210,0
91895,71,0
899,6,1
16711,1097,0
1517,141,1
18042,504,0
59448,39,0
1273,152,1
1401,235,1
22384,1197,0
4528,39,1
49207,951,0
93213,15,0
25302,543,0
183,17,1
1760,776,1
23059,232,0
4512,9,1
66003,551,0
21275,431,0
104474,729,0
37042,97,0
91638,464,0
5815,776,1
225,206,1
31574,431,0
2392,109,1
19876,224,0
5585,3,1
48852,109,0
24592,728,0
21685,58,0
11775,12,0
70854,150,0
1645,541,1
61167,1457,0
97879,685,0
3162,33,1
1471,4,1
103575,29,0
1736,57,1
67422,65,0
2446,69,1
261,464,1
3061,1226,1
22357,520,0
1648,122,1
3926,889,1
92586,1352,0
7893,74,0
2644,147,1
3561,91,1
893,170,1
2020,233,1
36855,318,0
86864,150,0
46980,160,0
157,248,1
32783,582,0
4939,1198,1
1172,82,1
36773,80,0
53060,58,0
1688,6,1
91659,14,0
485,322,0
236,15,1
84868,502,0
28993,564,0
90384,951,0
157,12,1
187,394,1
1618,24,1
10609,65,0
106154,503,0
92814,67,0
44720,995,0
106166,78,0
11892,97,0
19887,58,0
103002,97,0
43764,859,0
2602,1229,1
10126,436,0
4208,1230,1
54221,3,0
1640,454,1
1867,139,1
789,24,1
48351,145,0
74760,431,0
44118,452,0
44876,878,0
46800,109,0
53635,175,0
3333,501,1
4840,1227,1
27823,12,0
2435,3,1
10,89,1
21961,454,0
35594,270,0
5829,256,1
1693,321,1
6195,109,0
53710,38,0
15801,91,0
2558,283,1
1739,65,1
3378,949,1
1608,31,1
276,429,1
7755,89,0
85,247,1
3069,522,1
549,322,1
135,65,1
73277,109,0
38584,78,0
41247,24,0
75132,621,0
91610,179,0
33530,1227,0
2549,0,1
6914,4,0
74803,182,0
6415,840,0
4362,220,1
20235,1138,0
26771,47,0
2155,351,1
15549,114,0
101610,1,0
90396,784,0
1661,61,1
51810,0,0
1477,208,1
934,137,1
33692,76,0
103777,205,0
3684,89,1
57007,205,0
65690,47,0
1921,177,1
2796,1394,1
84061,431,0
88779,184,0
81039,878,0
420,1207,1
39478,394,0
28498,942,0
93832,391,0
2732,426,1
14917,109,0
19485,784,0
1739,783,1
948,53,1
75057,38,0
74794,233,0
1517,1486,1
27973,58,0
1364,39,1
10428,0,0
809,313,1
1317,0,1
78287,57,0
14075,431,0
77031,57,0
60962,91,0
97092,44,0
154,502,1
5394,8,0
73778,221,0
14338,186,0
3621,318,1
4194,270,1
44767,263,0
197,464,1
4367,1207,1
76784,97,0
71361,1207,0
73183,217,0
15483,13,0
239,40,1
226,78,1
9656,1212,0
578,1412,1
38478,247,0
2823,36,1
77694,58,0
78814,47,0
1000,259,1
331,109,1
44527,41,0
1367,506,1
801,269,1
1224,394,1
36483,394,0
2126,158,1
89445,192,0
336,1448,1
15571,28,0
2747,2,1
563,306,1
1399,36,1
1640,1198,1
58601,303,0
7021,61,0
86360,58,0
102016,847,0
52241,17,0
22569,270,0
1063,882,1
256,150,1
1981,621,1
76250,776,0
2434,245,1
931,546,1
4345,114,1
57698,13,0
948,138,1
15770,352,0
912,44,1
18526,194,0
66317,468,0
66092,9,0
2677,13,1
39028,946,0
987,234,1
67,783,1
1030,783,1
228,1193,1
1368,1228,1
559,859,1
22917,344,0
3587,179,1
1611,776,1
99847,249,0
103493,795,0
1891,150,1
72097,1207,0
4055,878,1
17588,61,0
85064,207,0
82010,58,0
950,304,1
75160,74,0
31011,347,0
5312,478,1
80030,47,0
82853,246,0
89609,1,0
19210,1061,0
4478,109,0
67734,80,0
22561,38,0
2458,128,1
4635,407,1
939,433,1
69811,71,0
336,823,1
56087,229,0
2868,784,1
1354,12,1
508,205,1
41760,306,0
912,968,1
88496,951,0
256,67,1
58495,61,0
327,884,1
56169,9,0
36386,184,0
82382,344,0
39910,425,0
47191,145,0
40375,374,0
5798,125,1
37853,252,0
87338,85,0
91477,800,0
30473,47,0
105406,1200,0
63009,882,0
136,84,1
23141,13,0
1451,41,1
773,8,0
2196,39,1
946,124,1
45542,16,0
1365,105,1
2145,859,1
88602,337,0
2371,114,1
411,253,0
6208,438,0
175,98,1
557,160,1
6759,124,0
16451,109,0
1717,44,1
51588,202,0
2440,595,1
387,89,1
20248,61,0
97760,283,0
62736,45,0
22799,150,0
811,909,1
56230,1194,0
43190,58,0
97169,390,0
10053,9,0
1272,307,1
63,283,1
42401,149,0
987,1290,1
552,80,1
2154,309,1
2971,501,1
40782,379,0
2669,58,1
578,233,1
12866,331,0
2097,263,1
5977,961,1
637,362,1
23829,21,0
40387,39,0
33963,823,0
6208,39,1
267,139,1
222,1,1
39091,0,0
1289,546,1
58488,31,0
5689,882,0
127,173,1
53084,13,0
67,109,1
40919,820,0
21561,480,0
5583,40,1
3435,361,1
86610,16,0
4256,82,1
11879,379,0
41861,172,0
1186,128,1
56905,27,0
987,1257,1
3530,456,1
7843,899,0
96346,122,0
2597,729,1
55211,251,0
1349,58,1
34534,71,0
59568,313,0
95890,468,0
106362,41,0
10271,37,0
4046,394,1
39,664,1
2117,78,1
84945,39,0
7594,8,0
99545,177,0
4307,5,1
76327,948,0
336,217,1
67,145,1
53571,920,0
20847,128,0
72628,137,0
2267,21,1
51543,670,0
2569,151,0
1796,1374,1
11300,74,0
6197,1198,1
14185,1197,0
104244,1252,0
80018,1415,0
652,109,1
103296,321,0
496,186,1
1249,151,1
56,1210,1
2144,331,1
724,233,1
43535,1198,0
44248,256,0
25067,589,0
5631,1456,1
272,169,1
306,1018,1
40451,352,0
1600,318,1
2226,269,1
102136,58,0
285,174,1
1078,482,1
1170,256,1
43663,21,0
3750,109,1
71193,1430,0
69191,9,0
39101,41,0
2668,9,1
285,602,1
69591,616,0
1164,89,1
18445,364,0
2223,18,1
2908,1249,1
57004,930,0
1738,221,1
793,1124,1
74265,946,0
45500,375,0
4510,283,1
49340,114,0
3578,12,1
50007,945,0
70015,282,0
1,313,1
135,1315,1
41320,941,0
62128,394,0
901,114,1
2153,248,1
347,138,1
14718,1412,0
44891,89,0
922,114,1
351,1207,1
2187,394,1
1031,776,1
32430,456,0
3934,44,0
811,258,1
3028,776,1
135,259,1
14283,488,0
19409,157,0
1162,6,1
92660,520,0
98538,44,0
1530,21,1
27663,4,0
4384,394,1
1039,738,1
2273,700,1
724,1411,1
83208,154,0
98938,905,0
416,859,1
4671,139,1
41789,15,0
3378,39,1
875,1198,1
561,905,1
987,189,1
33161,41,0
44642,145,0
83849,13,0
582,9,1
34073,823,0
26474,41,0
115,97,1
2364,253,1
63687,245,0
995,8,1
13044,67,0
3216,150,1
894,206,1
24126,97,0
1758,1224,1
85064,331,0
4933,21,1
1169,1210,1
4671,1207,1
1283,6,1
2033,21,1
77384,41,0
910,73,1
5540,21,1
1328,433,1
42582,447,0
2772,57,1
12914,206,0
1074,1124,1
929,40,1
8186,0,0
102737,269,0
92564,1207,0
23553,16,0
76277,13,0
76601,155,0
50,45,1
3709,9,0
42001,1197,0
149,41,1
52853,520,0
27473,394,0
64249,245,0
2451,1269,1
79215,5,0
368,30,1
246,351,1
1025,776,1
1332,14,1
4450,220,1
73879,9,0
69731,150,0
969,533,1
63142,484,0
59998,9,0
87036,82,0
3926,232,1
2503,129,1
186,1478,1
3300,89,1
3107,468,1
65654,119,0
465,362,1
157,995,1
48146,784,0
30,283,1
84656,35,0
911,58,1
12405,21,0
888,323,1
34009,13,0
4067,878,1
69591,253,0
548,21,1
11428,315,0
4460,362,1
143,184,1
2440,68,1
1744,53,1
112,140,1
1968,783,0
101034,58,0
34774,998,0
82116,1207,0
30061,220,0
13926,614,0
1031,9,1
615,911,1
65807,97,0
102650,1396,0
884,67,1
32671,76,0
3873,232,1
15103,138,0
83951,680,0
23592,1210,0
56049,992,0
51139,24,0
32938,41,0
2106,776,1
2068,776,1
1812,9,1
5321,91,1
11500,91,0
368,29,1
79403,233,0
931,175,1
3365,89,1
902,249,1
43351,44,0
1029,40,1
39085,156,0
1205,233,1
437,69,1
57760,800,0
5987,551,1
998,214,1
14786,39,0
5385,15,1
103459,776,0
57578,71,0
101100,13,0
1168,175,1
256,21,1
63782,1196,0
47764,33,0
64174,1197,0
631,194,1
70413,47,0
17476,613,0
6136,304,0
57509,1207,0
197,40,1
40546,18,0
85699,361,0
2549,5,1
23767,47,0
37614,64,0
495,434,1
68629,4,0
85404,149,0
4384,1224,1
56293,776,0
63150,1210,0
3293,24,1
2633,173,1
1752,179,1
1312,40,1
41245,639,0
2549,948,1
23515,483,0
59675,24,0
3634,114,1
551,97,1
81658,1197,0
9683,30,0
89135,339,0
1485,137,1
437,968,1
276,40,1
1054,80,1
31320,1198,0
4253,84,1
143,183,1
92720,686,0
1905,78,1
14819,109,0
100192,1193,0
42219,38,0
283,89,1
1926,58,1
2419,13,1
81396,64,0
2887,794,1
317,776,1
81108,788,0
84641,40,0
1125,145,1
2880,82,0
101762,9,0
1755,529,1
2817,217,1
2169,844,1
85427,41,0
2885,89,1
1690,45,1
1631,177,1
6216,170,1
5951,1198,1
90817,964,0
16130,296,0
30,38,1
101030,58,0
378,177,1
95224,245,0
34844,21,0
87588,33,0
56374,40,0
41431,38,0
1473,791,1
2740,97,1
437,91,1
194,139,1
34298,859,0
49474,82,0
3580,56,1
63217,220,0
53173,344,0
73,155,1
3993,636,1
2669,9,1
95516,763,0
46180,112,0
90148,36,0
76374,333,0
2554,38,1
105481,21,0
1226,71,1
2559,255,1
37372,177,0
4693,179,1
4243,40,1
36849,502,0
13703,1054,0
285,379,1
177,29,1
48226,460,0
96377,865,0
76886,39,0
28430,247,0
91999,468,0
724,510,1
2146,58,1
2394,105,0
2129,69,1
50172,1079,0
44139,1224,0
332,92,1
102360,376,0
66,24,1
784,45,1
80951,643,0
1891,21,1
46318,534,0
1263,1132,1
4022,158,1
65997,40,0
94462,180,0
222,0,1
2136,318,1
365,4,1
2885,955,1
2354,551,0
75359,207,0
19400,214,0
11392,921,0
1982,1199,1
2608,454,1
902,1199,1
1197,74,1
747,57,1
58556,98,0
20214,431,0
29371,671,0
647,44,1
4556,74,0
1603,233,1
32762,207,0
7741,64,0
1352,461,1
3901,878,1
42037,40,0
67775,41,0
11813,47,0
67609,122,0
17995,24,0
697,361,1
104598,39,0
23798,344,0
811,911,1
18959,431,0
4784,1224,1
37505,61,0
1171,53,1
818,24,1
127,71,1
3025,39,1
783,41,1
2894,376,1
50009,24,0
5429,1196,1
12829,9,0
58975,36,0
82906,817,0
3652,867,1
4177,263,1
157,1394,1
42770,194,0
19795,999,0
4936,38,0
2887,445,1
752,599,1
4972,24,0
101133,455,0
899,327,0
2540,109,1
557,491,1
3101,844,1
33228,4,0
39370,282,0
101410,79,0
60921,270,0
20649,431,0
1644,36,1
8966,621,0
2793,248,1
225,504,1
1401,9,1
577,9,1
76377,177,0
65891,386,0
3001,21,0
70332,76,0
3101,171,1
317,98,1
27379,110,0
3547,78,1
52675,1,0
8204,177,0
77152,153,0
4092,16,1
40,4,1
3208,45,0
1832,648,1
45307,138,0
61,364,1
679,247,1
99564,98,0
40799,503,0
456,245,1
2439,961,1
1398,41,1
79061,177,0
4677,456,1
73059,38,0
51391,58,0
44225,199,0
246,177,1
6212,1198,1
896,39,1
3036,21,1
1703,615,1
413,1017,1
86951,3,0
383,394,1
227,885,1
60858,245,0
87715,1124,0
987,24,1
4097,16,1
92640,270,0
94360,486,0
4511,74,1
104850,21,0
25,882,1
234,752,1
221,776,1
53345,1194,0
246,264,1
3914,455,1
32,39,1
11124,41,0
66639,157,0
42722,8,0
78272,15,0
38568,1197,0
52167,205,0
5309,39,1
1398,464,1
1488,79,1
41382,394,0
67810,214,0
61414,137,0
987,600,1
910,312,1
91810,220,0
5621,82,1
47670,776,0
898,1249,1
49087,823,0
3637,468,1
1753,78,1
2412,82,1
1517,527,1
3166,21,0
632,80,1
1519,189,1
6087,40,1
124,72,1
26098,35,0
392,65,1
98392,621,0
188,791,1
4850,1196,1
79339,149,0
1739,543,1
2718,518,1
3604,968,1
3320,151,1
2885,456,1
1717,45,1
5266,504,0
1354,886,1
1732,38,1
79248,38,0
6159,145,0
99526,171,0
1739,445,1
35965,220,0
31,0,1
3273,203,1
2549,31,1
3173,36,1
99935,0,0
92223,15,0
72301,5,0
134,35,1
38412,281,0
58656,207,0
1794,44,1
6090,269,0
3628,962,1
6846,39,0
2049,819,1
24551,9,0
1739,111,1
453,29,1
4552,5,1
87376,882,0
44260,233,0
58,47,1
48313,36,0
104838,173,0
92555,394,0
3490,230,1
105181,39,0
84389,548,0
2060,2,0
2435,78,1
12869,58,0
98454,230,0
188,877,1
1708,141,1
1349,21,1
61747,247,0
11174,1311,0
575,943,1
127,114,1
11134,30,0
88599,145,0
84711,340,0
306,194,1
931,452,1
999,151,0
55596,91,0
49,1075,1
227,1199,1
5563,318,1
912,1226,1
59941,24,0
163,53,1
39840,270,0
2413,109,1
644,248,1
91955,1230,0
81189,45,0
1579,4,0
54818,9,0
5743,503,0
4741,31,0
78614,40,0
75498,173,0
15555,109,0
987,114,1
324,109,1
362,66,1
3143,487,1
63049,58,0
69858,9,0
1427,434,1
53894,415,0
77647,245,0
36712,98,0
3069,431,1
2217,423,1
57196,45,0
511,438,1
913,87,1
104309,639,0
2549,344,1
258,58,1
593,186,1
96453,878,0
282,394,1
190,36,1
2784,431,0
262,456,1
1795,45,1
2467,191,1
2633,58,1
30659,4,0
1114,742,1
45314,21,0
2559,1207,0
1230,776,1
13075,1197,0
1191,1,0
2275,744,1
287,175,1
40417,44,0
104748,344,0
1615,403,1
45424,424,0
336,1198,1
5126,1210,1
83,37,1
1243,473,1
1567,13,0
49251,710,0
1455,37,1
1469,3,1
18131,4,0
91208,220,0
81445,350,0
14794,98,0
351,80,1
48521,518,0
50754,247,0
306,462,1
42066,180,0
1664,44,1
26784,21,0
1708,391,1
21052,45,0
173,382,1
5438,342,1
2386,1193,1
902,12,1
542,397,1
270,991,1
462,1124,1
135,318,0
69110,5,0
1448,38,1
63758,170,0
75140,270,0
15460,71,0
32643,882,0
70142,6,0
93607,58,0
70332,196,0
3885,80,1
306,58,1
32740,1208,0
77917,44,0
24975,720,0
608,65,1
374,431,1
121,80,1
35,6,1
256,263,1
1485,1198,1
72151,74,0
92344,21,0
14071,150,0
1367,33,1
1205,263,1
2175,181,1
45,253,1
55751,464,0
450,1241,1
2419,423,1
336,798,1
104,61,1
250,21,1
820,1147,1
4068,795,1
21808,98,0
37143,58,0
100672,150,0
1691,40,1
36371,41,0
2115,40,1
6175,1391,1
1699,158,1
578,0,1
30136,283,0
37938,105,0
86633,445,0
58742,363,0
86163,58,0
35027,118,0
72379,468,0
410,795,1
96558,13,0
105165,41,0
2019,1207,0
548,37,1
3396,128,1
99607,464,0
1678,97,1
46905,880,0
3309,40,1
5141,627,0
95974,155,0
40678,1198,0
2275,252,1
23073,1198,0
552,394,1
2562,1207,1
53551,69,0
172,458,1
734,474,1
31,151,1
32210,1204,0
75558,710,0
76175,327,0
3501,44,1
26062,35,0
63427,76,0
74952,109,0
1465,39,1
124,351,1
96130,1032,0
78465,881,0
3392,97,1
25108,140,0
21489,1207,0
1139,38,1
387,40,1
500,800,1
45,45,1
5464,319,1
679,44,1
575,501,1
26,1200,1
3300,57,1
99987,105,0
4962,1296,1
104674,69,0
45877,147,0
590,21,1
46629,13,0
764,9,1
16322,78,0
804,47,1
26467,424,0
197,263,0
922,24,1
60,1023,1
1063,61,1
52079,1124,0
52218,139,0
36510,252,0
1101,424,1
29821,984,0
503,74,1
102640,103,0
379,9,1
3097,0,1
14327,13,0
3585,21,1
48421,1207,0
401,776,1
8390,503,0
47604,156,0
5965,109,1
2471,410,1
19308,339,0
3685,41,1
50233,151,0
3074,1198,1
39433,252,0
266,149,1
1758,65,1
2412,9,1
1095,859,1
5425,693,1
144,823,1
52226,283,0
68038,48,0
571,331,1
92959,503,0
20555,878,0
93316,114,0
461,220,1
76813,233,0
63648,233,0
33305,114,0
1288,247,1
968,319,1
41671,502,0
58975,352,0
5591,4,1
1345,65,1
12145,461,0
8064,194,0
228,67,1
2143,312,0
105172,318,0
2054,776,1
21728,21,0
15864,281,0
16143,376,0
2838,1,1
24684,1200,0
81481,1124,0
87579,460,0
912,156,1
70527,82,0
26588,29,0
69414,199,0
102600,21,0
2885,1074,1
12389,98,0
2895,989,1
3041,21,1
50412,170,0
45799,16,0
67219,682,0
98629,138,0
1450,246,1
983,821,1
8651,205,0
44737,1197,0
1991,13,1
1170,431,1
101218,351,0
75171,128,0
3653,125,1
225,97,1
5256,1296,1
127,105,1
40133,619,0
93130,47,0
87156,109,0
914,125,1
46319,112,0
910,621,1
38032,418,0
992,948,1
2046,44,1
35611,918,0
3645,431,0
39,663,1
41218,41,0
101300,150,0
2559,182,1
6696,1193,0
14933,61,0
5978,124,1
33568,795,0
58450,323,0
16732,892,0
72207,194,0
5057,189,1
15031,456,0
624,79,1
724,661,1
280,1124,1
3846,169,1
503,91,1
5726,1197,1
2227,65,1
60918,18,0
3478,33,1
12612,297,0
2004,621,0
46094,41,0
2745,9,1
5805,4,1
19106,17,0
86089,154,0
65766,21,0
33888,641,0
114,235,1
1810,33,1
68325,28,0
15111,1361,0
50061,282,0
60128,177,0
64891,344,0
74428,56,0
76100,170,0
65209,105,0
50781,776,0
629,124,1
4258,822,1
25779,483,0
92,180,1
5366,124,1
4316,776,1
40487,19,0
19368,1245,0
92091,24,0
63231,184,0
81515,776,0
68918,141,0
1365,35,1
91589,1473,0
1464,158,1
38411,882,0
67101,13,0
1753,217,1
2677,177,1
644,1197,1
1618,45,1
916,114,1
89567,9,0
26,849,1
350,6,1
74269,282,0
3899,994,1
26923,18,0
1537,480,1
335,362,1
4254,57,1
1793,78,1
23988,597,0
818,468,1
54938,172,0
100194,1207,0
65647,21,0
1631,71,1
1697,351,1
10947,776,0
1120,111,1
111,15,1
52482,351,0
959,1479,1
1684,859,1
42602,1309,0
63666,78,0
125,171,1
7035,9,0
65353,234,0
1647,97,1
57492,1026,0
39050,170,0
1681,9,1
94808,238,0
639,363,1
1367,189,1
1354,352,1
3161,114,1
37232,431,0
4342,1262,1
5939,1093,1
21790,48,0
1812,21,1
1597,783,1
5194,1394,0
62267,364,0
160,1321,1
91560,207,0
91919,199,0
759,800,1
5461,5,1
144,239,1
2549,82,1
90372,244,0
98745,247,0
16288,205,0
9883,468,0
2826,40,1
56242,61,0
67996,233,0
724,769,1
94529,948,0
124,859,1
89301,3,0
74140,815,0
1188,283,1
33134,1199,0
33548,40,0
3101,173,1
71924,91,0
4486,56,1
75373,464,0
56202,172,0
93470,12,0
1136,1188,1
1717,91,1
13156,380,0
45918,430,0
59837,76,0
1724,39,1
790,16,1
98822,1304,0
500,73,1
57938,105,0
22252,31,0
1979,233,1
85239,5,0
14582,193,0
30724,464,0
48334,128,0
82095,57,0
66629,175,0
1366,882,1
37537,44,0
73604,129,0
12318,38,0
43159,362,0
76,154,1
2300,38,1
357,89,1
1025,21,1
883,217,1
89944,795,0
60216,3,0
2046,329,1
2058,249,1
80828,48,0
41,49,1
1693,220,1
1432,12,1
2390,17,1
5695,1468,1
5073,105,1
1921,621,1
53164,683,0
1025,0,1
16986,189,0
1171,1456,1
2412,179,1
948,1200,1
2863,16,1
71830,40,0
508,255,1
102843,962,0
91064,206,0
50698,114,0
315,460,1
44841,217,0
1354,24,1
138,206,1
327,207,1
69068,44,0
2675,1221,1
52657,13,0
2146,181,1
4890,1207,1
1521,206,1
51246,44,0
3511,38,0
19528,1194,0
5417,693,1
115,12,1
100456,144,0
1493,245,1
3010,409,1
346,1308,1
76386,5,0
77452,882,0
149,1275,1
4394,145,1
88737,456,0
500,376,1
4682,776,1
91721,1196,0
3609,98,1
126,152,1
20228,903,0
1175,3,1
134,98,1
1258,12,1
1615,826,1
19,305,1
910,1280,1
4514,245,1
49630,394,0
92080,776,0
59151,189,0
44647,124,0
576,1197,1
927,0,1
47943,33,0
81688,1200,0
209,1197,1
64850,743,0
89941,149,0
3505,58,1
724,481,1
4519,44,1
97861,61,0
1343,21,1
204,4,1
90310,283,0
100120,961,0
6075,394,0
84073,173,0
103992,44,0
2022,45,1
1651,36,1
1074,1210,1
73703,501,0
1012,78,1
65690,234,0
7695,180,0
2625,47,0
689,887,1
1950,456,1
1536,255,1
2716,233,1
11528,522,0
93316,1178,0
65973,97,0
3023,9,1
83994,1423,0
36179,822,0
91008,82,0
58271,500,0
1040,98,1
5922,342,1
24608,105,0
88694,344,0
97751,58,0
97943,78,0
1452,100,1
85,44,1
83730,878,0
1642,109,1
55008,21,0
83952,880,0
48880,259,0
2621,114,0
103549,155,0
103688,1296,0
85242,234,0
616,88,1
4105,1230,0
15407,65,0
910,154,1
1870,40,1
42362,877,0
746,177,1
2005,885,1
56930,171,0
1392,1193,1
74808,394,0
1501,68,1
1650,39,1
76130,981,0
26022,35,0
101711,39,0
2971,44,1
577,45,1
317,180,1
587,1200,1
288,458,1
12041,464,0
3432,172,1
17,19,1
105005,833,0
38835,128,0
644,3,1
3595,4,1
6312,16,0
29801,1258,0
128,337,1
102317,45,0
19682,258,0
5148,180,0
12586,109,0
56582,307,0
2519,1394,1
84994,491,0
14879,4,0
5330,401,1
9534,618,0
2435,458,1
4166,878,1
1035,45,1
3127,263,1
204,1023,1
42989,13,0
67071,321,0
92645,21,0
102767,431,0
2293,177,1
27905,1198,0
450,1194,1
19453,80,0
3250,1200,1
2018,284,1
76626,152,0
5072,431,1
68600,321,0
2561,231,1
423,76,1
427,47,1
55003,190,0
5845,21,1
41756,114,0
29993,177,0
2884,1194,1
56431,31,0
1246,61,1
912,431,1
4511,73,1
52575,41,0
2240,179,1
829,175,1
480,402,1
89773,643,0
2440,71,1
65917,823,0
313,189,1
1205,39,1
10315,114,0
1399,503,1
2513,17,1
44037,456,0
1976,6,1
22563,1237,0
6055,233,1
1492,200,1
934,65,1
46108,194,0
1517,806,1
888,249,1
2554,251,1
35179,24,0
40608,21,0
71011,21,0
32896,305,0
70060,171,0
56060,1193,0
254,921,1
1399,464,1
1368,1199,1
2440,288,1
3590,1198,1
1491,206,1
85,37,1
82025,464,0
21014,0,0
5682,256,1
302,44,1
54733,58,0
17930,598,0
1491,351,1
32240,956,0
73617,61,0
6368,1198,0
51729,40,0
1365,791,1
902,501,1
1517,486,1
52139,327,0
3521,40,1
1890,41,1
39488,41,0
46993,78,0
278,87,1
93795,458,0
2371,39,1
1130,111,1
1455,82,1
53139,40,0
49959,621,0
593,58,1
65626,33,0
83591,57,0
73567,97,0
3333,186,1
188,105,1
1528,1118,1
1638,21,1
2642,776,1
76904,943,0
30775,1207,0
105364,6,0
497,177,1
327,504,1
45914,12,0
91173,256,0
2549,954,1
2033,36,1
88347,831,0
248,995,1
1066,111,1
11708,878,0
25169,972,0
317,97,1
622,1394,1
81772,58,0
546,806,1
23292,130,0
4613,1166,1
10942,1124,0
41272,125,0
63425,776,0
31913,654,0
266,189,1
85908,17,0
274,189,1
2788,24,1
516,307,1
2210,344,1
1650,217,1
3098,776,1
232,245,0
20,392,1
261,776,1
52970,905,0
567,270,1
1668,29,1
262,68,1
2126,818,1
1348,24,1
90985,1193,0
34665,1199,0
3704,206,1
35,9,1
4623,190,1
127,351,1
1884,0,1
28282,41,0
1643,1207,1
127,429,1
1570,382,0
103428,431,0
2395,5,1
105911,69,0
898,45,1
9477,231,0
92053,114,0
4248,256,1
105385,97,0
1572,39,1
1092,502,1
67139,246,0
1508,270,1
99836,246,0
14720,33,0
5978,510,1
3010,97,1
2439,36,1
95550,351,0
53695,150,0
1227,206,1
9210,3,0
1884,247,0
35,1207,1
28903,57,0
51,65,1
629,323,1
61,1198,1
47616,109,0
52732,4,0
204,64,1
34090,87,0
51778,4,0
2045,97,1
2471,172,1
69449,105,0
2175,24,1
3074,145,1
1356,220,1
1169,333,1
43675,109,0
1659,318,1
33738,76,0
93344,190,0
70072,45,0
88779,64,0
95050,80,0
561,555,1
998,107,1
948,109,1
52236,35,0
1194,1197,1
14129,363,0
98964,194,0
1451,40,1
11288,4,0
81277,44,0
1362,424,1
414,431,1
2247,14,1
18495,426,0
2290,1,1
61,194,1
18644,1197,0
222,342,1
2440,44,1
29881,24,0
138,263,1
890,619,1
2248,14,1
902,40,1
84298,37,0
49340,1299,0
99197,194,0
46950,524,0
14015,776,0
5978,24,1
266,263,1
313,280,1
62930,172,0
1061,41,1
86320,628,0
40163,671,0
796,84,1
1539,107,1
49682,150,0
1799,98,1
88644,1224,0
220,45,1
79281,270,0
157,21,1
104590,783,0
52389,394,0
1326,4,1
576,41,1
90609,9,0
1572,351,1
360,141,1
3043,45,1
1493,41,1
99913,253,0
2618,270,1
106,1241,1
5057,21,1
365,177,1
222,302,1
61679,73,0
49,179,1
1708,41,1
4446,269,0
40874,177,0
2549,206,1
49829,6,0
61985,583,0
95715,1176,0
94046,283,0
5920,58,1
2360,114,1
28559,1197,0
2056,12,0
96602,8,0
36,177,1
77799,169,0
41187,78,0
2024,318,1
50868,763,0
94248,905,0
207,37,1
67268,130,0
2115,172,1
1130,175,1
818,464,1
14596,1198,0
97549,247,0
49949,44,0
1077,409,1
41039,1244,0
41400,342,0
2212,776,1
3495,170,1
23199,246,0
56639,238,0
77132,78,0
40548,1124,0
32891,362,0
4708,41,1
25390,38,0
12799,253,0
222,1198,1
3578,105,1
3162,37,1
2908,255,1
67152,953,0
74142,157,0
2131,160,1
751,252,1
2874,170,1
76,35,1
2885,283,1
4481,1192,1
77959,319,0
2642,82,1
23507,41,0
41618,213,0
3920,1196,1
57794,510,0
5574,4,1
72084,1456,0
92,282,1
1208,791,1
1007,431,1
1692,252,1
66,1289,1
52710,502,0
29080,41,0
313,39,1
9856,177,0
157,13,1
44898,309,0
19061,4,0
95914,71,0
61921,105,0
163,221,1
55604,9,0
4677,246,0
73811,203,0
4560,40,1
219,21,1
63672,882,0
3064,282,1
1635,84,0
1706,130,1
3644,464,1
1465,776,1
88095,568,0
2043,170,1
96406,67,0
104,1405,1
4736,315,1
9179,4,0
15381,13,0
2820,1309,1
11472,8,0
1398,263,1
3624,13,1
559,501,1
80420,352,0
1207,878,1
85712,191,0
51823,44,0
5461,184,1
1502,21,1
89174,579,0
73959,40,0
1157,21,1
13843,97,0
106278,0,0
54375,177,0
106463,41,0
2431,213,1
1381,57,1
68696,1120,0
423,152,1
1456,897,1
102112,253,0
266,429,0
209,114,1
433,969,1
98731,36,0
15803,72,0
304,80,1
3579,47,1
2908,1198,0
3942,636,1
536,29,1
101818,76,0
32431,24,0
48439,177,0
100,154,1
38345,0,0
58989,186,0
2596,40,1
39487,673,0
2475,243,1
31826,173,0
38895,776,0
4417,431,1
12752,125,0
61988,21,0
91,776,1
61943,17,0
61,394,1
62611,150,0
357,3,1
47924,362,0
77391,8,0
986,47,1
6078,1207,1
11765,153,0
1207,251,1
30,206,1
17145,270,0
34887,177,0
3294,9,1
36745,82,0
261,21,1
1403,57,1
62369,0,0
2852,284,1
75325,431,0
1030,1124,1
933,445,1
103322,177,0
1561,84,1
2975,500,0
437,154,1
135,921,1
2433,128,1
1054,145,1
57849,122,0
2412,12,1
101951,255,0
33918,214,0
83486,1264,0
5411,1396,1
29106,39,0
62754,776,0
34828,0,0
46828,177,0
4187,776,1
327,76,1
2029,738,0
66860,401,0
1249,13,1
2175,21,1
60514,58,0
4342,1428,1
49663,67,0
26058,1396,0
31,456,1
35555,158,0
91868,41,0
35177,79,0
35051,114,0
3876,33,1
518,177,1
99,1394,1
10305,200,0
2303,776,1
648,47,1
1288,351,1
3591,202,1
102195,29,0
2244,58,1
66937,270,0
253,156,1
16170,950,0
39967,41,0
94323,21,0
89972,1396,0
59256,403,0
90921,39,0
187,239,1
92825,44,0
48775,195,0
19467,926,0
1288,151,1
65119,38,0
1355,21,1
2873,128,1
67847,82,0
841,569,1
2045,74,1
33817,5,0
318,787,1
1070,41,1
6410,76,0
39931,1197,0
1259,29,1
1929,47,1
2166,89,0
529,305,1
967,24,1
5805,460,1
1732,776,1
4388,394,1
2885,945,1
2107,24,1
12596,57,0
16837,217,0
16097,347,0
285,170,1
49597,9,0
70981,520,0
16466,13,0
58124,1275,0
302,231,1
39581,1224,0
64908,994,0
83117,718,0
114,297,1
987,246,1
49,249,1
36245,207,0
22589,40,0
73938,1015,0
14971,1051,0
12215,231,0
58741,78,0
81479,109,0
100691,213,0
376,965,1
45066,12,0
261,170,1
1448,0,1
51096,995,0
21597,256,0
41423,431,0
85,1412,1
521,175,1
43931,451,0
5072,44,1
5057,98,1
2823,481,1
62434,248,0
704,246,1
18091,707,0
67944,317,0
285,1157,1
88948,246,0
2467,17,1
912,125,1
538,9,0
61571,39,0
2106,206,1
33442,87,0
27132,517,0
1651,24,1
50871,1289,0
2131,180,1
2658,138,0
5472,21,0
3026,593,1
1086,880,1
24063,128,0
94663,839,0
22147,44,0
3304,18,1
54758,599,0
87659,171,0
70798,249,0
79592,9,0
46019,394,0
81583,1400,0
65825,1200,0
27644,445,0
10,1193,1
11040,1157,0
2122,1366,1
27327,394,0
1033,105,1
170,170,1
1890,39,1
22192,1197,0
517,307,1
2539,80,1
2421,220,1
101843,36,0
34001,259,0
2916,989,1
944,41,1
81,1407,1
61699,431,0
1618,619,1
2504,783,1
33296,97,0
85630,1210,0
2295,1193,0
105456,205,0
133,220,1
2003,283,1
50888,19,0
552,274,1
1690,180,1
91182,434,0
2647,98,1
31,253,1
17748,1228,0
49106,140,0
691,36,1
1426,9,1
27063,205,0
106408,76,0
60907,54,0
2412,177,1
2373,456,1
989,776,1
5366,4,1
73845,409,0
5578,1198,1
429,5,1
1336,111,1
1651,41,1
24356,447,0
32430,327,0
1136,950,1
96441,1012,0
5033,1197,1
105837,78,0
2010,76,1
27322,109,0
104078,39,0
85533,133,0
42,1200,1
88863,45,0
40070,0,0
73616,304,0
69553,943,0
27566,221,0
93457,9,0
70899,312,0
69268,423,0
55335,795,0
4578,943,1
2068,31,1
4753,21,1
20587,3,0
26830,69,0
2223,1210,1
41465,125,0
1192,78,1
549,438,1
134,36,1
1352,3,1
5369,1200,1
18,844,1
71447,255,0
87794,431,0
21739,795,0
163,946,1
41111,269,0
559,339,1
1399,74,1
16218,292,0
2440,13,1
85829,673,0
14551,194,0
88323,107,0
1572,12,1
46553,157,0
351,44,1
2043,375,1
57170,3,0
49019,72,0
3709,194,1
254,317,1
3303,179,1
84919,344,0
11751,67,0
66526,44,0
1122,1198,1
3346,125,1
3092,175,1
14141,203,0
61436,73,0
1753,431,1
44282,175,0
1369,5,1
71303,926,0
421,47,1
1306,58,1
96741,35,0
90208,1394,0
1691,1073,1
511,414,1
105415,1197,0
1209,256,1
200,53,1
35215,38,0
2087,517,0
12218,529,0
30308,58,0
255,4,1
18725,21,0
49942,394,0
41583,464,0
11,362,1
17914,114,0
1249,12,1
12474,89,0
105720,4,0
31,54,1
41847,551,0
7279,362,0
88938,776,0
97677,1197,0
351,458,1
2725,35,1
53,217,1
5961,394,1
52591,742,0
49680,253,0
18338,460,0
75226,172,0
11577,41,0
306,1085,1
18424,259,0
45,54,1
1230,424,1
40696,961,0
22217,193,0
5950,1447,1
4248,431,1
43613,35,0
13944,109,0
1758,478,1
61095,1400,0
62995,391,0
27044,438,0
56857,186,0
59103,248,0
24812,180,0
57458,78,0
30199,306,0
90076,424,0
99132,24,0
20735,13,0
4346,253,1
4412,0,0
78669,56,0
433,14,1
13330,14,0
82451,217,0
22206,13,0
1442,45,1
6339,744,0
969,621,1
87950,114,0
1035,570,1
3512,82,1
84790,1199,0
54008,39,0
1336,147,1
944,283,1
98441,82,0
46281,76,0
106168,30,0
78595,282,0
1461,12,1
1426,283,1
30,45,1
3110,618,1
12252,98,0
13743,948,0
77472,877,0
2809,452,1
1270,1197,1
5357,170,1
90797,541,0
5223,114,0
30038,98,0
1493,247,1
1601,172,0
87127,1210,0
503,247,1
101367,78,0
85951,883,0
286,230,1
154,429,1
188,878,1
68499,175,0
4859,431,1
5222,253,1
4040,878,1
99070,194,0
114,41,1
104375,79,0
2675,878,1
53500,478,0
2080,259,1
552,1207,1
16555,147,0
129,327,1
1401,57,1
38836,239,0
1631,171,1
612,107,1
46517,306,0
86507,1235,0
32430,125,0
55223,61,0
246,21,1
5428,693,1
34589,39,0
134,13,1
1689,45,1
150,128,1
30224,39,0
67471,623,0
583,948,1
3346,36,1
549,16,1
7646,583,0
4887,15,1
4707,41,1
24719,194,0
67167,525,0
89909,884,0
91308,12,0
5209,177,1
59171,424,0
5293,89,1
548,38,1
190,114,1
93687,114,0
2389,16,1
75,248,1
61365,561,0
1024,41,1
543,892,1
1237,8,1
22694,1074,0
9082,460,0
724,426,1
18683,12,0
582,125,1
54786,1224,0
46258,21,0
58831,39,0
138,506,1
61952,13,0
4631,80,1
86763,72,0
68979,17,0
1367,76,1
1640,1400,1
61240,944,0
66,89,1
5562,40,1
222,58,1
101120,78,0
35571,921,0
943,78,1
5864,24,1
55674,79,0
884,0,1
59541,21,0
1468,1399,1
423,953,1
5987,100,1
96590,833,0
3378,955,1
40582,946,0
77555,17,0
83488,263,0
152,248,1
1364,950,1
13052,91,0
2245,58,1
23207,1210,0
34133,1082,0
225,33,1
2457,431,1
69805,408,0
23744,953,0
101225,523,0
105402,48,0
56,999,1
46156,298,0
83900,0,0
284,235,1
102334,256,0
12664,29,0
5745,169,1
3480,21,1
1979,36,1
66828,394,0
3195,809,1
93026,21,0
2045,1234,1
90909,6,0
3271,342,1
1370,599,1
63,1279,1
70622,456,0
82754,9,0
10852,155,0
83,620,1
3939,109,1
68224,227,0
45786,18,0
4192,621,1
78437,407,0
910,201,1
64316,17,0
10298,177,0
2412,776,1
286,214,1
103594,1200,0
2641,1207,1
1333,130,1
2700,776,1
82574,248,0
66584,33,0
716,65,1
157,156,1
18260,0,0
28284,47,0
5222,68,1
90627,1097,0
53864,145,0
1221,12,1
27510,445,0
103524,942,0
5002,1198,1
3604,431,1
321,1207,1
12766,221,0
41021,45,0
47318,288,0
52535,193,0
105565,80,0
50256,1450,0
83,160,1
93011,269,0
105909,994,0
2706,114,1
11645,4,0
48841,1197,0
96501,24,0
306,431,1
3151,97,1
672,209,1
61084,100,0
13819,207,0
37986,38,0
93559,53,0
4417,227,1
1455,688,1
6866,9,0
81314,21,0
317,264,1
98889,39,0
1398,945,1
13525,394,0
64273,41,0
27337,431,0
56804,150,0
47423,283,0
37986,47,0
917,44,1
34599,89,0
98552,1003,0
73373,232,0
159,776,1
35661,189,0
8665,269,0
25050,80,0
270,409,1
9071,203,0
54007,207,0
381,212,0
83018,13,0
65173,931,0
10652,1032,0
77261,109,0
86733,503,0
2411,17,1
54508,6,0
75741,1210,0
97432,961,0
26538,190,0
2045,561,1
5570,1,1
39806,89,0
1659,363,1
2435,614,1
1527,9,1
67,17,1
5946,207,0
88118,246,0
13413,1306,0
5231,1207,1
23354,65,0
11916,39,0
56661,783,0
63578,154,0
85024,1032,0
226,12,1
1347,1480,1
3523,954,0
5041,897,0
3187,288,1
1197,72,1
2244,375,1
30266,177,0
40492,109,0
89484,1166,0
4491,1388,1
327,247,1
11507,344,0
1888,352,1
1550,217,1
61,171,1
9753,13,0
100317,822,0
7961,308,0
5946,431,1
7124,460,0
977,351,1
53282,429,0
2779,246,1
155,58,1
420,344,1
89070,37,0
87172,97,0
48,109,1
486,24,1
1636,35,1
2248,394,1
1626,1207,1
47947,1396,0
187,29,1
59703,79,0
25252,776,0
489,305,1
1701,45,1
2902,309,1
163,602,1
63263,58,0
940,78,1
59903,170,0
2809,13,0
2549,129,1
67589,170,0
3026,111,0
64062,394,0
1622,614,1
395,141,1
1149,13,1
2486,995,1
336,39,1
22495,9,0
16709,170,0
47932,248,0
78981,253,0
1350,885,1
60613,44,0
3876,1464,1
127,297,1
101719,431,0
37092,1193,0
1427,174,1
2574,100,1
106236,21,0
60077,521,0
3634,242,1
2004,13,1
21727,213,0
70305,47,0
101527,400,0
102933,217,0
2831,233,1
35284,288,0
30311,39,0
12805,950,0
313,150,1
56901,24,0
30,9,1
97708,152,0
1183,269,1
365,776,1
114,882,1
100,253,1
5720,58,1
47988,21,0
910,248,1
1939,542,1
1072,109,1
33409,6,0
72519,468,0
1466,2,1
44055,644,0
2631,379,1
97975,244,0
105952,174,0
89566,333,0
1675,9,1
73019,828,0
61497,966,0
557,581,1
44612,0,0
16075,13,0
1354,40,1
28158,21,0
149,441,1
91665,885,0
1205,1098,1
3806,21,1
2112,53,1
1161,37,1
76,506,1
67715,79,0
32969,331,0
46696,74,0
2131,9,1
37735,114,0
569,193,1
9767,363,0
1499,288,1
1738,4,1
1832,431,1
420,214,1
94120,769,0
584,321,1
47448,203,0
811,533,1
42469,40,0
5939,89,0
1426,464,1
83538,877,0
625,807,1
101757,180,0
1097,5,1
71098,1309,0
75482,246,0
552,391,1
2598,58,0
62056,1408,0
576,570,1
35294,791,0
1743,3,1
14757,172,0
19200,944,0
5978,1151,1
71674,9,0
11340,21,0
27211,306,0
4243,41,1
5492,1124,1
15166,128,0
12704,542,0
2853,1170,1
78205,217,0
76711,124,0
34888,58,0
24219,980,0
24725,21,0
561,306,1
5130,126,1
2446,429,1
81622,775,0
1521,944,1
91222,292,0
1631,253,1
41306,344,0
82188,776,0
2601,316,1
2889,171,1
194,394,1
4247,253,1
84940,0,0
26221,199,0
58864,69,0
511,380,1
42820,87,0
106240,109,0
2608,394,1
46422,41,0
6043,460,1
101223,805,0
55296,100,0
3032,9,1
2367,1207,1
480,1237,1
697,80,1
1,614,1
92922,621,0
1107,1249,0
41649,190,0
38683,12,0
92,944,1
206,263,0
8801,363,0
72669,1073,0
3113,859,1
376,546,1
48497,114,0
1005,249,1
61927,5,0
71452,1197,0
1872,40,1
456,189,1
53926,4,0
27532,1074,0
17065,481,0
2469,404,1
61417,189,0
190,0,1
64469,394,0
1717,9,1
5314,6,1
547,1301,1
36849,581,0
95636,179,0
39816,449,0
63698,124,0
40833,76,0
79745,13,0
67325,991,0
62629,78,0
3151,40,1
4482,58,1
1307,16,0
5041,1227,1
102844,112,0
94237,9,0
344,593,0
1690,36,1
95385,65,0
4175,464,1
36494,1198,0
2535,17,1
4624,47,1
5229,661,1
2908,776,1
803,37,0
7785,24,0
2098,661,1
1798,1075,1
50600,1207,0
21944,202,0
5817,364,1
1497,190,1
357,1210,1
43257,351,0
70120,37,0
105399,58,0
4309,522,0
59187,693,0
76284,105,0
82979,1197,0
58528,460,0
74963,859,0
97017,867,0
7785,175,0
497,352,1
5364,171,1
2044,17,1
67488,44,0
81372,89,0
276,13,1
131,78,1
106038,47,0
1463,841,1
102667,76,0
97770,91,0
46780,431,0
3636,137,1
47653,173,0
253,599,1
327,71,1
15713,24,0
557,177,1
50595,109,0
16776,47,0
19528,388,0
128,302,1
98129,2,0
4964,431,1
94025,89,0
31579,253,0
35579,28,0
63216,423,0
5172,555,1
31,911,1
52483,1197,0
1939,58,1
83,1075,1
1758,1210,1
874,643,1
53620,431,0
302,76,1
36245,79,0
1618,39,1
1749,129,1
37524,1197,0
1078,17,1
119,177,1
3550,98,1
722,58,1
39574,543,0
25734,24,0
20752,44,0
13922,877,0
29290,205,0
4947,282,0
4723,12,1
66136,1252,0
423,948,1
5593,1032,0
103167,227,0
3320,520,1
917,776,1
155,184,1
456,105,1
37,47,1
110,327,1
1334,1198,1
41914,80,0
1366,206,1
79811,542,0
48706,1226,0
47383,196,0
39714,40,0
85930,177,0
3235,1210,1
43523,792,0
83488,18,0
681,180,1
90997,44,0
60232,503,0
5288,40,0
67908,1196,0
54,21,1
332,263,1
28124,39,0
1789,40,1
9200,67,0
30,464,1
1070,230,1
23917,45,0
106380,258,0
2896,363,1
3098,0,1
42863,247,0
72193,69,0
45453,464,0
5928,394,1
2412,124,1
4488,460,1
10739,1012,0
587,220,1
58660,173,0
261,944,1
2446,57,1
15085,4,0
6513,27,0
187,16,1
557,1098,1
1057,431,1
5296,36,1
1435,431,1
57415,283,0
51348,137,0
33254,58,0
2696,44,1
2908,207,1
2145,184,1
4784,1198,1
86839,151,0
1739,546,1
4628,1198,1
100113,631,0
101468,1207,0
3543,206,1
54170,38,0
1635,449,1
89,158,1
26755,282,0
92175,892,0
56498,984,0
87098,488,0
101433,283,0
67074,78,0
91055,156,0
28863,73,0
76,141,1
1033,78,1
53,58,1
1177,214,1
13789,44,0
2625,394,1
1318,153,1
26392,417,0
72775,177,0
1405,109,1
1336,87,1
29925,114,0
13701,40,0
56826,9,0
227,41,1
18361,274,0
948,30,1
521,206,0
37880,41,0
51196,12,0
6954,729,0
69600,305,0
7542,795,0
319,1124,1
89775,0,0
70384,917,0
23,1102,1
52907,379,0
93582,348,0
3162,1197,1
2817,1412,1
2119,258,1
893,364,1
17582,954,0
2929,21,1
35418,231,0
59233,217,0
60882,394,0
21242,18,0
1120,376,1
1366,859,1
22907,80,0
310,47,1
21682,74,0
39954,431,0
471,431,1
2630,1122,1
14253,1,0
39677,121,0
1204,171,1
28545,109,0
96925,305,0
4411,199,1
1847,39,1
1451,177,1
103567,693,0
3192,18,1
2020,24,1
34696,124,0
71259,82,0
61,31,1
75964,391,0
1691,231,1
6055,12,1
1622,401,1
75,171,1
635,361,1
2820,119,1
104464,431,0
3591,58,1
701,109,1
18960,57,0
5100,394,1
52271,79,0
901,9,1
25488,64,0
56,38,1
89171,394,0
2034,245,1
98208,515,0
51404,57,0
79629,654,0
1046,776,1
5311,1197,1
90663,5,0
224,29,1
1389,170,1
336,331,1
4337,41,0
281,1207,1
3911,878,1
149,109,1
90344,256,0
43158,1074,0
864,109,1
75738,480,0
4257,41,1
1271,194,1
4023,878,1
3156,231,1
20770,151,0
2933,318,1
69967,1196,0
992,76,1
549,30,1
2126,24,1
915,124,1
57372,4,0
1450,245,1
23933,114,0
76,909,1
593,1311,1
304,969,1
4849,1197,1
55627,17,0
81078,119,0
86,431,1
2825,518,1
331,300,1
1270,1102,1
320,249,1
3707,435,1
64167,179,0
456,1245,1
1031,1217,1
80701,58,0
74024,466,0
99232,78,0
299,442,1
1630,352,1
3009,40,1
38780,9,0
1159,776,1
88743,40,0
5046,1197,1
2400,1198,1
4497,9,1
4557,192,0
1618,71,1
1615,208,1
12593,41,0
97758,331,0
1420,9,1
1902,14,0
1632,253,1
85764,172,0
2361,80,1
56,98,1
92400,956,0
93701,282,0
5270,438,1
53848,694,0
20174,206,0
106070,776,0
987,141,1
31835,213,0
630,169,1
25240,44,0
29,220,1
948,64,1
2570,65,1
557,156,1
4047,1196,1
47182,5,0
37359,5,0
2009,927,0
5603,791,0
3140,114,1
21,18,1
5060,1197,1
1035,40,1
84782,128,0
5886,215,1
102277,39,0
1235,431,1
2118,40,1
966,172,1
56094,620,0
54440,1377,0
26257,24,0
19230,150,0
4579,114,0
16935,248,0
47401,82,0
87351,58,0
188,253,1
557,44,1
3837,8,1
18193,158,0
1349,1075,1
39718,9,0
4199,72,1
1003,363,1
83048,33,0
126,472,1
58586,3,0
89203,151,0
69715,1198,0
575,1222,1
102,1444,1
33735,431,0
5802,671,0
30915,69,0
51654,770,0
95968,239,0
82583,312,0
90,21,1
664,109,1
1640,16,1
197,41,1
54510,255,0
1017,1016,1
9336,434,0
1255,878,1
1205,56,1
197,903,1
22205,21,0
55857,124,0
5505,321,1
233,171,1
61593,154,0
1249,882,1
25926,45,0
81700,1196,0
87930,37,0
65,78,1
36535,1193,0
2412,98,1
1690,179,1
37,1396,1
50384,859,0
67746,220,0
59042,1197,0
261,153,1
2471,1363,1
2453,44,1
69,431,1
24348,200,0
2563,344,1
2406,64,1
4112,118,1
128,256,1
36867,39,0
1538,45,0
29330,13,0
79618,156,0
1426,21,1
90608,98,0
88595,269,0
22365,128,0
7535,2,0
26268,207,0
69157,456,0
2719,256,1
66289,504,0
8142,9,0
6052,693,0
75263,114,0
126,305,1
75483,114,0
57321,114,0
104,110,1
581,468,1
29149,282,0
427,313,1
3239,177,1
557,284,1
227,205,1
98452,9,0
14820,24,0
69517,98,0
25764,21,0
65929,776,0
5890,6,1
3089,40,1
94431,518,0
73978,24,0
28843,179,0
1517,431,1
131,1073,1
47,276,1
96060,150,0
37913,431,0
1163,460,1
1367,89,1
68220,61,0
1969,12,1
43871,281,0
233,501,1
841,31,1
256,189,1
3258,16,1
946,125,1
1114,431,1
78740,473,0
86165,98,0
5744,109,1
220,984,1
51064,221,0
942,175,1
403,364,1
1465,56,1
83,57,1
3095,1202,1
917,53,1
2046,280,1
1647,1394,1
144,1198,1
75,1012,1
2549,125,1
62958,171,0
543,315,1
2017,502,1
9498,150,0
46637,776,0
944,171,1
56413,654,0
1775,41,1
33124,58,0
4917,344,1
3884,1025,1
317,179,1
1414,0,1
1699,282,1
68135,109,0
2931,889,1
16381,45,0
62964,142,0
60898,944,0
917,152,1
3558,114,0
56807,89,0
17437,1200,0
4332,56,1
88431,1146,0
945,111,1
73241,225,0
437,352,1
106314,955,0
53,501,1
3804,878,1
559,36,1
57414,4,0
514,19,0
4680,180,1
56,76,1
17087,455,0
18979,460,0
1791,456,1
3127,39,1
101,9,1
1160,776,1
16100,56,0
26,791,1
1395,1200,0
2542,451,1
917,72,1
92288,38,0
26013,681,0
2119,82,1
61945,220,0
6663,9,0
72430,558,0
30521,1207,0
188,91,1
99442,600,0
3653,12,0
387,245,1
96447,1435,0
2300,36,1
91476,160,0
3578,177,1
139,177,1
25,89,1
1035,315,1
954,681,1
6081,643,1
419,13,1
64482,89,0
63056,1198,0
68018,225,0
73,654,1
89189,1279,0
3295,78,1
77848,394,0
30,21,1
2852,776,1
81543,147,0
4296,502,0
60538,41,0
72912,207,0
1173,16,1
19473,82,0
18194,180,0
43,270,1
2713,177,1
179,623,1
591,351,1
44591,21,0
1363,534,1
37095,894,0
29839,109,0
383,961,1
2828,152,1
2386,145,1
1872,39,1
78935,44,0
2885,956,1
5546,47,0
72508,47,0
29611,844,0
56046,671,0
266,158,1
346,217,1
92284,776,0
63783,1326,0
883,248,1
87859,500,0
4815,109,1
69482,783,0
64981,12,0
240,4,1
950,344,1
62985,394,0
3587,283,1
365,33,1
46142,109,0
5900,394,1
4157,15,0
3320,263,1
2596,39,1
376,1178,1
98502,124,0
23859,520,0
2946,177,1
3282,456,0
57651,129,0
73,352,1
2639,543,1
1367,464,1
24260,880,0
44550,894,0
890,37,1
83,297,1
8069,84,0
21216,944,0
3139,41,1
102848,35,0
48545,157,0
93073,362,0
2673,1326,1
68103,394,0
81362,447,0
7872,852,0
75503,61,0
10062,456,0
1008,859,1
74971,39,0
576,913,1
458,177,1
365,9,1
4775,1198,1
902,930,1
22583,175,0
1074,53,1
1130,380,1
102507,9,0
1362,19,1
4027,58,0
1517,1197,1
2474,394,1
46211,827,0
46889,72,0
1463,318,1
48277,149,0
613,184,1
1485,344,1
313,82,1
7120,456,0
21078,541,0
106448,339,0
13300,69,0
233,189,1
1881,58,1
2608,1124,1
63369,253,0
70,376,1
69911,744,0
3624,39,1
39775,1230,0
40593,1198,0
103264,434,0
4967,1196,1
19821,580,0
42793,455,0
78404,39,0
2131,57,1
751,253,1
5791,40,1
87104,197,0
104006,828,0
91796,877,0
36839,122,0
89971,39,0
82491,502,0
49,207,1
43102,433,0
5978,859,1
4277,283,1
66988,130,0
93902,21,0
101898,39,0
3771,394,0
902,456,1
74087,9,0
3615,61,1
95290,196,0
89217,948,0
50138,180,0
346,125,1
1758,783,1
396,1224,1
18204,234,0
1521,942,1
2820,776,1
10296,109,0
43704,74,0
34865,109,0
262,98,1
1067,391,0
51754,263,0
913,125,1
31611,776,0
76190,247,0
10957,14,0
39696,272,0
6651,246,0
40432,431,0
876,543,1
16302,246,0
13269,333,0
388,76,1
4201,776,1
1010,12,1
35372,456,0
54204,57,0
58600,9,0
786,58,1
2937,73,0
98392,946,0
62906,351,0
724,770,1
2458,2,1
10049,998,0
98888,89,0
34290,84,0
66538,15,0
2971,503,1
1739,21,1
11498,661,0
190,207,1
35720,309,0
999,882,0
849,12,1
1129,194,1
94272,429,0
100046,944,0
58697,312,0
69703,175,0
41225,76,0
2820,778,1
4569,1207,1
24747,480,0
128,515,1
37037,283,0
29673,639,0
56548,1255,0
4732,40,1
621,232,1
71568,9,0
1689,150,1
10,39,1
52947,105,0
89,4,1
559,264,1
18396,1207,0
285,318,1
73766,1073,0
49,859,1
23494,403,0
53841,623,0
23693,45,0
801,1124,1
2303,21,1
20430,35,0
104821,31,0
84686,1224,0
5978,401,1
70464,1199,0
1914,21,1
53242,203,0
2014,84,1
78909,423,0
57534,1064,0
13790,217,0
4172,961,1
1693,562,1
2440,61,1
4242,351,1
5832,56,1
1464,456,1
2558,21,1
96999,38,0
27703,1197,0
99809,995,0
70576,69,0
51907,171,0
1535,111,1
104506,247,0
26624,458,0
64776,40,0
6112,145,1
376,1229,1
99114,617,0
13221,41,0
100941,144,0
145,1396,1
3615,1075,1
2371,35,1
23305,175,0
48850,61,0
5564,729,1
256,73,1
5057,150,1
262,44,1
100940,486,0
101120,455,0
23,145,1
9772,1456,0
1768,255,1
100,177,1
866,1,1
1081,149,1
5057,284,1
2504,50,1
456,1222,1
4634,1196,1
105621,21,0
1289,917,1
5978,621,1
3587,9,1
2013,112,1
2080,258,1
7,170,1
89079,614,0
1290,5,1
3934,877,1
30485,1207,0
228,472,1
28622,171,0
48456,140,0
59,172,1
95262,29,0
85,21,1
124,674,1
2786,41,1
63317,151,0
4174,784,0
127,263,1
77310,283,0
98722,621,0
3441,129,1
46269,68,0
373,630,1
57889,646,0
68994,5,0
2771,35,1
24588,221,0
58389,1101,0
86707,1279,0
95909,4,0
70943,105,0
72365,67,0
1504,776,1
7970,40,0
32762,352,0
2820,616,1
1825,79,1
3266,82,1
293,1124,1
2544,50,1
49650,621,0
50355,546,0
2791,3,1
46780,202,0
74076,300,0
38304,880,0
79796,128,0
3311,452,1
284,17,1
84195,431,0
685,256,1
878,124,0
1491,97,1
16378,13,0
5643,1429,1
1296,21,1
1695,946,1
3159,220,1
5632,37,1
252,1203,1
1657,16,1
28960,285,0
64199,0,0
2698,72,1
54,220,1
620,170,1
446,995,1
43085,503,0
23506,220,0
2740,1075,1
2186,47,1
103408,344,0
518,150,1
49199,157,0
559,76,1
65588,40,0
246,98,1
43671,29,0
58459,0,0
75,671,1
38891,150,0
2820,315,1
379,429,1
92018,458,0
3810,394,1
644,220,1
85374,694,0
998,1224,1
64990,150,0
37845,910,0
83507,56,0
28,16,1
1910,89,1
49324,504,0
3265,78,1
56522,21,0
1690,217,1
4868,160,0
53801,41,0
3201,97,1
18760,13,0
4007,16,1
86756,779,0
81390,1194,0
4742,255,1
49586,878,0
62221,288,0
1684,447,1
552,258,1
1484,1198,1
14613,948,0
1501,114,1
32898,784,0
46005,1043,0
35273,39,0
443,190,1
474,1207,1
207,180,1
262,253,1
19215,776,0
47634,76,0
39712,248,0
94009,1218,0
140,24,1
387,246,1
31553,38,0
2974,458,1
42097,41,0
1844,119,1
55879,180,0
37146,485,0
62201,40,0
4878,1396,1
3682,47,1
7,212,1
1689,464,1
2815,47,1
3505,263,1
437,129,1
1563,84,1
72960,946,0
3393,1199,1
1528,394,1
28538,844,0
1671,40,1
3197,874,1
56378,17,0
40714,17,0
6111,4,1
74622,878,0
98233,431,0
69043,47,0
52540,885,0
4229,394,1
92,174,1
1455,220,1
23287,39,0
19037,1138,0
38128,33,0
5524,15,1
11159,245,0
35369,1101,0
83702,1196,0
3616,41,1
29704,3,0
42475,84,0
41982,1202,0
93245,502,0
92286,431,0
87082,1198,0
1515,1197,1
44812,177,0
76,155,1
316,480,1
5673,256,1
65,215,1
19578,21,0
902,69,1
898,744,1
64120,233,0
1491,24,1
35602,329,0
60366,33,0
2335,47,1
1462,122,1
2823,21,1
79959,4,0
20870,98,0
104084,884,0
4272,431,1
286,784,1
577,4,1
78777,45,0
44563,253,0
2364,252,1
44727,39,0
39065,615,0
3876,37,1
2446,89,1
101,71,1
54804,68,0
24023,33,0
7686,217,0
47031,431,0
3333,859,1
735,920,0
3357,233,1
5321,431,0
593,21,1
59888,1394,0
43797,878,0
44946,458,0
2098,1,1
2823,949,1
12194,169,0
30778,309,0
1891,0,1
47857,364,0
5717,1124,0
1014,125,1
2820,1253,1
19066,1252,0
192,270,1
1758,44,1
190,21,1
11027,160,0
5958,0,1
108,586,1
72085,1207,0
986,173,0
95697,194,0
136,89,1
83016,19,0
60105,304,0
102254,1075,0
2690,13,1
54051,39,0
314,27,1
710,64,1
2023,452,1
557,157,1
3400,114,1
1762,347,1
923,97,1
80583,269,0
31,56,1
577,12,1
2419,669,1
93346,97,0
7242,742,0
427,122,1
41179,1207,0
4951,1207,1
3277,114,1
35745,859,0
67949,917,0
1288,124,1
13588,225,0
378,67,1
1401,98,1
28581,1224,0
66925,172,0
5620,869,1
3658,5,1
86547,97,0
57349,646,0
5528,410,0
16672,61,0
2803,50,0
70790,503,0
188,37,1
2131,158,1
163,621,1
26997,950,0
27183,431,0
49898,283,0
1093,256,1
72387,140,0
2974,486,1
97745,4,0
41725,1400,0
103332,82,0
77130,602,0
191,458,1
74632,379,0
103,1198,1
79304,285,0
2549,6,1
19070,114,0
4491,431,1
306,460,1
4386,129,1
88348,177,0
83389,36,0
3650,477,1
245,139,1
2492,742,1
884,98,1
647,259,1
25973,1196,0
11347,61,0
85927,456,0
927,45,1
5016,961,1
2175,1011,1
3124,464,1
15982,44,0
2423,109,1
618,129,1
44637,477,0
3208,171,1
44097,661,0
827,1207,1
84819,918,0
84497,41,0
1455,889,1
89761,1394,0
58602,53,0
19597,180,0
326,87,1
79984,949,0
24529,1197,0
6486,1116,0
1314,44,1
76273,1197,0
36,776,1
3578,282,1
4315,39,1
127,1194,1
1348,205,1
6222,193,0
2940,139,1
103095,225,0
813,98,1
63328,145,0
1244,586,1
1807,9,1
4856,506,0
41190,480,0
2384,18,1
29624,991,0
14086,58,0
5294,130,1
1821,91,1
2419,4,1
92,179,1
73737,36,0
448,29,1
1028,138,0
315,78,1
62653,12,0
105018,9,0
724,973,1
87299,1197,0
917,35,1
100659,1124,0
2908,263,1
105031,841,0
163,193,1
105927,9,0
10673,6,0
3593,820,1
61918,1198,0
64852,823,0
46616,1029,0
792,897,1
8574,73,0
28556,151,0
17163,776,0
1365,180,1
346,1411,1
86027,394,0
1952,352,1
54607,58,0
103810,71,0
83624,1,0
103759,431,0
175,270,1
2906,823,1
38312,1,0
1364,942,1
320,109,1
552,130,1
90550,221,0
91877,9,0
67234,282,0
4559,39,1
28100,72,0
50820,9,0
72383,125,0
103450,456,0
104644,207,0
1204,456,1
1939,97,1
74715,379,0
18398,72,0
5315,4,1
2374,16,1
2440,157,1
1989,47,0
4133,776,1
80904,109,0
365,98,1
10818,1037,0
35470,1394,0
30078,855,0
54729,394,0
1098,181,1
840,109,1
163,954,1
101516,948,0
1850,179,1
586,417,1
64804,955,0
2885,155,1
9367,44,0
5014,1197,1
4655,431,1
3932,905,1
57532,381,0
26173,217,0
71339,784,0
77697,1194,0
48355,109,0
105681,297,0
59629,39,0
222,29,1
2402,878,1
30395,669,0
907,175,0
24672,1384,0
101,76,1
76390,504,0
26716,480,0
992,944,1
81831,97,0
6166,256,1
25012,5,0
47366,114,0
83230,468,0
27550,1,0
58492,0,0
104225,976,0
2098,1210,1
3754,636,1
99607,13,0
60580,1012,0
1035,822,1
647,460,1
98393,175,0
96222,129,0
2130,5,1
36941,776,0
1724,57,1
97977,58,0
3333,337,1
3284,950,1
31259,464,0
327,45,1
63434,352,0
7455,58,0
95721,1394,0
99224,1343,0
577,217,1
76722,263,0
86543,109,0
1605,460,1
1812,464,1
4701,1164,0
30769,394,0
157,1289,1
95004,0,0
33187,300,0
128,89,1
59831,233,0
902,423,1
94077,844,0
3116,458,1
3238,614,1
1910,177,1
1224,1198,1
29118,263,0
233,69,1
53,72,1
39624,488,0
52,245,1
3227,24,1
45654,158,0
1491,40,1
212,332,1
14911,270,0
42503,84,0
4477,961,1
53881,140,0
376,199,1
90695,1290,0
8189,16,0
188,263,1
10491,1197,0
599,109,1
15205,776,0
1664,33,1
124,321,1
5646,270,1
104515,29,0
1040,97,1
47236,351,0
32195,109,0
61224,38,0
80993,98,0
2713,13,1
954,281,1
1350,245,1
102547,1337,0
1609,125,1
1159,351,1
1466,177,0
1909,9,1
969,58,1
950,175,1
2045,67,1
746,673,1
36984,220,0
21800,190,0
75,13,1
35430,569,0
26146,351,0
12884,141,0
1090,877,1
98481,776,0
156,282,1
87938,61,0
1204,172,1
875,458,1
3438,170,1
5833,245,0
90619,13,0
35244,1012,0
1054,1207,1
33506,45,0
15519,1202,0
1163,458,1
102459,220,0
510,248,0
4670,114,1
77210,885,0
43575,44,0
52182,118,0
2293,98,1
69683,9,0
2292,141,1
79928,1198,0
94961,40,0
67935,795,0
1850,180,1
37845,150,0
87016,57,0
14250,307,0
3161,394,1
2475,363,1
74185,1,0
6930,423,0
1095,776,1
46,92,1
10209,9,0
2719,82,1
18616,276,0
6063,58,1
2480,500,1
87233,1198,0
57276,394,0
6569,138,0
1504,202,1
93618,433,0
966,237,1
2820,6,1
19590,21,0
9208,462,0
6014,47,1
75085,1001,0
47195,1207,0
8396,420,0
1403,283,1
33208,292,0
18428,859,0
561,327,1
51981,555,0
76,247,1
437,12,1
7830,394,0
101,150,1
570,331,1
73844,41,0
39576,65,0
63282,431,0
227,105,1
3331,281,1
3884,245,0
73450,917,0
106383,657,0
2535,1207,1
20370,12,0
67491,847,0
549,196,1
71905,276,0
32667,233,0
2764,340,1
1332,145,1
1192,119,1
10976,910,0
19,48,1
1530,73,1
2373,78,1
35061,1200,0
945,1031,1
262,750,1
2885,233,1
99386,9,0
69061,44,0
417,800,1
29530,80,0
23224,124,0
83854,45,0
454,65,1
60425,24,0
306,45,1
76448,119,0
4633,744,1
675,65,1
590,155,1
127,456,1
67426,259,0
1715,304,1
1635,233,0
390,139,1
2656,9,1
13310,31,0
97233,1012,0
2453,45,1
28147,776,0
3248,84,0
77930,1218,0
100319,221,0
4623,1124,1
1325,24,1
378,282,1
320,208,1
58704,297,0
99952,1207,0
8385,13,0
4244,21,1
68379,45,0
4541,21,1
302,245,1
51402,481,0
75201,900,0
1466,458,1
65370,233,0
2793,247,1
1519,151,1
75415,21,0
32372,41,0
583,941,1
1128,3,1
40872,33,0
4474,21,1
3563,21,1
1615,21,1
63097,21,0
101875,24,0
102279,114,0
1797,21,1
44370,9,0
5936,394,1
3563,0,1
64201,0,0
104787,913,0
4194,269,1
47806,89,0
3054,15,1
316,5,1
73,141,1
1636,249,1
620,364,1
5944,160,1
75342,47,0
236,394,1
67631,458,0
248,114,1
818,281,1
23948,468,0
70470,880,0
96342,9,0
84239,401,0
75143,931,0
3492,230,1
102124,344,0
214,97,1
1434,13,1
1403,97,1
22958,12,0
60338,1197,0
103503,80,0
911,13,1
3772,265,1
5715,233,1
5459,19,1
4332,424,1
88394,170,0
1648,5,1
549,2,1
1244,233,1
1455,327,1
1618,67,1
15372,21,0
52358,9,0
182,21,1
48770,193,0
346,97,1
52870,192,0
365,160,1
1200,877,1
5978,33,1
29880,4,0
8302,1198,0
59436,1415,0
1583,582,1
2388,109,1
98037,1012,0
14906,111,0
5951,221,1
2312,124,1
968,84,1
1928,84,1
4243,217,1
27634,67,0
258,206,1
101705,599,0
74790,258,0
41360,177,0
76924,270,0
96571,248,0
7471,1226,0
783,207,1
6185,21,0
200,813,1
317,744,1
1227,205,1
4490,39,1
188,246,1
90685,6,0
66893,4,0
2666,1119,1
35609,64,0
997,252,1
35336,29,0
80904,12,0
437,40,1
934,44,0
312,91,1
74957,1197,0
83778,57,0
85,105,1
52842,233,0
2954,318,1
4114,44,1
577,44,1
102112,68,0
34360,521,0
105,109,1
89979,247,0
14794,73,0
5818,150,1
71714,1008,0
227,503,1
4227,1070,1
4734,78,1
43533,193,0
5028,1197,1
75,859,1
29950,363,0
65263,1057,0
3064,160,1
433,784,1
238,600,1
58541,639,0
320,433,1
82820,45,0
124,587,1
32355,13,0
36451,107,0
66677,152,0
94298,41,0
36092,12,0
65481,65,0
3600,1210,1
15611,125,0
589,150,1
2081,234,0
2451,1200,1
27946,352,0
1267,15,1
44839,688,0
89286,114,0
1517,45,1
79292,596,0
43093,13,0
536,305,1
1362,24,1
41103,1363,0
1117,4,1
1766,41,1
3957,109,1
265,1200,1
86791,1207,0
1521,0,1
88601,13,0
1724,155,1
10892,9,0
5589,517,1
96162,21,0
2856,150,1
1090,344,1
2885,579,1
91,9,1
46331,58,0
203,262,1
45570,35,0
8834,190,0
252,139,1
76519,1198,0
5801,21,1
557,217,1
3493,150,1
43247,44,0
46718,892,0
102623,58,0
100723,65,0
75,283,1
55746,21,0
68839,823,0
1533,64,1
10686,220,0
1387,229,1
56545,1394,0
61,39,1
188,248,1
724,141,1
81403,160,0
313,486,1
1381,9,1
2782,150,1
618,1394,1
203,84,1
75472,256,0
1681,21,1
11753,1,0
1339,109,1
1332,362,1
80077,74,0
222,1197,1
61873,928,0
10639,15,0
2433,50,1
2060,1124,1
35269,58,0
1132,16,1
128,12,1
102240,245,0
56792,190,0
23,80,1
2508,65,1
2434,235,1
62231,103,0
23603,882,0
207,61,1
80497,36,0
46764,693,0
557,105,1
332,189,1
537,305,1
84322,258,0
105941,160,0
90146,179,0
29815,562,0
97369,154,0
28223,282,0
27094,67,0
60624,1196,0
2820,510,1
101,944,1
2522,152,1
12190,1094,0
3132,41,1
916,67,1
593,91,1
1636,158,1
33148,209,0
1024,45,1
618,794,1
4084,878,1
282,538,1
30165,256,0
79931,248,0
2114,1194,1
1384,273,1
41972,941,0
12772,458,0
39242,460,0
1578,447,1
96026,5,0
5199,1197,1
3101,89,1
32271,41,0
1104,220,1
1937,138,1
1664,456,1
94635,331,0
912,189,1
3633,433,1
1647,175,1
55628,424,0
901,283,1
89300,47,0
88634,270,0
4122,776,1
91601,150,0
4320,150,1
291,430,1
74580,172,0
44639,40,0
3209,98,1
39206,671,0
912,654,1
82941,953,0
102996,362,0
62507,764,0
13865,248,0
85989,1229,0
94290,220,0
69236,884,0
82048,1124,0
3442,16,1
1401,35,1
56071,364,0
157,880,1
3762,989,1
6256,15,0
686,1351,1
4103,877,1
35364,33,0
1632,255,1
34298,1473,0
81,92,1
231,6,1
312,40,1
58769,140,0
4345,9,1
70404,619,0
2644,431,1
56480,312,0
13652,305,0
75,103,1
73,776,1
2885,1199,1
70,1196,1
56335,776,0
944,217,1
17505,519,0
332,103,1
4861,1296,1
249,994,1
76392,47,0
25903,1124,0
1350,288,1
55910,177,0
5235,91,1
90154,248,0
13180,418,0
1350,791,1
24408,248,0
1528,125,1
3336,1199,1
42399,1194,0
37586,431,0
361,109,1
2549,9,1
1035,367,1
58102,39,0
97308,98,0
557,89,1
1192,118,1
64826,991,0
36225,9,0
68146,79,0
17255,401,0
3129,36,1
388,57,1
89278,40,0
2075,227,1
131,654,1
37746,281,0
115,548,1
1821,217,1
68745,621,0
24716,1009,0
3089,41,1
11626,776,0
49361,13,0
2905,253,1
75413,78,0
54680,45,0
253,65,1
1089,1207,1
44163,1,0
579,98,1
2440,156,1
83705,1197,0
58473,41,0
1725,179,1
28338,1124,0
179,137,1
98645,21,0
87125,41,0
63946,1186,0
27922,456,0
82688,480,0
497,943,1
327,671,1
81,118,1
681,97,1
61549,943,0
26963,125,0
47224,31,0
789,253,1
78715,878,0
1242,1207,1
470,28,1
43158,37,0
90146,35,0
102878,318,0
2116,82,1
2360,253,1
23245,9,0
4796,1198,1
1749,124,1
480,149,1
4337,190,1
2520,1118,1
262,37,1
2549,40,1
14204,58,0
4472,24,1
16133,40,0
51377,65,0
869,114,1
575,859,1
51077,171,0
3447,321,1
28930,394,0
67661,27,0
32629,202,0
1208,9,1
66505,1313,0
75760,1198,0
125,172,1
31397,39,0
245,138,1
2668,464,1
2175,151,1
5844,256,1
1212,455,1
4630,194,1
703,145,1
3333,503,1
1689,283,1
552,114,1
33716,1207,0
52541,460,0
91362,1210,0
96918,394,0
2792,21,1
1389,129,1
115,882,1
1354,13,1
1644,57,1
690,84,1
105850,460,0
75263,177,0
1111,546,1
2633,172,1
2020,89,1
2276,78,1
49922,177,0
3284,949,1
681,21,1
77845,1124,0
12682,21,0
48575,776,0
1485,18,1
992,13,1
54801,17,0
18575,253,0
44189,21,0
22219,501,0
2544,82,1
8236,431,0
691,84,1
1465,339,1
100526,451,0
45,57,1
2240,150,1
65072,283,0
20429,15,0
82187,31,0
3333,954,1
2732,9,1
31,245,1
254,581,1
156,24,1
4455,249,1
2885,160,1
43116,39,0
200,361,1
89482,53,0
42499,249,0
42699,179,0
1550,39,1
76843,375,0
3385,478,1
115,9,1
3930,621,1
104102,6,0
44488,39,0
23724,105,0
154,13,1
62136,41,0
1676,282,1
12414,89,0
26230,24,0
24655,76,0
2412,33,1
750,256,1
57240,28,0
83173,2,0
3247,40,1
2793,6,1
51179,76,0
2364,13,1
2734,91,1
568,392,1
923,793,1
2137,128,1
106003,169,0
317,36,1
96085,877,0
1017,249,1
31532,40,0
58033,160,0
2092,1396,1
101,520,1
59469,57,0
4116,172,1
3320,9,1
4348,24,1
6233,91,1
983,618,1
75774,44,0
557,968,1
99469,57,0
25300,1074,0
1644,40,1
559,206,1
944,21,1
54069,206,0
194,18,1
134,200,1
681,105,1
26092,9,0
60180,152,0
37520,103,0
2885,775,1
207,58,1
66951,37,0
29056,247,0
3075,57,1
63185,21,0
200,318,1
41861,5,0
262,105,1
25,175,0
9705,456,0
1622,21,1
1477,728,1
7414,67,0
91105,0,0
245,1210,1
22678,114,0
23552,770,0
47383,1428,0
14,354,1
53779,12,0
1831,39,1
1282,150,1
2897,606,1
1288,41,1
1434,39,1
11295,109,0
51780,69,0
917,39,1
81958,1200,0
26810,80,0
57899,9,0
227,33,1
2017,322,1
13729,253,0
3996,878,1
3397,82,1
902,157,1
83259,1196,0
88114,87,0
76407,177,0
4347,1198,0
1979,98,1
1647,149,1
691,33,1
149,1227,1
83193,1,0
14493,1197,0
3380,149,1
3769,992,1
81316,149,0
99296,282,0
4310,13,1
3599,510,1
93827,424,0
2189,45,1
39489,40,0
32448,1218,0
77305,361,0
30047,1428,0
679,401,1
1981,21,1
12,1200,1
1399,98,1
7914,137,0
4707,91,1
35936,961,0
14023,217,0
394,155,0
36189,593,0
64509,878,0
102962,44,0
213,13,1
6895,37,0
1865,114,1
84514,97,0
56890,21,0
11377,885,0
2439,61,1
2192,270,1
103666,45,0
59531,431,0
68439,657,0
35210,391,0
2820,263,1
54554,245,0
43372,29,0
581,89,1
34367,883,0
4137,177,1
4116,171,1
1322,13,1
10,433,1
18253,5,0
1282,177,1
1,577,1
346,263,1
1880,776,1
54323,67,0
86007,58,0
5908,394,1
53892,155,0
950,776,1
95830,905,0
2292,4,1
225,0,1
2853,1169,1
1456,3,1
58098,186,0
101571,1387,0
11440,21,0
2089,189,1
3442,394,1
225,171,1
9028,174,0
85130,776,0
75271,41,0
1288,13,1
552,809,1
704,1124,1
19197,172,0
101680,0,0
4923,114,1
3644,57,1
157,58,1
1039,510,1
1407,47,1
56,297,1
85,264,1
68686,1394,0
82554,1478,0
99014,281,0
47,1394,1
1367,15,1
24475,821,0
4340,897,1
2017,156,1
28017,233,0
26424,1210,0
1715,47,1
5571,9,1
6157,1456,1
233,245,1
1226,160,1
1352,878,1
92322,562,0
59960,884,0
60249,1456,0
2640,776,1
1615,5,1
1768,57,1
134,33,1
3846,1032,1
74408,283,0
891,449,1
53307,98,0
586,21,1
33197,217,0
75728,742,0
30765,24,0
37284,177,0
1220,149,1
2446,968,1
6027,1495,1
4908,109,1
89801,130,0
753,109,1
2202,308,1
33409,297,0
838,109,1
88514,555,0
96824,1207,0
127,206,1
714,30,1
717,65,1
24896,177,0
108,884,1
938,35,1
48352,24,0
6165,124,0
2375,615,1
51330,152,0
104973,91,0
51180,9,0
3829,76,1
341,47,1
37744,247,0
4410,1207,1
2796,215,1
5388,65,1
992,951,1
1504,13,1
64781,394,0
2696,636,0
81590,282,0
22505,307,0
21285,24,0
101746,194,0
55957,67,0
724,491,1
2440,456,1
42492,1207,0
3925,468,1
4302,230,1
52328,47,0
902,502,1
67305,1202,0
4508,541,1
37893,177,0
319,191,1
100597,1400,0
11260,1207,0
36075,394,0
3860,8,1
3784,114,0
253,1207,1
79109,28,0
82735,518,0
43758,141,0
78325,541,0
2561,600,1
5702,248,0
3201,76,1
96579,394,0
5054,1124,1
128,71,1
65337,0,0
2851,175,1
20237,783,0
46300,109,0
62937,38,0
78483,425,0
106293,776,0
92444,0,0
890,882,1
97662,956,0
36295,177,0
263,78,1
70619,1303,0
1674,56,1
35,401,1
969,456,1
96082,9,0
104856,199,0
575,253,1
90506,128,0
916,501,1
48476,41,0
44642,24,0
910,464,1
73778,394,0
1911,870,1
1159,1207,1
62056,97,0
2956,189,1
1724,76,1
105565,13,0
31486,9,0
1815,1196,0
82752,878,0
44311,205,0
73752,21,0
53394,114,0
24789,344,0
96990,623,0
4630,327,1
2844,175,1
1415,344,1
1113,6,1
1631,502,1
4435,24,1
1398,40,1
24933,215,0
2679,9,1
1231,1269,1
443,823,1
2862,391,1
3079,487,1
81027,109,0
4302,454,1
27913,394,0
252,39,0
1470,18,1
22999,114,0
58836,45,0
104646,12,0
1890,89,1
45255,18,0
99893,205,0
191,230,1
809,3,1
4928,1197,1
1139,36,1
3647,202,1
1456,1,1
4386,344,1
3284,946,1
1911,431,1
48114,154,0
4560,44,1
59825,943,0
6588,44,0
1664,97,1
5035,318,0
923,0,1
2594,109,1
2043,76,1
2779,158,1
1408,109,1
7367,456,0
2971,504,1
23372,129,0
2440,177,1
927,173,1
4911,1210,1
3264,183,1
227,44,1
29918,327,0
19550,44,0
3528,1394,1
211,521,1
11264,38,0
15976,158,0
52532,247,0
591,13,1
73543,40,0
557,88,1
86121,36,0
3530,9,1
1887,45,1
81104,39,0
884,89,1
1146,79,1
103162,8,0
5712,233,1
65317,172,0
2,65,1
924,58,1
1244,89,1
30,105,1
6580,13,0
1183,49,1
85107,431,0
94800,1207,0
6891,2,0
63966,1207,0
58914,859,0
99969,456,0
480,344,1
88795,1199,0
76688,15,0
92182,221,0
1019,61,1
68518,47,0
1273,776,1
26,29,1
37639,244,0
15806,128,0
3431,179,1
53793,283,0
41167,9,0
3817,16,1
52629,1197,0
346,91,1
4448,394,1
63969,41,0
74935,255,0
2971,45,1
1648,1194,1
81484,456,0
101761,270,0
3284,955,1
70233,91,0
1253,35,1
5310,21,1
20928,24,0
1548,270,1
1365,21,1
38709,4,0
52686,13,0
29290,91,0
35006,9,0
78583,35,0
1622,1197,1
34184,423,0
27121,151,0
31,76,1
22697,643,0
183,233,1
437,76,1
2466,1200,1
480,1010,1
1508,14,1
30302,78,0
24326,256,0
52674,91,0
95158,155,0
1952,89,1
48622,252,0
21821,57,0
987,569,1
253,72,1
57602,13,0
2043,880,1
1497,9,0
910,172,1
356,24,1
54891,69,0
76848,8,0
4460,1197,1
54547,449,0
75995,431,0
1900,1075,0
23797,376,0
65120,923,0
1997,27,1
3280,40,1
3162,13,1
81466,33,0
88089,375,0
102582,1396,0
83454,724,0
1227,114,1
96252,6,0
26,331,1
25742,0,0
101294,248,0
79451,288,0
3215,15,1
49,91,1
15734,621,0
36897,776,0
1758,965,1
4306,41,1
11738,776,0
1151,173,1
66887,109,0
18392,157,0
1632,114,1
38156,252,0
23183,177,0
1442,1228,1
1637,776,1
552,220,1
65108,1075,0
313,477,1
102108,235,0
99298,1326,0
2446,337,1
64477,832,0
84759,431,0
1568,1396,1
5190,1396,1
32194,1394,0
7782,215,0
2346,429,1
2435,1198,1
61552,24,0
266,163,1
47286,171,0
48602,21,0
88440,1252,0
589,177,1
4990,1196,1
96925,41,0
170,1200,1
59129,111,0
100531,149,0
285,348,1
1136,409,1
1640,639,1
106420,33,0
19237,1140,0
1654,305,1
917,71,1
101,37,1
61889,245,0
65006,64,0
81438,258,0
960,53,1
31869,177,0
1092,253,1
24593,215,0
30,41,1
2973,9,1
22817,9,0
2386,1194,1
102968,1197,0
84043,256,0
115,177,1
79250,13,0
1364,172,1
40297,1198,0
3333,76,1
2502,0,1
23520,214,0
397,91,1
3303,501,1
78623,431,0
32192,41,0
19894,16,0
86492,844,0
37492,376,0
1584,394,1
137,205,1
3940,394,1
90003,145,0
68583,546,0
83,158,1
93307,9,0
433,65,1
53125,97,0
222,144,1
72616,263,0
17887,0,0
285,1073,1
77823,693,0
2779,41,1
71214,458,0
34041,1,0
1938,170,1
64857,367,0
82429,472,0
19561,464,0
80881,431,0
89,283,1
285,606,1
20182,1031,0
90498,966,0
30968,79,0
2451,776,1
141,1433,1
69,85,1
931,431,1
57494,258,0
39525,21,0
1207,520,1
1465,54,1
1348,158,1
64409,209,0
2103,1408,1
55281,281,0
16781,24,0
160,53,1
31064,150,0
86926,618,0
1446,749,0
2458,220,1
29080,373,0
1485,17,1
1488,815,1
25671,776,0
1734,4,1
76624,593,0
98132,9,0
83798,0,0
3462,78,1
80065,13,0
2771,37,1
26973,464,0
936,78,1
49995,303,0
57709,4,0
890,252,1
5531,21,0
2908,37,1
102104,78,0
91326,800,0
1618,5,1
2050,434,1
18,805,1
39920,38,0
82450,13,0
59982,220,0
69,111,1
1302,112,1
60785,458,0
3846,425,1
262,67,1
33048,92,0
3171,78,1
66269,12,0
70575,430,0
39415,288,0
1146,128,1
79916,431,0
43928,72,0
104,105,1
51557,36,0
101300,205,0
75,172,1
5298,1198,1
5882,263,0
94763,776,0
931,455,1
88395,24,0
5985,0,1
508,292,1
100110,263,0
10733,9,0
3619,551,1
98141,269,0
31890,0,0
28386,442,0
17326,35,0
67453,182,0
111,776,1
75308,245,0
13556,362,0
449,139,1
17752,47,0
26,114,1
39950,1296,0
104604,928,0
68474,1198,0
144,1197,1
2543,64,1
68157,417,0
89128,215,0
1945,58,1
188,623,1
65741,1315,0
206,144,1
22487,40,0
94901,0,0
156,791,1
4571,543,0
73258,249,0
992,252,1
575,953,1
5873,1482,1
82287,21,0
1068,175,1
25281,35,0
2848,12,1
102844,882,0
38695,111,0
89294,98,0
1591,483,1
89,297,1
352,1197,1
27,303,1
2770,206,1
26,177,1
902,67,1
74367,859,0
6170,145,1
5339,5,1
43269,456,0
13603,79,0
13552,41,0
6742,1224,0
2749,231,1
2016,98,1
1350,58,1
82176,54,0
60,47,1
84802,40,0
254,1124,1
104539,255,0
48464,431,0
188,541,1
47883,394,0
3805,1407,1
704,109,1
307,18,1
3480,58,1
411,145,1
60721,305,0
95341,137,0
86998,282,0
1074,1101,1
12847,114,0
47797,569,0
57167,119,0
2550,520,0
682,504,1
5311,517,1
1078,823,1
39911,948,0
97101,160,0
6369,937,0
3598,91,0
41555,47,0
5952,58,1
23797,50,0
1671,1199,1
60006,163,0
102779,78,0
1307,24,1
289,283,1
1657,1197,1
233,263,1
2486,966,1
18568,506,0
2823,946,1
86658,484,0
1739,190,1
34758,1075,0
1046,114,1
82585,177,0
40091,109,0
25019,177,0
13145,173,0
1701,72,1
69587,39,0
64245,82,0
42993,5,0
69235,202,0
1689,38,1
55851,1132,0
102478,282,0
1889,4,1
103769,264,0
52022,139,0
86546,331,0
36701,175,0
50357,125,0
12948,351,0
5856,256,1
2034,41,1
61,363,1
327,206,1
2189,73,1
437,72,1
3565,6,1
156,31,1
3561,44,1
101391,9,0
1932,4,1
16001,205,0
17895,392,0
681,1322,1
64358,776,0
15467,1396,0
15133,24,0
57037,1197,0
2042,76,1
2853,880,1
68375,111,0
1615,431,1
5429,905,1
1243,363,1
33773,41,0
233,91,1
3607,643,1
10375,45,0
104304,394,0
7363,82,0
57131,203,0
33161,114,0
1920,17,1
9913,263,0
10303,130,0
3634,477,1
39882,109,0
4872,1210,1
928,431,1
69447,105,0
32372,438,0
1644,44,1
1882,924,0
73862,1124,0
593,36,1
299,1474,1
84361,1396,0
2084,31,1
3193,569,1
97294,887,0
2800,1044,1
764,776,1
54305,776,0
1611,45,1
32,433,1
1401,180,1
68096,217,0
555,150,1
100922,700,0
4463,207,1
578,72,1
88945,45,0
8536,551,0
66169,1197,0
89160,315,0
75280,109,0
9914,58,0
930,39,1
618,382,1
99365,41,0
545,150,0
80800,40,0
5216,150,1
1335,1399,1
1636,200,1
1348,58,1
8690,941,0
48858,1224,0
30453,98,0
1139,35,1
289,82,1
127,424,1
1141,302,1
68312,245,0
620,129,1
4219,21,0
39,110,1
104687,53,0
927,621,1
568,259,1
565,892,1
2925,9,1
288,1207,1
227,263,1
1101,478,1
71064,1202,0
992,953,1
2200,5,1
26928,1262,0
320,142,1
1461,40,1
24934,40,0
28443,177,0
7,1196,1
4316,431,1
1381,205,1
18,2,1
1641,431,1
5762,1086,1
53657,269,0
105648,177,0
77789,27,0
57198,270,0
209,394,1
90809,1198,0
2105,47,1
90161,19,0
4116,179,1
2471,71,1
86187,9,0
2095,229,1
5832,45,1
43241,231,0
4408,1207,1
1216,1196,1
47788,65,0
26174,253,0
172,460,1
34812,31,0
2527,76,1
1910,205,1
47283,15,0
722,643,1
4066,61,1
228,72,1
332,24,1
41095,141,0
10851,961,0
66789,78,0
26664,35,0
50506,460,0
67316,152,0
29623,44,0
1519,13,1
160,1207,1
20353,480,0
2439,1228,1
98256,4,0
4515,259,1
14289,431,0
39281,80,0
49635,40,0
3545,177,1
95225,8,0
86403,40,0
1739,639,1
44982,776,0
473,29,1
60558,217,0
477,776,1
63193,189,0
2997,220,1
397,245,1
1618,174,1
98315,791,0
1552,202,1
1331,50,1
90271,1198,0
74118,394,0
2129,68,1
173,1210,1
2956,1193,1
57430,61,0
104559,1222,0
10130,394,0
1084,1415,1
188,885,1
1842,460,1
1033,29,1
3146,468,1
14799,39,0
45676,37,0
1664,45,1
4727,882,1
101374,9,0
47001,21,0
2366,9,1
1401,253,1
38732,431,0
37426,57,0
1159,0,1
97815,661,0
18991,949,0
1464,541,1
76615,477,0
1866,316,1
125,89,1
2005,246,1
2820,431,1
65961,41,0
2260,153,1
391,1149,1
95751,97,0
26,283,1
17995,941,0
9702,458,0
39740,884,0
932,31,1
122,29,1
4713,460,0
84944,13,0
912,157,1
13879,194,0
6016,431,1
1288,76,1
4118,137,1
63101,1197,0
88902,313,0
57614,107,0
1780,21,1
105828,410,0
64013,45,0
93260,45,0
302,33,1
98238,438,0
227,114,1
65608,752,0
9161,394,0
191,1210,1
62,47,1
1350,39,1
3592,78,1
44806,344,0
1521,776,1
3104,468,1
910,793,1
5978,9,1
557,391,1
1641,1200,1
8287,125,0
67827,381,0
24016,13,0
923,189,1
2826,13,1
86530,1463,0
1591,192,1
1618,9,1
94136,256,0
2827,1012,1
100072,246,0
94983,820,0
3684,13,1
100999,233,0
49,180,1
197,45,1
197,892,1
81015,44,0
2629,17,1
10739,29,0
51981,21,0
157,1257,1
12411,36,0
200,969,1
54192,431,0
27517,344,0
3882,878,1
47,1289,1
77579,9,0
17303,76,0
22382,642,0
65697,82,0
2100,4,1
40286,38,0
72901,892,0
50079,171,0
5402,124,0
4536,21,1
32737,40,0
1536,44,1
101129,344,0
73895,332,0
78705,931,0
672,255,0
89784,252,0
22799,41,0
84266,1207,0
901,98,1
88277,139,0
4247,910,1
90451,64,0
26391,808,0
47276,174,0
41942,433,0
15040,631,0
105041,1198,0
19514,206,0
51021,158,0
9637,586,0
68545,18,0
96878,1207,0
225,58,1
2644,1196,1
1197,44,1
58884,150,0
26,430,1
53417,180,0
21053,615,0
1658,468,1
873,256,1
85906,105,0
73,156,1
1819,13,0
1629,186,0
31,40,1
106336,1305,0
69380,207,0
43716,1085,0
105901,376,0
475,1197,1
90,109,1
54616,44,0
252,344,1
134,97,1
207,621,1
262,39,1
89838,58,0
62723,460,0
81476,33,0
590,153,1
944,45,1
256,0,1
82674,784,0
43444,364,0
66616,445,0
233,39,1
256,36,1
74166,409,0
2440,859,1
2033,177,1
104827,205,0
104120,403,0
32153,12,0
64484,24,0
312,12,1
3480,33,1
1336,1088,1
139,839,1
25261,1315,0
1364,98,1
31682,3,0
47,9,1
73196,282,0
86469,269,0
92096,124,0
69508,945,0
1637,71,1
92837,140,0
125,41,1
1214,431,1
555,661,1
31870,58,0
64514,480,0
2282,844,1
3043,1074,1
2005,105,1
94493,1199,0
75464,74,0
14286,24,0
618,363,1
27301,877,0
12497,109,0
30818,21,0
96351,21,0
43792,728,0
2440,76,1
3378,942,1
81752,522,0
78521,318,0
1627,458,1
94283,16,0
46944,243,0
77244,529,0
34716,177,0
4757,431,1
37059,466,0
63909,16,0
17164,283,0
59256,37,0
582,776,1
2269,53,1
3704,205,1
3945,31,0
3056,39,1
66341,6,0
91139,64,0
1375,87,1
417,3,1
70268,69,0
561,124,1
1,263,1
2908,247,1
175,53,1
1690,263,1
2207,29,1
45258,9,0
38176,39,0
3845,175,1
2647,39,1
45,76,1
87276,308,0
2767,78,1
3109,175,1
39838,89,0
52361,315,0
297,1,1
17890,969,0
902,578,1
692,84,1
503,67,1
1008,68,1
578,352,1
6136,282,0
75606,800,0
2820,48,1
146,47,1
783,12,1
4286,1386,1
594,4,1
1399,37,1
101,58,1
11982,85,0
215,130,1
5272,47,1
26,877,1
588,12,1
1657,269,1
63555,41,0
286,190,1
679,24,1
500,69,1
60130,555,0
64760,74,0
12349,248,0
1111,0,1
68612,24,0
2428,17,1
51485,456,0
77158,145,0
935,6,1
3655,130,1
2135,47,1
1226,654,1
1224,14,1
25,21,1
397,263,1
557,1245,1
98278,361,0
53241,1032,0
1352,21,1
12818,248,0
1364,344,1
63523,4,0
73148,1198,0
82870,58,0
1644,54,1
96000,431,0
14538,1197,0
1834,15,0
57466,73,0
93030,382,0
40046,80,0
11134,582,0
1847,13,1
1426,12,1
66,91,1
3685,401,0
49211,1124,0
4492,9,1
20472,109,0
1641,29,1
54318,139,0
12660,220,0
46403,877,0
68545,177,0
966,67,1
29485,12,0
83307,186,0
1804,78,1
57179,147,0
2095,795,1
67250,882,0
3116,1197,1
2762,89,1
243,1207,1
549,91,1
3683,150,1
86148,776,0
157,91,1
2885,949,1
4781,1221,1
2443,9,1
56987,877,0
27,220,1
128,68,1
56,171,1
1618,58,1
86869,4,0
746,24,1
177,445,1
1463,4,1
29095,114,0
70,329,1
1730,776,1
17297,283,0
884,71,1
17550,118,0
285,114,1
1630,424,1
101491,45,0
53677,280,0
63758,61,0
76276,45,0
2211,558,1
97217,376,0
20330,304,0
397,247,1
64656,501,0
69593,259,0
3104,488,1
163,941,1
42492,21,0
99282,434,0
934,196,1
4455,230,1
0,0,1
4412,431,1
6447,674,0
51297,1,0
1399,61,1
14039,213,0
167,1207,1
1325,91,1
1403,621,1
22355,33,0
2839,47,1
1513,194,1
1354,9,1
2,47,1
3903,877,1
30,150,1
25438,129,0
934,431,1
97173,1394,0
102345,13,0
6208,40,1
75354,145,0
36678,39,0
2025,436,1
564,892,1
74452,364,0
91047,97,0
58145,19,0
23633,1207,0
241,1207,0
2718,480,1
21965,877,0
233,538,1
4087,878,1
3808,878,1
82535,1012,0
53355,38,0
91788,248,0
2905,33,1
28358,1394,0
80310,402,0
103852,1194,0
60619,12,0
888,1443,1
1513,543,1
13872,71,0
2716,202,1
1462,31,1
101943,524,0
3899,995,1
3601,47,1
44,137,1
23702,878,0
54325,61,0
56570,180,0
3047,431,1
396,107,1
59322,344,0
220,44,1
204,2,1
34573,177,0
29059,479,0
3249,401,0
90187,13,0
3689,288,1
2203,47,1
34837,145,0
923,40,1
2807,82,1
2424,19,1
6606,805,0
53125,213,0
142,1124,1
1508,130,1
3342,582,1
2803,3,0
559,105,1
898,61,1
9457,6,0
3269,16,0
22201,196,0
5000,1197,1
233,504,1
2446,71,1
5030,1207,1
9046,382,0
88849,1375,0
419,21,1
3007,673,1
365,35,1
6262,17,0
1591,17,0
79086,431,0
35898,263,0
91447,1198,0
9818,44,0
4045,878,1
1827,285,0
2407,47,1
21357,253,0
54486,152,0
1713,1194,1
70742,1224,0
90687,21,0
66555,477,0
49721,37,0
73881,297,0
85750,776,0
240,175,1
72197,283,0
75927,668,0
3096,199,1
2889,172,1
2737,39,1
99716,157,0
101259,33,0
724,253,1
1103,1193,1
1657,214,1
104,58,1
42208,200,0
306,739,1
2885,954,1
66184,1255,0
14484,79,0
94096,56,0
79328,1207,0
998,408,1
85,621,1
30780,618,0
47919,693,0
20617,98,0
883,12,1
127,581,1
63306,61,0
99244,149,0
66510,1210,0
456,253,1
40208,80,0
1367,593,1
765,119,1
105910,78,0
225,1435,1
83,173,1
25126,253,0
2171,82,1
70648,431,0
1939,140,1
57238,302,0
3195,58,1
2820,78,1
58077,220,0
1869,217,1
52561,196,0
437,177,1
71841,5,0
5435,431,1
1363,207,1
51580,149,0
5473,45,1
94974,39,0
2535,1198,1
53938,170,0
66984,1456,0
2552,197,1
1365,44,1
1352,84,1
57964,54,0
557,38,1
64497,203,0
10900,194,0
45827,1198,0
67446,942,0
2273,710,1
24139,394,0
3073,65,1
3139,40,1
63582,1197,0
90643,44,0
327,44,1
781,352,1
49357,21,0
31713,943,0
92,464,1
910,71,1
5658,177,0
64228,114,0
227,340,1
1517,214,1
57088,373,0
2929,589,1
83672,76,0
47063,47,0
64211,245,0
1504,114,1
101,297,1
2393,97,0
4453,394,1
2476,837,1
1398,942,1
1226,207,1
61403,72,0
81069,105,0
96553,465,0
102930,787,0
46513,114,0
1033,1197,1
64038,64,0
3023,40,1
5406,363,1
37933,305,0
72570,255,0
15542,0,0
93780,285,0
618,5,1
10135,909,0
1631,431,1
134,311,0
29156,1456,0
3138,252,1
81724,1269,0
82539,53,0
69287,141,0
90073,249,0
629,125,1
14742,170,0
5884,256,1
1730,0,1
1443,791,1
3677,61,1
98828,1396,0
389,362,1
44450,192,0
66224,138,0
91922,344,0
136,685,1
96410,568,0
894,160,1
122,220,1
225,76,1
1908,128,1
378,744,1
3102,230,1
59767,283,0
29488,1198,0
28361,1227,0
30360,21,0
2372,431,1
70581,12,0
4707,39,1
42717,247,0
267,137,1
1885,1194,1
79853,13,0
55033,5,0
559,247,1
17235,1124,0
58929,35,0
2885,156,1
3693,39,1
103461,91,0
1208,114,1
1691,9,1
51876,65,0
4998,1198,1
4032,877,1
1366,40,1
85138,482,0
2875,1309,1
883,548,1
97273,9,0
39329,76,0
68237,220,0
23123,431,0
744,262,1
302,464,1
33085,98,0
94173,177,0
43118,452,0
1227,177,1
3116,1224,1
2213,9,1
944,149,1
56352,281,0
29161,21,0
801,47,1
3869,80,1
3674,24,1
126,304,1
37470,29,0
1631,91,1
5376,233,1
188,985,1
2126,89,1
84605,21,0
2549,1198,1
27786,763,0
4919,1197,1
92032,53,0
45666,306,0
1398,69,1
385,4,1
31,233,1
20519,73,0
65748,1197,0
863,31,0
1530,9,1
105733,820,0
144,881,1
894,40,1
81372,394,0
562,306,1
996,755,1
618,847,1
1533,15,1
27626,73,0
3929,249,1
30689,58,0
27743,394,0
93802,128,0
83,586,1
90977,264,0
73,424,1
27630,1193,0
1362,12,1
6775,183,0
1072,1,1
587,376,1
5791,36,1
72728,41,0
31,391,1
54982,69,0
54487,82,0
91528,859,0
24950,9,0
31905,130,0
3568,1,1
233,207,1
7322,141,0
68212,47,0
20901,6,0
5995,6,1
8142,390,0
1314,40,1
91362,1227,0
33736,456,0
61469,177,0
1708,903,1
14397,1207,0
5000,1198,1
34735,57,0
1693,765,1
34154,125,0
1352,110,1
5061,1334,1
73594,1344,0
84,319,1
3256,17,1
68319,157,0
724,35,1
1188,351,1
2823,37,1
4882,1210,1
52254,2,0
87405,44,0
49723,220,0
817,281,1
77517,61,0
3876,1253,1
56854,263,0
1075,8,1
92601,109,0
35708,78,0
4514,248,1
1040,171,1
3333,177,1
2381,783,1
99337,458,0
49185,1194,0
996,179,1
1944,39,1
550,323,1
86538,207,0
5850,61,1
5108,1207,1
312,1012,1
166,4,1
1883,189,1
3656,351,1
2997,21,1
572,316,1
82956,1012,0
51356,40,0
1368,253,1
187,145,1
92454,784,0
14668,112,0
91718,344,0
66326,523,0
78577,41,0
3164,189,1
22662,138,0
1019,905,1
4222,98,1
2094,1307,0
453,47,1
279,285,1
1442,180,1
3626,4,1
2480,30,1
3037,79,1
20542,431,0
167,1198,1
73493,128,0
1420,510,1
18272,292,0
313,88,1
4328,401,1
87129,856,0
2627,14,1
4559,41,1
70752,379,0
32235,97,0
50541,258,0
1775,403,1
58041,39,0
22370,84,0
5973,213,1
13754,73,0
576,141,1
4573,79,1
784,67,1
93543,643,0
65345,109,0
80353,169,0
25,281,1
1513,347,1
1034,442,1
10401,44,0
984,431,1
922,13,1
37305,627,0
2088,16,1
100866,506,0
1214,44,1
93831,817,0
22226,610,0
74093,344,0
101863,45,0
63530,47,0
542,39,1
68640,45,0
21929,375,0
3652,276,1
29490,305,0
11407,17,0
68684,256,0
56463,29,0
3378,44,1
81661,160,0
1637,186,1
18327,1210,0
82034,927,0
255,15,1
23414,13,0
1448,9,1
96672,98,0
1040,33,1
34823,1197,0
102388,344,0
1317,615,0
7707,364,0
27754,394,0
4345,282,1
30674,1,0
80894,47,0
724,1258,1
94323,386,0
8137,458,0
992,950,1
105227,18,0
5462,15,1
58040,44,0
209,820,1
59347,304,0
910,24,1
85187,1200,0
5801,252,0
2892,227,0
3133,37,1
378,0,1
256,69,1
83,177,1
104,205,1
1287,468,1
681,98,1
54515,147,0
1615,283,1
47431,791,0
6055,186,1
2009,3,1
38618,180,0
3069,29,1
3967,878,1
992,956,1
188,962,1
51,1207,1
97768,1415,0
74474,431,0
2783,9,1
124,15,1
4190,1194,1
41274,58,0
42502,21,0
2412,1301,1
47058,235,0
140,1444,1
2561,40,1
51801,235,0
1603,141,1
44130,1012,0
999,84,1
71002,201,0
71,24,1
4578,946,1
93186,1074,0
32700,69,0
79837,1196,0
3129,9,1
157,6,1
52,186,1
79330,1480,0
57581,157,0
680,141,1
1695,942,1
6186,431,0
49227,21,0
56593,877,0
99521,274,0
45337,44,0
75587,643,0
254,191,1
4747,6,1
22393,822,0
71679,39,0
72364,98,0
47562,203,0
3120,1207,1
7836,1444,0
26842,621,0
51162,555,0
79740,304,0
2549,45,1
577,57,1
3965,21,1
70227,480,0
43152,9,0
52988,114,0
91569,17,0
1690,744,1
917,431,1
55404,616,0
1171,700,1
2608,270,1
59500,179,0
4581,410,1
5978,245,1
26,650,1
2175,1194,1
37814,431,0
94675,1124,0
82173,430,0
1464,24,1
71290,520,0
561,89,1
48582,40,0
124,68,1
157,994,1
86485,190,0
480,1236,1
274,9,1
256,744,1
97692,281,0
1031,340,1
2885,171,1
59833,21,0
349,451,1
85613,145,0
69216,543,0
1631,35,1
37673,38,0
104443,9,0
456,352,1
1618,68,1
43995,248,0
1393,1193,1
33573,21,0
56296,151,0
458,1122,1
78800,29,0
39854,220,0
105028,583,0
64028,431,0
2165,1227,1
43628,524,0
65102,693,0
1661,177,1
1810,9,1
1732,35,1
575,33,1
55976,233,0
1660,1199,1
1693,863,1
3961,12,1
64082,47,0
33362,16,0
954,431,1
10844,92,0
1380,21,1
3360,424,1
86105,232,0
91592,1197,0
2716,401,1
2063,0,0
52896,217,0
51681,1194,0
102362,896,0
45946,71,0
134,1435,1
70910,145,0
2655,109,0
67,1396,1
6116,39,0
1173,9,1
33212,263,0
2798,129,1
50294,945,0
1615,592,1
17246,452,0
1195,569,1
28450,1124,0
1501,69,1
49430,214,0
1284,65,1
47444,48,0
73223,671,0
9455,21,0
952,13,1
14298,80,0
31690,21,0
84787,72,0
841,21,1
2905,37,1
22345,39,0
225,231,1
99830,1200,0
79175,189,0
73859,877,0
2940,394,1
559,245,1
2817,91,1
51553,282,0
67675,189,0
93210,16,0
1610,718,1
902,761,1
1368,21,1
4960,1196,1
1163,394,1
939,125,1
3293,12,1
3120,344,1
89294,170,0
93766,114,0
121,71,0
603,21,1
64541,961,0
2443,175,1
370,4,1
121,1207,1
86595,45,0
5904,1456,1
97788,175,0
98051,76,0
249,78,1
1739,53,1
3074,394,1
53450,1198,0
5009,1210,1
15153,114,0
22050,5,0
16687,58,0
100419,965,0
27052,208,0
3005,783,1
4872,1296,1
92,776,1
58595,1207,0
1164,39,1
96919,12,0
1693,28,1
2820,1012,1
679,57,1
91,0,1
39,434,1
4128,1396,1
17280,175,0
114,520,1
253,39,1
18290,217,0
70930,40,0
41790,776,0
54486,194,0
1622,220,1
9207,1482,0
47,21,1
31960,158,0
43881,623,0
49806,321,0
96524,263,0
1319,45,0
97621,263,0
1064,256,1
2126,234,1
207,541,1
1063,621,1
1056,1249,0
4309,394,1
71251,392,0
98685,17,0
50260,776,0
75,1197,1
66065,58,0
2784,269,1
495,82,1
26031,1199,0
69413,39,0
4141,13,0
31237,202,0
28794,394,0
61,404,1
1961,175,1
60307,37,0
70115,39,0
66,231,1
84781,72,0
63721,882,0
40401,171,0
4051,21,1
42569,175,0
84526,456,0
1846,12,1
4459,12,1
71353,114,0
63,282,1
1644,13,1
87023,5,0
36403,480,0
84984,17,0
1547,80,0
888,125,1
92370,230,0
6063,1194,1
7380,259,0
5713,207,0
4684,213,0
5968,321,1
5978,217,1
2412,477,1
233,885,1
103374,948,0
1141,437,1
1493,39,1
1171,1124,1
2991,460,1
663,109,1
204,220,1
14808,150,0
3359,78,1
2364,217,1
2302,995,1
6696,82,0
4464,1199,1
54663,1461,0
1615,58,1
2069,363,1
5999,783,1
82602,1394,0
50014,885,0
24122,318,0
82307,184,0
33554,776,0
656,152,1
91135,426,0
101783,391,0
1101,13,1
2647,100,1
912,937,1
54587,21,0
1647,253,0
266,21,1
760,27,1
92782,308,0
42385,91,0
748,423,1
31,41,1
105405,15,0
1493,89,1
336,905,1
13619,156,0
977,41,1
79792,230,0
349,1396,1
31339,0,0
82580,425,0
65639,177,0
1844,128,1
18452,776,0
97208,449,0
1347,65,1
68805,776,0
42310,1207,0
2440,464,1
2199,129,1
7,250,1
244,109,1
43219,33,0
100955,488,0
1398,37,1
70244,362,0
1212,4,1
38585,1073,0
9772,1038,0
929,41,1
1314,69,1
2076,40,1
2485,213,1
237,15,1
331,303,1
85129,109,0
103939,245,0
49032,1193,0
88532,64,0
2549,122,1
917,394,1
46808,38,0
2412,259,1
78126,583,0
73639,1199,0
1808,82,1
101003,89,0
41189,568,0
47052,39,0
42992,35,0
3550,19,1
57196,454,0
1033,673,1
3191,47,1
62448,47,0
4523,21,1
415,40,1
39662,36,0
67506,245,0
2381,270,1
5489,1198,1
13241,431,0
85,103,1
71020,1074,0
385,47,1
2522,543,1
38657,323,0
52603,4,0
1739,823,1
163,776,1
67551,171,0
2966,16,1
44956,586,0
678,0,1
108,305,1
2146,182,1
106109,683,0
9902,21,0
5709,1336,1
5008,100,1
42033,44,0
11631,57,0
20511,41,0
67595,89,0
3609,177,1
65764,202,0
1423,109,1
2170,141,1
1033,647,1
456,263,1
1644,621,1
204,47,1
94194,124,0
28156,1207,0
1512,82,1
100,501,1
2772,61,1
42722,39,0
1702,1124,1
781,401,1
8275,41,0
4225,97,1
97131,255,0
88423,313,0
85,352,1
519,309,1
1527,114,1
80420,40,0
85,33,1
103011,21,0
42574,1193,0
2607,50,1
70359,943,0
902,41,1
4137,149,1
49718,1210,0
64304,956,0
84132,685,0
1872,21,1
87849,61,0
2313,220,1
194,13,1
231,202,1
1933,823,1
2726,58,1
43942,182,0
65446,84,0
101624,974,0
579,206,0
284,24,1
52,39,1
59652,40,0
557,1394,1
884,37,1
331,1256,1
1457,16,1
65678,1197,0
437,504,1
2481,1311,1
76806,5,0
331,1453,1
869,45,1
114,38,1
98031,456,0
157,209,1
2175,1237,1
67532,1400,0
5662,0,0
5222,71,1
5450,331,1
898,207,1
88874,9,0
26376,114,0
87639,74,0
2607,18,1
70552,91,0
53496,248,0
26988,114,0
46408,270,0
438,1,1
1791,956,1
557,661,1
65,465,1
67497,65,0
1465,621,1
917,98,1
1444,61,1
4317,376,1
54372,403,0
724,568,1
559,246,1
2902,308,1
14,220,1
2066,194,1
1855,177,1
21980,568,0
582,124,1
376,901,1
262,1207,1
1543,1,1
64765,1198,0
9464,442,0
111,1394,1
48984,285,0
14598,620,0
61,961,1
91725,682,0
37339,221,0
74632,36,0
4461,0,0
41381,506,0
271,129,1
1840,184,1
5777,91,1
69682,173,0
56060,693,0
365,24,1
302,72,1
5455,180,0
1664,98,1
1247,13,1
1689,9,1
2468,379,1
503,245,1
3109,256,1
2189,880,1
557,1200,1
101476,433,0
50859,163,0
5045,1223,1
1498,13,1
10523,140,0
67350,878,0
83485,41,0
31178,1124,0
3354,791,1
2409,114,1
22805,687,0
36267,21,0
1556,57,1
33554,150,0
26344,948,0
31352,636,0
2374,1,1
2721,150,1
35743,39,0
6117,1,1
93412,502,0
97557,214,0
218,53,1
26,826,1
72194,739,0
72763,28,0
83,171,1
70977,175,0
75,0,1
5074,1207,1
84016,125,0
5057,775,1
83502,18,0
2443,452,1
12376,394,0
1637,423,1
1537,463,1
12731,394,0
629,831,1
52035,944,0
70922,24,0
72111,192,0
10672,1,0
64391,562,0
1372,1,1
84038,17,0
5743,109,1
1644,541,1
456,186,1
1530,74,1
64293,16,0
552,41,1
56643,445,0
346,1309,1
2558,0,1
33950,474,0
1032,1088,1
96886,776,0
2964,78,1
2820,229,1
56,140,1
1620,8,1
3562,821,1
83818,84,0
227,502,1
101693,17,0
41807,76,0
69426,1207,0
7314,125,0
30165,36,0
705,109,1
48666,442,0
66479,39,0
28949,64,0
383,776,1
82633,35,0
1188,0,1
3097,24,1
89836,44,0
106415,109,0
647,258,1
43266,124,0
3120,1124,1
285,213,1
293,65,1
98790,937,0
35125,1196,0
115,885,1
43570,64,0
2132,455,1
53371,1196,0
2395,6,1
73427,233,0
60757,233,0
3080,39,1
87996,193,0
3482,24,1
952,431,1
81627,308,0
100562,401,0
78614,394,0
51026,9,0
52315,0,0
71797,41,0
87097,76,0
2443,917,1
48229,0,0
1455,1197,1
927,776,1
76480,927,0
86798,481,0
351,394,1
306,581,1
94633,1207,0
35771,407,0
77146,776,0
2644,327,1
66075,352,0
5995,582,1
3556,82,1
2435,456,1
1350,41,1
95738,36,0
55207,45,0
6182,149,0
4231,621,1
4369,431,1
3333,253,1
2682,89,1
84274,464,0
2169,776,1
644,198,1
5406,364,1
604,109,1
2817,58,1
62928,57,0
64654,47,0
948,8,1
240,220,1
48486,36,0
3064,1074,1
12099,76,0
71178,57,0
1636,201,1
66192,247,0
17303,1400,0
1742,67,1
1550,948,0
3841,45,1
19803,1222,0
100905,269,0
69667,65,0
1247,40,1
49129,38,0
1108,38,1
2822,882,1
376,76,1
1652,9,1
644,424,1
104,1200,1
4829,1198,1
30813,919,0
227,71,1
47353,518,0
59690,39,0
32,1200,1
6870,270,0
177,269,1
80565,270,0
1631,252,1
2516,213,1
1263,21,1
233,28,1
39221,776,0
2122,795,1
82764,352,0
44154,169,0
50132,37,0
85,177,1
54677,303,0
567,312,1
11765,39,0
34054,182,0
27252,12,0
575,35,1
26409,1321,0
57698,1193,0
2916,58,0
62482,1394,0
1651,39,1
5101,1194,1
1816,318,1
580,342,1
1618,621,1
89452,1210,0
20369,1482,0
1631,501,1
125,33,1
77094,776,0
2390,270,1
2559,151,1
2372,8,1
15744,468,0
91935,9,0
94458,269,0
4682,0,1
82677,154,0
522,344,1
68094,784,0
3513,78,1
3100,21,1
48557,776,0
53,504,1
95938,456,0
26340,1417,0
78967,318,0
73956,78,0
83229,18,0
3587,351,1
76983,256,0
68787,913,0
149,40,1
90799,220,0
76603,1,0
45093,76,0
26370,97,0
1150,13,1
106343,877,0
54,145,1
10,897,1
41084,364,0
99465,1122,0
1691,1199,1
7061,35,0
220,274,1
3524,39,1
36532,213,0
77143,889,0
3724,776,1
41071,962,0
2617,87,1
898,593,1
54210,423,0
254,582,1
6410,351,0
94391,776,0
96012,859,0
912,9,1
1620,431,1
162,29,1
1226,69,1
917,859,1
32,170,1
1031,151,1
2415,84,1
1651,37,1
42088,21,0
2443,431,1
36125,247,0
82490,264,0
61368,308,0
70110,89,0
5720,233,1
30024,88,0
94524,47,0
41289,330,0
577,283,1
1508,15,1
304,230,1
542,330,1
2440,158,1
55818,225,0
1890,21,1
28246,1197,0
2041,452,1
188,38,1
78300,1411,0
98731,111,0
1039,458,1
19771,1227,0
8434,283,0
101617,1005,0
55329,837,0
4883,281,0
1615,394,1
284,114,1
92792,68,0
5375,362,1
801,64,1
284,431,1
1298,155,1
1000,784,1
1349,61,1
31,172,1
876,175,1
262,233,1
73272,309,0
207,941,1
227,45,1
508,33,0
106001,1394,0
912,621,1
149,614,1
20828,24,0
29984,235,0
270,617,1
327,464,1
20982,16,0
261,40,1
13075,1198,0
2282,324,1
31974,1073,0
7024,194,0
902,292,1
2698,501,1
4738,78,1
4014,1194,1
78145,583,0
76397,270,0
1625,41,0
865,41,0
1074,1207,1
5387,1124,1
3816,878,1
58678,53,0
2695,13,0
75920,1124,0
1381,791,1
7537,179,0
72589,111,0
96983,9,0
2510,4,1
92,955,1
378,44,1
68223,40,0
2268,31,1
1276,21,1
253,155,1
1659,1032,1
1461,57,1
5346,57,1
3644,41,1
20064,306,0
25197,394,0
32859,9,0
45861,776,0
3795,431,1
96057,619,0
1946,9,1
163,951,1
38513,140,0
41810,264,0
63025,45,0
2467,190,1
10169,673,0
33321,1198,0
18192,150,0
3108,363,1
104297,433,0
7609,13,0
641,194,1
884,76,1
5944,0,1
75,464,1
45054,376,0
45632,205,0
78272,230,0
1517,1378,1
127,12,1
495,431,1
11256,111,0
2189,170,1
2525,45,1
43,269,1
29477,89,0
16868,431,0
5728,458,0
2559,647,1
894,150,1
45135,4,0
1401,38,1
86638,47,0
5978,125,1
25129,207,0
70447,1073,0
87989,1073,0
50455,82,0
82546,942,0
81952,882,0
77778,39,0
11537,1207,0
10591,17,0
24834,1,0
106299,285,0
95565,581,0
3529,504,1
1687,306,0
29049,232,0
2138,394,1
3351,458,1
56450,800,0
1689,36,1
2440,155,1
253,821,1
70608,1379,0
53227,179,0
2213,61,1
15947,78,0
47215,8,0
3,6,1
83786,58,0
99913,944,0
62757,880,0
2194,456,1
65265,58,0
1019,327,1
5279,170,1
57758,114,0
22998,253,0
42721,859,0
1499,98,1
75,581,1
2447,21,1
5315,109,1
166,31,1
99673,172,0
134,69,1
2471,252,1
2442,199,1
52426,1456,0
49931,44,0
87518,194,0
53298,98,0
4203,21,1
3231,45,0
31747,1200,0
2320,9,1
888,522,1
85711,319,0
48837,1,0
2599,281,1
780,21,1
4467,9,1
37079,98,0
98228,1207,0
19771,130,0
84049,344,0
5120,1207,1
2770,9,1
159,270,1
2373,172,1
44987,150,0
304,1198,1
6943,616,0
96238,40,0
1850,160,1
19813,45,0
3217,776,1
20333,1210,0
1411,109,1
3714,917,1
3162,35,1
89247,84,0
65684,258,0
88716,105,0
49040,435,0
3409,9,1
53,246,1
102607,245,0
81741,621,0
7769,790,0
38017,80,0
582,500,1
105988,65,0
222,119,1
70,1394,1
57184,1074,0
200,1207,1
10095,521,0
2817,150,1
1632,340,1
9385,304,0
2446,984,1
64707,394,0
80148,1207,0
4562,57,1
60543,65,0
2843,139,1
437,578,1
1052,192,1
17971,961,0
1314,71,1
163,225,1
18349,255,0
331,149,1
74052,1197,0
3359,1198,1
45875,37,0
14826,78,0
1576,28,1
1081,4,1
7483,594,0
586,13,1
5927,80,0
84944,78,0
82573,835,0
3378,948,1
1084,8,1
55652,617,0
33681,270,0
1636,36,1
52623,207,0
2,80,1
2440,504,1
2975,61,1
182,61,1
4361,1216,1
560,463,1
23967,189,0
104065,114,0
3303,44,1
1312,92,1
69,213,1
291,2,1
93872,45,0
105666,859,0
3563,953,1
2220,12,0
2504,784,1
2289,621,1
30,221,1
3952,304,1
2642,114,1
98547,6,0
188,6,1
2488,964,1
2435,2,1
21707,822,0
8123,33,0
1739,1356,1
81560,245,0
1603,89,1
40348,0,0
85060,145,0
3529,69,1
91309,255,0
1000,14,1
82747,431,0
34681,21,0
70701,15,0
1450,177,1
809,65,1
3061,217,1
499,798,1
3370,144,1
1693,249,1
54784,218,0
11512,1200,0
52563,951,0
4004,58,1
938,33,1
15764,750,0
81746,114,0
9982,169,0
104388,177,0
5944,21,1
385,109,1
41130,1196,0
90149,41,0
41477,37,0
86746,510,0
1979,91,1
2554,4,1
87765,97,0
63215,433,0
2877,21,0
46260,331,0
85478,333,0
397,9,1
65709,61,0
79281,248,0
1097,87,1
9276,158,0
1070,200,1
96978,38,0
703,21,1
71975,145,0
304,145,1
225,105,1
56794,256,0
84059,17,0
34298,17,0
17334,1461,0
83468,119,0
5096,1197,1
74546,47,0
1604,737,1
40103,282,0
66605,2,0
59093,114,0
2428,24,1
285,1410,1
1311,478,1
2554,33,1
73,12,1
2429,776,1
30,859,1
2441,45,1
1418,87,1
80712,6,0
35946,13,0
888,79,1
78304,941,0
67394,340,0
1768,97,1
28771,994,0
3168,403,1
61472,247,0
1497,1034,1
689,515,1
3016,1210,1
72113,5,0
552,318,1
12032,139,0
367,1194,1
2779,24,1
222,546,1
9511,795,0
183,98,1
13723,288,0
96700,520,0
1645,621,1
3468,97,1
423,220,1
890,179,1
342,24,1
549,28,1
53111,776,0
281,408,1
1935,859,1
2630,4,1
1209,281,1
2050,1447,1
84250,21,0
83076,283,0
80069,158,0
73376,5,0
1075,375,1
103797,1256,0
5791,61,1
262,172,1
88305,82,0
66151,16,0
505,194,1
5318,78,1
2859,114,1
1809,47,1
463,283,1
92,67,1
2669,1199,1
101520,283,0
1035,31,1
32849,33,0
58292,12,0
1691,682,1
91848,129,0
3984,21,0
57373,109,0
190,44,1
55701,921,0
1668,50,1
59103,38,0
98307,24,0
37165,65,0
108,683,1
3279,91,1
89,282,1
441,109,1
44115,798,0
36,21,1
300,65,1
56258,40,0
48334,1394,0
80571,877,0
96844,1207,0
75,249,1
38809,4,0
68062,886,0
97436,39,0
16100,163,0
63951,1269,0
5940,256,1
177,1068,1
27166,646,0
5779,458,1
61225,13,0
96719,281,0
70594,109,0
46115,109,0
917,424,1
100540,91,0
26596,38,0
1296,203,1
5290,84,1
47949,177,0
39741,214,0
54590,477,0
3522,40,1
631,327,1
75666,125,0
771,109,1
227,35,1
98044,955,0
74962,793,0
83173,213,0
4606,78,1
89909,859,0
48863,582,0
4779,44,1
90467,67,0
30,263,1
99250,352,0
549,64,1
18655,859,0
105255,9,0
8614,776,0
37512,109,0
14624,61,0
1288,153,1
1159,44,1
57124,198,0
253,98,1
1672,270,1
1288,24,1
3333,949,1
47033,79,0
48625,41,0
50178,98,0
32916,256,0
39011,464,0
67387,905,0
60530,61,0
65879,80,0
2446,39,1
80722,270,0
8152,150,0
3475,114,1
5181,1237,1
97460,35,0
75008,252,0
629,91,1
29773,66,0
437,39,1
948,29,1
24967,73,0
2755,9,1
586,892,1
63787,1199,0
48087,264,0
1742,502,1
448,1193,1
987,305,1
15071,1198,0
3484,122,0
134,68,1
1491,39,1
3447,1200,1
1127,47,1
2835,8,1
77157,579,0
65081,256,0
72269,1396,0
2281,189,1
5364,72,1
1614,118,1
37236,1253,0
1692,253,1
46361,820,0
33642,65,0
154,12,1
105510,1138,0
37181,180,0
62229,1200,0
1665,0,0
929,39,1
2988,9,1
3627,41,1
102082,158,0
3105,39,1
62066,351,0
80873,316,0
55321,192,0
71999,8,0
5364,21,1
38930,654,0
801,270,1
2126,153,1
49052,180,0
95882,57,0
32664,72,0
22210,171,0
80253,114,0
4148,1379,1
101,942,1
13173,206,0
36999,98,0
98936,170,0
463,154,0
104057,194,0
84075,283,0
1891,523,1
995,149,1
76570,80,0
84181,1200,0
74040,145,0
3574,455,1
61414,252,0
8216,671,0
31840,403,0
2412,39,1
53,74,1
72415,464,0
61,433,1
72570,18,0
27,262,1
5978,186,1
87189,57,0
22182,456,0
2579,248,0
3545,21,1
969,207,1
49545,1210,0
818,57,1
25,44,1
6038,344,1
2852,621,1
45494,743,0
2735,44,1
40042,41,0
104972,64,0
66629,460,0
5574,1411,1
2702,21,1
63,27,1
35957,452,0
109,87,1
53935,374,0
59202,886,0
5057,520,1
285,918,1
1689,206,1
1517,921,1
581,375,1
30625,21,0
105360,969,0
87096,528,0
36443,207,0
96580,158,0
12759,892,0
18951,424,0
1205,13,1
345,784,1
50072,98,0
44623,175,0
46746,885,0
4436,125,1
660,109,1
14571,100,0
81091,76,0
917,501,1
72645,504,0
207,948,1
114,189,1
967,1151,0
94718,256,0
317,481,1
5319,458,1
5686,729,1
402,768,0
20369,206,0
103443,65,0
104656,21,0
80,92,1
552,331,1
1826,1207,1
100839,24,0
2675,1277,1
1527,776,1
14959,150,0
1343,122,1
35302,823,0
75170,1269,0
10890,41,0
56444,501,0
16736,129,0
1708,88,1
87053,774,0
3897,1,1
724,58,1
114,33,1
9877,636,0
29202,36,0
59494,243,0
5347,89,1
508,114,1
2619,82,1
1521,540,1
6077,170,1
135,66,1
23843,180,0
1017,431,1
49730,98,0
1334,114,1
104622,78,0
19808,1202,0
346,88,1
2131,288,1
62970,1396,0
3151,39,1
85218,217,0
2636,878,1
65762,150,0
4608,21,1
58432,376,0
754,9,1
4757,82,1
87761,593,0
62720,849,0
30428,61,0
42620,518,0
4354,36,1
101255,150,0
1524,64,1
64167,233,0
1304,1197,1
1905,917,1
262,58,1
15696,24,0
7630,194,0
757,270,1
58764,5,0
3451,21,1
605,109,1
49080,1232,0
97601,44,0
48335,433,0
18295,21,0
1273,836,1
60778,97,0
8276,945,0
5792,78,1
2434,57,1
207,38,1
2698,68,1
94431,97,0
32,78,1
62567,177,0
28330,1197,0
1130,119,1
86973,1210,0
20730,24,0
746,401,1
1398,948,1
21804,759,0
86923,1207,0
2444,202,1
924,36,1
49779,431,0
39705,227,0
2524,480,1
114,58,1
456,607,1
227,68,1
783,21,1
28704,39,0
71064,82,0
44,1176,1
51146,374,0
4742,57,1
183,252,1
16280,1197,0
139,9,1
76336,24,0
519,38,1
53058,109,0
2669,61,1
550,61,1
50801,36,0
65222,58,0
3876,38,1
56483,1197,0
1146,685,1
85090,569,0
2976,141,1
83523,40,0
124,69,1
87886,776,0
49,150,1
8788,323,0
36985,297,0
306,199,1
573,150,0
872,9,0
72489,21,0
7195,0,0
18589,57,0
4302,191,1
21675,125,0
313,37,1
2222,1471,1
99764,57,0
1053,221,1
97193,44,0
5299,2,0
35291,33,0
1521,183,1
1645,114,1
2627,518,1
88306,252,0
95824,8,0
55165,44,0
1872,24,1
34302,480,0
2549,776,1
38781,29,0
13793,793,0
69639,207,0
247,15,1
256,1199,1
32710,918,0
4072,97,0
16576,217,0
233,283,1
50918,74,0
285,233,1
2519,47,1
70772,170,0
157,125,1
6113,1482,1
45,58,1
2740,177,1
20365,1210,0
81801,12,0
2128,156,1
8334,232,0
80617,253,0
2235,152,1
104510,137,0
2885,937,1
5448,878,1
3059,24,1
75236,1198,0
1426,56,1
53,337,1
20494,44,0
35158,1194,0
582,150,1
7277,1451,0
3753,304,1
85460,783,0
3473,89,1
34173,114,0
281,407,1
1367,503,1
1981,292,1
101551,885,0
12603,321,0
134,67,1
31793,1394,0
3162,58,1
363,27,1
13771,643,0
63193,45,0
49332,186,0
84,6,1
49418,21,0
74412,47,0
106041,40,0
1227,623,1
2446,403,1
258,205,1
3692,259,1
1632,36,1
65991,0,0
36358,125,0
575,150,1
66475,38,0
3099,792,1
310,109,1
760,262,1
1399,71,1
34326,394,0
2015,124,0
5212,1197,1
73212,1456,0
93159,859,0
62140,685,0
20588,45,0
724,1309,1
3982,616,1
2602,263,1
69113,109,0
12265,145,0
97945,78,0
3121,424,0
5285,344,1
2007,1197,1
1288,234,1
266,965,1
11702,905,0
2446,40,1
1034,776,1
21136,347,0
76168,1214,0
65248,1,0
266,442,1
5326,119,1
804,795,1
3620,431,1
26573,570,0
1634,109,1
42259,98,0
2435,114,1
2619,1307,1
69,467,1
43681,87,0
134,776,1
2729,78,1
21169,171,0
102520,405,0
34692,61,0
917,213,1
2997,47,1
1739,269,1
5944,97,1
85681,45,0
4841,1210,1
100,39,1
28281,1207,0
160,129,1
101733,1199,0
104778,220,0
32195,1197,0
1364,24,1
306,615,1
79507,482,0
7217,270,0
3174,12,1
49223,1207,0
5442,693,1
332,21,1
40313,129,0
56268,36,0
2516,331,1
81576,936,0
3195,431,1
3064,114,1
612,300,1
78557,249,0
764,217,1
5162,1210,1
8176,76,0
2364,38,1
644,376,1
358,220,1
188,284,1
37693,88,0
1170,961,1
2820,1264,1
25,76,1
103016,158,0
576,244,1
33791,1207,0
1188,234,1
2885,1075,1
262,40,1
92287,2,0
724,33,1
894,39,1
952,466,1
82470,461,0
60470,129,0
2885,948,1
758,269,1
5543,1350,0
3639,319,1
1292,40,1
7928,424,0
2602,482,1
1667,71,0
3329,98,1
2141,831,1
16195,21,0
55439,281,0
313,44,1
85343,0,0
1321,281,1
97614,1236,0
26764,181,0
90943,433,0
4968,281,0
915,125,1
2844,194,1
64378,24,0
1163,248,1
90543,97,0
2216,795,1
69,776,1
314,1280,1
3047,6,1
3187,12,1
261,57,1
4759,776,1
1505,114,1
81725,9,0
22194,109,0
3105,41,1
10185,57,0
94316,1194,0
3329,91,1
80775,220,0
66015,145,0
39204,39,0
91479,128,0
52950,1460,0
84921,41,0
253,68,1
101965,1210,0
5073,9,1
56,0,1
96523,592,0
58298,5,0
65221,124,0
71072,1124,0
1263,8,1
1018,452,1
3368,1,1
1269,18,1
1399,173,1
62750,153,0
4669,407,1
38802,9,0
413,1011,1
5273,170,1
101,39,1
84926,1296,0
2558,80,1
2422,1198,1
3192,1210,0
71633,662,0
2817,233,1
4859,80,0
1318,156,1
1133,1197,1
82206,242,0
901,677,1
995,44,1
270,1227,1
10172,844,0
46937,909,0
100183,39,0
33034,139,0
98970,91,0
1350,207,1
1939,394,1
38099,217,0
15290,882,0
2206,141,1
2769,78,1
13675,153,0
69964,245,0
46524,394,0
24965,431,0
21231,225,0
3396,1122,1
2448,1207,1
3020,82,1
232,1197,1
46822,186,0
1136,118,1
44342,264,0
256,9,1
96134,29,0
3882,877,1
90621,1070,0
56,905,1
60335,58,0
46618,145,0
94671,220,0
13421,394,0
6074,3,1
51668,951,0
76129,207,0
61175,79,0
81995,129,0
96337,145,0
32009,431,0
4550,89,1
50738,852,0
1131,342,1
519,21,1
5306,586,1
1840,182,1
31946,501,0
16238,1202,0
1188,235,1
2652,24,1
90595,39,0
103632,768,0
25256,1194,0
106034,39,0
590,776,1
2321,114,1
35439,258,0
92,200,1
353,220,1
54711,1,0
76442,29,0
92,74,1
225,71,1
71748,927,0
139,283,1
3378,21,1
135,920,1
308,65,1
1971,1222,1
557,150,1
155,662,1
92177,111,0
2738,12,1
89694,321,0
21389,172,0
83132,175,0
1306,65,1
984,220,1
1501,67,1
2921,840,1
98243,252,0
4193,1074,1
1636,33,1
58210,76,0
2490,109,1
300,961,1
501,128,1
2475,364,1
70768,776,0
1114,53,1
3971,263,1
92950,945,0
44682,119,0
5759,776,0
2206,877,1
50,1194,1
49,61,1
3086,78,1
2817,98,1
4245,150,1
73066,44,0
437,351,1
86431,367,0
775,1,1
100,12,1
13400,12,0
5720,206,1
2440,180,1
72172,429,0
2407,0,0
360,1394,1
70,1015,1
24928,744,0
1775,13,1
92019,4,0
765,380,1
40868,282,0
1169,21,1
15848,150,0
94337,759,0
1088,13,1
30845,768,0
97471,39,0
71450,15,0
102498,783,0
995,50,1
86700,1198,0
1536,58,1
145,1207,1
1226,114,1
992,8,1
38132,961,0
47582,12,0
2677,1435,1
1636,76,1
228,44,1
39576,1198,0
1616,91,1
2951,327,1
1389,431,1
65385,206,0
83717,1058,0
86026,152,0
1941,9,1
1693,581,1
180,1193,1
2126,217,1
93266,1207,0
2670,82,1
5758,1269,1
14893,234,0
58598,1207,0
1600,1018,1
3029,15,1
1603,246,1
3166,647,1
41251,394,0
82623,397,0
90596,130,0
86573,562,0
45732,197,0
1491,67,1
12777,251,0
270,407,1
3789,636,1
4776,1194,1
14574,213,0
59423,456,0
39811,820,0
42060,1200,0
642,9,1
888,1198,1
1631,763,1
55036,1207,0
3008,602,1
66565,394,0
94635,220,0
45045,141,0
3193,318,1
27817,580,0
73557,1396,0
38103,1193,0
19600,21,0
3996,877,1
66154,950,0
16897,205,0
44477,45,0
253,67,1
934,1207,1
898,41,1
75148,179,0
27557,394,0
134,464,1
3066,89,1
2570,17,1
103030,1197,0
5508,150,1
103239,109,0
57450,220,0
1660,245,1
48062,909,0
2615,220,1
17629,38,0
88062,321,0
68657,67,0
916,504,1
39416,141,0
32649,44,0
2687,3,1
850,776,1
616,1200,1
2885,247,1
6781,92,0
3599,202,1
98266,1412,0
57875,263,0
35004,878,0
1962,13,1
42621,124,0
51662,1207,0
59,431,1
26062,177,0
411,1207,1
927,177,1
26917,73,0
20,78,1
4231,177,1
32848,880,0
68663,1252,0
4205,776,1
146,1,1
4212,172,1
92790,138,0
63987,251,0
57292,437,0
101,1231,1
46539,78,0
1517,1124,1
1881,21,1
552,1197,1
21392,73,0
37467,97,0
128,156,1
2562,454,1
11565,431,0
84740,247,0
104793,72,0
37772,9,0
2993,255,1
320,220,1
85341,376,0
1571,381,1
42412,950,0
37182,1073,0
52,548,1
1061,247,1
768,109,1
48421,551,0
2571,16,1
40038,1199,0
24967,877,0
312,351,1
83304,300,0
3703,193,1
1517,1488,1
13098,206,0
2460,140,1
70948,73,0
29,1194,1
2210,1210,1
32156,1207,0
96094,305,0
1738,193,1
160,145,0
225,429,1
218,394,1
37953,1,0
225,205,1
1597,130,1
86350,401,0
1177,16,1
55069,229,0
1401,4,1
3320,764,1
55511,4,0
15356,838,0
5253,1323,1
86742,316,0
209,768,1
73989,58,0
3057,150,0
16051,1194,0
507,175,1
3236,41,1
587,13,1
50631,1193,0
79838,1227,0
26533,89,0
16452,885,0
56757,177,0
12100,38,0
112,3,1
14254,91,0
4989,1196,1
2115,58,1
1627,460,1
620,363,1
2668,153,1
23024,38,0
559,510,1
48159,35,0
64355,48,0
127,44,1
2885,892,1
552,39,1
902,744,1
17738,429,0
95800,79,0
86969,913,0
53721,175,0
66797,53,0
370,722,1
3558,610,0
2789,205,1
102126,129,0
108,255,1
2825,1400,1
2258,742,1
3607,700,0
71693,145,0
437,73,1
755,992,1
11800,109,0
38682,150,0
72984,429,0
346,124,1
61865,76,0
80731,169,0
36637,913,0
5705,4,1
4515,4,1
5520,15,1
966,207,1
1690,791,1
1704,84,1
45941,24,0
34960,67,0
14922,519,0
1430,109,1
103645,234,0
5319,221,1
1674,424,1
63398,248,0
1525,4,1
47223,502,0
63384,220,0
53685,194,0
2471,124,1
45001,24,0
57879,348,0
76,248,1
25178,269,0
4379,431,1
10248,791,0
73102,318,0
24859,367,0
49475,45,0
2048,1,1
2789,40,1
1348,39,1
101086,8,0
3644,44,1
58845,682,0
2107,21,1
55970,502,0
584,5,1
3685,39,1
2852,177,1
1185,203,1
20234,79,0
1815,1197,0
168,21,1
15658,9,0
68622,878,0
16696,636,0
27567,79,0
47898,180,0
2461,29,1
64486,1396,0
644,9,1
5201,1197,1
89631,65,0
3187,39,1
56988,41,0
3227,125,1
356,431,1
63080,13,0
49,621,1
5978,45,1
93461,4,0
95061,80,0
95246,150,0
987,750,1
69972,950,0
27908,150,0
16392,21,0
60486,9,0
12140,1,0
71209,194,0
253,9,1
6255,29,1
249,486,1
63744,768,0
1456,196,1
1130,194,1
5432,693,1
4411,12,1
3132,5,1
422,262,1
82124,47,0
27851,394,0
870,41,1
79352,98,0
909,270,1
1714,815,1
747,12,1
67888,1012,0
1064,82,1
668,109,1
1612,78,1
41769,2,0
91961,175,0
101,13,1
620,809,1
79458,3,0
17521,973,0
35987,76,0
1212,1200,1
20646,800,0
91164,784,0
46588,38,0
549,8,1
1407,15,1
3652,264,1
93465,157,0
84211,775,0
1517,1198,1
99793,245,0
47098,215,0
559,54,1
629,478,1
2471,1222,1
84492,269,0
42848,1296,0
93933,45,0
2045,71,1
2971,253,1
2440,503,1
83400,61,0
404,5,1
1394,109,1
1917,186,1
73221,252,0
26540,9,0
3580,179,1
107,9,1
3102,1074,0
1104,64,1
262,177,1
4471,21,1
4460,114,1
49,263,1
48513,58,0
101462,945,0
57252,1098,0
22153,1391,0
2554,541,1
3056,40,1
3333,68,1
349,994,1
87646,177,0
21878,824,0
4600,480,0
1163,6,1
2544,401,1
3748,636,1
12603,994,0
28471,6,0
12599,570,0
90565,21,0
56,1074,1
82,109,1
35473,12,0
2811,1207,1
1999,150,1
52802,151,0
877,273,1
16979,78,0
413,1198,1
557,16,1
104964,1315,0
1675,949,0
76009,283,0
5011,1207,1
365,36,1
2119,129,1
76,9,1
74272,220,0
157,247,1
23283,364,0
14044,747,0
79524,533,0
5978,78,1
1521,24,1
5106,1197,1
1208,456,1
628,8,1
3896,5,1
23,190,1
644,78,1
1861,78,1
1300,776,1
81663,307,0
8628,282,0
312,24,1
238,76,1
1401,114,1
151,170,1
302,568,1
4745,639,1
33093,1231,0
642,40,1
1350,234,1
2134,705,1
4561,21,1
1078,744,1
83396,961,0
13552,0,0
91420,1210,0
267,65,1
25151,76,0
44203,177,0
71084,759,0
2820,245,1
41407,156,0
1122,661,1
1089,880,1
5978,321,1
57495,35,0
15948,38,0
73798,235,0
34519,878,0
912,281,1
101750,58,0
1159,39,1
98271,776,0
91565,297,0
17250,4,0
76911,568,0
81516,109,0
3915,80,1
59945,24,0
1367,0,1
1637,45,1
172,1207,1
1317,98,1
2510,480,1
565,913,1
4507,1193,1
3692,558,0
780,44,1
14332,39,0
4759,125,0
351,53,1
40913,157,0
2435,1394,1
43603,177,0
2557,47,1
99109,145,0
351,66,1
99101,283,0
51468,264,0
2513,784,1
61428,179,0
80991,394,0
44422,109,0
3290,269,1
5523,39,0
4293,1428,1
2384,269,1
17902,17,0
81154,40,0
1885,1226,1
2984,824,1
3587,58,1
81039,21,0
88367,179,0
75544,38,0
26,305,1
82211,150,0
80076,24,0
21095,593,0
4297,205,1
59617,41,0
30142,21,0
81452,169,0
83980,41,0
1671,0,1
46528,1124,0
447,80,1
33779,109,0
7121,220,0
2885,253,1
66003,647,0
13509,403,0
20176,270,0
9322,1194,0
61,82,1
103976,189,0
4994,1396,1
11889,91,0
5791,41,1
41120,177,0
2741,155,1
346,886,1
543,40,1
618,403,1
32890,231,0
71014,255,0
2805,1379,1
2488,220,1
2412,158,1
437,234,1
64060,29,0
917,464,1
69801,362,0
3432,173,1
83262,97,0
4400,460,1
12412,598,0
9882,518,0
74961,53,0
81288,1102,0
336,583,1
40267,129,0
36822,882,0
1368,40,1
104574,128,0
56002,24,0
2044,618,1
32197,305,0
18596,394,0
50306,91,0
30827,1176,0
76742,67,0
35984,13,0
1086,364,1
302,1197,1
586,418,1
3506,82,1
2545,616,1
85256,776,0
87943,24,0
24955,217,0
599,424,0
67509,9,0
1188,246,1
3615,1074,1
66538,41,0
88874,265,0
94189,961,0
995,394,1
52795,19,0
65238,78,0
1644,464,1
14959,82,0
67384,344,0
332,44,1
2713,252,1
21643,1394,0
75740,283,0
2512,1196,1
61004,340,0
64142,5,0
124,943,1
4572,1122,1
12266,97,0
86464,233,0
1616,21,1
95726,253,0
254,920,1
32865,1486,0
20701,347,0
50685,405,0
79204,1197,0
4747,5,1
629,561,1
3529,67,1
211,1207,1
42906,124,0
21,24,1
83,882,1
10787,82,0
51314,288,0
36484,844,0
1367,9,1
83207,27,0
61,184,1
81207,546,0
240,350,1
14348,45,0
738,1322,0
5720,252,1
987,510,1
220,472,1
2412,37,1
84729,45,0
78479,1200,0
85181,1194,0
28530,58,0
9612,24,0
910,39,1
3575,1,1
90211,111,0
2435,700,1
102717,160,0
26239,407,0
5675,256,1
68504,177,0
1476,0,1
5302,31,1
14998,38,0
40756,16,0
3162,177,1
3522,41,1
46036,464,0
134,882,1
1122,29,1
105459,1012,0
916,859,1
58256,174,0
21099,114,0
4294,910,1
104196,1199,0
885,61,1
29146,150,0
4222,0,1
154,44,1
100547,394,0
89843,429,0
49,35,1
33130,327,0
89792,464,0
71065,91,0
1280,363,1
2512,150,1
65722,800,0
50836,243,0
22680,194,0
500,76,1
249,479,1
3370,3,1
752,1257,1
86581,53,0
78473,9,0
49836,431,0
56609,256,0
1661,158,1
4486,66,0
72770,13,0
61831,1194,0
83,0,1
33400,80,0
2,627,1
39206,283,0
87492,155,0
2885,173,1
2384,53,1
61360,74,0
2033,351,1
1468,152,1
50999,431,0
2762,114,1
53560,315,0
86025,35,0
82626,429,0
15489,1198,0
1092,458,1
57787,145,0
24813,71,0
433,806,1
99919,82,0
55000,847,0
1092,203,1
1881,9,1
1350,160,1
5107,878,0
29680,1396,0
34748,80,0
21591,283,0
52858,18,0
2389,1207,1
1031,456,1
63059,109,0
3043,179,1
71670,111,0
63189,5,0
62559,648,0
36796,1415,0
89595,517,0
1274,47,1
487,53,1
91316,24,0
219,269,1
1035,13,1
102086,4,0
160,16,1
16569,859,0
4743,177,1
2302,994,1
1090,1150,1
5991,1197,1
1450,41,1
64880,847,0
841,394,1
862,109,1
11309,149,0
317,37,1
1851,39,1
76798,139,0
4065,877,1
2446,12,1
36157,39,0
13065,270,0
19115,256,0
9462,281,0
950,4,1
77636,36,0
916,16,0
996,111,1
43491,283,0
1032,323,1
32117,328,0
1491,154,1
155,183,1
306,616,1
58274,13,0
76214,130,0
220,149,1
15558,177,0
36363,1198,0
108,201,1
2485,1193,1
66380,18,0
2935,118,1
35703,247,0
104,84,1
57497,1336,0
59630,500,0
1090,425,1
43903,332,0
80184,80,0
69039,878,0
2867,82,1
60531,1315,0
3991,80,1
27149,768,0
144,1,1
47052,812,0
1674,252,1
3563,776,1
902,98,1
95323,189,0
3676,1207,1
26,1394,1
15710,44,0
1501,12,1
346,352,1
63090,41,0
5610,100,1
2364,246,1
41751,612,0
1145,124,1
26,45,1
82758,18,0
31,351,1
1131,444,1
2475,431,1
42624,877,0
2115,174,1
11871,35,0
1387,582,1
3740,889,1
101,946,1
45154,431,0
104633,352,0
212,64,1
104155,300,0
12868,69,0
5002,344,1
3122,45,1
47696,91,0
90764,429,0
112,48,1
2549,480,1
71228,76,0
40852,220,0
1650,259,1
2555,1194,1
285,1198,1
568,258,1
427,997,1
138,35,1
36212,45,0
99582,9,0
4663,981,0
722,9,1
87843,109,0
207,950,1
28851,89,0
40278,391,0
2953,145,1
512,438,1
74578,18,0
1151,9,1
5294,460,1
70331,37,0
53855,111,0
890,151,1
46480,481,0
15763,282,0
29321,460,0
10648,1228,0
82212,431,0
104709,274,0
4357,447,1
75339,128,0
70,87,1
69976,621,0
3099,5,1
31073,105,0
1618,173,1
18285,61,0
61193,607,0
63945,89,0
86910,468,0
32621,194,0
28652,364,0
72271,35,0
227,150,1
3227,124,1
8129,433,0
575,623,1
5764,61,1
3226,269,1
336,140,1
53754,252,0
1350,776,1
1660,89,1
65020,98,0
3010,631,1
79503,282,0
156,621,1
92260,91,0
3201,45,1
18,641,1
61933,270,0
59906,961,0
92896,1194,0
8848,5,0
26,28,1
27,64,1
19043,200,0
86098,506,0
912,35,1
42928,431,0
222,215,1
3562,822,1
1350,38,1
34203,207,0
3936,905,1
69086,4,0
63309,21,0
26,80,1
15433,27,0
61,500,1
79690,897,0
356,114,1
23977,252,0
4070,877,1
76380,252,0
28518,13,0
92,21,1
992,926,1
102964,481,0
19949,388,0
14543,65,0
3828,16,1
4010,4,1
1791,282,1
2832,21,1
16467,27,0
334,80,1
2799,58,0
50578,21,0
157,884,1
594,109,1
6333,431,0
54077,269,0
725,205,1
64759,220,0
1644,41,1
53724,841,0
2513,18,1
11183,1202,0
16694,245,0
274,44,1
19552,24,0
2698,73,1
1691,681,1
63705,859,0
211,1035,1
3467,14,1
966,71,1
1508,17,1
26072,312,0
88476,352,0
10901,1243,0
3357,89,1
100,156,1
238,45,1
4186,4,1
336,233,1
88980,189,0
499,306,1
137,13,1
76975,520,0
682,255,1
1508,78,1
437,252,1
376,776,1
77759,177,0
2519,1,1
64354,4,0
693,169,1
45091,1172,0
388,344,1
197,141,1
3140,202,1
1905,344,1
63287,306,0
3333,97,1
3675,65,1
1164,24,1
93470,38,0
262,153,1
40766,892,0
77700,956,0
1618,791,1
1501,859,1
47296,65,0
518,205,1
1637,252,1
3619,1299,1
13321,36,0
13995,40,0
28606,213,0
34443,33,0
65814,248,0
2,626,1
57328,220,0
65338,956,0
582,114,1
2189,1194,1
9131,68,0
4151,877,1
1954,97,1
45,44,1
841,1124,1
1689,282,1
3932,1198,1
209,259,1
215,1198,1
4351,243,1
17372,61,0
70371,1194,0
34546,39,0
2605,53,1
4947,1196,1
589,541,1
2259,1138,0
92703,56,0
3916,1342,1
17067,944,0
25793,29,0
12707,171,0
20855,951,0
1366,173,1
4594,1122,1
28985,1322,0
304,189,1
312,177,1
103349,465,0
73868,1194,0
78452,109,0
1899,323,1
52229,45,0
13334,38,0
103489,344,0
730,409,1
3571,3,1
4420,394,1
88386,247,0
2831,247,1
14118,12,0
6490,315,0
177,58,1
3193,484,1
10992,1194,0
68749,503,0
968,173,1
3495,431,1
1865,36,1
730,991,1
3550,40,1
1591,931,1
1364,956,1
2213,58,1
1674,621,1
83098,283,0
1750,460,1
987,253,1
1122,321,1
30,288,1
3116,3,1
56992,97,0
3173,38,1
1732,58,1
1131,47,1
10073,177,0
289,89,1
2,114,1
16527,71,0
6609,214,0
55446,221,0
101,282,1
2681,194,1
188,21,1
6945,905,0
2194,89,1
27166,91,0
21210,129,0
4193,791,1
18320,71,0
66730,458,0
75930,233,0
1657,28,0
1197,501,1
24996,145,0
2126,155,1
574,847,1
87690,138,0
50281,137,0
43896,18,0
5050,24,0
11288,404,0
36706,1379,0
69587,1396,0
11316,18,0
34811,339,0
70308,109,0
2390,269,1
57877,12,0
970,82,1
3064,56,1
86584,263,0
76566,21,0
64043,1012,0
22162,1144,0
2045,1147,1
5607,3,1
42294,109,0
1674,773,1
65213,1197,0
71234,50,0
2609,283,0
2486,836,0
56606,6,0
57705,737,0
1298,156,1
5198,256,1
103532,196,0
55827,207,0
1136,946,1
3075,541,1
952,1086,1
38287,68,0
916,72,1
13624,282,0
60553,44,0
456,578,1
6055,9,1
6246,29,1
3109,431,1
248,479,1
37216,221,0
1455,80,1
28204,744,0
87076,57,0
105654,13,0
783,288,1
73895,189,0
576,323,1
47184,21,0
75,89,1
1636,9,1
43158,248,0
27838,215,0
1139,91,1
81825,206,0
31655,41,0
2885,524,1
3517,828,0
104652,1207,0
557,37,1
2402,877,1
2019,213,1
32526,1423,0
60861,951,0
34073,150,0
2354,744,1
1204,538,1
19470,331,0
1615,1,1
21819,172,0
51881,206,0
3277,401,1
1530,621,1
1025,9,1
103719,269,0
64674,479,0
293,97,0
94585,119,0
2129,67,1
52990,91,0
27180,1193,0
77329,431,0
54254,8,0
18763,24,0
92896,145,0
5292,82,1
49239,1344,0
1789,39,1
4136,44,0
58339,399,0
77953,282,0
125,21,1
4475,431,1
32038,892,0
55401,1207,0
7183,91,0
76211,57,0
47860,431,0
1401,464,1
4900,1198,1
30,103,1
79823,80,0
70801,344,0
6761,426,0
48242,156,0
54148,941,0
226,805,1
12145,19,0
1312,13,1
67865,282,0
73046,44,0
631,347,1
1300,53,1
16473,202,0
166,47,1
4398,82,1
1035,1197,1
64260,568,0
72595,252,0
2574,592,1
2793,9,1
172,53,1
783,9,1
102582,1226,0
5225,1197,1
44241,64,0
41142,82,0
1008,73,1
80341,404,0
92767,24,0
4488,458,1
4802,1207,1
5622,256,1
1478,776,1
969,177,1
2446,579,1
1537,259,1
53336,29,0
592,217,0
2434,234,1
94526,1196,0
45645,61,0
157,41,1
6564,157,0
2126,248,1
8243,16,0
9305,1043,0
97092,1196,0
31,321,1
20021,217,0
5776,431,1
7540,80,0
462,80,1
30,1199,1
63652,217,0
17379,79,0
1035,0,1
31243,3,0
1122,344,1
3333,74,1
48878,783,0
87888,1,0
341,1,1
36703,38,0
29635,9,0
593,464,1
27107,40,0
18070,124,0
39052,82,0
71,283,1
35713,79,0
313,245,1
104390,1394,0
104,1207,1
550,488,1
156,97,1
2520,29,1
22073,431,0
2948,76,0
54941,671,0
63684,865,0
22342,945,0
828,529,1
1894,1196,0
88075,424,0
2721,9,1
83341,267,0
77615,39,0
85189,824,0
283,259,1
89400,181,0
256,207,1
1062,145,1
15470,21,0
127,1200,1
1500,39,1
88695,1188,0
2885,189,1
12046,1197,0
56023,97,0
51475,1396,0
105002,1196,0
64755,3,0
456,73,1
3069,114,1
2852,98,1
253,114,1
84726,37,0
77009,205,0
526,256,0
7543,18,0
3505,38,1
3508,78,1
29542,394,0
77209,297,0
10594,269,0
78839,433,0
2185,1044,1
2804,179,1
90822,620,0
3289,150,1
51529,5,0
14672,1207,0
3528,478,1
61779,686,0
1612,333,1
85,217,1
2082,87,1
50464,1196,0
51426,64,0
327,74,1
30947,18,0
8948,154,0
1086,363,1
5057,157,1
35352,109,0
1625,394,1
27955,1194,0
52269,138,0
1790,78,1
72485,1202,0
1169,381,1
29278,401,0
1848,1252,1
2716,246,1
37238,288,0
1865,38,1
508,189,1
94194,114,0
65863,58,0
74830,35,0
77920,40,0
50366,175,0
1366,141,1
627,186,0
1078,1197,1
97675,308,0
59494,1450,0
15428,114,0
3385,1394,1
57214,282,0
10806,41,0
72376,220,0
38128,1257,0
65545,327,0
106,24,1
30145,253,0
1092,147,1
5944,9,1
875,344,1
83590,173,0
95326,21,0
4781,1220,1
30106,177,0
2956,844,1
681,12,1
1913,21,1
1350,206,1
2875,138,1
37820,1198,0
3173,33,1
14041,150,0
301,220,1
41805,205,0
51563,859,0
91393,1500,0
103971,0,0
890,21,1
111,91,1
1651,403,1
989,449,1
95875,808,0
2086,40,1
60848,248,0
32727,431,0
96013,1456,0
62363,363,0
25409,40,0
23776,636,0
403,363,1
1502,0,1
911,171,1
83251,621,0
29224,40,0
2820,41,1
45857,1234,0
1090,788,1
1350,9,1
99653,282,0
2440,253,1
249,1107,1
35951,35,0
13597,57,0
30425,21,0
316,6,1
1640,394,1
6225,431,1
2605,394,1
1905,114,1
15179,410,0
1517,906,1
52593,177,0
13134,16,0
35033,1474,0
3101,24,1
74132,97,0
4590,363,1
65666,1199,0
4021,21,0
64112,68,0
1615,1197,1
41498,217,0
92971,76,0
70,410,1
1810,35,1
910,44,1
6358,109,0
83695,809,0
3620,1253,1
2412,1237,1
91040,504,0
2087,376,1
2,628,1
62440,31,0
83,263,1
379,375,1
1621,169,1
853,141,1
52141,394,0
3739,21,1
103679,17,0
63185,323,0
56457,288,0
37664,35,0
8243,1074,0
28098,636,0
62552,6,0
6110,1197,1
50932,186,0
81909,0,0
38031,61,0
49141,39,0
48457,141,0
92072,47,0
89933,473,0
61,481,1
2009,251,1
28117,61,0
676,107,1
2446,157,1
127,67,1
52866,941,0
1364,954,1
423,776,1
22010,45,0
4330,9,1
1029,98,1
13760,91,0
2765,233,1
890,35,1
4669,408,1
83004,1207,0
823,169,1
50338,394,0
69639,256,0
2924,783,1
75092,40,0
44316,109,0
86393,3,0
41407,217,0
3609,109,0
90978,246,0
3259,478,1
102514,247,0
1691,600,1
78665,1200,0
71,45,1
31,13,1
415,24,1
67952,9,0
66180,35,0
1040,21,1
2608,362,1
69928,242,0
779,248,1
82092,18,0
72663,207,0
1372,776,1
1618,502,1
62262,434,0
886,217,0
50,424,1
25128,69,0
27896,21,0
26449,984,0
12996,269,0
47891,38,0
3195,39,0
62371,543,0
64952,41,0
35528,776,0
25210,1198,0
54952,344,0
80100,21,0
577,340,1
500,307,1
11405,256,0
16971,501,0
591,968,1
25,776,1
24555,2,0
1544,177,1
21572,145,0
1631,503,1
5381,828,1
4414,394,1
1506,776,1
23848,1200,0
545,318,1
20725,158,0
369,472,1
748,999,1
59361,79,0
4522,15,1
1836,21,1
56493,836,0
482,305,1
65667,29,0
4284,424,1
80783,776,0
1314,501,1
51640,431,0
26030,89,0
166,487,1
3539,270,1
95487,1223,0
4176,974,0
5331,79,1
28455,944,0
4670,97,1
19625,91,0
76330,1193,0
62967,1,0
87388,171,0
2728,173,1
552,321,1
37,170,1
87186,98,0
101708,852,0
2112,1456,0
56217,1197,0
724,818,1
313,13,1
34936,65,0
20118,9,0
57396,129,0
4658,449,0
1235,40,0
62801,258,0
288,65,1
42386,195,0
30579,109,0
23992,154,0
2215,21,1
1336,976,1
13568,837,0
4168,8,1
33012,110,0
4332,40,1
92,206,0
14586,13,0
2462,844,1
2430,776,1
67987,661,0
1878,431,1
4072,776,1
719,264,1
591,153,1
84804,9,0
104324,114,0
43939,109,0
2701,21,1
62436,639,0
5364,69,1
15951,1149,0
1080,129,1
561,800,1
1786,169,1
32771,21,0
67609,98,0
7945,950,0
497,951,1
81036,800,0
2086,98,1
360,125,1
4372,455,1
1880,21,1
1867,686,1
82033,48,0
92535,327,0
3858,394,1
902,44,1
88441,1207,0
94483,29,0
42766,776,0
74682,114,0
24300,431,0
704,124,1
5811,9,1
2956,5,1
94831,91,0
11421,206,0
57131,141,0
898,36,1
91596,17,0
1416,394,1
30,744,1
261,44,1
72581,795,0
69914,44,0
47116,217,0
243,17,1
186,288,0
65016,177,0
92960,141,0
78724,125,0
1615,220,1
1637,73,1
41740,1007,0
93,1210,1
16967,109,0
3061,13,1
43976,71,0
105277,673,0
57054,621,0
32853,784,0
71600,561,0
63667,283,0
61,1194,1
24430,9,0
3333,172,1
77154,109,0
176,17,1
55129,24,0
93504,776,0
78837,84,0
49,200,1
49614,503,0
18058,76,0
552,270,1
2908,21,1
46248,789,0
916,69,1
101070,61,0
916,202,1
1668,776,1
24133,21,0
94509,420,0
88430,1318,0
12696,1197,0
96051,882,0
91558,1197,0
94903,40,0
1517,238,1
19659,1196,0
23844,29,0
1442,44,1
38190,1378,0
3875,249,1
997,253,1
1195,480,1
5057,114,1
1937,1124,1
57147,1198,0
47256,309,0
21144,21,0
94342,3,0
63480,364,0
253,89,1
91067,220,0
2606,423,1
54993,39,0
94,78,1
91444,1198,0
4751,114,1
547,39,1
5473,207,1
1039,47,1
14006,61,0
77894,504,0
557,242,1
100037,37,0
102646,155,0
275,109,1
46212,304,0
55061,456,0
65020,39,0
3350,79,1
1248,40,1
59292,281,0
89533,394,0
25923,9,0
2554,220,1
85933,245,0
593,859,1
1810,37,1
351,45,1
37859,47,0
45755,305,0
39434,458,0
45426,1085,0
19847,128,0
991,270,1
14536,9,0
1425,47,1
61268,105,0
36203,13,0
51030,107,0
52529,247,0
72320,657,0
2428,259,1
80353,39,0
1971,71,1
32648,394,0
23974,1061,0
81295,1197,0
115,179,1
102,9,1
97103,425,0
87599,157,0
40784,78,0
76807,256,0
784,859,1
80246,639,0
2681,438,1
91249,1196,0
91603,1,0
1460,44,1
917,40,1
3524,41,1
1368,1413,1
54182,306,0
125,551,1
3167,344,1
10311,468,0
557,621,1
24854,431,0
16959,205,0
1657,1035,1
27952,297,0
1336,480,1
35446,54,0
25906,582,0
336,13,1
85,61,1
45527,646,0
49,883,1
104602,504,0
71661,221,0
97627,783,0
67839,217,0
4894,193,1
63743,36,0
581,344,1
1521,941,1
65154,548,0
13434,91,0
901,150,1
1306,24,1
3633,78,1
1920,18,1
1268,0,1
83164,621,0
16588,1,0
100820,1,0
3634,243,1
5473,9,1
2123,1,1
1713,458,1
1427,1212,1
1739,784,1
12555,45,0
33068,150,0
56810,431,0
72828,87,0
784,247,1
14145,184,0
4222,150,1
65860,1309,0
85891,1207,0
30305,194,0
2086,217,1
81601,45,0
1693,1198,1
52070,478,0
302,8,1
261,39,1
41571,67,0
50084,36,0
19,112,1
51632,248,0
4285,220,0
4684,935,0
1362,431,1
2046,45,1
101980,53,0
26142,584,0
94777,1210,0
270,1185,1
114,151,1
93891,145,0
67,21,1
85926,3,0
56125,0,0
765,590,1
76574,13,0
79177,949,0
91986,846,0
14752,67,0
2549,109,1
23138,0,0
58889,245,0
182,821,1
336,639,1
63484,16,0
207,150,1
1996,1130,1
76085,364,0
2023,431,1
36278,458,0
1503,9,1
33085,430,0
17730,57,0
13469,1185,0
29881,41,0
23176,150,0
104,533,1
225,72,1
59727,1210,0
3025,1012,1
3314,27,1
578,69,1
5798,110,1
154,252,1
74323,431,0
256,68,1
87749,904,0
68058,29,0
53570,29,0
102081,262,0
59582,44,0
24510,79,0
242,1394,1
2440,930,1
10548,562,0
46454,776,0
50934,98,0
55981,1,0
80912,309,0
379,39,1
93125,9,0
2885,884,1
5372,9,1
127,1138,1
244,852,1
99744,40,0
522,441,1
131,431,1
44754,21,0
26713,1196,0
48955,24,0
99224,82,0
110,817,1
53,247,1
96223,776,0
36680,394,0
99435,468,0
253,69,1
16453,256,0
92901,394,0
28269,58,0
557,481,1
97806,1207,0
85,40,1
1399,57,1
247,562,1
17643,4,0
61919,24,0
64295,258,0
5057,1073,1
1403,114,1
25191,206,0
746,97,1
16747,129,0
66947,72,0
613,395,1
591,551,1
98901,252,0
59411,431,0
1530,0,1
1812,71,1
35289,140,0
30800,9,0
1724,40,1
1434,41,1
77289,882,0
49925,173,0
86234,270,0
25824,177,0
2771,58,1
71245,1198,0
92879,150,0
12331,1193,0
6025,1207,1
5216,21,1
76633,91,0
78436,65,0
39774,53,0
917,248,1
1026,4,1
71204,281,0
2034,89,1
924,114,1
1572,40,1
5098,1061,1
1130,376,1
1671,245,1
58502,6,0
41889,100,0
37404,175,0
14223,961,0
55848,9,0
1494,1092,1
66,41,1
343,109,1
93737,776,0
182,124,1
38790,24,0
5765,44,1
71171,98,0
2040,306,1
238,246,1
67328,456,0
78151,124,0
266,1200,1
1504,401,1
2066,456,1
1166,780,1
32886,1198,0
1648,3,1
2299,150,1
68695,191,0
52894,14,0
62538,456,0
23033,98,0
23975,149,0
4120,877,1
91643,152,0
91765,68,0
95991,1102,0
423,946,1
5155,282,1
15425,956,0
578,510,1
36170,776,0
101,247,1
82340,431,0
304,65,1
233,858,1
2384,859,1
445,1394,1
62550,177,0
2637,438,1
3597,41,1
22780,1210,0
3600,1185,1
3457,29,1
89738,246,0
5490,784,1
100490,36,0
434,130,1
46333,224,0
4976,1198,1
4043,878,1
84967,186,0
47982,1207,0
157,109,1
917,58,1
4548,9,1
7571,775,0
4886,1197,1
1359,109,1
77380,252,0
2421,138,1
1615,350,1
35445,12,0
3701,4,1
313,100,1
18978,177,0
3207,0,1
67911,828,0
4304,517,1
75,180,1
431,431,1
32127,1197,0
84185,44,0
859,1207,0
42023,12,0
12339,9,0
356,78,1
35200,170,0
85629,465,0
315,333,1
1336,555,1
95097,452,0
47007,1197,0
2043,4,1
103359,479,0
88179,321,0
2113,1,1
414,1207,1
1584,65,1
124,822,1
101,906,1
99684,431,0
44993,394,0
29136,859,0
52448,892,0
101097,258,0
4126,1012,1
2458,1172,1
4411,1210,1
97063,265,0
56581,394,0
73,24,1
49822,541,0
76135,661,0
33949,614,0
74433,1198,0
230,0,1
76069,885,0
1336,431,1
993,224,1
4765,9,1
48983,214,0
6084,1207,0
421,1,1
27618,877,0
1333,124,1
77935,253,0
49940,173,0
547,1309,1
42174,45,0
1602,253,1
23978,961,0
12203,114,0
66087,125,0
69726,1315,0
3224,270,1
42,145,1
23152,114,0
387,186,1
6494,109,0
102,151,1
85648,502,0
3788,8,1
1200,878,1
9101,89,0
2428,394,1
21076,342,0
29379,170,0
6851,795,0
1074,1197,1
1517,17,1
1399,40,1
21613,534,0
2468,487,1
90612,443,0
101876,252,0
24573,69,0
748,98,1
4525,57,1
37140,61,0
29210,18,0
37831,139,0
62958,1202,0
53,156,1
16539,917,0
618,1015,1
5993,54,1
7654,434,0
51693,821,0
1760,173,1
9321,125,0
74975,1374,0
85,283,1
1336,557,1
216,65,1
94053,1269,0
61,172,1
5367,21,1
81430,173,0
55371,1,0
2334,217,1
1455,961,1
25805,621,0
321,17,1
7048,65,0
679,621,1
5201,1198,1
26004,79,0
52,202,1
484,1194,1
578,248,1
4549,431,1
7314,78,0
1092,252,1
2345,21,1
5534,221,1
39407,195,0
78670,84,0
437,464,1
76467,151,0
24042,203,0
108,877,1
388,206,1
84423,1198,0
152,245,1
7442,246,0
68907,445,0
13508,431,0
29898,151,0
59536,44,0
3305,458,1
6042,1272,1
5636,1428,1
29042,256,0
3502,379,1
196,344,1
245,191,1
11499,47,0
52437,36,0
2639,175,1
2820,1120,1
100120,186,0
467,464,1
70182,1244,0
2549,44,1
3250,263,1
2885,502,1
42784,253,0
1703,887,1
12985,252,0
1632,456,1
1517,460,1
4452,1194,1
420,44,0
2608,41,1
824,394,1
500,1147,1
421,4,1
4283,961,1
3929,1207,1
55265,775,0
50209,776,0
8434,114,0
1622,3,1
590,24,1
42607,173,0
92355,177,0
1536,35,1
3622,892,1
52581,78,0
85099,17,0
101873,47,0
2669,791,1
2360,833,1
48181,759,0
1615,1210,1
2544,79,1
66636,173,0
641,418,1
559,44,1
92597,1207,0
31870,815,0
42640,13,0
811,24,1
63792,53,0
4561,177,1
578,114,1
14256,41,0
2823,57,1
104608,233,0
8126,616,0
39004,463,0
17010,129,0
209,822,1
2448,18,1
40340,501,0
156,172,1
313,24,1
7278,13,0
105164,5,0
1025,97,1
421,647,1
86069,480,0
2740,1074,1
58260,474,0
5057,252,1
126,445,1
31192,456,0
473,28,1
4411,58,1
128,9,1
5057,156,1
83,1074,1
304,1124,1
552,424,1
910,177,1
332,9,1
92180,79,0
3535,1198,1
97455,1210,0
19051,1,0
3803,636,1
89422,29,0
441,213,1
101,36,1
2005,776,1
2525,248,1
98740,502,0
1333,125,1
2503,21,1
57280,0,0
1530,481,1
38317,394,0
63055,1196,0
75985,776,0
266,0,1
85,282,1
29392,460,0
613,182,1
76677,1197,0
75,57,1
42755,12,0
101,33,1
589,44,1
552,6,1
77447,728,0
31205,263,0
97363,19,0
55427,107,0
3625,460,1
1865,179,1
1909,57,1
1929,109,1
88857,67,0
30278,621,0
20845,171,0
49450,1121,0
91318,239,0
33939,139,0
1492,201,1
93558,9,0
45521,431,0
76606,339,0
2999,149,0
53026,285,0
964,1252,1
14323,15,0
35016,487,0
95147,835,0
783,621,1
19252,158,0
1409,1269,1
765,118,1
917,91,1
561,27,1
95244,13,0
1076,8,1
34120,379,0
42688,40,0
56935,431,0
88600,79,0
12061,71,0
2697,849,0
1367,231,1
2618,1198,1
57874,533,0
51186,35,0
38292,401,0
5202,882,0
104259,118,0
97510,41,0
28461,48,0
82761,376,0
987,177,1
101988,327,0
922,89,1
917,961,1
4876,1198,1
87458,1196,0
1798,36,1
1188,40,1
19750,1198,0
845,78,1
49700,21,0
22850,58,0
4443,256,0
24536,776,0
243,346,1
1674,58,1
31381,61,0
66052,8,0
57446,156,0
1737,312,1
2162,431,1
256,160,1
24131,1197,0
1427,3,1
245,137,1
57073,200,0
2217,256,1
957,423,1
160,259,1
2554,29,1
20405,394,0
39960,546,0
51,1451,1
1479,16,1
67031,21,0
23651,13,0
1448,255,1
55344,40,0
1466,31,1
7175,179,0
11087,31,0
5399,78,0
20231,232,0
2040,905,1
376,49,1
99543,124,0
4216,47,1
90627,324,0
1036,6,1
369,220,1
5730,1217,1
57485,1124,0
4620,177,0
4585,114,0
188,297,1
10840,53,0
3284,943,1
38718,581,0
675,139,1
66,233,1
89,37,1
226,48,1
2631,410,1
37269,205,0
59934,822,0
105429,9,0
3708,1198,1
552,1394,1
3896,150,0
21156,53,0
3066,91,1
6172,776,1
32825,73,0
1700,792,1
1345,892,1
85793,259,0
1910,186,1
1151,456,1
8679,35,0
4846,153,0
43018,941,0
4076,795,1
909,80,1
4580,220,1
44113,98,0
96288,1207,0
94327,1076,0
346,600,1
9833,157,0
1253,263,1
25203,394,0
2382,256,1
2395,78,1
99303,776,0
53,818,1
98424,1197,0
41246,84,0
934,183,1
101,177,1
2345,344,1
426,394,1
155,21,0
188,179,1
456,41,1
42,767,1
1018,306,1
3220,129,1
389,270,1
18316,114,0
76450,961,0
253,822,1
969,9,1
1508,877,1
1689,37,1
68371,581,0
336,380,1
22329,352,0
2474,138,1
103646,213,0
27738,21,0
77161,431,0
105991,177,0
5939,21,0
699,84,1
20106,151,0
902,45,1
1239,1422,1
4719,13,1
39238,109,0
56000,54,0
74764,950,0
921,38,1
57924,125,0
72330,394,0
105819,12,0
35131,0,0
46865,263,0
2789,9,1
96758,57,0
569,61,1
44096,45,0
33649,33,0
69085,37,0
557,207,1
1193,869,0
2186,247,1
73232,333,0
627,47,1
96527,47,0
101105,39,0
588,1224,1
683,394,1
2866,21,0
2124,92,1
385,1396,1
72932,98,0
95168,124,0
17341,125,0
57605,744,0
42376,40,0
21903,82,0
175,17,1
412,327,1
248,6,1
78331,9,0
1146,878,1
2439,35,1
6860,1098,0
1517,1102,1
78498,114,0
3229,0,1
82325,1138,0
95931,37,0
88683,153,0
312,39,1
84468,74,0
133,592,1
2462,114,1
3333,24,1
5057,1074,1
1795,44,1
2412,256,1
644,247,1
3242,21,1
96521,1197,0
2575,18,1
1107,125,1
2189,71,1
3772,399,1
29275,1043,0
5116,1263,1
306,965,1
4478,3,1
94989,474,0
106159,152,0
916,92,1
1724,157,1
923,177,1
1622,0,1
1466,768,1
85370,44,0
104441,821,0
800,21,0
127,39,1
2522,961,1
33800,776,0
88881,24,0
27407,220,0
85,600,1
2684,529,1
36813,21,0
43679,887,0
20712,1257,0
108,229,1
6585,1197,0
2371,40,1
91781,170,0
910,245,1
11255,13,0
1368,1198,1
57720,139,0
34694,258,0
20593,180,0
96301,389,0
2549,956,1
5222,859,1
34173,71,0
2822,21,1
300,542,1
2412,1194,1
99095,114,0
557,579,1
50968,1493,0
265,8,1
4204,897,1
27307,155,0
75,91,1
39022,859,0
1689,177,1
50094,1210,0
67532,397,0
2374,145,1
46097,44,0
2823,941,1
422,213,1
17585,57,0
20095,195,0
497,764,1
66518,13,0
26,788,1
84355,776,0
41284,1359,0
33211,245,0
4297,9,1
100566,45,0
84470,1207,0
884,172,1
4957,1196,1
59248,541,0
62967,1198,0
1536,283,1
88070,305,0
1088,403,1
84161,513,0
34824,186,0
1491,37,0
71327,1196,0
552,327,1
1039,6,1
76141,877,0
24426,621,0
62599,173,0
74435,68,0
236,0,1
5427,1396,1
6162,39,1
841,47,1
128,252,1
1609,124,1
21269,72,0
227,253,1
42948,109,0
44837,37,0
842,109,1
65324,269,0
1717,217,1
105932,774,0
65735,1456,0
98195,84,0
61032,114,0
182,1197,1
213,5,1
71284,177,0
50275,21,0
58970,823,0
557,12,1
54309,125,0
4585,270,1
518,206,1
36409,39,0
4784,344,1
56,97,1
5554,1198,1
4423,394,1
74618,220,0
194,661,1
1032,455,1
5323,24,1
559,255,1
880,244,1
83329,269,0
390,97,0
5407,1396,1
32037,160,0
53421,1124,0
2446,300,1
1364,792,1
2559,282,1
94210,1289,0
36013,21,0
56766,352,0
16,16,1
1414,776,1
1333,270,1
88149,231,0
2522,431,1
3109,877,1
73,39,1
58771,45,0
467,44,1
561,24,1
3214,1124,1
83994,33,0
86284,114,0
2793,21,1
2525,13,1
3026,776,1
31701,859,0
500,74,1
41346,78,0
1282,57,1
87320,350,0
641,420,1
41770,57,0
5261,16,1
15068,620,0
172,318,1
4354,150,1
61,124,1
2798,125,1
3333,776,1
64731,109,0
48021,761,0
1819,21,1
78303,486,0
104273,501,0
562,431,1
31474,541,0
64702,220,0
3574,315,1
1077,238,1
53085,1194,0
2627,1207,1
17334,5,0
1319,1,1
111,57,1
99518,282,0
2930,244,1
157,141,1
40696,1396,0
21460,344,0
686,111,1
551,800,1
86103,36,0
7450,109,0
3869,214,1
1372,800,1
1847,186,1
86918,460,0
63276,621,0
766,84,1
99621,776,0
780,177,1
12008,234,0
5779,1431,1
34413,248,0
3017,8,1
95795,125,0
500,44,1
586,419,1
48,1,1
1530,464,1
106,220,1
225,217,1
8716,793,0
541,1124,1
102922,381,0
3431,21,1
3133,892,1
1364,179,1
2412,375,1
3333,943,1
54532,109,0
101859,126,0
575,946,1
1789,37,1
157,424,1
99317,9,0
2314,12,1
74469,1207,0
1878,466,1
96254,12,0
79821,35,0
222,57,1
67512,593,0
70151,35,0
81229,194,0
49454,53,0
60209,282,0
70498,45,0
383,40,1
89868,258,0
76816,147,0
72826,661,0
101,73,1
5182,1197,1
55611,124,0
1226,252,1
3247,41,1
818,431,1
1530,91,1
17480,68,0
1364,776,1
26845,481,0
904,175,1
47,319,1
63632,546,0
4488,2,1
21232,1199,0
10469,5,0
58602,283,0
45787,4,0
14428,477,0
724,1245,1
34703,39,0
2086,41,1
69,220,1
108,35,1
4180,431,0
74632,82,0
245,145,1
81971,128,0
82246,1198,0
79110,47,0
69708,78,0
53141,220,0
124,945,1
48251,217,0
2563,179,1
94464,217,0
105985,97,0
2831,89,1
80096,615,0
327,56,1
3518,41,0
52608,39,0
1031,58,1
500,798,1
1089,1441,1
4588,1147,1
30652,304,0
1815,79,1
4958,1196,1
18946,38,0
1517,125,1
25321,1272,0
5357,809,1
100160,21,0
413,214,1
5808,37,0
681,9,1
63812,346,0
3457,394,0
437,339,1
14971,1194,0
14048,147,0
280,16,1
74298,37,0
79612,431,0
228,45,1
1647,220,1
423,256,0
3036,171,1
1731,5,1
85454,40,0
21723,600,0
86557,0,0
3793,111,1
32439,269,0
2175,394,1
69869,1124,0
2440,21,1
2453,61,1
417,27,1
77419,1207,0
90219,9,0
1074,1198,1
102211,773,0
82119,74,0
902,71,1
25522,53,0
55420,125,0
5753,200,0
2045,45,1
3590,269,1
2836,16,1
1630,1012,1
59419,445,0
1350,158,1
2060,80,1
102367,233,0
5451,1396,1
1207,119,1
2175,16,1
1837,9,1
26518,232,0
20584,177,0
910,375,1
125,12,1
59291,270,0
1044,192,1
2554,145,1
2534,460,1
89021,21,0
27512,44,0
56164,78,0
3303,502,1
49704,449,0
42577,175,0
14083,24,0
3113,9,1
92365,8,0
95162,44,0
35341,9,0
97275,394,0
35511,39,0
61,65,1
559,776,1
37697,13,0
20119,130,0
256,884,1
233,67,1
2648,80,1
31174,1207,0
35,673,1
1188,247,1
5346,394,0
76750,776,0
4685,962,1
3984,116,0
105192,1396,0
76876,969,0
804,220,1
583,944,1
25,884,1
1798,61,1
2275,253,1
82877,0,0
258,859,1
1724,252,1
3591,401,1
4081,878,1
2471,171,1
14168,109,0
17074,593,0
20844,263,0
2836,3,0
942,477,1
30362,800,0
1850,776,1
51928,321,0
3097,192,1
5634,229,1
61815,35,0
23047,1193,0
764,4,1
48220,242,0
13649,392,0
16268,217,0
94357,183,0
74811,4,0
3786,232,1
23207,206,0
103038,19,0
61564,150,0
853,13,1
356,776,1
59684,239,0
44018,65,0
4012,844,1
19320,189,0
104075,82,0
67659,1258,0
61923,15,0
47748,179,0
32,4,1
1789,57,1
39526,61,0
34607,1105,0
75812,91,0
559,38,1
1362,175,1
128,98,1
306,193,1
1004,458,1
3333,955,1
571,1196,1
6008,1456,1
1350,620,1
6066,12,1
124,956,1
225,1199,1
36791,98,0
62447,790,0
2563,180,1
1689,776,1
456,40,1
24,253,1
77633,5,0
4080,877,1
2387,109,1
64560,177,0
2408,194,1
75781,1207,0
229,859,1
66108,78,0
87515,9,0
95272,955,0
1760,282,1
39484,445,0
2050,997,1
27995,78,0
286,269,1
26,53,1
226,3,1
63952,5,0
2276,141,1
682,253,1
56,344,1
64,1113,1
5563,776,0
47,431,1
95174,1363,0
100746,744,0
77309,953,0
71315,67,0
13259,429,0
2907,394,1
101,956,1
197,89,1
32322,418,0
76780,1045,0
1366,205,1
1763,150,1
87320,157,0
31,89,1
89480,270,0
2916,280,1
1965,24,1
5927,87,1
18095,141,0
65203,202,0
28911,37,0
2686,128,1
1113,5,1
3346,124,1
2974,130,1
1098,431,1
4302,1198,1
205,84,1
2885,621,1
1760,217,1
80669,344,0
913,124,1
821,16,1
2788,56,1
76589,41,0
54085,41,0
22904,269,0
18349,47,0
65970,0,0
3244,21,1
84856,41,0
4303,477,1
101,502,1
52559,394,0
58428,1481,0
76660,481,0
18682,1218,0
574,318,1
2910,21,0
4781,1395,1
4668,227,1
51519,41,0
1473,158,1
2446,593,1
42508,139,0
7289,885,0
314,800,1
94472,956,0
2015,344,1
6935,951,0
629,693,1
1493,1074,1
6271,520,0
458,128,1
2779,91,1
97703,80,0
24469,151,0
40077,250,0
41545,1394,0
703,269,1
9119,1322,0
92,36,1
39978,73,0
4249,21,1
5805,458,1
35570,1399,0
163,21,1
1508,362,1
18823,5,0
33925,89,0
1826,456,0
190,35,1
320,309,1
32941,458,0
1298,154,1
2544,673,1
12991,12,0
70,13,1
85070,13,0
29695,173,0
4118,16,1
40897,270,0
1695,954,1
2527,199,1
2861,130,1
542,413,1
87870,15,0
207,944,1
1124,145,1
76965,770,0
4737,170,1
73340,431,0
36937,1241,0
36040,24,0
578,857,1
18,151,1
77100,1482,0
31,97,1
188,620,1
81006,109,0
1641,64,1
1993,16,1
1618,150,1
50523,66,0
5978,35,1
550,244,1
2885,263,1
552,31,1
25162,61,0
58829,202,0
32002,327,0
13147,151,0
3214,312,1
500,194,1
2162,1218,1
31691,109,0
84640,362,0
247,472,1
52784,78,0
559,927,1
64122,424,0
2519,733,1
2527,64,1
5953,15,1
68675,196,0
177,15,1
1163,247,1
92341,84,0
6150,6,1
186,130,1
26,972,1
43068,1196,0
17205,39,0
9511,235,0
3646,21,0
34807,269,0
220,76,1
157,202,1
67261,776,0
5280,330,1
2128,155,1
2621,878,1
437,68,1
50,47,1
1336,347,1
2856,91,1
105426,1223,0
90994,87,0
70181,172,0
84744,1118,0
45385,40,0
45611,202,0
82957,61,0
77225,410,0
100432,1124,0
62295,37,0
43751,84,0
104150,3,0
101674,119,0
79738,501,0
10317,942,0
758,270,1
1650,12,1
509,425,1
10836,464,0
94948,0,0
45,593,1
42488,239,0
6150,5,1
748,681,1
29085,363,0
27104,21,0
3344,44,1
57356,887,0
75843,45,0
3946,256,1
4208,24,1
1350,157,1
9029,878,0
915,1197,1
12724,98,0
101781,80,0
19267,1207,0
11072,776,0
79934,41,0
124,40,1
5978,44,1
618,12,1
7283,270,0
286,1207,1
43967,464,0
328,41,1
2360,21,1
1221,776,1
2729,91,1
72123,98,0
590,150,1
13561,238,0
5634,215,1
5504,456,0
1350,24,1
68630,394,0
3333,72,1
23013,582,0
63680,282,0
71,200,1
91704,1448,0
11327,424,0
53565,40,0
84600,621,0
59267,1196,0
14421,243,0
2031,98,1
1465,177,1
16019,150,0
724,154,1
6251,29,1
35001,500,0
1821,233,1
4000,1207,0
56261,776,0
7931,78,0
76641,1496,0
75,45,1
1364,949,1
1350,623,1
2779,1200,1
1403,525,1
29507,579,0
2079,128,1
76,217,1
29254,140,0
74639,1210,0
917,38,1
642,693,1
90980,58,0
32789,0,0
4161,128,1
3505,36,1
587,125,1
1524,28,1
50161,150,0
913,1394,1
62108,82,0
70732,13,0
87918,89,0
2429,1210,1
158,1122,1
2023,8,1
378,593,1
54686,13,0
578,207,1
32930,21,0
172,18,1
2023,583,1
3101,53,1
103336,37,0
96198,1011,0
66071,381,0
80166,950,0
1075,1226,1
12198,889,0
1320,171,0
68,220,1
508,171,1
52586,105,0
898,205,1
1081,258,1
44351,969,0
62975,203,0
1189,1199,1
1000,1124,1
64115,521,0
302,35,1
1403,9,1
245,1207,1
56118,992,0
40033,795,0
5199,504,0
22949,175,0
1001,79,1
58713,207,0
2428,1394,1
3655,1198,1
1615,140,1
95706,54,0
910,150,1
113,458,1
94770,109,0
2170,111,1
87307,478,0
4247,40,1
32716,110,0
25018,283,0
48463,363,0
1910,886,1
82664,109,0
2942,125,0
5429,331,1
5132,1198,1
68522,682,0
38302,78,0
133,1311,1
3714,431,1
108,36,1
65859,1074,0
2003,885,1
2431,852,1
5275,1207,1
2208,636,1
912,173,1
222,430,1
4296,880,1
3135,258,1
49139,28,0
725,206,1
76482,58,0
16238,98,0
89496,1198,0
44635,621,0
2551,109,1
2516,546,1
96151,282,0
80517,53,0
194,17,1
18916,58,0
3531,263,0
11158,606,0
90886,1394,0
85,578,1
14734,154,0
1364,506,1
5057,38,1
2823,948,1
50734,884,0
26151,139,0
7555,951,0
416,394,1
238,247,1
910,217,1
87111,319,0
69062,403,0
101738,1197,0
559,253,1
11890,463,0
902,984,1
2875,1279,1
98083,229,0
1773,61,1
593,57,1
83251,137,0
3535,149,1
1651,33,1
66855,225,0
44894,58,0
47,180,1
56552,464,0
2549,941,1
1542,551,1
63740,16,0
1308,3,0
3131,598,1
5330,105,1
12750,991,0
437,155,1
44795,129,0
27312,9,0
89715,821,0
99482,177,0
55926,246,0
4199,44,1
61163,445,0
69268,192,0
1493,248,1
71855,518,0
2468,394,1
16154,270,0
58053,256,0
5374,424,1
3360,57,1
2022,150,1
93869,784,0
552,259,1
78744,45,0
378,98,1
82048,344,0
563,347,0
1336,1133,1
2,995,1
216,1315,1
5057,97,1
578,40,1
89891,1210,0
91451,307,0
108,37,1
1690,44,1
724,1244,1
66034,114,0
89983,114,0
55494,13,0
91452,89,0
1963,21,1
222,31,1
284,45,1
1491,502,1
2739,40,1
233,282,1
3004,221,1
2373,45,1
228,71,1
6136,256,1
593,45,1
188,464,1
2561,41,1
1483,4,1
23536,1197,0
460,344,0
68345,40,0
2885,520,1
87245,183,0
4741,527,1
9028,58,0
68809,1226,0
1136,941,1
91430,259,0
1491,205,1
249,630,1
86082,186,0
6030,1197,1
10792,186,0
48130,995,0
7283,15,0
33375,58,0
5846,776,1
6525,424,0
11537,21,0
1963,58,1
4025,282,1
11416,175,0
647,1210,1
54981,145,0
8839,351,0
2725,33,1
86246,98,0
39,808,1
1465,283,1
79128,69,0
115,58,1
91581,41,0
567,1198,1
4562,258,0
222,213,1
383,97,1
67201,884,0
4613,1008,1
14122,78,0
397,98,1
4123,776,1
69329,673,0
15087,177,0
91861,0,0
2608,1207,1
29790,1073,0
114,885,1
2924,784,1
4417,45,1
3333,948,1
644,15,1
44844,47,0
124,45,1
25752,1124,0
77409,670,0
2116,8,1
1349,179,1
248,994,1
100780,944,0
18033,1284,0
1288,263,1
89363,1197,0
2833,21,1
3279,13,1
222,500,1
2303,9,1
88378,245,0
4405,220,1
2371,41,1
42645,3,0
66308,946,0
100,504,1
45137,205,0
59579,98,0
2793,245,1
921,61,1
182,58,1
92,173,1
60,1,1
34376,186,0
20,8,1
75862,13,0
220,1146,1
2004,189,1
4061,636,1
1033,97,1
62741,173,0
44905,244,0
65974,30,0
12174,109,0
102394,29,0
682,74,1
97776,57,0
9844,959,0
81386,941,0
4704,4,0
1616,57,1
1789,38,1
387,24,1
317,40,1
917,246,1
1161,35,1
7862,152,0
1,2,1
245,66,1
92,951,1
33736,1124,0
2488,76,1
55103,6,0
157,246,1
61246,39,0
14914,1131,0
588,376,1
368,485,1
68276,206,0
74719,673,0
85828,394,0
35300,305,0
3170,65,1
92778,1196,0
253,153,1
29631,114,0
24,394,1
92454,821,0
76606,9,0
5982,302,0
11466,621,0
2438,1197,1
2835,546,1
94669,45,0
1690,57,1
89356,40,0
784,154,1
62984,12,0
27165,9,0
14514,28,0
2485,431,1
50760,263,0
34764,88,0
188,92,1
82049,74,0
3303,13,1
4411,220,1
32588,394,0
39815,98,0
51204,39,0
99173,954,0
2956,776,1
82133,156,0
4707,24,1
2215,124,0
77171,270,0
910,69,1
66388,984,0
5978,40,1
82655,149,0
101027,78,0
61208,480,0
968,174,1
67326,9,0
50090,208,0
87853,207,0
910,1027,1
2737,245,1
42435,114,0
88531,950,0
17986,139,0
50476,317,0
2065,880,1
5344,9,1
83230,242,0
25,57,1
2485,47,1
15632,1453,0
1631,40,1
101,172,1
90615,518,0
61157,255,0
79126,954,0
2728,21,1
4208,40,1
39971,859,0
91232,145,0
15998,661,0
1503,61,1
56350,58,0
3989,878,1
2174,1456,1
26058,608,0
75894,501,0
2658,256,1
37016,92,0
3333,58,1
37711,253,0
87531,44,0
559,504,1
93701,151,0
1167,281,1
75325,1197,0
42346,68,0
101347,29,0
92965,233,0
11855,252,0
1538,394,1
965,169,1
92861,98,0
51,431,1
64659,45,0
94620,37,0
11878,57,0
3167,1197,1
262,12,1
82045,1083,0
1636,282,1
46354,1315,0
18144,172,0
1333,458,1
65534,1197,0
53295,458,0
220,431,1
1495,5,1
2105,255,1
3314,800,1
933,21,1
3669,79,1
101,68,1
12755,1365,0
281,65,1
2908,24,1
4651,1169,1
102461,394,0
44612,9,0
19,1200,1
48676,39,0
31,21,1
9779,1197,0
5024,1207,1
1616,177,1
75556,878,0
35680,177,0
101908,1296,0
60276,12,0
104269,196,0
1456,29,1
1350,172,1
4284,351,1
8684,21,0
4578,949,1
51004,969,0
56309,0,0
43890,24,0
100,429,1
720,776,1
567,823,1
2549,76,1
1431,65,1
5772,202,1
92871,776,0
13409,97,0
2820,344,1
12825,39,0
2661,621,1
3162,38,1
38598,501,0
95702,780,0
1061,58,1
76173,16,0
36813,58,0
67036,784,0
98502,45,0
56717,88,0
20595,351,0
1597,784,1
39621,394,0
49665,458,0
950,961,1
884,13,1
995,253,1
2605,1101,1
1104,47,1
4611,1165,1
2537,109,1
2885,71,1
128,58,1
16831,41,0
90714,621,0
13944,332,0
57276,215,0
2007,149,1
43637,409,0
39919,1124,0
67793,15,0
84033,17,0
979,225,1
5560,21,1
40238,130,0
1117,21,1
15625,45,0
98216,1131,0
14867,1207,0
100,503,1
1671,44,1
4332,54,1
18746,248,0
39498,17,0
39208,1124,0
229,114,1
2476,80,1
31970,202,0
226,31,1
68119,946,0
896,909,1
92743,776,0
12912,64,0
80119,582,0
89901,408,0
1618,456,1
29030,57,0
47032,484,0
59,173,1
13058,221,0
70531,220,0
55667,1027,0
27586,1237,0
53408,124,0
82573,19,0
29780,1073,0
69444,1075,0
96691,1073,0
1144,57,0
1615,41,1
1657,394,1
2451,1124,1
21781,464,0
942,1194,1
98579,833,0
72601,581,0
66218,1207,0
923,41,1
3206,488,1
188,884,1
23471,452,0
1445,246,1
6050,776,1
97473,190,0
29315,379,0
41541,636,0
105368,41,0
586,403,1
27814,407,0
76,231,1
74967,1172,0
2799,487,0
1377,1198,1
593,217,1
1922,1197,0
3600,1478,1
3920,363,1
88671,119,0
131,118,1
2817,41,1
1114,348,1
21367,38,0
22104,281,0
1758,281,1
50504,45,0
2471,859,1
58419,80,0
55554,21,0
55373,729,0
1463,6,1
17253,1308,0
414,9,1
81809,269,0
92536,15,0
578,38,1
58444,1311,0
8349,67,0
83376,256,0
102,21,1
47956,76,0
2625,18,1
285,1132,1
890,89,1
54740,1010,0
62761,9,0
95647,36,0
61582,885,0
106016,6,0
1615,38,1
108,337,1
1364,173,1
313,48,1
90441,1400,0
24142,170,0
35001,109,0
10727,44,0
1123,931,1
2645,130,1
52698,39,0
2461,878,1
92572,44,0
2428,85,1
87141,728,0
8142,12,0
4952,1196,1
16730,245,0
1621,1396,1
2418,394,1
2518,394,1
2605,1198,1
163,151,1
593,37,1
8377,44,0
4293,98,0
49341,15,0
40172,177,0
3386,91,1
80576,394,0
3066,114,1
811,89,1
98274,267,0
1622,221,1
4143,1207,1
5115,488,0
1452,551,1
1935,253,1
4660,1198,1
2521,197,1
36259,39,0
19067,19,0
4747,431,1
61387,1124,0
66661,29,0
4168,45,0
61151,179,0
27329,941,0
1673,79,1
73406,1194,0
96096,124,0
56327,1,0
83855,953,0
23514,1,0
1249,57,1
114,220,0
3295,109,1
1324,1200,1
194,65,1
4970,109,1
90397,248,0
32,150,1
1084,327,1
4254,149,1
3197,82,1
1698,13,1
18689,41,0
26817,621,0
2885,776,1
575,504,1
84851,953,0
423,623,1
22357,431,0
14604,40,0
72963,806,0
8045,1224,0
85,41,1
96422,156,0
2393,109,1
14211,109,0
95305,64,0
65179,1198,0
1791,1253,1
4220,177,1
3400,98,1
82607,878,0
8958,53,0
33369,1200,0
45003,472,0
1077,258,1
56,156,1
27738,9,0
128,303,1
901,78,1
3580,593,1
68115,776,0
1164,352,1
3376,39,1
6120,109,1
82730,89,0
104929,1198,0
88,78,1
4105,878,1
62629,13,0
89347,58,0
54986,283,0
2146,33,1
47700,172,0
2453,73,1
507,194,1
45174,503,0
82991,172,0
3162,217,1
54903,229,0
4025,283,1
543,89,1
3101,149,1
51084,1073,0
3250,431,1
3125,304,1
59340,12,0
1446,256,1
63767,119,0
31036,196,0
47935,477,0
65438,109,0
1864,138,1
70647,282,0
262,206,1
96671,89,0
70087,0,0
99400,822,0
97397,256,0
69717,35,0
65212,633,0
122,1193,1
103461,533,0
103964,45,0
222,150,1
46403,177,0
23780,39,0
17803,109,0
60757,429,0
38762,342,0
78766,1199,0
101498,150,0
76268,234,0
100803,306,0
94497,394,0
797,15,1
2544,616,1
5765,951,0
87047,33,0
59968,78,0
939,78,1
228,74,1
1358,109,1
88330,41,0
98346,1,0
995,1237,1
13790,945,0
13147,321,0
23751,362,0
85194,1299,0
39,304,1
2303,45,1
91744,220,0
29380,91,0
968,172,1
86685,1199,0
44419,340,0
34180,1257,0
19904,177,0
1288,157,1
101301,61,0
2908,464,1
466,451,1
5720,744,1
3400,36,1
38132,65,0
37940,230,0
92876,9,0
44052,9,0
313,344,1
15479,822,0
378,207,1
48176,114,0
64721,410,0
10627,252,0
5129,21,0
747,91,1
26644,33,0
1169,331,1
5460,1124,1
1448,21,1
149,114,1
17897,344,0
56218,256,0
3346,33,1
256,105,1
4880,1196,1
94621,431,0
74853,87,0
4434,1261,0
17194,112,0
4568,1207,1
67045,37,0
5056,73,0
336,1210,1
578,12,1
51227,220,0
281,409,1
84896,172,0
37,114,1
629,776,1
55012,776,0
2294,44,1
944,40,1
1739,795,1
90027,58,0
31473,258,0
3698,40,0
1349,288,1
2535,394,1
912,6,1
50988,806,0
43262,53,0
307,16,1
40840,362,0
1359,1207,1
2885,578,1
6055,13,1
47537,172,0
898,40,1
56796,347,0
20597,13,0
3672,78,1
97,965,1
424,48,1
1179,17,1
25472,9,0
9291,1207,0
12651,61,0
563,327,1
1229,9,1
577,339,1
16645,456,0
59170,776,0
88869,8,0
54,45,1
80055,13,0
70728,1075,0
49705,40,0
1638,449,1
378,72,1
144,137,1
5205,89,1
1399,44,1
22793,21,0
2349,109,0
5195,1425,1
59457,246,0
63522,58,0
981,175,1
1598,124,1
3195,172,1
50028,24,0
2411,36,0
41774,38,0
5712,9,1
63983,244,0
2690,283,1
53733,878,0
76,41,1
2752,19,1
41005,394,0
48431,44,0
1284,1202,1
2881,270,1
2060,394,1
1749,5,1
2963,233,1
3195,173,1
84928,623,0
50721,235,0
47527,431,0
100711,245,0
34002,97,0
89,21,1
38915,1074,0
992,946,1
2186,248,1
97738,21,0
255,220,1
320,48,1
26183,91,0
49337,252,0
61397,543,0
557,252,1
5978,464,1
4183,1032,1
46538,1,0
179,1124,1
79827,403,0
1456,431,1
1112,140,1
59561,220,0
49259,438,0
4297,506,1
644,221,1
3550,24,1
1039,87,1
25676,504,0
752,281,1
1455,306,1
1464,237,1
1063,776,1
1517,1315,1
41760,742,0
4463,205,1
17727,621,0
49203,394,0
85603,543,0
1334,431,1
76,859,1
13491,546,0
3005,431,1
86,0,1
1615,100,1
175,18,1
7181,207,0
500,892,1
6200,9,1
1151,171,1
28734,109,0
4188,37,0
10290,587,0
2303,171,1
1647,64,1
66448,281,0
95494,304,0
96469,429,0
67,458,1
2458,270,1
2820,1194,1
2627,431,1
1233,4,1
1760,13,1
77326,569,0
87539,1074,0
3400,37,1
84425,189,0
2476,431,1
1618,503,1
1505,776,1
1391,109,1
71744,288,0
3109,1075,1
4101,878,1
9829,40,0
97725,19,0
708,109,1
35700,1356,0
48865,35,0
75,253,1
190,621,1
3707,129,1
1696,24,1
32661,551,0
4986,1196,1
1746,1197,1
557,36,1
52797,15,0
105813,352,0
68935,36,0
106343,1198,0
2538,256,1
2126,1245,1
1524,29,1
103274,283,0
54522,284,0
1850,217,1
285,634,1
64839,404,0
4292,776,1
3167,1124,1
3699,21,1
34748,950,0
1323,281,1
1014,394,0
98533,12,0
104372,1200,0
5495,21,0
1328,776,0
13267,45,0
66315,193,0
35021,621,0
15146,949,0
54688,458,0
13004,704,0
11129,323,0
1463,124,1
1690,98,1
4278,21,1
84798,21,0
1040,58,1
30211,1481,0
300,408,1
48066,39,0
27644,38,0
3563,948,1
27179,114,0
5220,1396,1
1678,791,1
1632,252,1
67940,1197,0
98772,1210,0
31110,78,0
78456,639,0
2189,72,1
48069,33,0
69020,207,0
14549,431,0
13254,621,0
1509,9,1
127,74,1
52333,1083,0
84056,1,0
1648,6,1
578,124,1
1664,114,1
1693,431,1
8378,179,0
2956,924,1
1000,1207,1
1544,45,1
987,1258,1
1366,36,1
140,21,1
2804,36,1
73467,114,0
2908,33,1
2677,1073,1
862,6,0
1268,9,1
76,205,1
2428,533,1
64589,44,0
3572,196,0
100619,45,0
69267,35,0
79006,364,0
65645,878,0
21,17,1
3838,21,1
41453,15,0
644,431,1
87208,1396,0
84543,82,0
66461,177,0
58928,24,0
58071,184,0
23162,157,0
3840,989,1
1279,344,1
19974,109,0
618,411,1
47619,145,0
2483,24,0
76389,21,0
32966,1193,0
1714,1197,1
1245,217,0
140,193,1
954,304,1
59602,0,0
128,154,1
1899,455,1
4438,4,1
5073,620,1
74473,0,0
2740,1073,1
38317,621,0
77146,946,0
82362,6,0
68820,501,0
57172,189,0
3480,68,1
261,157,1
11747,818,0
518,9,1
987,1012,1
20020,71,0
39888,40,0
11987,461,0
84238,252,0
1225,18,1
96946,1198,0
95136,6,0
2476,543,1
82999,1396,0
3543,207,1
44867,738,0
1693,64,1
6116,1,1
423,1203,1
85,885,1
75570,130,0
1159,24,1
12965,73,0
4547,1124,0
1359,394,1
23582,98,0
1505,78,1
84243,39,0
56725,149,0
87823,209,0
19804,394,0
4560,41,1
1664,1199,1
1530,58,1
1171,784,1
84955,248,0
1070,179,1
157,155,1
2435,376,1
1981,177,1
74533,6,0
101019,391,0
2785,791,1
16953,40,0
19318,41,0
415,39,1
5758,729,1
24363,1199,0
47555,155,0
383,109,1
46943,467,0
58799,41,0
300,1194,1
53573,364,0
104,78,1
87601,141,0
61131,217,0
60999,72,0
374,141,1
63079,883,0
79520,40,0
1325,21,0
5005,61,0
39502,331,0
101772,180,0
44389,21,0
41594,431,0
3632,434,1
51516,53,0
1618,592,1
984,281,0
92,956,1
69916,884,0
10241,150,0
627,232,1
336,24,1
3143,220,1
45496,66,0
1442,179,1
1366,9,1
818,44,1
346,21,1
945,175,1
1017,694,1
38801,1210,0
61664,886,0
43053,47,0
1367,41,1
100189,253,0
102481,791,0
104962,45,0
80509,237,0
2892,177,1
46008,229,0
63638,4,0
83817,0,0
15355,196,0
944,39,1
61,40,1
5978,38,1
3480,74,1
1139,776,1
4312,9,0
81948,283,0
497,950,1
954,244,0
66695,1207,0
154,68,1
2516,87,1
52907,189,0
26507,1315,0
91374,323,0
13138,220,0
2554,1252,1
4114,21,1
1739,17,1
35822,137,0
1124,394,1
1033,431,1
8817,36,0
36587,194,0
103612,795,0
4279,364,1
8687,91,0
5364,73,1
3870,1296,1
995,1207,1
302,12,1
2175,1124,1
124,114,1
549,21,1
1136,823,1
523,305,1
49305,460,0
1464,621,1
3548,252,1
91037,82,0
3605,1379,1
7066,621,0
55933,1394,0
3173,39,1
437,510,1
187,80,1
64124,442,0
80666,68,0
2440,501,1
45493,76,0
87432,288,0
317,1074,1
39980,27,0
28350,510,0
3680,233,1
39236,97,0
97645,878,0
233,0,1
66310,13,0
1025,58,1
81355,58,0
3311,177,0
31522,501,0
327,67,1
2618,53,1
104657,1197,0
1914,389,1
236,40,1
93895,56,0
105767,41,0
35190,203,0
48400,969,0
1455,36,1
2485,1063,1
66980,9,0
125,39,1
2374,458,1
226,843,1
83481,976,0
28658,138,0
76,0,1
13483,305,0
13667,693,0
3188,4,1
104625,13,0
78303,1199,0
3664,36,1
2448,17,1
70914,170,0
43424,37,0
3846,1396,1
3061,24,1
3043,44,1
2605,768,1
68791,217,0
3741,89,0
64403,274,0
78706,78,0
90650,339,0
820,561,1
66098,214,0
20141,71,0
55614,78,0
14889,949,0
1364,456,1
98724,109,0
4378,1162,1
1572,424,1
569,192,1
331,302,1
25623,693,0
22270,12,0
86122,220,0
27190,150,0
98653,768,0
40028,114,0
68289,441,0
2439,468,1
12286,253,0
615,1197,1
21624,4,0
2160,47,1
439,58,1
31,12,1
80419,17,0
49490,882,0
43303,205,0
292,65,1
39858,72,0
58911,24,0
61019,30,0
28131,447,0
36213,1197,0
2667,886,0
51374,1200,0
136,1194,1
75379,21,0
1398,941,1
365,283,1
90238,961,0
3245,92,1
564,40,1
784,153,1
51065,47,0
83217,31,0
6468,1222,0
2558,431,1
227,1249,1
12069,258,0
46378,434,0
2749,220,0
65335,98,0
3141,109,1
1086,58,0
4294,41,1
378,9,1
383,78,1
14434,214,0
3884,8,1
83246,58,0
3133,33,1
5171,997,1
84683,464,0
1247,615,0
63731,394,0
3070,28,1
3480,621,1
5222,40,0
53706,122,0
378,21,1
19860,114,0
5512,39,1
1163,1094,1
844,394,0
78023,47,0
103653,783,0
748,998,1
42605,206,0
93081,548,0
3091,869,1
40412,24,0
64711,776,0
30263,68,0
37900,189,0
24135,1437,0
1508,878,1
2060,546,0
966,206,1
2129,73,1
51782,160,0
10386,71,0
2412,252,1
422,220,1
5720,205,1
18226,246,0
93468,174,0
4003,878,1
2083,1210,1
902,264,1
4389,394,1
1520,58,0
35,206,1
63365,233,0
5358,253,0
51836,171,0
4342,1377,1
25491,580,0
910,501,1
2446,253,1
58004,4,0
62561,33,0
29578,344,0
5631,139,1
222,65,1
153,283,1
2481,109,1
26928,5,0
1701,259,1
256,323,0
29252,481,0
317,58,1
100174,89,0
1501,501,1
3353,33,1
9603,100,0
28847,1,0
684,423,1
16957,21,0
888,662,1
53156,1197,0
284,859,1
1288,607,1
94423,171,0
46412,247,0
4693,180,1
6055,40,1
73711,220,0
105121,9,0
32669,71,0
302,189,1
4875,1198,1
25076,124,0
53293,1138,0
9767,109,0
3988,232,1
83994,53,0
73306,297,0
33294,175,0
88766,118,0
86924,21,0
105600,1197,0
2216,306,1
4056,431,1
4296,233,1
3100,1197,1
36305,481,0
562,91,1
55506,661,0
63,21,1
1150,233,1
59769,455,0
50145,12,0
69166,114,0
31589,12,0
5071,1224,1
503,501,1
2428,36,1
262,189,1
2469,1061,1
4368,1396,1
21058,205,0
55334,4,0
103624,456,0
85912,29,0
139,192,1
8469,269,0
1785,58,0
66774,344,0
1975,24,1
3644,39,1
196,9,1
1789,36,1
26,150,1
3585,177,1
82179,8,0
50147,621,0
1671,248,1
85857,376,0
51130,403,0
2645,119,1
27772,114,0
98748,114,0
39500,17,0
5312,1393,1
114,0,1
1420,305,1
542,24,1
1161,776,1
5759,270,0
489,391,1
103,31,1
5755,105,0
62908,468,0
81225,5,0
839,109,1
3126,114,1
109,1200,1
51222,36,0
32969,429,0
549,65,1
4906,1196,1
10238,150,0
70982,878,0
63,362,1
72760,9,0
3535,1197,1
72234,207,0
34301,994,0
36450,282,0
270,18,1
25,114,1
1632,97,1
11439,125,0
64338,424,0
83543,263,0
237,445,1
4501,40,1
103953,80,0
103284,13,0
22397,13,0
233,13,1
59586,171,0
71643,40,0
47,179,1
285,175,1
3099,9,1
7646,6,0
2459,47,1
557,48,1
44406,1200,0
33125,602,0
118,0,1
38947,621,0
71300,759,0
39043,41,0
336,824,1
3703,192,1
3089,39,1
746,9,1
108,682,1
39964,80,0
3173,41,1
1039,590,1
23183,150,0
209,344,1
101,114,1
29048,160,0
29295,151,0
88206,151,0
1136,948,1
591,186,1
41350,431,0
87678,177,0
682,501,1
1401,592,1
614,111,1
40461,784,0
691,285,1
884,173,1
87881,1394,0
2820,1257,1
104576,40,0
61807,0,0
103549,878,0
42457,35,0
313,1258,1
557,1012,1
124,946,1
1550,105,1
23245,137,0
2908,35,1
1403,44,1
239,1207,1
76196,429,0
1671,45,1
56078,882,0
5978,1200,1
31620,269,0
3962,114,0
12469,643,0
1435,488,1
37565,1249,0
81029,67,0
16544,202,0
1546,784,0
85,245,1
41846,79,0
1501,151,1
2476,344,1
22700,1122,0
253,76,1
548,0,1
1536,57,1
2817,40,1
6187,776,1
10665,114,0
3457,47,1
81,112,1
128,468,1
1368,39,1
91330,182,0
45142,793,0
894,9,1
115,180,1
33883,1207,0
19705,776,0
1491,41,1
6271,0,0
1364,531,1
59121,897,0
16065,64,0
53392,1227,0
101121,220,0
496,41,1
52320,911,0
82642,281,0
1224,1207,1
2772,12,1
1354,170,1
18076,1030,0
2647,189,1
1690,282,1
557,76,1
346,247,1
4212,171,1
1148,255,1
4514,13,1
57068,264,0
61110,253,0
48535,434,0
36008,1199,0
73613,246,0
2698,504,1
93,458,1
2148,209,1
3128,24,1
43061,5,0
73860,76,0
7429,700,0
3173,67,1
5763,344,1
2806,41,0
4404,1499,1
34860,247,0
3284,44,1
3034,801,1
86227,45,0
20875,303,0
58681,89,0
1354,231,1
2594,53,1
59549,462,0
5265,621,1
3151,9,1
81,78,1
4690,379,1
1333,114,1
49072,252,0
466,363,1
26130,109,0
1212,323,1
10630,141,0
8387,205,0
2044,107,1
65133,220,0
879,80,1
28116,1198,0
4079,363,0
424,809,0
34507,1200,0
98544,995,0
2360,24,1
72176,449,0
985,47,1
2045,76,1
320,394,1
34704,503,0
94124,3,0
75075,150,0
78302,738,0
557,196,1
5145,1198,1
2431,177,1
97503,253,0
5772,352,1
40723,227,0
4086,877,1
100140,179,0
71,35,1
496,39,1
84564,13,0
6162,263,0
35858,58,0
1330,458,1
23614,1,0
58539,124,0
29,47,1
912,217,1
167,114,1
134,282,1
3807,248,0
54,17,1
549,29,1
4411,700,1
104847,548,0
5273,809,1
452,109,1
4485,177,1
72073,194,0
2045,44,1
59360,109,0
1934,1392,0
1572,215,1
376,900,1
1491,153,1
1249,282,1
39712,48,0
47756,142,0
3366,45,1
14004,1197,0
9017,36,0
46133,352,0
86070,776,0
5978,98,1
26861,1198,0
437,337,1
1792,431,1
1038,78,1
249,739,1
99453,431,0
587,82,1
2549,124,1
313,125,1
2616,318,1
2210,331,1
76499,138,0
77776,501,0
54031,1299,0
6177,3,1
77603,961,0
33037,16,0
32976,953,0
43363,109,0
29857,1394,0
3539,269,1
29459,89,0
36408,53,0
1263,1131,1
703,144,1
4587,175,1
24108,217,0
66333,45,0
31297,247,0
53884,170,0
23560,1200,0
67410,949,0
2373,297,1
200,811,1
590,154,1
4578,953,1
2945,45,0
31968,21,0
1204,13,1
26006,154,0
2524,1296,1
78793,139,0
6036,141,1
23,138,1
923,39,1
21446,41,0
682,72,1
22862,344,0
43395,39,0
16732,39,0
1188,776,1
378,69,1
54,4,1
6443,1207,0
34430,502,0
50077,76,0
924,44,1
88087,1198,0
1773,58,1
1296,4,1
35268,3,0
1910,246,1
73116,61,0
2126,39,1
24103,150,0
74923,71,0
207,56,1
2485,220,1
5301,21,1
14766,1124,0
15178,45,0
950,15,1
98114,9,0
6297,76,0
2827,39,1
211,17,1
4365,1207,1
56346,456,0
93482,994,0
66383,191,0
84544,9,0
586,175,1
80838,45,0
253,1197,1
57751,491,0
103811,1244,0
222,258,1
19426,21,0
1244,57,1
543,847,1
2059,462,1
44118,945,0
153,926,1
23897,217,0
3603,170,1
1445,247,1
73,248,1
87667,283,0
57162,36,0
59551,68,0
983,3,1
638,364,1
256,39,1
3765,308,1
29020,1200,0
18985,16,0
7771,460,0
818,1394,1
4055,877,1
78559,21,0
1455,1394,1
92243,114,0
95831,1223,0
256,37,1
10,91,1
557,234,1
317,57,1
2814,4,1
2817,246,1
15631,84,0
88392,130,0
75489,1207,0
124,955,1
71665,58,0
3162,12,1
100606,91,0
456,98,1
80054,323,0
1075,242,1
44236,28,0
154,45,1
1000,258,1
38445,205,0
44890,1197,0
27422,8,0
1971,1126,1
58049,68,0
58452,91,0
100811,109,0
1377,344,1
3640,3,1
100376,582,0
557,1074,1
2521,145,1
262,91,1
59612,12,0
47044,6,0
5432,231,0
33794,1227,0
1331,844,0
68404,97,0
1334,0,1
17665,456,0
3097,1227,1
35865,58,0
5642,1429,1
97789,1229,0
39140,364,0
256,859,1
49237,670,0
533,17,0
42223,114,0
1620,808,1
634,194,1
10715,364,0
1084,306,1
124,19,1
102204,105,0
64672,242,0
44754,431,0
167,18,1
88196,206,0
4903,1198,1
233,623,1
1615,1194,1
115,776,1
67390,170,0
1398,207,1
98234,253,0
585,347,1
637,79,1
76,431,1
8963,6,0
497,948,1
102309,264,0
5321,233,1
1371,256,1
88157,4,0
207,36,1
1035,124,1
5978,791,1
4303,229,1
4718,4,1
233,36,1
7072,1124,0
557,189,1
21113,263,0
1491,68,1
63920,1075,0
652,152,1
1584,145,1
691,927,1
588,822,1
883,41,1
982,203,1
475,239,1
724,76,1
575,956,1
85565,61,0
1631,1098,1
98882,786,0
1644,205,1
233,129,1
2908,231,1
93497,65,0
7419,13,0
35236,942,0
65987,4,0
2535,18,1
4389,1207,1
100085,429,0
125,114,1
1618,620,1
44140,129,0
52301,78,0
783,58,1
5924,109,1
910,607,1
52443,41,0
48588,153,0
783,114,1
69,29,1
2029,9,1
5998,1290,1
357,1,1
219,431,1
26609,867,0
207,54,1
92171,24,0
31,114,1
950,431,1
2419,12,1
2789,207,1
240,305,1
103743,68,0
39786,955,0
91573,886,0
930,12,1
1943,823,0
2451,270,1
3604,12,1
51,66,1
60001,283,0
5287,39,1
2206,878,1
5921,693,1
98787,229,0
67669,40,0
5644,47,0
2852,1468,1
73,13,1
1688,5,1
2311,58,1
37334,130,0
80510,1396,0
2089,174,1
2440,172,1
2307,177,1
46808,21,0
3876,543,1
43477,353,0
1401,177,1
11759,12,0
70082,24,0
921,114,1
59912,98,0
1768,150,1
76336,905,0
57784,621,0
679,882,1
565,40,1
5269,9,1
1367,177,1
1944,40,1
2766,45,1
3983,5,0
61478,919,0
23,1227,1
362,270,1
1008,74,1
59780,1124,0
1367,206,1
3333,950,1
70710,220,0
69456,71,0
43103,520,0
20114,124,0
7913,48,0
95020,58,0
88697,434,0
5998,180,0
61381,1200,0
14488,174,0
266,78,1
65992,207,0
19083,13,0
44752,139,0
88793,64,0
902,789,1
497,799,1
157,215,1
90677,141,0
3329,21,1
52293,362,0
5190,169,1
2434,248,1
5145,1197,1
61787,124,0
81270,1197,0
52,40,1
1831,0,1
73058,880,0
34215,1200,0
456,24,1
8979,836,0
3333,98,1
67249,394,0
105269,21,0
2439,38,1
173,78,1
7936,472,0
105419,281,0
64235,805,0
1660,233,1
3536,41,1
13037,13,0
1450,247,1
3627,39,1
3344,177,1
1500,40,1
100341,76,0
92798,37,0
52513,403,0
74570,220,0
512,194,1
829,141,1
4229,1224,1
78552,61,0
86497,169,0
81853,189,0
35438,39,0
24656,41,0
80416,92,0
1000,138,1
72206,877,0
2384,145,1
582,128,1
2457,1196,1
65103,263,0
270,408,1
18965,256,0
66839,961,0
516,380,1
92015,367,0
11607,581,0
77692,21,0
10346,1207,0
1491,600,1
51314,859,0
44233,109,0
1465,12,1
3940,1207,1
71580,1196,0
2997,1,1
81025,177,0
1615,82,1
25931,438,0
19538,1197,0
5366,5,1
83,885,1
89682,184,0
1278,17,1
59831,394,0
237,203,1
1780,9,1
267,66,1
2459,744,1
1026,351,1
1789,150,1
20350,1217,0
227,36,1
49819,8,0
105474,233,0
3230,152,0
49936,37,0
127,45,1
76,97,1
437,981,1
1114,419,1
16732,1196,0
77595,464,0
105197,44,0
2893,217,0
10062,859,0
6085,21,1
49160,69,0
3159,109,1
3320,21,1
70,88,1
1372,27,1
73342,97,0
86788,456,0
262,202,1
944,776,1
4544,4,1
75,173,1
1521,181,1
200,965,1
987,91,1
924,89,1
88610,177,0
140,1197,1
966,58,1
65486,125,0
35717,333,0
16963,693,0
2303,177,1
547,40,1
225,24,1
4290,965,1
85114,776,0
56,78,1
45111,903,0
2594,270,1
253,206,1
33788,177,0
365,150,1
784,40,1
5978,582,1
1163,89,1
157,669,1
5952,41,0
1644,1252,1
60568,269,0
44276,40,0
261,45,1
75,910,1
61942,2,0
68067,141,0
1032,837,1
46300,1411,0
21378,155,0
38188,109,0
99170,97,0
9893,41,0
91008,58,0
1197,67,1
67232,488,0
51037,282,0
312,0,1
31410,474,0
76547,255,0
83417,486,0
5016,431,1
27341,65,0
64348,394,0
1403,264,1
1009,61,1
69841,130,0
3624,58,1
73480,21,0
70010,125,0
87190,431,0
157,401,1
89862,262,0
3772,363,1
2535,362,1
31844,64,0
40810,593,0
2466,263,0
92026,33,0
4497,114,1
3923,1396,1
47792,203,0
19535,394,0
54938,1124,0
1135,84,1
87211,593,0
41125,205,0
2044,1207,1
6055,39,1
46832,150,0
1615,33,1
616,141,1
2118,39,1
42263,35,0
100,621,1
127,9,1
261,156,1
2049,431,1
56651,38,0
37959,1198,0
4085,430,1
20450,195,0
93151,255,0
5647,729,1
1333,5,1
104756,673,0
4503,433,1
1035,776,1
233,71,1
1401,76,1
5933,394,1
23955,225,0
86848,74,0
245,1124,1
365,172,1
65063,705,0
85,403,1
54317,1495,0
53,859,1
11935,58,0
40078,961,0
48228,281,0
2771,41,1
1615,78,1
8179,157,0
85,47,1
67442,248,0
70456,206,0
691,800,1
500,583,1
5926,394,1
42781,109,0
2228,806,1
67117,13,0
3075,21,1
27547,282,0
79745,264,0
42060,13,0
3536,40,1
3163,1210,0
56099,179,0
29187,256,0
87359,17,0
4080,878,1
1844,118,1
87195,150,0
7976,1481,0
38345,21,0
1969,91,1
12081,92,0
83586,13,0
64498,621,0
2820,125,1
82924,194,0
2716,217,1
9760,47,0
2292,477,1
50,175,1
1239,229,1
34775,430,0
1370,97,1
54255,447,0
16445,53,0
236,12,1
95873,40,0
22024,1043,0
710,213,1
85564,24,0
924,464,1
909,138,1
1224,79,1
1521,945,1
6200,65,0
4187,0,1
23081,149,0
2144,783,0
1689,205,1
125,45,1
29586,246,0
19012,194,0
47062,1309,0
92,253,1
97429,486,0
17136,109,0
575,37,1
3304,269,1
67354,765,0
256,35,1
81,1210,1
765,795,1
1902,458,1
93022,788,0
30932,64,0
64619,39,0
2471,253,1
106146,128,0
2384,213,1
351,460,1
56327,68,0
88601,44,0
104565,40,0
55533,35,0
784,13,1
2594,458,0
39615,1012,0
1537,258,1
154,503,1
14408,13,0
77566,844,0
42441,67,0
10484,169,0
2711,58,1
7,15,1
1114,420,1
99318,12,0
4418,906,1
1464,9,1
1632,424,1
1618,105,1
306,486,1
889,76,1
1168,546,1
105039,305,0
3648,437,1
2475,242,1
679,158,1
44107,37,0
157,434,1
2908,105,1
11934,1197,0
1766,39,1
127,207,1
922,776,1
152,431,1
14480,282,0
435,109,1
888,1197,1
4382,394,1
60,48,1
557,114,1
13184,718,0
1459,1193,1
1914,244,1
54,40,1
591,155,1
4881,129,0
87228,109,0
525,305,1
88275,340,0
22915,205,0
82604,728,0
686,118,1
1205,41,1
87591,76,0
397,171,1
127,72,1
1136,445,1
2275,1198,1
24187,1198,0
68921,4,0
4506,897,1
1348,40,1
1308,361,1
64548,1396,0
12091,789,0
83444,308,0
332,231,1
77156,4,0
47144,44,0
43566,16,0
115,24,1
5389,362,1
2033,35,1
724,252,1
3578,264,1
73,491,1
21590,177,0
2206,175,1
922,151,1
68163,158,0
2129,71,1
9067,130,0
3968,8,1
92194,39,0
64471,152,0
1739,145,1
149,440,1
1618,97,1
36993,40,0
1292,41,1
1907,307,0
1365,160,1
91888,1334,0
950,253,1
365,45,1
1336,8,1
42515,179,0
99832,40,0
138,36,1
3793,375,1
13619,37,0
5796,186,1
81,87,1
85560,41,0
253,45,1
5491,1424,1
48185,47,0
581,1207,1
98193,109,0
39001,1236,0
94534,97,0
82475,13,0
1613,340,0
21977,300,0
25681,248,0
251,327,1
46280,783,0
84074,1075,0
18832,1197,0
222,15,1
2240,97,1
61342,30,0
105535,431,0
427,431,1
546,65,1
5057,173,1
1033,1198,1
3,114,1
87734,1194,0
17200,109,0
1616,252,1
57631,186,0
69745,791,0
4307,6,1
2621,877,1
48525,1198,0
54918,429,0
48347,401,0
1618,72,1
37180,340,0
145,16,1
26607,109,0
50475,741,0
61304,1210,0
3480,172,1
1362,58,1
1372,856,1
1027,24,1
4347,9,1
15187,39,0
65938,41,0
54885,1200,0
46283,44,0
1807,114,1
1259,319,1
6083,230,1
95452,128,0
102548,481,0
92900,1444,0
16859,12,0
705,37,0
71,44,1
101443,270,0
3876,15,1
5978,160,1
4471,541,1
1603,40,1
2227,394,1
42179,255,0
3604,186,1
2956,1044,1
1255,480,1
2672,252,1
59025,246,0
34305,9,0
105113,381,0
89,150,1
85798,47,0
104472,1447,0
108,587,1
66951,21,0
2930,455,1
73442,776,0
42460,66,0
1606,318,1
3277,673,1
82157,65,0
5864,859,1
190,1249,1
34916,19,0
16253,124,0
3090,941,0
2517,109,1
97126,221,0
1562,177,1
2446,1244,1
5554,41,0
29909,13,0
644,557,1
21377,24,0
2822,114,1
82052,12,0
1618,877,1
1637,67,1
55707,173,0
64402,1197,0
72319,175,0
2974,460,1
182,170,1
2224,700,1
1791,1075,1
15443,182,0
17076,201,0
83563,179,0
1615,3,1
98908,265,0
32026,621,0
81784,909,0
60033,153,0
67488,175,0
26186,33,0
70132,1193,0
1865,37,1
5267,1207,1
127,582,1
79827,445,0
34851,37,0
437,501,1
374,632,1
42566,87,0
54960,1196,0
46715,13,0
44689,9,0
85746,36,0
60980,24,0
36206,3,0
2175,184,1
24653,47,0
100672,153,0
68772,8,0
29144,1,0
87043,173,0
188,160,1
36261,880,0
20607,270,0
18485,468,0
46501,258,0
2639,438,1
177,484,1
912,45,1
85502,124,0
92883,150,0
724,548,1
35554,79,0
31369,24,0
346,429,1
1421,1200,0
1205,40,1
28400,331,0
43563,17,0
1061,12,1
256,506,1
3097,621,0
8104,5,0
365,91,1
5920,235,0
209,1207,1
96901,12,0
38654,877,0
11039,71,0
7699,248,0
106242,502,0
1788,89,1
2083,800,1
588,1343,1
80944,35,0
4088,878,1
57690,112,0
43638,394,0
1122,1208,1
50981,118,0
1259,776,0
1366,217,1
2428,927,1
78737,38,0
19822,599,0
2175,47,1
423,192,1
78652,822,0
18715,74,0
90856,13,0
76567,1133,0
76261,21,0
42858,40,0
31813,38,0
2647,429,1
87083,233,0
5461,209,1
59828,284,0
61030,776,0
314,1197,1
38098,321,0
21440,1124,0
917,247,1
16669,1124,0
53908,330,0
37889,458,0
917,253,1
81462,431,0
44268,207,0
206,33,0
60888,172,0
987,21,1
72089,256,0
102259,177,0
38295,69,0
1648,31,1
38573,138,0
503,233,1
912,551,1
388,255,1
1524,305,1
2789,252,1
1350,114,1
26532,71,0
262,352,1
3587,41,1
4804,1194,1
1456,1197,1
35340,859,0
21022,158,0
45035,632,0
63,344,1
125,352,1
44415,255,0
1658,488,1
5537,362,1
368,1194,1
312,21,1
58278,525,0
17247,151,0
59053,229,0
43991,15,0
3519,92,0
4979,1197,1
105670,342,0
70152,58,0
1349,160,1
6734,45,0
1698,189,1
87493,175,0
44766,878,0
4396,1207,1
416,17,1
27146,9,0
71199,877,0
2140,79,1
13662,184,0
346,0,1
53397,270,0
3398,5,1
92919,351,0
34485,150,0
18673,352,0
22153,424,0
383,65,1
437,263,1
374,170,1
1251,285,1
1078,344,1
5962,58,1
7724,282,0
43558,921,0
69876,5,0
28854,252,0
2300,37,1
75170,105,0
28726,40,0
974,82,1
406,40,0
62353,252,0
2435,109,1
1107,78,1
1696,39,1
25343,858,0
29675,352,0
12644,269,0
22198,433,0
101901,527,0
2240,0,1
26553,673,0
749,256,1
4725,78,1
25253,455,0
3596,776,1
624,415,1
17861,546,0
18039,292,0
2119,1164,1
1401,21,1
37049,129,0
225,67,1
2672,304,1
156,313,1
1425,220,1
1099,78,1
97751,9,0
902,177,1
6210,4,1
2043,438,1
1606,141,1
2737,248,1
618,398,1
762,80,1
207,45,1
71431,5,0
461,109,1
93995,114,0
11542,61,0
90215,410,0
4241,429,1
59885,1197,0
36993,3,0
85,237,1
7909,150,0
477,479,1
1000,18,1
59651,145,0
35433,525,0
1450,24,1
901,33,1
69814,39,0
5012,21,1
56602,175,0
93490,153,0
97647,61,0
3523,1394,0
14268,41,0
270,84,1
68768,191,0
4428,394,1
19636,270,0
629,328,1
103824,89,0
1302,29,1
27066,138,0
220,186,1
1491,501,1
100747,518,0
53530,364,0
1618,44,1
715,65,1
5743,431,1
82575,984,0
182,626,1
1586,1196,1
2050,617,1
922,882,1
13112,270,0
1205,283,1
88256,78,0
92607,114,0
65216,78,0
673,109,1
12750,431,0
73,19,1
86366,111,0
785,256,1
51887,256,0
549,220,1
93693,694,0
31,246,1
225,114,1
95557,21,0
890,172,1
4163,1147,0
2247,138,1
56491,18,0
437,253,1
55282,58,0
911,173,1
6588,1076,0
5478,1124,1
62400,150,0
747,217,1
75400,89,0
2310,171,1
1731,6,1
41048,21,0
3013,149,1
987,1284,1
474,80,1
559,202,1
2605,1197,1
40683,217,0
85,98,1
32275,58,0
69793,546,0
17886,1198,0
4260,82,1
177,112,1
3809,138,0
75084,961,0
415,233,1
63621,520,0
71127,82,0
1365,859,1
3615,114,1
358,704,1
39916,859,0
1372,1105,1
65247,1207,0
71625,1207,0
1615,24,1
3697,177,1
21787,433,0
331,1396,1
11587,1027,0
5229,1200,1
1618,177,1
2959,361,1
966,252,1
25,12,1
2423,251,1
681,158,1
435,288,0
62262,1197,0
5422,693,1
5912,394,1
106249,97,0
1122,1200,1
47702,1207,0
66852,9,0
11885,44,0
302,92,1
46681,1447,0
2389,784,1
90328,478,0
1357,109,1
624,1045,1
105980,76,0
1033,1394,1
101357,1,0
3057,24,1
386,177,1
1226,73,1
1659,149,1
45218,171,0
3010,118,1
51862,263,0
3615,44,1
190,206,1
1336,109,1
61829,776,0
256,503,1
285,551,1
101,38,1
23522,114,0
1400,57,1
50786,447,0
884,21,1
28590,139,0
2810,1200,1
187,138,1
19536,61,0
22355,80,0
2022,74,1
4979,394,1
2659,61,1
897,40,1
1148,13,1
71310,116,0
10120,194,0
70552,258,0
102,283,1
3342,581,1
78889,1207,0
21253,2,0
2636,877,1
63490,456,0
49869,58,0
2453,859,1
1644,58,1
46391,195,0
188,114,1
256,253,1
100911,394,0
27419,21,0
4349,97,1
69869,69,0
61,2,1
995,138,1
2517,76,1
1448,12,1
2690,177,1
85334,180,0
6121,256,1
45095,21,0
1366,252,1
302,253,1
27341,776,0
142,485,0
928,282,1
200,460,1
52886,45,0
44069,175,0
1463,1394,1
127,1247,1
26893,21,0
89301,28,0
26444,13,0
20063,1,0
4753,304,1
561,64,1
43743,435,0
1517,269,1
480,53,1
100042,621,0
1415,281,1
990,283,0
3816,877,1
423,949,1
70846,58,0
5057,13,1
245,214,1
65747,363,0
467,646,1
69389,886,0
2632,114,1
44422,38,0
2724,109,1
90366,431,0
4968,1196,1
80552,21,0
3240,202,1
346,248,1
70727,256,0
104300,109,0
1026,12,0
90448,245,0
228,122,1
575,955,1
26,0,1
60719,40,0
2005,263,1
1491,9,1
64828,41,0
108,351,1
96046,1433,0
101469,249,0
17957,171,0
3051,45,1
4165,877,1
561,1198,1
103198,283,0
2412,391,1
88390,15,0
9940,109,0
29049,140,0
207,172,1
96447,510,0
14,1,1
52996,17,0
3428,39,1
1399,41,1
1372,405,1
3507,37,1
1481,776,0
2671,58,1
2049,836,1
95132,19,0
3277,24,1
32598,249,0
37691,37,0
28076,480,0
784,39,1
71826,231,0
207,114,1
103085,791,0
38457,114,0
104374,1073,0
26722,47,0
97486,173,0
29025,433,0
2793,78,1
315,456,1
85307,68,0
2065,333,1
37,1,1
187,1400,1
30448,248,0
53623,783,0
75156,103,0
77929,247,0
1546,98,1
77271,122,0
2822,173,1
64128,186,0
2,1446,1
1932,1202,1
48316,181,0
55307,47,0
106121,844,0
306,64,1
183,53,1
43103,1197,0
24213,783,0
73244,1400,0
12787,878,0
3646,3,1
30497,247,0
5180,1198,1
104919,1124,0
1501,73,1
1621,109,1
83,18,0
553,324,1
2923,78,1
101,91,1
78358,233,0
24031,776,0
72047,248,0
53,155,1
71957,292,0
3841,394,1
3593,821,1
27154,45,0
103823,783,0
50130,388,0
78584,6,0
849,40,1
82849,270,0
31051,177,0
97172,424,0
2820,424,1
433,783,1
41524,1207,0
4037,37,0
590,12,1
36376,38,0
1526,431,1
59,80,1
77796,177,0
1212,913,1
34953,401,0
105957,40,0
57754,502,0
2422,783,1
3294,288,1
8730,953,0
1894,24,0
47008,503,0
115,202,1
1914,431,1
5945,41,1
93350,1200,0
4196,109,1
1350,76,1
56858,394,0
75030,171,0
1243,994,1
68,836,0
57730,744,0
557,750,1
33913,53,0
60700,39,0
2026,54,1
12889,114,0
755,118,1
33241,47,0
101,217,1
285,557,1
644,442,1
61638,391,0
1614,119,1
507,438,1
101149,9,0
351,616,1
30960,351,0
54974,21,0
635,643,1
60696,877,0
47435,616,0
2629,137,1
89760,38,0
26058,1198,0
37459,4,0
1503,776,1
42839,472,0
519,203,1
2498,41,0
53826,502,0
77105,76,0
98583,183,0
65485,1196,0
266,150,1
1095,456,1
51534,21,0
3624,41,1
3080,41,1
37671,4,0
2993,5,1
83490,40,0
3710,1366,1
1216,38,0
59952,621,0
4305,1,1
2433,546,1
5969,21,1
14012,1200,0
883,233,1
1045,582,1
100951,584,0
48428,1027,0
1610,994,1
225,44,1
16699,105,0
902,464,1
365,501,1
2409,456,0
297,1194,1
2908,170,1
75536,194,0
1631,24,1
4699,253,0
99767,189,0
384,1227,1
3162,36,1
5858,256,1
49,36,1
35014,109,0
144,500,1
68449,253,0
647,269,1
53109,394,0
2362,1,1
82827,438,0
51856,1210,0
2997,1193,1
421,648,1
3867,394,1
2384,109,1
94320,852,0
51506,1207,0
70920,53,0
2549,72,1
502,1,1
232,776,1
909,646,1
36221,28,0
77664,318,0
41941,53,0
77147,504,0
1665,179,0
2507,109,1
48255,623,0
59868,114,0
59628,91,0
55195,0,0
51000,882,0
103208,913,0
3656,24,1
1615,35,1
1701,44,1
97066,76,0
8125,4,0
83,38,1
105467,80,0
15201,233,0
3718,155,0
3080,859,1
3279,233,1
38819,1233,0
55385,1269,0
79895,991,0
41199,78,0
559,1024,1
12640,61,0
902,150,1
987,882,1
58270,37,0
9933,259,0
101793,45,0
56,1176,1
6007,859,0
5544,35,0
38049,18,0
313,40,1
26404,109,0
179,344,1
76703,256,0
39225,283,0
54328,472,0
460,394,1
697,643,1
627,431,1
66690,41,0
38106,1207,0
3428,40,1
2045,992,1
3596,21,1
3814,877,1
59400,431,0
105056,263,0
106,109,1
72951,1122,0
78414,114,0
4457,21,1
7895,770,0
38278,47,0
63514,379,0
1581,447,1
80372,41,0
2559,44,1
92151,364,0
47730,14,0
22968,111,0
1465,9,1
1530,151,1
89975,169,0
3480,73,1
156,464,1
7120,16,0
2448,137,1
2853,5,1
33680,1210,0
24739,114,0
1536,114,1
1041,78,1
4954,1207,1
68866,263,0
27026,12,0
104910,40,0
61537,1,0
69529,269,0
2552,128,1
1288,621,1
284,232,1
2820,89,1
1406,220,1
72713,12,0
55289,170,0
22137,41,0
60787,276,0
47925,97,0
724,502,1
1979,35,1
35409,58,0
93577,205,0
2754,39,1
30007,44,0
9986,5,0
2363,1396,1
101423,776,0
995,1224,1
1789,177,1
125,40,1
8432,456,0
262,776,1
90177,394,0
54285,194,0
18991,3,0
29532,502,0
39699,510,0
51888,14,0
1136,808,1
51255,951,0
82414,503,0
26149,29,0
100527,98,0
98398,264,0
1002,880,1
103665,54,0
11870,175,0
894,67,1
2864,31,1
48268,24,0
497,944,1
41513,1,0
3934,878,1
106329,18,0
115,246,1
8645,788,0
1399,68,1
2106,1163,1
46137,1197,0
228,47,1
25716,1196,0
17515,1216,0
2561,24,1
503,504,1
52849,5,0
1847,89,1
557,582,1
15645,21,0
1367,37,1
2444,248,1
78727,9,0
25790,39,0
1904,1243,1
383,9,1
2544,270,1
676,139,1
4578,945,1
105331,35,0
79659,38,0
77177,91,0
67406,1194,0
33537,1207,0
253,40,1
29340,253,0
96687,76,0
2538,281,1
1616,791,1
1865,58,1
226,225,1
752,13,1
1736,9,1
47932,247,0
1648,29,1
3455,13,1
1075,9,1
2485,114,1
2673,1485,1
578,217,1
36558,1,0
358,239,1
2437,149,1
78454,776,0
2885,255,1
6327,3,0
92940,171,0
811,141,1
1618,504,1
966,116,1
233,160,1
944,24,1
313,114,1
106,121,1
63191,58,0
1188,882,1
26761,1090,0
94941,44,0
91276,41,0
679,45,1
40267,246,0
46102,255,0
58011,502,0
90757,76,0
32404,58,0
3747,636,1
503,464,1
94021,478,0
98079,109,0
521,309,1
1061,776,1
659,109,1
81329,41,0
157,231,1
103672,175,0
1273,256,1
837,47,1
102658,80,0
94279,431,0
1614,47,1
557,608,1
2240,21,1
24790,36,0
3603,1200,1
912,24,1
61,58,1
10,351,1
505,9,1
2741,157,1
42722,57,0
313,296,1
471,1326,1
89,33,1
89237,795,0
91559,21,0
1632,882,1
3634,21,1
639,331,1
1338,0,1
100,13,1
10658,3,0
564,39,1
96094,776,0
41198,458,0
964,15,1
2411,18,1
2935,24,1
2171,1315,1
586,39,1
61637,4,0
42823,58,0
19915,13,0
996,227,1
35892,78,0
2820,401,1
3139,39,1
90015,1210,0
313,109,1
2183,452,1
1641,175,1
31342,419,0
2740,57,1
15011,57,0
90323,1207,0
34130,235,0
37745,408,0
923,9,1
32370,246,0
10723,37,0
27922,882,0
74144,386,0
1615,1484,1
559,41,1
29560,859,0
37470,80,0
2673,820,1
30449,37,0
48136,600,0
261,1363,1
98321,1229,0
11317,84,0
1676,21,1
53734,615,0
1979,245,1
76546,305,0
43996,259,0
72288,776,0
82745,930,0
20659,776,0
2698,69,1
101665,480,0
59720,97,0
19653,24,0
51262,82,0
97816,949,0
53987,394,0
156,44,1
137,97,1
4381,431,1
1019,333,1
66451,16,0
362,195,1
910,76,1
26,61,1
38117,40,0
60662,97,0
2578,89,0
300,252,1
15256,80,0
1455,78,1
35600,24,0
456,1244,1
2953,639,1
53322,1226,0
92506,256,0
2213,456,1
90110,431,0
2819,150,1
7530,13,0
8884,172,0
14931,776,0
2213,21,1
24827,1227,0
65690,434,0
55050,203,0
8599,304,0
1343,500,1
11905,529,0
818,45,1
3333,171,1
249,381,1
49300,4,0
60966,80,0
85257,21,0
15098,80,0
2820,582,1
7132,1196,0
6087,41,1
2820,4,1
46397,409,0
69690,58,0
83,264,1
58175,190,0
1793,220,1
13654,715,0
51995,913,0
26474,2,0
104398,114,0
15342,9,0
45173,220,0
306,381,1
368,220,1
5211,1207,1
31145,431,0
54105,21,0
2755,150,1
1674,45,1
3974,9,0
1807,206,1
519,740,1
937,21,1
4514,233,1
76592,24,0
2439,78,1
5052,1198,1
74864,64,0
17784,1149,0
1364,150,1
4346,44,1
101955,130,0
5516,150,1
2443,905,1
4088,41,0
5149,1255,0
1052,776,1
99148,458,0
16838,33,0
2305,13,1
1452,518,0
1695,15,1
197,13,1
2908,114,1
3143,486,1
79269,1210,0
178,255,1
582,175,1
69014,150,0
36730,78,0
128,300,1
50817,1207,0
27068,69,0
42171,193,0
5626,909,1
320,125,1
39976,255,0
2501,109,1
2140,1207,1
1125,79,1
5512,1012,1
1190,431,0
1188,263,1
207,946,1
1674,9,1
3428,24,1
389,806,1
103326,145,0
2373,646,1
57874,61,0
94823,631,0
73027,1400,0
1862,337,0
542,13,1
66235,233,0
467,344,1
24398,21,0
542,455,1
78554,661,0
3476,424,0
28530,0,0
52646,109,0
6032,1198,1
1063,283,1
45483,67,0
43621,5,0
9168,155,0
1364,58,1
177,270,1
94989,177,0
2780,79,1
21162,309,0
52375,9,0
1717,24,1
583,340,1
101477,13,0
39294,776,0
95383,438,0
53,89,1
15583,1197,0
52896,82,0
3971,621,1
5065,1198,1
3273,522,1
1611,78,1
2819,466,1
2126,12,1
5888,394,1
590,177,1
85787,40,0
67882,305,0
50,44,1
3416,207,0
2240,1252,1
922,886,1
1436,80,1
4277,21,1
2432,327,1
1030,481,1
1345,806,1
1631,1244,1
2956,1197,1
14384,478,0
67200,522,0
55430,401,0
3692,394,0
88564,0,0
1033,621,1
53396,17,0
1616,248,1
17709,37,0
66395,233,0
2785,76,1
2126,160,1
2107,13,1
51320,280,0
69913,1187,0
1645,98,1
83627,17,0
1671,78,1
87860,13,0
1290,1221,0
14144,281,0
62355,13,0
27102,21,0
5967,1493,1
471,212,1
82,431,1
351,361,1
576,924,1
20044,431,0
1648,141,1
1502,150,0
261,955,1
3358,190,1
66626,867,0
332,351,1
37456,13,0
1398,39,1
2852,619,1
2435,21,1
3906,463,1
2605,1010,1
2153,13,1
16817,97,0
365,431,1
43309,171,0
78752,21,0
49022,69,0
679,39,1
4875,217,0
3724,109,1
84550,12,0
262,1197,1
92583,434,0
1426,424,1
16873,281,0
42095,47,0
1042,78,1
12491,0,0
346,1258,1
1451,58,1
79858,1198,0
58627,160,0
2907,1124,1
76037,29,0
43198,913,0
9827,163,0
552,4,1
336,89,1
89498,109,0
16932,886,0
2626,38,0
16505,431,0
163,956,1
21643,464,0
26,149,1
2203,433,0
58161,29,0
26910,1124,0
1519,882,1
4190,878,1
26,140,1
5019,1197,1
35799,65,0
3400,33,1
52365,180,0
44224,1207,0
16273,24,0
52081,41,0
960,109,1
6011,1456,1
2971,72,1
2799,1044,1
865,109,1
58546,661,0
1442,21,1
32,778,1
2138,1207,1
2068,0,1
59,45,1
4103,878,1
91387,170,0
3047,318,1
29594,1400,0
101167,1347,0
647,344,1
1717,13,1
35766,2,0
20862,18,0
3160,4,0
97427,137,0
2483,72,0
103829,1394,0
98153,503,0
54163,72,0
901,58,1
67323,201,0
101,24,1
2510,37,0
29220,87,0
2732,533,1
1690,264,1
4048,877,1
76062,44,0
1910,233,1
44416,73,0
49473,381,0
2045,18,1
2194,460,1
53662,718,0
10916,1198,0
225,39,1
11422,245,0
1367,288,1
5478,594,0
327,68,1
57069,12,0
42110,53,0
50659,729,0
456,72,1
11,518,1
49525,154,0
3154,220,1
4273,976,1
313,1263,1
66346,109,0
92893,1124,0
724,156,1
383,1193,1
8826,128,0
100148,38,0
94288,525,0
2577,128,1
910,40,1
13419,263,0
3677,41,1
91246,47,0
40709,503,0
100823,394,0
2885,61,1
98796,150,0
1352,685,1
55735,464,0
83542,9,0
97,65,1
305,956,0
14133,434,0
83005,202,0
552,1346,1
1402,6,1
1521,943,1
3681,21,1
94294,40,0
1448,97,1
2098,546,1
102741,21,0
4146,1202,1
1098,118,1
2821,1200,1
76588,58,0
67830,56,0
5961,1456,1
855,281,1
97487,1040,0
66982,763,0
1847,40,1
59930,1390,0
62921,36,0
84709,0,0
542,436,1
58364,21,0
19752,0,0
576,13,1
222,192,1
1399,69,1
909,1124,1
1658,375,1
304,233,1
1548,1198,1
1270,482,1
46145,13,0
163,145,1
1350,12,1
471,47,1
57170,884,0
55711,177,0
351,270,1
456,39,1
6165,632,1
13468,12,0
1205,884,1
26030,306,0
883,91,1
968,828,1
257,192,1
6063,9,1
78,16,1
71647,488,0
966,72,1
47543,877,0
5851,4,1
15023,768,0
57400,431,0
96837,877,0
917,67,1
8455,255,0
26559,89,0
46,8,1
4114,45,1
1034,319,1
44998,288,0
629,795,1
553,1303,1
1350,173,1
25504,740,0
65368,74,0
2820,267,1
1742,504,1
1791,942,1
3644,98,1
2384,220,1
1271,4,1
283,6,1
45654,84,0
45811,47,0
90975,156,0
969,205,1
2822,9,1
613,844,1
44204,462,0
85591,4,0
3178,44,1
3550,283,1
78410,24,0
93296,776,0
83140,256,0
66570,264,0
42936,431,0
1485,230,1
560,327,1
55715,546,0
1508,1197,1
66771,1138,0
38327,1094,0
75708,205,0
17320,1198,0
427,680,1
703,1197,1
3473,9,1
48693,41,0
2451,18,1
1297,1151,1
32794,48,0
86,1306,1
3023,12,1
56,322,1
910,160,1
5330,177,1
47,776,1
16142,339,0
68556,58,0
262,248,1
3478,38,1
87718,91,0
18350,39,0
898,150,1
249,6,1
100426,44,0
3064,33,1
883,39,1
97282,1207,0
19531,1433,0
2741,156,1
195,880,1
78989,58,0
2162,3,1
76,246,1
2003,58,1
81744,806,0
6130,256,1
4858,1322,1
91212,1113,0
41002,342,0
6080,6,1
97669,354,0
82798,4,0
1497,61,1
128,72,1
76570,5,0
75988,339,0
5366,125,1
67271,180,0
56671,21,0
24480,9,0
25357,205,0
45698,9,0
92271,1197,0
25930,171,0
253,125,0
70245,533,0
1365,114,1
253,205,1
30229,69,0
3975,109,1
48707,45,0
50449,456,0
1850,89,1
38139,252,0
306,333,1
64791,315,0
884,39,1
1491,19,1
59282,109,0
521,375,1
1366,38,1
3378,282,1
10272,57,0
44272,263,0
16920,1119,0
5113,57,0
49,33,1
65617,89,0
102642,282,0
2168,776,1
97309,61,0
415,91,1
4117,889,1
3010,408,1
682,71,1
3167,349,1
43973,84,0
92464,259,0
18154,109,0
765,318,1
24149,321,0
100945,274,0
5593,15,1
11002,878,0
41288,363,0
1614,225,1
1158,0,1
1038,5,1
248,111,1
1374,6,1
60761,171,0
3541,181,0
1455,35,1
4149,16,1
62459,431,0
97596,24,0
3067,192,1
4307,13,1
108,12,1
31,91,1
3014,458,1
38553,955,0
175,784,1
1362,246,1
4057,65,0
104045,36,0
938,36,1
66320,114,0
1532,435,1
48855,215,0
3010,105,1
81621,174,0
1239,1279,1
96111,21,0
74615,880,0
1427,1214,1
1349,180,1
3633,129,1
9566,44,0
2469,259,1
2820,598,1
84107,247,0
1348,41,1
52,217,1
28434,79,0
2992,21,1
34836,47,0
3384,8,1
4660,1197,1
2892,9,1
2779,39,1
3037,124,1
63205,233,0
9647,109,0
7717,179,0
90207,263,0
3097,233,1
2228,1124,1
18525,9,0
3437,0,0
37628,237,0
2961,917,1
54578,39,0
103199,1244,0
222,300,1
49212,5,0
3931,344,1
85406,47,0
784,263,1
38101,21,0
13086,217,0
4686,141,1
89033,192,0
49328,6,0
12374,272,0
4513,256,1
764,429,1
4407,776,0
77306,158,0
101,105,1
43582,179,0
16959,84,0
1910,247,1
104,431,1
1169,361,1
32790,877,0
97911,74,0
6542,1199,0
1398,956,1
2253,481,1
19495,41,0
100642,1122,0
1632,91,1
100219,175,0
68584,292,0
26153,4,0
2475,1405,1
30702,35,0
64314,57,0
81726,21,0
1657,783,1
82711,67,0
96788,98,0
5312,78,1
2034,65,1
2605,521,1
65,5,1
2451,114,1
987,1244,1
5216,170,1
101883,1394,0
634,327,1
626,379,1
50943,282,0
79925,72,0
84612,605,0
29604,394,0
4743,3,0
2956,89,1
95454,424,0
236,431,1
1605,130,1
3097,193,1
79278,877,0
957,771,1
83347,24,0
575,76,1
65956,717,0
6184,21,1
4614,305,1
68167,256,0
902,790,1
59025,464,0
194,189,1
1123,145,1
84017,45,0
32518,368,0
3064,35,1
49615,1289,0
98049,39,0
61941,45,0
557,352,1
2786,791,1
49551,693,0
88026,109,0
1886,631,1
963,15,1
38,12,1
69192,44,0
1450,1308,1
15537,45,0
1640,518,1
5410,894,1
3110,1200,1
101892,173,0
67639,1197,0
51365,87,0
100155,18,0
46208,424,0
49822,150,0
20382,91,0
73,770,1
62,220,1
21859,125,0
3116,144,1
16488,28,0
1455,128,1
97193,98,0
1163,92,1
67129,57,0
1632,156,1
57401,472,0
1632,217,1
615,431,1
2511,109,1
12398,955,0
1664,13,1
76556,0,0
54872,82,0
17200,39,0
1399,501,1
8430,885,0
592,330,1
3173,73,1
134,179,1
86466,125,0
90136,451,0
77892,21,0
4885,1196,1
204,109,1
780,98,1
97346,78,0
83,114,1
1550,41,1
1364,951,1
984,152,1
3604,89,1
79910,621,0
39,856,1
55770,264,0
72483,72,0
34969,253,0
2126,391,1
103161,89,0
71081,1406,0
90479,80,0
575,151,1
14342,97,0
101,423,1
552,1198,1
4972,9,0
90139,1207,0
4237,424,1
12818,351,0
3181,434,0
2431,64,1
3505,37,1
69034,1227,0
101,202,1
1507,1198,1
111,282,1
4713,323,0
3648,316,1
11083,221,0
53624,859,0
83524,76,0
95813,466,0
25698,16,0
88782,24,0
78735,78,0
618,376,1
101480,16,0
1518,4,1
32361,40,0
8561,283,0
62873,58,0
26274,1001,0
5894,482,1
5970,1279,1
35019,688,0
1668,133,1
10823,503,0
49507,36,0
71035,150,0
2912,823,1
3626,39,1
364,87,1
7054,9,0
63994,256,0
57328,258,0
40717,40,0
70143,1207,0
2796,229,1
1136,128,1
90086,1234,0
75015,481,0
2392,37,0
179,191,1
105744,35,0
52200,468,0
375,379,1
90516,74,0
13974,15,0
71,38,1
2389,1043,1
59615,1198,0
2502,84,1
42872,40,0
894,72,1
238,352,1
1448,173,1
104385,259,0
66732,798,0
39269,9,0
75641,776,0
4643,1124,1
5420,693,1
85,57,1
1008,44,1
101994,5,0
1399,21,1
2665,256,1
40979,12,0
586,1415,1
3200,590,1
62120,150,0
51265,21,0
4681,1162,1
81922,16,0
19640,1124,0
2189,4,1
1636,160,1
89498,822,0
2194,331,1
31133,878,0
3329,728,1
41602,184,0
1440,45,0
75450,13,0
1768,179,1
50907,237,0
60301,15,0
1000,1194,1
2235,217,1
88632,21,0
557,9,1
67526,480,0
2921,21,1
769,109,1
28737,140,0
46679,76,0
25005,175,0
28069,3,0
95117,424,0
1056,1237,1
24177,38,0
48700,24,0
366,87,1
33106,551,0
2504,269,1
313,233,1
19564,4,0
100550,58,0
5631,66,1
29443,444,0
22566,194,0
2463,417,1
818,78,1
44926,207,0
97240,1394,0
1107,673,1
51185,53,0
73192,391,0
917,1301,0
1166,487,1
1448,245,1
46125,8,0
21261,58,0
1690,253,1
2549,205,1
76773,1,0
2519,21,1
2188,1032,1
9621,45,0
820,306,1
1157,24,1
92,252,1
34760,375,0
43205,21,0
90991,88,0
1604,152,1
44156,394,0
62343,141,0
167,16,1
61953,175,0
83269,47,0
111,13,1
91815,829,0
2647,12,1
82281,673,0
2786,105,1
1256,79,1
578,253,1
901,177,1
285,347,1
51180,510,0
20240,38,0
25,1394,1
1354,202,1
97,920,1
589,9,1
41754,40,0
94524,173,0
1484,214,1
76049,44,0
128,615,1
2446,91,1
262,429,1
917,172,1
4031,878,1
2675,877,1
22643,456,0
1456,460,1
1230,24,1
48635,2,0
69574,263,0
72913,791,0
4637,704,1
317,0,1
64065,114,0
2434,217,1
47798,427,0
780,37,1
29929,12,0
38207,776,0
5583,429,1
35188,36,0
97943,21,0
71878,36,0
1188,1228,1
1756,1207,0
65756,965,0
6236,331,0
1401,158,1
39234,337,0
171,128,1
3284,13,1
559,39,1
2923,1196,1
1249,158,1
2189,429,1
3375,150,0
101210,608,0
90213,1396,0
6010,394,1
1336,138,1
1063,12,1
91467,21,0
83188,119,0
2334,98,1
28873,114,0
2997,1307,1
67765,21,0
1333,195,1
99941,114,0
74859,1243,0
72712,1222,0
28510,273,0
101,255,1
15984,65,0
2684,232,0
53918,105,0
1572,621,1
12334,45,0
4930,1197,1
4239,21,1
104632,984,0
368,12,1
49,21,1
46977,57,0
65425,917,0
82509,820,0
3009,41,1
424,220,1
783,282,1
1508,639,1
11656,1207,0
83197,78,0
327,202,1
58742,69,0
52515,522,0
73730,24,0
50220,41,0
2820,1308,1
1742,501,1
154,501,1
20214,859,0
2083,462,1
34349,24,0
72364,181,0
345,783,1
5634,124,1
4708,24,1
100427,1199,0
88479,74,0
101,538,1
62605,141,0
32377,283,0
66434,6,0
88195,156,0
54892,57,0
29684,40,0
1279,768,1
175,431,1
67255,9,0
26486,172,0
2853,6,1
1798,177,1
71505,806,0
84675,88,0
67062,331,0
4468,16,1
53038,39,0
369,581,1
154,69,1
1030,128,1
13349,44,0
74999,65,0
56353,596,0
35924,197,0
197,44,1
2054,39,1
656,109,1
92859,263,0
813,21,1
3604,491,1
2652,21,1
3238,844,1
34684,686,0
765,589,1
1250,110,1
2892,21,1
16322,157,0
95614,253,0
91614,21,0
25977,394,0
20375,429,0
87109,41,0
1322,256,1
27173,253,0
5959,39,0
172,394,1
84244,776,0
1526,61,0
1445,886,1
508,206,1
47562,68,0
2908,109,1
1161,33,1
1398,206,1
923,21,1
15682,89,0
13315,954,0
2480,183,1
5701,394,0
902,759,1
7737,529,0
6113,141,1
11729,150,0
10,40,1
87321,728,0
34408,21,0
2793,217,1
54993,145,0
902,288,1
22878,650,0
1362,478,1
77092,515,0
2076,41,1
847,292,0
3333,45,1
92,98,1
62278,110,0
109,905,1
2448,230,1
34704,33,0
5657,776,0
14746,12,0
97240,1075,0
11703,352,0
88302,776,0
2582,47,1
80547,114,0
5995,1079,1
91141,69,0
494,281,1
46464,41,0
519,593,1
4710,78,1
30626,776,0
1787,13,0
1616,246,1
4755,776,1
4991,1196,1
60271,149,0
36,431,1
266,105,1
1528,24,1
2459,255,1
2192,394,1
1268,776,1
130,259,1
68633,844,0
5454,1396,1
76,114,1
23003,44,0
25472,1124,0
64990,270,0
1625,1207,1
3704,207,1
65182,154,0
1078,199,1
10,1124,1
38114,18,0
85668,44,0
589,288,1
90371,362,0
3575,327,0
74599,37,0
16932,233,0
69553,403,0
320,431,1
78606,39,0
18721,145,0
51835,105,0
54836,114,0
125,186,1
68033,905,0
255,1193,1
61173,363,0
47990,885,0
686,175,1
57496,97,0
70170,620,0
57509,82,0
54088,388,0
1188,98,1
1409,30,1
33629,364,0
88572,423,0
3480,9,1
87086,1394,0
4617,78,1
1163,680,1
91801,125,0
901,21,1
102488,36,0
61225,158,0
85742,1194,0
525,15,1
6234,1197,1
2173,8,1
249,382,1
10731,1490,0
206,344,1
10965,452,0
557,41,1
91587,259,0
27003,319,0
12929,109,0
3761,16,1
942,1147,1
207,793,1
300,119,1
25,40,1
151,112,1
16420,33,0
551,78,1
3509,109,1
317,33,1
88276,0,0
67463,15,0
70184,429,0
43548,47,0
1010,39,1
10430,0,0
2920,128,1
1336,175,1
1314,74,1
85066,58,0
51253,1185,0
398,177,1
59064,80,0
2020,9,1
357,177,1
96940,21,0
18222,953,0
80749,5,0
16586,233,0
84040,1,0
2956,880,1
1971,114,1
38579,462,0
1455,175,1
105202,31,0
56,822,1
2225,961,1
1504,37,1
1364,946,1
73279,435,0
2820,247,1
2554,998,1
19321,394,0
1631,1245,1
1701,67,1
33221,189,0
559,177,1
1156,6,1
1503,57,1
1664,36,1
38030,64,0
97690,114,0
106357,433,0
6484,399,0
43085,248,0
33219,13,0
912,248,1
76409,248,0
562,307,1
37444,61,0
5013,1207,1
7374,128,0
2431,47,1
91288,909,0
612,220,1
52520,107,0
93375,155,0
55844,40,0
47,848,1
2428,38,1
285,309,1
3499,2,1
1762,194,1
4716,318,1
86203,171,0
3293,13,1
884,41,1
890,36,1
83439,1197,0
93532,233,0
4268,58,1
18911,576,0
1693,1058,1
5737,560,1
306,1210,1
43443,859,0
1063,177,1
71427,3,0
88907,39,0
976,91,1
4823,306,1
68320,283,0
159,823,1
3902,1176,1
1848,1253,1
108,91,1
76198,297,0
61755,61,0
61,456,1
96889,433,0
62199,288,0
14828,1,0
87563,194,0
146,109,1
902,156,1
1957,784,1
6102,319,1
1616,578,1
578,36,1
52603,98,0
6561,78,0
397,105,1
2462,21,1
17256,139,0
92274,464,0
48624,13,0
1179,18,1
50856,196,0
1536,541,1
1464,114,1
40544,44,0
7176,48,0
1284,1204,1
78016,248,0
101283,822,0
41066,1158,0
1807,533,1
80431,1207,0
98433,282,0
53,770,1
686,192,1
6088,5,1
1614,64,1
42902,91,0
51299,21,0
51286,202,0
47716,616,0
53175,249,0
3759,8,1
2885,154,1
317,39,1
5028,517,1
200,458,1
225,177,1
98137,1194,0
32002,1207,0
958,221,1
15959,189,0
911,21,1
53211,36,0
875,129,1
902,504,1
902,13,1
65599,1,0
79555,776,0
1659,995,1
233,45,1
50,64,1
1632,776,1
74524,946,0
1017,693,1
60986,246,0
96007,1482,0
34910,213,0
101,621,1
1631,173,1
6274,434,0
86982,40,0
21,480,1
5794,1207,1
44573,1378,0
98912,89,0
2446,246,1
94931,78,0
9492,787,0
30980,12,0
21827,255,0
99755,520,0
67077,430,0
4322,40,1
320,1198,1
1572,6,1
44024,21,0
70577,606,0
204,1394,1
557,1285,1
104195,678,0
2358,82,1
98123,141,0
134,283,1
780,621,1
71474,68,0
61153,255,0
4350,3,1
2446,217,1
3250,35,1
49874,28,0
779,246,1
32488,6,0
575,9,1
2080,129,1
73906,44,0
15047,73,0
336,1405,1
2265,468,1
68854,217,0
7137,193,0
3026,0,1
1366,0,1
61,79,1
21932,71,0
54506,965,0
2214,1076,1
65261,3,0
5023,1198,1
3294,339,1
86916,1073,0
20012,179,0
2462,1164,1
5978,654,1
413,1314,1
1900,169,1
2022,913,1
2435,1200,1
8832,399,0
1615,114,1
81658,125,0
2275,225,1
5184,214,1
55268,431,0
7114,21,0
481,12,1
111,1251,1
157,229,1
50026,776,0
1398,0,1
3358,1197,1
5955,376,1
38499,39,0
70440,33,0
99766,78,0
1362,89,1
30841,759,0
96643,107,0
4329,61,1
86975,31,0
1364,180,1
5791,37,1
98090,803,0
14752,1197,0
125,431,1
556,309,1
91091,750,0
2022,502,1
1631,39,1
64987,58,0
22649,39,0
416,1400,1
1333,1269,1
90953,246,0
313,124,1
2210,1196,1
1448,114,1
1347,139,1
166,486,1
29469,464,0
57602,109,0
53,44,1
2837,1224,1
212,28,1
71972,109,0
724,12,1
1662,281,1
2530,822,1
91504,56,0
207,201,1
7535,158,0
2446,930,1
5193,1207,1
12672,76,0
4706,1210,1
1693,456,1
71761,0,0
203,27,1
105647,270,0
13156,1224,0
53103,776,0
3125,8,1
25919,282,0
2170,543,1
18292,177,0
40,150,1
78973,12,0
3378,859,1
34911,24,0
62895,263,0
2668,337,1
92091,881,0
226,100,1
62450,28,0
17864,431,0
1620,1200,1
2446,24,1
104360,21,0
3257,190,1
312,98,1
49602,806,0
2460,17,1
53535,156,0
1847,41,1
912,1197,1
276,352,1
5731,1430,1
1367,255,1
1081,458,1
19471,175,0
7197,205,0
987,76,1
26623,256,0
90889,431,0
2205,282,1
24509,45,0
565,12,1
14714,464,0
91163,47,0
924,57,1
4246,24,1
314,331,1
784,74,1
72614,1309,0
783,33,1
27142,53,0
23869,177,0
96917,1144,0
197,1194,1
80804,1336,0
2804,9,0
383,3,1
987,1151,1
35576,504,0
59958,19,0
2457,363,1
5978,235,1
111,21,1
261,0,1
18148,943,0
5978,0,1
99231,1413,0
16508,13,0
104,9,1
78026,5,0
80534,733,0
75307,97,0
80482,24,0
96164,13,0
3353,35,1
96227,1200,0
1586,880,1
34842,129,0
5937,823,1
99949,693,0
106174,221,0
2362,280,1
25351,214,0
82896,995,0
3226,270,1
7050,431,0
76247,945,0
554,1149,1
1387,5,1
49665,1227,0
26182,171,0
3213,98,0
483,65,1
3664,37,1
2061,76,0
22790,84,0
157,465,1
33500,87,0
995,473,1
557,424,1
70,403,1
68,28,1
41286,179,0
102417,239,0
3344,45,1
2453,72,1
975,9,1
75000,783,0
3695,171,1
583,954,1
1367,98,1
995,58,1
26045,109,0
1362,6,1
1350,153,1
212,1481,1
1684,456,1
917,68,1
19681,951,0
2740,58,1
555,1200,1
102027,171,0
80272,792,0
67944,269,0
5234,1280,0
4247,909,1
2541,80,1
4193,1075,1
22797,0,0
45860,84,0
57544,80,0
90,29,1
46427,61,0
302,71,1
35704,180,0
20246,53,0
81509,155,0
104767,823,0
144,47,1
17580,9,0
1033,776,1
3848,61,1
2635,431,1
542,12,1
8339,98,0
36065,160,0
19354,44,0
910,68,1
1464,105,1
53528,233,0
4178,331,1
414,61,1
47794,1396,0
91214,140,0
2559,1124,1
101,72,1
5893,73,0
97131,169,0
1425,13,1
4984,1197,1
5301,57,1
101113,1138,0
80056,36,0
4862,478,0
26,262,1
45543,795,0
67951,6,0
95083,319,0
13941,76,0
51394,438,0
20004,175,0
49095,114,0
13794,58,0
3407,57,0
302,501,1
93880,1290,0
3700,889,1
25362,0,0
910,284,1
38837,1012,0
2145,58,1
29570,217,0
41993,859,0
21320,141,0
80895,351,0
70007,66,0
22300,12,0
99636,252,0
518,76,1
25496,256,0
12576,548,0
30744,191,0
5913,920,1
90751,649,0
51384,913,0
2412,196,1
2790,8,1
52655,362,0
27042,282,0
102994,237,0
6799,401,0
49,76,1
13594,263,0
912,5,1
437,74,1
44354,269,0
96754,114,0
80352,35,0
100485,4,0
6175,1390,1
4408,394,1
1789,234,1
2602,798,1
1489,3,1
5057,776,1
8336,464,0
50712,44,0
98088,91,0
1760,283,1
74886,217,0
106157,246,0
84457,728,0
2633,61,1
140,805,1
28840,329,0
557,859,1
336,124,1
1375,9,0
57968,61,0
889,9,1
4279,318,1
17336,273,0
70,392,1
1996,1129,1
9809,33,0
1699,456,1
25646,13,0
48053,878,0
1460,859,1
1367,24,1
23512,1423,0
17583,468,0
77902,109,0
1366,61,1
96237,44,0
95379,21,0
2935,119,1
101545,808,0
5283,150,1
89043,256,0
69081,882,0
51310,252,0
75,247,1
72327,776,0
55243,1058,0
559,984,1
2251,79,1
42881,1210,0
68700,1198,0
91388,74,0
562,882,0
3284,956,1
58704,177,0
54343,1196,0
5315,47,1
134,1073,1
578,89,1
136,456,1
62409,808,0
2716,1241,0
2544,1198,1
74083,1396,0
10177,39,0
86450,114,0
1933,269,1
256,44,1
1791,951,1
67922,886,0
26,905,1
15795,13,0
87686,882,0
83521,173,0
93996,92,0
60399,323,0
358,263,1
86061,995,0
2428,105,1
12320,263,0
968,21,1
8948,1073,0
2439,763,1
942,747,1
911,97,1
93046,13,0
2285,529,1
2088,1202,1
1381,44,1
72477,880,0
23792,40,0
3141,207,0
27826,2,0
76701,341,0
51722,249,0
89453,220,0
1213,468,1
3480,0,1
134,21,1
78096,937,0
25048,886,0
3923,169,1
38039,436,0
53153,394,0
76162,21,0
1644,150,1
4488,145,0
97502,344,0
3753,445,0
56981,193,0
2100,344,1
2549,852,1
3716,877,1
1253,38,1
79630,880,0
1188,105,1
93993,173,0
9713,150,0
379,431,1
9627,1197,0
1362,41,1
38889,885,0
3584,65,1
19201,89,0
60639,128,0
85,36,1
32925,447,0
618,24,1
5222,504,1
101,263,1
1600,333,1
2420,1176,1
3048,283,1
1095,150,1
937,38,1
51802,401,0
43672,217,0
3607,361,1
18175,41,0
41600,245,0
175,142,1
586,306,1
1632,283,1
75097,1269,0
42535,430,0
9643,1194,0
8289,899,0
6759,40,0
1254,79,1
3236,98,1
557,276,1
2175,482,1
1200,79,1
2341,57,1
1374,5,1
25947,882,0
8796,0,0
16173,153,0
16877,5,0
2485,175,1
927,44,1
93870,1088,0
115,233,1
1398,944,1
104147,39,0
1689,429,1
39586,1197,0
1033,31,1
317,1024,1
2549,207,1
3559,173,1
71356,282,0
3009,12,1
67440,629,0
61863,67,0
33523,407,0
1035,413,1
95059,776,0
2084,270,0
17861,776,0
90599,456,0
916,502,1
4490,41,1
912,424,1
6004,270,1
42139,24,0
39792,44,0
1332,518,1
2440,98,1
75190,244,0
2463,452,0
1136,955,1
474,444,1
114,263,1
55890,269,0
1098,21,1
1151,105,1
49,520,1
10291,5,0
54480,109,0
315,458,1
36513,269,0
55533,15,0
136,282,1
102632,961,0
51918,145,0
22715,100,0
2346,12,1
43864,18,0
55709,444,0
100388,245,0
917,173,1
35944,944,0
57997,9,0
82275,40,0
2207,64,1
43978,205,0
1664,38,1
559,252,1
1078,49,1
28616,1194,0
3501,18,0
3064,1075,1
4291,40,1
105142,14,0
2561,150,1
84243,154,0
2412,24,1
66636,4,0
6681,1299,0
44942,13,0
306,16,1
19045,213,0
2371,9,1
2773,405,1
379,41,1
64156,109,0
3058,1381,1
75804,140,0
3432,171,1
106314,281,0
674,283,0
1366,58,1
4086,878,1
559,541,1
3536,27,0
4800,1227,1
82410,44,0
415,196,1
19125,61,0
83,61,1
50325,78,0
99818,38,0
31683,24,0
575,189,1
2287,125,1
68045,249,0
1966,519,1
2466,1396,1
43936,878,0
35759,109,0
2419,170,1
42238,543,0
2820,1200,1
92,503,1
331,169,1
9708,114,0
5976,92,0
1374,410,1
320,434,1
50210,249,0
1036,318,1
5949,21,1
104941,247,0
552,65,1
346,1138,1
10345,79,0
3345,24,1
101551,376,0
24670,220,0
4006,877,1
6614,114,0
45,524,1
33048,141,0
336,242,1
104008,1394,0
2619,647,1
992,942,1
91729,927,0
7866,3,0
32012,109,0
94952,24,0
56,961,1
20509,58,0
78724,4,0
96561,206,0
90852,1200,0
1485,270,1
85286,859,0
14164,1334,0
58310,394,0
2820,1258,1
58242,91,0
4689,480,1
2822,456,1
1093,4,1
54236,36,0
2826,21,1
97997,21,0
4108,403,1
55629,45,0
58706,318,0
551,84,1
92091,283,0
8288,305,0
42,269,1
26826,31,0
35160,362,0
779,21,1
3570,1193,1
102646,0,0
397,189,1
9340,39,0
987,1292,1
14178,24,0
1631,73,1
16515,593,0
58351,105,0
23512,224,0
710,302,1
262,61,1
423,391,1
14374,47,0
64442,109,0
18289,980,0
76781,33,0
91738,227,0
21561,1443,0
389,1456,1
21683,18,0
346,177,1
3915,1197,1
10,429,1
128,253,1
36176,1124,0
23410,808,0
68111,152,0
23772,61,0
1976,319,1
2820,246,1
1214,690,1
1096,430,1
42,270,1
3480,76,1
50640,1193,0
18245,1470,0
95130,13,0
42103,820,0
232,1193,1
88114,21,0
106341,8,0
2129,44,1
549,1194,1
87965,45,0
88196,6,0
80251,610,0
58573,491,0
30260,65,0
2428,897,1
1648,150,1
912,247,1
437,1138,1
21,235,1
55614,363,0
4081,877,1
1314,67,1
46374,8,0
84217,47,0
20440,21,0
101,201,1
30644,364,0
54340,53,0
5973,227,1
2159,13,1
578,125,1
62216,282,0
1081,1197,1
81160,1194,0
5789,118,0
4660,1207,1
207,728,1
3935,80,1
86397,157,0
59065,596,0
10118,394,0
5232,3,1
2036,13,1
41955,33,0
31066,859,0
1362,13,1
378,73,1
1550,9,1
50257,480,0
5213,431,1
302,155,1
54736,255,0
346,882,1
2142,8,1
38245,80,0
1429,1207,1
828,281,1
1632,282,1
84674,828,0
2182,40,0
1650,91,1
1393,1,1
56708,177,0
1672,394,1
2929,259,1
910,937,1
2626,152,1
262,35,1
26027,150,0
57060,252,0
5314,1283,1
4528,1230,1
39299,506,0
85,263,1
82204,38,0
185,1207,1
85500,9,0
6057,1200,1
3494,114,1
834,109,1
5048,1207,1
4474,238,1
31226,941,0
5057,61,1
1798,24,1
679,98,1
1829,6,1
2440,45,1
23818,1060,0
697,423,1
103271,394,0
23607,38,0
3826,458,0
2063,1,1
24801,283,0
19296,1306,0
92216,53,0
587,431,1
73367,40,0
1398,71,1
225,37,1
1690,292,1
415,431,1
61748,41,0
67306,21,0
1630,41,1
313,149,1
11842,394,0
5612,669,1
83828,806,0
1098,182,1
1312,433,0
917,19,1
587,313,1
55,47,1
62619,424,0
69968,270,0
1491,21,1
29738,877,0
248,229,1
253,154,1
445,1210,1
82367,776,0
94452,458,0
60211,130,0
14083,379,0
62543,109,0
4846,1207,1
91357,80,0
70039,770,0
91859,40,0
4958,478,0
724,504,1
557,763,1
32122,859,0
101808,885,0
52068,69,0
12237,327,0
68953,21,0
1632,38,1
104392,29,0
76431,28,0
40084,551,0
97175,394,0
313,974,1
65187,2,0
1000,15,1
288,1210,1
8704,431,0
50299,40,0
2779,160,1
2086,39,1
2478,145,1
2480,3,1
3118,31,1
1516,323,1
22456,177,0
49,158,1
48975,12,0
37288,245,0
1326,220,1
75,40,1
78258,1044,0
24,239,1
4210,21,1
43851,333,0
36005,252,0
503,248,1
3223,58,1
672,331,1
105270,172,0
157,1411,1
1163,246,1
83690,114,0
3191,9,1
783,61,1
2619,3,1
3795,1207,1
41939,1468,0
98857,21,0
85656,196,0
65605,568,0
77070,50,0
112,41,1
1717,886,1
71,520,1
20076,776,0
73366,305,0
91105,1,0
327,61,1
37996,877,0
1350,775,1
56463,40,0
105272,269,0
1631,283,1
17661,68,0
80579,152,0
32177,487,0
31,859,1
376,794,1
74457,846,0
219,798,1
81892,179,0
4808,431,1
682,68,1
152,141,1
32879,961,0
87231,2,0
42062,41,0
67165,9,0
855,256,1
436,150,1
5807,774,1
36896,1249,0
4075,878,1
1461,41,1
125,44,1
933,1253,1
96335,73,0
1631,76,1
365,114,1
613,447,1
557,305,1
101818,247,0
27374,431,0
29450,220,0
2451,1224,1
10604,246,0
2196,40,1
2045,961,1
95460,6,0
106365,78,0
6096,1456,1
71175,1194,0
53262,776,0
53,91,1
81412,431,0
26,304,1
912,33,1
29819,47,0
3657,89,1
77080,97,0
97,394,1
19745,150,0
2453,71,1
1637,361,1
26495,0,0
75565,9,0
1255,128,1
101,248,1
64144,1196,0
13799,1198,0
3550,282,1
3722,128,1
1504,33,1
177,1200,1
52,886,1
48692,149,0
13669,1197,0
79731,783,0
246,12,1
70839,255,0
888,124,1
26895,141,0
83510,576,0
2820,403,1
2112,269,1
79226,9,0
67046,13,0
96138,424,0
21186,175,0
86117,1108,0
111,623,1
10928,776,0
40219,1017,0
1620,239,1
47001,843,0
6957,206,0
84049,192,0
47944,171,0
2335,1200,1
30023,282,0
79745,171,0
222,1193,1
72440,362,0
35574,53,0
95916,227,0
38106,41,0
5253,36,0
58790,89,0
397,151,1
219,823,1
35,21,1
5978,263,1
2965,170,1
26959,0,0
85833,288,0
188,78,1
95611,38,0
190,205,1
29716,306,0
3500,431,1
35193,961,0
387,91,1
805,245,0
15104,332,0
64008,0,0
1104,76,1
93296,352,0
35673,776,0
699,160,0
681,682,1
82706,221,0
66485,61,0
1674,98,1
2175,109,1
1644,177,1
968,91,1
90169,8,0
1886,995,1
691,37,1
888,1140,1
284,21,1
41096,44,0
53111,89,0
5978,1257,1
63395,78,0
12148,21,0
1650,129,1
9376,124,0
78006,58,0
10656,1202,0
48106,1314,0
22090,1196,0
4987,1197,1
1539,1224,1
40245,91,0
17166,344,0
137,151,1
62796,884,0
3221,1198,1
94169,362,0
5865,430,0
464,109,1
71702,431,0
2386,1339,1
3122,776,1
2774,246,1
56953,288,0
3527,4,1
15590,124,0
3023,21,1
2354,859,1
16519,329,0
72020,337,0
67651,0,0
1288,141,1
1649,1,1
1433,339,1
59274,0,0
20017,44,0
34998,504,0
832,109,1
6240,1197,0
724,1299,1
233,182,1
58921,592,0
72136,1124,0
29305,44,0
4159,636,1
327,501,1
2718,138,0
52625,61,0
3208,91,1
3856,1210,1
42293,308,0
75604,171,0
80049,53,0
105754,806,0
3220,4,1
62321,458,0
1407,3,1
4877,1198,1
176,18,1
1905,8,1
86192,431,0
101952,172,0
8298,1257,0
3578,57,1
208,21,1
109,1269,1
172,221,1
313,1194,1
480,130,1
151,47,1
39072,3,0
99082,97,0
346,189,1
1692,256,1
313,1012,1
68238,1023,0
40365,114,0
87411,582,0
226,430,1
1500,217,0
2190,744,1
17713,783,0
2380,84,1
2002,13,1
1403,61,1
37728,128,0
2535,480,1
78692,139,0
4465,24,1
456,429,1
557,24,1
552,203,1
242,78,1
300,905,1
102614,17,0
5399,693,1
578,13,1
44928,543,0
53974,1207,0
52,9,1
5768,333,1
48315,252,0
9077,124,0
85,984,1
40385,179,0
42376,269,0
1977,40,1
17426,263,0
1946,21,1
39042,886,0
47860,501,0
78835,1124,0
1263,1134,1
607,1,1
2908,206,1
2428,40,1
33912,569,0
103902,35,0
71313,344,0
60094,235,0
5300,9,1
395,4,1
33995,3,0
2732,207,1
924,151,1
68727,207,0
2381,269,1
77706,282,0
37556,430,0
70627,1023,0
104535,6,0
227,207,1
70609,171,0
19289,145,0
53795,158,0
91240,78,0
17238,177,0
52304,47,0
97533,160,0
2126,76,1
53,68,1
2498,80,1
1040,456,1
67961,950,0
559,24,1
285,1075,1
93543,45,0
3010,905,1
39954,246,0
2449,21,1
2677,1075,1
623,306,1
157,29,1
1255,79,1
3047,386,1
75581,0,0
79789,361,0
724,186,1
39788,776,0
3162,97,1
5798,8,0
66,13,1
21629,114,0
3279,97,1
50,1152,1
92982,506,0
68808,109,0
76594,9,0
24228,798,0
8038,636,0
21,39,1
39436,1126,0
104811,1198,0
4324,394,1
114,44,1
3238,616,1
64716,177,0
2126,125,1
38570,1169,0
101923,936,0
5920,61,1
8197,31,0
71,158,1
2418,270,1
3097,1224,1
1939,458,1
3095,1122,0
39263,9,0
998,12,0
44665,39,0
39318,1245,0
4807,221,1
187,894,1
102229,1198,0
61269,21,0
182,820,1
377,21,1
92347,1237,0
913,258,1
1657,53,1
49655,207,0
70221,1198,0
1708,89,1
3563,941,1
1316,0,1
1805,285,1
44421,57,0
99256,878,0
78865,776,0
557,267,1
73,1007,1
66077,464,0
1693,203,1
1123,14,1
1445,352,1
1732,9,1
910,13,1
94955,9,0
1851,24,1
50052,24,0
45271,1396,0
2078,520,0
35485,456,0
2112,270,1
48682,175,0
51927,1124,0
78174,897,0
23158,37,0
587,173,1
1188,282,1
2503,1124,1
91,13,1
163,948,1
29935,631,0
233,621,1
2912,41,1
33755,31,0
33097,153,0
588,821,1
91292,21,0
5934,394,1
2652,89,1
14839,783,0
818,1200,1
103551,882,0
23909,948,0
38785,76,0
4511,72,1
1498,615,1
437,770,1
6132,253,0
61,92,1
2298,78,1
2,1194,1
2112,67,0
81831,72,0
548,105,1
5414,1347,1
3209,13,1
6238,245,0
1619,1309,1
5259,221,1
5353,256,1
227,72,1
4151,878,1
2856,24,1
48489,3,0
3359,1197,1
2060,138,1
2126,13,1
59867,1429,0
56214,172,0
3195,21,1
2974,487,1
50772,109,0
23,646,1
105151,160,0
261,41,1
66042,40,0
902,57,1
1161,45,1
5789,3,1
2716,21,1
4974,21,0
2275,44,1
2260,154,1
64986,375,0
5749,431,1
17054,69,0
85567,41,0
14834,788,0
47861,141,0
2451,9,1
2723,548,1
39141,1229,0
23923,859,0
59548,583,0
22153,252,0
4023,877,1
21237,859,0
14477,12,0
910,930,1
416,18,1
89303,269,0
58965,247,0
5978,6,1
55099,65,0
5938,251,1
88114,587,0
63131,152,0
55415,1,0
83205,606,0
75482,21,0
50604,281,0
3224,17,1
51,1452,1
552,145,1
39028,1,0
82212,45,0
552,138,1
4495,256,1
20739,105,0
20554,500,0
63140,91,0
92827,177,0
46009,217,0
81235,41,0
1240,9,1
38,44,1
42572,230,0
47597,78,0
772,39,0
2929,1196,1
89932,407,0
77138,15,0
82,305,1
172,50,1
4593,79,1
52677,316,0
1622,673,1
23246,1210,0
18224,39,0
1249,160,1
1671,39,1
225,882,1
3447,581,0
369,582,1
28480,33,0
3529,72,1
47127,177,0
53498,245,0
4862,1210,1
94472,784,0
103857,878,0
63816,859,0
100586,89,0
104014,1410,0
28252,97,0
1695,941,1
97659,423,0
2525,245,1
128,272,1
67,270,1
100980,256,0
1301,175,1
92393,946,0
63951,88,0
52408,129,0
10481,40,0
783,0,1
2544,65,1
47901,40,0
44912,29,0
915,39,1
3827,232,1
3652,1098,1
508,246,1
4573,128,1
53247,237,0
5349,177,1
106159,955,0
21781,35,0
63763,401,0
1075,198,1
2434,158,1
17986,215,0
27357,189,0
34484,375,0
78643,407,0
27346,145,0
1937,965,1
93240,943,0
1693,1396,1
1703,8,1
37267,71,0
61002,776,0
36652,1012,0
4956,1196,1
70569,401,0
58958,171,0
106042,140,0
27804,657,0
1027,654,1
69662,818,0
10080,9,0
95897,1394,0
79386,0,0
76129,246,0
82193,376,0
2997,483,1
64661,950,0
21805,13,0
101070,220,0
591,247,1
419,221,1
175,16,1
37108,40,0
18466,954,0
101712,13,0
15302,784,0
83014,79,0
24742,352,0
66138,361,0
2315,1198,1
3173,40,1
74853,21,0
1163,729,1
25,9,1
586,347,1
96472,18,0
1228,9,1
32674,220,0
6150,125,1
38372,194,0
3087,173,0
1362,141,1
57441,427,0
84357,673,0
4290,125,0
108,1075,1
68760,29,0
23060,1193,0
60717,246,0
61856,21,0
1089,404,1
48988,74,0
4345,37,1
51426,0,0
4003,673,0
112,114,1
33727,97,0
266,292,1
1136,29,1
3587,180,1
1767,13,1
80228,47,0
4426,394,1
5473,58,1
49750,175,0
23811,98,0
8053,1210,0
26121,429,0
258,40,1
83,58,1
2823,943,1
39127,1207,0
1699,283,1
70118,150,0
2071,124,1
1990,47,1
97236,805,0
86459,45,0
910,98,1
21725,399,0
30812,1207,0
5197,12,0
1108,37,1
2868,394,1
415,12,1
870,12,1
401,0,1
4578,948,1
73740,180,0
2372,88,1
1887,41,1
81880,45,0
2475,1196,1
166,197,1
6602,175,0
1188,456,1
87104,229,0
6080,880,1
35887,1207,0
95992,79,0
1212,831,1
12271,150,0
15364,458,0
1455,316,1
1733,78,1
96835,114,0
1460,337,1
76670,155,0
65683,57,0
1362,39,1
5977,175,1
16462,179,0
61248,177,0
35816,776,0
1503,12,1
3402,177,1
53940,431,0
48246,107,0
156,1075,1
52997,183,0
76,12,1
90425,78,0
5770,1124,1
71238,150,0
896,911,1
1843,13,1
1568,169,1
2885,246,1
21347,190,0
3279,1200,1
16910,269,0
59867,1405,0
17250,231,0
67148,245,0
253,1269,1
557,253,1
44992,36,0
4970,35,0
238,44,1
30332,141,0
4292,57,1
2522,175,1
724,1308,1
4675,39,1
37427,29,0
95638,97,0
6619,246,0
43493,404,0
100101,1012,0
435,130,1
3177,149,1
10030,686,0
55724,1207,0
95966,467,0
1774,78,1
369,158,0
22121,124,0
2956,8,1
1679,177,1
948,440,1
90516,1197,0
13877,97,0
39271,160,0
5837,180,0
56875,220,0
987,245,1
1539,1102,1
29737,177,0
6178,39,1
212,430,1
1489,128,1
53719,37,0
47793,138,0
58278,1193,0
697,1207,1
2793,150,1
583,955,1
30124,17,0
1488,394,1
70359,40,0
83226,821,0
934,460,1
5380,1194,1
102375,984,0
101,171,1
75732,305,0
753,140,1
423,954,1
60523,502,0
11692,150,0
78007,776,0
1519,520,1
136,283,1
40890,1222,0
82602,21,0
3320,776,1
74766,21,0
27734,9,0
15865,98,0
47049,24,0
2027,48,1
88178,688,0
2289,520,1
88157,2,0
1025,177,1
3531,4,1
5179,4,1
853,189,1
3520,47,1
3576,1194,1
1473,9,1
4115,40,0
2615,29,1
4236,282,1
1288,882,1
1014,124,1
2755,21,1
91495,877,0
3353,37,1
22996,337,0
96757,87,0
298,5,1
103411,332,0
13514,57,0
1157,9,1
19100,128,0
1758,138,1
222,1394,1
55040,776,0
32975,1169,0
71593,129,0
46338,47,0
1812,67,1
30,0,1
1329,78,1
104310,943,0
4185,21,1
1746,16,1
2774,24,1
91558,189,0
21422,1074,0
92,948,1
2993,21,1
1810,1198,1
74428,76,0
1464,151,1
1403,177,1
290,5,1
71498,191,0
80877,9,0
1037,5,1
58755,375,0
86695,205,0
258,39,1
30520,109,0
2809,583,1
289,1076,1
783,456,1
97318,276,0
43879,109,0
95167,252,0
4303,215,1
43742,1433,0
917,481,1
65189,13,0
463,88,1
682,69,1
738,109,1
1739,833,1
43397,248,0
89,431,1
3385,304,1
6268,263,0
9690,29,0
1625,997,0
6149,224,0
200,139,1
29486,21,0
89,35,1
18512,776,0
2928,194,1
62476,156,0
40494,150,0
9161,89,0
95077,73,0
46182,82,0
89621,220,0
34760,13,0
10947,61,0
34109,195,0
1631,297,1
2652,179,1
5978,253,1
5817,151,0
1343,1194,1
51613,9,0
25133,502,0
53722,1012,0
9335,466,0
187,270,1
38676,306,0
1603,12,1
14241,142,0
4517,179,1
61,1,1
5253,431,1
20849,500,0
98697,1196,0
24536,40,0
1618,35,1
722,172,1
304,66,1
31368,41,0
983,820,1
982,15,1
99318,234,0
2230,333,1
41278,488,0
2574,431,1
69234,1200,0
30,207,1
593,253,1
127,776,1
225,41,1
94481,761,0
933,1252,1
13928,414,0
266,9,1
44251,65,0
5540,151,1
98333,1196,0
93467,6,0
4514,217,1
76219,880,0
2019,172,0
50002,878,0
3641,3,1
97995,191,0
14745,177,0
10105,542,0
79338,389,0
38943,5,0
1450,141,1
3367,24,1
91593,579,0
304,786,1
2559,21,1
63826,40,0
1002,363,1
16535,693,0
80417,78,0
85681,175,0
1620,602,1
3825,976,1
2018,12,1
73078,246,0
437,775,1
2434,98,1
4513,4,1
60899,643,0
74184,33,0
1036,596,1
1028,460,1
84686,82,0
42426,105,0
39386,548,0
31065,124,0
505,175,1
735,109,1
44549,248,0
4041,16,1
437,985,1
304,686,1
497,56,1
40173,502,0
64091,214,0
53560,319,0
577,114,1
35464,256,0
765,364,1
181,327,1
1848,13,1
1269,394,1
102529,21,0
5864,160,1
41301,538,0
2440,150,1
73400,776,0
17556,616,0
26,1,1
2885,158,1
44739,158,0
1231,3,1
97600,13,0
83128,1411,0
127,69,1
18619,98,0
13671,128,0
2439,33,1
49669,114,0
127,205,1
86396,78,0
52789,1,0
200,1,1
45271,109,0
50855,1207,0
306,718,1
8448,1,0
4462,897,0
77455,873,0
4587,65,0
3366,44,1
724,38,1
2480,184,1
29931,45,0
910,61,1
85942,445,0
3116,460,1
83097,269,0
64631,13,0
5362,0,1
92,45,1
3149,776,1
2852,339,1
85436,24,0
42596,173,0
559,72,1
1350,97,1
835,109,1
79082,221,0
115,38,1
3227,1202,1
884,97,1
1739,1198,1
97468,1197,0
74153,129,0
1440,327,1
56310,36,0
4731,175,1
70309,79,0
79527,798,0
1758,1396,1
503,502,1
6860,739,0
83,878,1
1693,47,1
1631,623,1
5072,45,1
19993,67,0
3296,80,0
1612,616,1
4487,141,1
190,541,1
1702,394,1
4531,239,1
96475,258,0
79853,776,0
28825,431,0
88590,776,0
2249,141,1
39371,192,0
97778,318,0
1947,82,1
78646,21,0
1205,980,1
156,1074,1
76958,581,0
315,29,1
33562,15,0
69690,206,0
49222,220,0
14346,45,0
225,506,1
57409,154,0
2848,739,1
6655,170,0
39699,1150,0
2525,44,1
94653,395,0
3425,776,0
70492,1073,0
32,491,1
864,252,0
1065,252,1
93108,177,0
1029,41,1
4964,1366,1
46729,253,0
211,646,1
3765,109,0
128,202,1
2574,220,1
88695,80,0
1918,21,1
79330,12,0
2078,12,1
43366,661,0
20014,169,0
2824,194,1
68830,173,0
335,18,1
44818,157,0
75385,98,0
3210,344,1
8325,800,0
76781,44,0
52896,202,0
131,0,1
1216,199,1
1442,61,1
69999,1193,0
2678,776,1
262,89,1
564,44,1
38330,263,0
2532,305,1
1317,884,0
94337,636,0
5434,78,0
84151,263,0
20434,21,0
4570,78,1
84322,560,0
559,621,1
12849,621,0
5941,13,1
1152,170,1
6488,44,0
440,14,1
81425,546,0
318,239,1
20876,29,0
3411,82,1
22509,1439,0
335,1197,1
79290,4,0
1618,76,1
128,859,1
86898,961,0
75828,945,0
56375,12,0
1445,57,1
477,149,1
101,65,1
4922,217,0
5202,265,1
29676,431,0
9714,0,0
5714,21,0
70606,13,0
1031,1197,1
22541,29,0
2823,33,1
88354,89,0
73913,249,0
44407,66,0
1550,180,1
2386,45,1
16326,58,0
134,37,1
1075,809,1
67921,170,0
61,125,1
78907,12,0
1163,1394,1
5720,45,1
12322,61,0
2763,21,1
1205,247,1
2364,884,1
1675,21,1
1684,836,1
6277,12,0
46586,776,0
924,9,1
62621,0,0
5501,1124,1
84716,181,0
262,1073,1
4740,39,1
1398,45,1
32105,1412,0
456,217,1
12106,776,0
5569,954,0
20,175,1
38782,44,0
50563,189,0
36615,5,0
6186,109,1
102705,401,0
28612,170,0
27614,621,0
28853,66,0
85652,31,0
676,1210,1
618,928,1
40425,487,0
50484,21,0
69,1283,1
31421,1197,0
2033,24,1
557,607,1
5250,256,1
49,1073,1
1166,114,1
13677,21,0
84233,78,0
87225,1224,0
159,16,1
304,1207,1
845,1,1
66944,315,0
104329,1228,0
188,234,1
2105,500,1
19000,172,0
99516,82,0
6080,5,1
1773,24,1
81719,67,0
783,45,1
12183,171,0
88821,282,0
53,464,1
4402,39,1
3548,97,1
5275,80,1
36772,315,0
84940,374,0
233,183,1
46154,440,0
183,992,1
4909,1198,1
50549,480,0
499,175,1
93846,44,0
65358,1467,0
226,1193,1
81651,217,0
61498,776,0
589,58,1
98719,431,0
1450,1465,1
74497,288,0
5962,1492,1
358,283,1
1909,98,1
94818,21,0
894,41,1
37355,33,0
2286,1176,1
28747,351,0
3587,282,1
893,58,1
35063,125,0
1350,878,1
312,61,1
9479,182,0
24566,729,0
233,882,1
26126,364,0
3388,9,1
2404,76,1
70625,37,0
691,21,1
32848,109,0
966,297,1
27298,1207,0
71350,305,0
31,141,1
99432,40,0
92,882,1
21330,569,0
2009,114,1
67703,114,0
3038,3,1
14887,429,0
19043,738,0
101,911,1
177,47,1
18581,150,0
76126,247,0
44812,149,0
182,1105,1
39873,349,0
12873,340,0
105138,65,0
1210,592,1
557,255,1
105465,124,0
3197,3,1
43286,578,0
29428,1124,0
55176,39,0
5978,424,1
114,37,1
1247,1012,1
917,175,1
440,138,1
289,1164,1
304,1200,1
241,327,1
28912,233,0
105645,1207,0
101184,38,0
59299,253,0
89683,80,0
28159,729,0
3311,308,0
2985,98,1
13542,24,0
74590,194,0
102538,837,0
1521,339,1
4751,98,1
92693,58,0
1417,80,1
100105,57,0
67254,246,0
155,182,1
39973,39,0
74766,382,0
5688,256,1
32540,56,0
6074,1,1
94592,12,0
71193,44,0
16980,501,0
5710,186,0
1253,13,1
190,177,1
1944,13,1
1528,124,1
995,170,1
53902,35,0
87534,78,0
59594,124,0
5973,1197,1
2190,109,1
71460,139,0
73601,5,0
1035,41,1
66272,13,0
332,776,1
901,36,1
3127,177,1
49,206,1
49,105,1
78086,89,0
71493,198,0
3810,546,1
3467,1207,1
1046,61,1
452,47,1
1464,61,1
3097,312,1
88381,636,0
3150,8,1
4264,5,0
11888,791,0
23579,57,0
4386,259,1
15036,64,0
4753,431,1
1343,1,1
2476,347,1
809,460,1
97579,284,0
1473,45,1
5791,859,1
1982,40,1
11474,160,0
27847,583,0
576,675,1
1363,896,1
4723,57,1
2202,189,1
909,269,1
1910,217,1
67165,256,0
1550,179,1
755,194,1
93150,245,0
81036,98,0
87713,349,0
2818,82,1
9068,207,0
575,44,1
71654,16,0
84153,582,0
47,174,1
3931,309,1
1858,859,1
3591,247,1
15160,150,0
105640,220,0
1336,606,1
2461,21,1
1136,943,1
97310,196,0
4445,1124,1
1644,149,1
10818,201,0
69879,252,0
60627,206,0
1837,21,1
99471,776,0
91317,1207,0
96719,213,0
48196,456,0
41939,109,0
55690,391,0
28437,424,0
91057,351,0
1706,458,1
983,249,1
68787,33,0
4482,9,1
85360,39,0
62864,9,0
83,1073,1
546,317,1
2458,961,1
83,587,1
801,1296,1
71995,433,0
67,16,1
3895,878,1
61164,220,0
24579,880,0
26096,73,0
6989,82,0
103142,944,0
85,1098,1
61659,150,0
91744,89,0
59042,205,0
2953,394,1
11885,28,0
177,203,1
724,1257,1
10580,97,0
27095,17,0
1618,6,1
1541,21,1
43144,283,0
2091,47,1
344,58,1
386,776,1
44753,431,0
4116,58,1
3333,263,1
1950,13,1
86286,318,0
220,776,1
2415,145,1
73,114,1
85600,24,0
18666,125,0
124,41,1
77312,24,0
5057,180,1
3049,9,1
5455,1396,1
25283,49,0
26182,58,0
1831,78,1
5945,39,1
72353,109,0
1636,38,1
5978,264,1
2815,4,1
781,24,1
26810,0,0
192,1,1
917,74,1
83702,91,0
1362,44,1
885,89,1
227,235,1
53986,21,0
1980,3,1
48833,45,0
3480,38,1
7391,207,0
100,157,1
3563,481,1
89814,58,0
3286,342,0
139,541,1
3490,114,1
1403,45,1
4240,58,0
11951,4,0
50697,461,0
6544,220,0
1602,480,1
557,245,1
1024,44,1
4433,220,1
8650,98,0
70113,156,0
57992,232,0
22588,220,0
72017,175,0
2698,150,1
11831,1227,0
6219,119,1
2107,431,1
583,538,1
825,394,1
70782,883,0
74940,175,0
5514,39,1
577,89,1
45693,776,0
586,125,1
43038,3,0
31647,1075,0
254,65,1
38073,388,0
24740,941,0
10502,510,0
5931,394,1
2364,247,1
4351,242,1
3204,18,1
85963,3,0
34316,394,0
2549,943,1
6046,342,1
5222,252,1
3047,596,1
1393,220,1
1273,119,1
31446,194,0
499,327,1
83815,569,0
388,768,1
71,1230,1
72011,394,0
99921,302,0
79705,21,0
21652,1012,0
43312,205,0
81793,58,0
3626,40,1
4759,12,0
86033,147,0
362,15,1
3294,0,1
2618,349,1
1004,460,1
71420,1256,0
2,629,1
1450,39,1
90992,776,0
50528,351,0
94650,454,0
852,776,1
34377,97,0
1572,41,1
1490,1207,1
69168,424,0
1798,157,1
87139,247,0
1205,98,1
56931,621,0
7392,1198,0
4366,394,1
911,456,1
1517,518,1
61144,263,0
102204,249,0
24765,283,0
1663,150,1
1693,9,1
27370,141,0
81554,1194,0
98764,1198,0
1352,140,1
26576,569,0
1571,333,1
383,39,1
1651,233,1
2030,150,1
11037,9,0
73,129,1
40689,109,0
56689,39,0
2907,431,1
20280,80,0
503,13,1
67689,39,0
3129,189,1
156,259,1
93329,1200,0
58201,3,0
1631,38,1
21117,256,0
8456,9,0
80207,12,0
21335,172,0
27602,503,0
12472,483,0
2905,776,1
51739,24,0
65281,109,0
94962,129,0
61849,431,0
2145,183,1
71221,17,0
1933,394,1
75133,74,0
51784,36,0
519,308,1
63990,217,0
4953,1365,1
1666,41,1
59845,315,0
83269,1102,0
548,235,1
40139,9,0
2554,109,1
65941,458,0
3378,941,1
12382,569,0
66920,252,0
45,523,1
22907,253,0
3644,292,1
3132,682,1
1808,3,1
190,744,1
82689,1200,0
4688,9,1
104242,13,0
1618,339,1
55979,1400,0
957,592,1
91866,344,0
3336,89,1
3378,945,1
78442,616,0
3634,91,1
67418,315,0
69005,173,0
351,21,1
3895,877,1
4348,13,1
40,312,1
91519,145,0
437,978,1
50828,1074,0
1364,253,1
1314,35,1
71200,220,0
2043,67,1
2574,47,1
2791,688,1
991,1207,1
23195,394,0
317,541,1
79517,111,0
1887,39,1
9383,13,0
784,253,1
54083,1197,0
50435,40,0
90044,829,0
583,950,1
59242,5,0
48,431,1
1292,39,1
6058,31,1
4127,0,1
57229,1197,0
6063,41,1
4678,1234,1
1314,503,1
111,962,1
52587,58,0
1401,37,1
1797,9,1
45621,79,0
21858,174,0
89413,91,0
74243,776,0
2029,177,1
81817,258,0
90738,170,0
4286,321,1
65784,109,0
66837,45,0
31086,61,0
71602,555,0
98033,207,0
206,124,1
180,4,1
90608,3,0
32735,169,0
197,24,1
3489,904,1
80267,460,0
38822,456,0
36961,776,0
1896,1224,1
30,44,1
781,673,1
66025,434,0
41325,179,0
32130,13,0
1444,1238,1
49161,0,0
5959,221,1
26911,173,0
2823,44,1
25,24,1
3850,776,1
6779,44,0
250,776,1
3528,125,1
3055,0,0
101159,880,0
7934,480,0
102368,73,0
46581,6,0
71305,175,0
480,1314,1
85204,264,0
103217,1197,0
347,270,1
356,21,1
44757,36,0
327,9,1
84246,111,0
33002,24,0
32781,1132,0
24684,36,0
14886,9,0
25512,35,0
2822,172,1
63837,225,0
82108,98,0
2034,248,1
9658,206,0
2441,9,1
226,1067,1
13375,305,0
21135,654,0
85325,949,0
383,114,1
98247,239,0
49538,9,0
73269,21,0
188,282,1
219,270,1
5767,1,1
2471,58,1
65119,733,0
121,214,1
183,1207,1
94893,394,0
1063,206,1
14659,350,0
423,73,1
66396,456,0
542,374,1
82889,577,0
88121,31,0
60882,39,0
23850,818,0
96521,284,0
88599,269,0
52815,1210,0
528,305,1
1677,283,1
1850,177,1
4485,221,0
1313,39,1
35823,53,0
1536,37,1
71113,282,0
4740,41,1
2940,1207,1
346,424,1
101245,460,0
1506,149,1
306,388,1
3116,171,1
90065,29,0
101708,235,0
1544,76,1
55907,1124,0
1107,274,1
1205,264,1
46350,72,0
4873,79,1
70305,910,0
75303,253,0
57941,150,0
75,12,1
212,24,1
3430,84,1
676,65,1
1354,186,1
1615,124,1
82083,114,0
17879,501,0
70475,206,0
888,1200,1
2054,41,1
225,207,1
5634,78,1
1092,504,1
103759,1207,0
4517,0,1
21895,1277,0
65851,270,0
1521,255,1
48856,256,0
1515,177,0
2049,636,1
24634,119,0
17941,943,0
227,506,1
84385,1252,0
317,61,1
72715,152,0
5766,39,1
616,13,1
2365,47,1
4231,401,0
1445,245,1
70483,18,0
16337,58,0
2478,130,1
4538,274,1
266,424,1
75836,64,0
44525,775,0
549,1124,1
5330,0,1
81507,124,0
113,4,1
1684,461,1
76845,177,0
49,1074,1
465,1,1
197,661,1
117,877,1
556,308,1
2486,318,1
2764,339,1
3109,82,1
101,910,1
500,27,1
47705,24,0
261,945,1
1550,12,1
77154,190,0
10,177,1
32281,878,0
3298,468,1
1288,158,1
233,206,1
5057,158,1
704,47,1
1791,1252,1
93276,105,0
3585,44,1
136,564,1
2451,1197,1
1517,783,1
35492,24,0
3136,259,1
108,288,1
53,252,1
10,64,1
50135,57,0
63789,76,0
2360,76,1
2605,1011,1
3133,21,1
253,253,1
80255,431,0
29927,363,0
7402,318,0
48093,172,0
86077,718,0
2524,394,1
1939,623,1
101224,109,0
3576,1,1
1572,229,1
2208,819,1
4193,9,1
1017,463,1
1074,1394,1
3563,955,1
992,943,1
3718,878,1
78306,1413,0
4767,1197,1
41623,1207,0
57745,8,0
53,154,1
51240,12,0
1288,424,1
60246,456,0
1033,65,1
27518,207,0
4460,44,1
83648,623,0
104403,351,0
104,1394,1
637,394,1
1364,9,1
2881,4,1
59589,896,0
4459,150,1
249,1396,1
1019,795,1
2337,321,1
1367,502,1
99900,21,0
17885,247,0
102143,1224,0
616,533,1
5944,1073,1
19770,733,0
1396,218,0
87383,89,0
85616,3,0
226,149,1
184,31,1
65351,877,0
1965,9,1
3657,41,1
44261,956,0
42457,40,0
33471,107,0
97360,1285,0
2327,776,1
30166,9,0
332,403,1
557,97,1
94996,460,0
895,91,0
2129,76,1
24893,942,0
1766,13,1
5978,36,1
1350,283,1
77668,0,0
125,36,1
4449,486,1
185,66,1
36941,21,0
801,18,1
24695,1394,0
11845,12,0
43407,1198,0
262,464,1
56574,944,0
49359,256,0
27535,45,0
57579,598,0
43277,190,0
4578,942,1
1591,193,1
99801,529,0
32929,256,0
56672,283,0
62811,477,0
61210,97,0
2354,189,1
139,621,1
89613,1202,0
73602,1279,0
1240,39,1
1448,524,1
302,504,1
336,114,1
578,1299,1
222,152,1
11254,4,0
1334,928,1
4495,431,1
190,776,1
93,317,1
2524,1196,1
27304,213,0
80386,445,0
1045,581,1
92679,273,0
18507,1017,0
4455,65,1
106261,462,0
2153,247,1
46864,502,0
612,303,1
1469,1,1
25620,435,0
46375,40,0
19745,669,0
1603,245,1
1615,961,1
92819,581,0
73726,1207,0
24311,431,0
106087,1407,0
11,269,1
33814,486,0
4462,29,1
25881,145,0
1677,35,1
2212,0,1
2929,1450,1
6044,433,1
60864,82,0
1521,447,1
59179,44,0
1399,502,1
811,41,1
34275,114,0
1631,157,1
105552,220,0
59919,1032,0
3101,124,1
38238,41,0
3110,28,1
90054,4,0
3220,1394,1
36833,18,0
220,990,1
23141,114,0
1684,255,1
108,97,1
1226,205,1
31050,45,0
924,207,1
18068,114,0
23785,87,0
2577,480,1
1288,1245,1
505,347,1
50,431,1
95397,97,0
102052,44,0
70687,40,0
406,823,1
92,38,1
245,969,1
466,318,1
6069,9,0
4114,177,1
496,21,1
17775,480,0
35562,78,0
4223,147,1
1499,24,1
1631,72,1
3966,244,1
4765,15,0
1603,247,1
79828,97,0
25787,9,0
1441,109,1
35500,636,0
1699,160,1
2175,1198,1
1739,18,1
53165,1224,0
2433,1200,1
426,193,1
80109,1207,0
81625,21,0
103966,156,0
2725,255,1
679,9,1
1896,191,1
21283,1196,0
92,502,1
15402,78,0
96248,205,0
4778,1210,1
12271,57,0
4558,36,0
1111,918,1
3609,9,1
17255,109,0
17601,154,0
101562,53,0
149,1003,1
23827,458,0
40,109,1
535,305,1
101,61,1
60573,403,0
291,466,1
195,318,1
26537,808,0
1550,150,1
44048,1073,0
57621,33,0
104450,877,0
2428,33,1
68230,78,0
74,118,1
1243,24,0
102425,50,0
1098,1197,1
681,523,1
4314,1460,1
2282,35,1
1169,458,1
37616,1194,0
29370,74,0
26745,9,0
105790,47,0
1691,520,1
1664,39,1
19354,130,0
30,33,1
1367,882,1
11607,157,0
2908,205,1
4252,255,1
781,12,1
69753,1073,0
780,180,1
2095,153,0
94599,1176,0
1349,1073,1
82453,859,0
942,322,1
89622,600,0
46685,97,0
578,246,1
5981,97,1
85957,91,0
72712,114,0
206,15,1
102996,98,0
96900,1012,0
1547,175,0
45730,233,0
5720,207,1
99398,4,0
73,217,1
338,376,1
53548,12,0
103967,97,0
4411,798,1
2637,194,1
1202,878,1
53846,247,0
53,71,1
2364,248,1
5968,13,1
98989,80,0
14643,217,0
96410,119,0
48234,255,0
70041,89,0
549,318,1
91978,29,0
1724,21,1
6474,150,0
44769,114,0
41140,61,0
5277,809,1
59117,6,0
1063,114,1
8293,125,0
23310,394,0
11241,342,0
1798,57,1
2087,529,1
2823,297,1
22222,0,0
2282,33,1
35550,621,0
117,21,0
638,874,0
45196,1151,0
213,379,1
1342,1193,1
2549,41,1
4567,89,0
75372,394,0
3063,8,1
103,3,1
1814,344,1
81470,1124,0
1747,1207,1
984,109,1
1107,692,1
1275,646,1
5383,1394,1
1753,114,1
552,305,1
59518,29,0
3400,35,1
1924,24,1
5436,693,1
29835,671,0
7302,21,0
127,116,1
2852,21,1
98680,447,0
88447,91,0
5978,246,1
64057,170,0
24,252,1
2441,44,1
389,139,1
1565,173,1
3644,255,1
98282,1199,0
2823,13,1
72298,128,0
2561,424,0
32925,53,0
52625,137,0
32243,503,0
84844,245,0
190,37,1
74022,1124,0
7803,118,0
11031,430,0
62014,431,0
313,654,1
1514,576,1
4996,1202,1
71196,671,0
95848,1283,0
23671,4,0
4164,1207,0
2232,145,1
75015,783,0
26983,436,0
929,57,1
1034,1149,1
286,1200,1
1249,283,1
58416,270,0
10788,776,0
263,29,1
2753,61,1
54025,1210,0
51248,1207,0
71731,431,0
4269,308,1
29343,246,0
2831,245,1
1169,15,1
28511,1194,0
144,122,1
50694,685,0
315,1079,1
262,74,1
2200,78,1
95841,821,0
35217,961,0
114,234,1
1069,175,1
57351,15,0
37727,541,0
101935,149,0
10333,466,0
91847,522,0
4928,1198,1
4422,394,1
19323,8,0
131,21,1
22881,217,0
968,171,1
75638,252,0
522,402,1
1615,229,1
307,17,1
83560,9,0
103949,15,0
578,68,1
3268,65,1
2445,4,1
65635,87,0
1647,28,1
1275,1176,1
48762,114,0
5720,21,1
71808,1124,0
1644,61,1
603,2,1
1006,89,1
50880,229,0
188,12,1
182,125,1
95413,12,0
2191,256,1
73572,58,0
34223,269,0
82828,431,0
88038,1194,0
629,918,1
543,141,1
99353,466,0
104508,424,0
47355,0,0
259,66,1
5359,431,1
1074,45,1
912,13,1
2406,29,1
13609,58,0
61499,9,0
16357,776,0
195,229,1
104898,1255,0
456,281,1
981,503,0
77136,44,0
2373,80,1
1640,1207,1
5057,177,1
59153,621,0
39427,40,0
50799,4,0
3057,1012,1
427,1,1
983,483,1
23367,877,0
1614,1,1
62060,80,0
627,87,1
47472,776,0
1975,886,1
2003,884,1
94754,451,0
28349,177,0
3048,282,1
2917,9,0
84869,263,0
3856,431,1
3301,196,1
300,1124,1
3391,0,1
84431,40,0
92414,105,0
82911,1299,0
306,273,1
14967,253,0
1065,1222,1
15075,67,0
3305,460,1
54137,35,0
83052,1207,0
1618,587,1
336,1394,1
48509,318,0
3154,1,1
3089,24,1
2561,98,1
65796,1197,0
3786,126,0
92510,256,0
1217,15,1
71640,621,0
23829,9,0
3929,1197,1
4257,39,1
66444,504,0
76,88,1
446,87,1
163,394,1
1572,89,1
86604,950,0
91425,3,0
8200,1267,0
94183,249,0
249,995,1
1136,740,1
88947,39,0
1403,105,1
73,41,1
5416,139,1
1565,58,1
103,17,1
1362,5,1
1035,913,1
187,137,1
59340,6,0
82853,114,0
273,1396,1
3318,5,1
89415,269,0
4961,1210,1
99218,0,0
68871,18,0
22911,1392,0
42411,38,0
96,844,1
1626,1124,1
979,18,1
808,1,1
102675,859,0
1197,73,1
63089,109,0
1912,24,1
90561,344,0
41846,33,0
44868,205,0
53419,30,0
2441,37,1
72952,431,0
21315,105,0
61319,72,0
93905,882,0
1204,173,1
1632,288,1
2440,621,1
17363,502,0
33798,89,0
17500,78,0
69716,592,0
1098,171,1
97598,686,0
2852,520,1
12225,305,0
4345,177,1
55723,776,0
984,64,1
2371,21,1
40162,248,0
47254,9,0
12644,784,0
2414,318,1
6064,47,1
1366,247,1
16571,40,0
875,680,1
222,456,1
59837,880,0
66933,21,0
374,57,1
14115,92,0
85600,1203,0
1810,38,1
64208,1210,0
818,249,1
3178,45,1
124,953,1
388,349,1
1101,196,1
89701,561,0
98070,203,0
306,76,1
62404,1269,0
77071,21,0
14017,1207,0
23148,196,0
97468,45,0
2668,157,1
3600,344,1
26,431,1
565,315,1
76477,750,0
40645,503,0
1647,109,1
52530,882,0
73,351,1
124,948,1
4332,98,1
2170,4,1
1504,89,1
92162,129,0
5609,41,1
1891,13,1
25293,1,0
88814,252,0
105699,89,0
1321,256,1
1400,525,1
105670,9,0
346,1394,1
327,502,1
46687,626,0
191,139,1
3930,177,1
557,551,1
65649,109,0
3284,953,1
31,1138,1
415,880,1
19816,151,0
987,12,1
280,270,1
1610,64,1
66383,137,0
54451,179,0
103679,37,0
3529,503,1
92027,434,0
2046,838,1
176,1207,1
46804,309,0
2535,784,1
1691,0,1
23392,47,0
43171,1124,0
60373,1196,0
1584,1124,1
3010,1200,1
2126,429,1
783,76,1
105443,791,0
3929,521,1
557,867,1
188,45,1
2481,13,0
2373,288,1
67989,179,0
1364,426,1
62795,0,0
397,12,1
98430,1244,0
2219,1,1
1221,24,1
4361,1217,1
37857,1228,0
1885,4,1
9837,919,0
12828,878,0
3636,16,1
552,3,1
79820,21,0
77971,74,0
243,189,1
5632,38,1
4716,170,0
1368,1482,1
57468,64,0
98371,520,0
4199,71,1
177,562,1
811,426,1
31817,945,0
49,58,1
4293,1262,1
15110,259,0
69566,805,0
1057,12,0
1107,401,1
20417,57,0
88501,487,0
61,285,1
74892,97,0
2165,58,1
13695,61,0
4696,480,1
3559,171,1
2965,1245,0
96110,487,0
1367,97,1
3036,541,1
77690,9,0
102006,921,0
105184,29,0
6222,58,1
552,149,1
32,227,1
5222,72,1
85788,620,0
81490,16,0
5264,1196,1
138,180,1
2259,39,0
27682,114,0
68035,57,0
5487,1197,1
89731,36,0
190,105,1
2435,144,1
1032,259,1
96612,856,0
387,217,1
818,488,1
13366,151,0
4294,39,1
76170,21,0
5228,1392,1
21027,21,0
7697,21,0
1838,196,1
32531,951,0
763,87,1
137,282,1
104465,58,0
1487,12,1
14023,270,0
3344,263,1
58964,799,0
78895,13,0
3329,424,1
75581,158,0
72810,205,0
591,227,1
208,394,1
11895,1207,0
245,2,1
101016,744,0
995,97,1
4421,318,1
15051,98,0
89336,317,0
2353,128,1
276,39,1
60208,269,0
2608,45,1
2549,2,1
6172,829,1
917,504,1
1442,76,1
87478,1255,0
104339,13,0
6055,58,1
77332,31,0
64054,78,0
31311,44,0
658,109,1
1205,9,1
86230,791,0
4208,41,1
61,175,1
2462,882,1
32865,246,0
52801,13,0
91980,38,0
43769,45,0
1184,21,1
4361,318,1
5823,58,1
2476,175,1
2756,58,1
78085,942,0
2885,950,1
233,246,1
64,213,1
50668,78,0
314,21,1
1903,462,1
1491,74,1
81774,12,0
38378,17,0
940,4,1
336,1,1
100792,562,0
280,18,1
85282,79,0
75630,58,0
75715,256,0
4560,45,1
3494,9,1
770,109,1
91913,17,0
93285,124,0
4752,431,1
2381,214,1
437,247,1
2073,905,1
23041,37,0
1647,15,1
1553,206,0
1354,429,1
101776,130,0
1816,480,1
902,776,1
89279,460,0
2757,58,1
15666,892,0
89386,40,0
43453,105,0
21694,47,0
1455,847,1
179,1207,1
578,351,1
40392,458,0
131,119,1
42296,21,0
87827,141,0
3527,435,1
23,1197,1
38657,1381,0
16827,130,0
492,305,1
2820,410,1
19523,614,0
105906,9,0
59671,1200,0
74245,269,0
5978,41,1
682,502,1
25420,18,0
1904,431,1
3624,9,1
327,72,1
2211,251,1
992,949,1
1030,431,1
42115,13,0
3559,172,1
2213,179,1
4501,41,1
101305,217,0
2019,445,1
48036,98,0
2046,363,0
88868,4,0
3902,97,1
5087,431,1
3971,776,1
9865,21,0
306,445,1
3135,259,1
3656,61,1
490,114,1
3195,171,1
59708,217,0
338,124,1
94608,488,0
3432,456,1
6876,1193,0
105199,37,0
105358,285,0
902,255,1
53507,98,0
363,685,1
54520,196,0
56343,68,0
97821,245,0
11519,24,0
47795,276,0
3628,282,1
101,149,1
624,323,1
2228,394,1
6296,1,0
1583,15,1
15291,39,0
45668,217,0
2076,39,1
3810,1456,1
41,1210,1
2940,1315,1
365,38,1
63271,91,0
622,431,1
43629,313,0
100810,1199,0
1521,21,1
3161,21,1
23207,819,0
1887,40,1
57106,503,0
942,141,1
20938,270,0
8884,4,0
49932,269,0
65918,258,0
99144,69,0
922,12,1
4183,1,0
1363,114,1
841,220,1
88862,87,0
65867,849,0
2441,256,1
2833,621,1
66367,943,0
924,882,1
2799,225,1
2226,270,1
1797,58,1
65684,72,0
1622,78,1
83750,12,0
1109,194,1
15390,1199,0
56285,1124,0
75190,685,0
1618,252,1
121,823,1
94500,313,0
59745,128,0
4598,78,1
56335,160,0
15213,78,0
103771,376,0
55911,884,0
1409,1124,1
2131,4,1
67371,109,0
36905,1194,0
6059,35,1
11414,160,0
68007,1200,0
2107,78,1
211,138,1
62911,1202,0
100493,15,0
7,40,0
3348,16,0
4184,961,1
70,387,1
1863,1197,1
288,1334,1
2245,1197,1
56563,179,0
3490,0,1
12318,4,0
140,248,1
1798,153,1
2646,16,1
704,270,1
66696,5,0
63449,61,0
1677,33,1
11858,1016,0
986,458,1
3128,150,1
106,1224,1
5791,39,1
1660,217,1
1850,9,1
11518,409,0
87145,37,0
2457,364,1
5013,1197,1
1725,180,1
87613,35,0
302,97,1
47076,541,0
5278,6,1
1202,877,1
59,1207,1
4303,6,1
71322,823,0
61877,1080,0
81541,9,0
81955,57,0
27,213,1
33228,431,0
128,69,1
2826,0,1
70202,21,0
39931,1200,0
3366,942,0
68777,989,0
35141,764,0
2853,795,1
876,606,1
2522,306,1
3019,128,1
902,253,1
4432,1093,1
362,65,1
1370,281,1
58422,451,0
48,195,1
3333,9,1
1684,764,1
82683,21,0
3064,288,1
15920,189,0
456,13,1
1485,80,1
74681,138,0
567,1101,1
4786,1154,0
48308,45,0
56106,480,0
28919,1210,0
32645,203,0
1372,80,1
49018,943,0
12784,91,0
36440,3,0
60762,431,0
92203,235,0
966,789,1
44598,40,0
96935,33,0
104,114,1
93544,1094,0
285,1299,1
448,220,1
61233,50,0
1618,36,1
105803,5,0
37681,225,0
93347,524,0
37687,24,0
5378,529,1
25674,58,0
78907,57,0
2647,41,1
2817,391,1
99386,4,0
1114,418,1
54143,160,0
53031,24,0
2511,434,1
3043,859,1
362,1172,1
2453,69,1
1707,364,1
45443,551,0
20565,352,0
3641,33,0
1935,252,1
157,1200,1
225,35,1
4094,877,1
45985,129,0
45208,44,0
1661,206,1
1631,33,1
19329,109,0
13798,6,0
31221,114,0
50916,411,0
2440,171,1
927,9,1
73044,1439,0
2043,12,1
74533,21,0
5820,9,1
47669,57,0
3920,265,1
3075,12,0
56,37,1
65999,806,0
4819,569,1
18758,1349,0
86047,31,0
3892,21,1
5992,1456,1
5720,98,1
3406,39,1
25036,394,0
33262,109,0
53134,1379,0
64622,202,0
1490,53,1
49920,24,0
1114,648,1
3578,21,1
5695,105,1
3225,2,1
72970,40,0
92545,65,0
2005,177,1
3066,233,1
63918,1245,0
99226,177,0
20311,100,0
5341,170,1
2568,776,1
26,1210,1
437,593,1
26269,98,0
1937,58,1
86029,12,0
72958,109,0
13910,44,0
167,1197,1
76497,961,0
1615,149,1
51028,220,0
86005,543,0
383,21,1
96117,282,0
101728,128,0
108,520,1
1104,152,1
127,621,1
375,1396,1
16909,58,0
77363,961,0
1208,150,1
3243,6,1
43901,351,0
8726,1075,0
30565,47,0
519,33,1
6250,24,1
102,282,1
104980,155,0
70595,283,0
27646,282,0
97322,24,0
66135,89,0
71215,154,0
8739,24,0
6178,40,1
72558,3,0
25056,541,0
72585,172,0
89532,318,0
34752,191,0
29351,124,0
2885,673,1
43302,4,0
148,195,1
1035,305,1
68384,795,0
3354,177,1
75016,152,0
90382,948,0
4771,1207,1
100172,1196,0
347,1227,1
95950,1194,0
101,945,1
93908,39,0
1530,620,1
59012,220,0
1197,68,1
41862,801,0
3378,40,1
3309,41,1
41350,882,0
1550,233,1
70688,40,0
43451,1207,0
378,71,1
45842,91,0
5205,1197,0
342,253,1
35717,321,0
76451,431,0
1463,392,1
1345,133,1
125,886,1
2362,121,1
24405,1198,0
101611,252,0
66102,36,0
76664,109,0
94678,151,0
336,877,1
74044,41,0
1624,449,1
86186,220,0
30602,105,0
87173,776,0
24786,460,0
1618,501,1
559,481,1
1356,29,1
125,35,1
10073,57,0
2518,269,1
644,305,1
1350,671,1
229,282,1
5975,1456,1
125,909,1
286,79,1
3599,13,1
118,844,1
25047,76,0
320,468,1
99682,1408,0
24286,1296,0
1544,859,1
95453,424,0
12772,232,0
5908,776,0
620,12,1
60717,431,0
2837,249,1
4208,39,1
1098,119,1
3597,0,1
33521,9,0
1009,256,1
100832,39,0
549,121,1
83,621,1
1145,125,1
959,468,1
89511,114,0
898,114,1
3073,139,1
72035,304,0
14,195,1
631,905,1
44055,177,0
5946,1176,1
60696,111,0
2554,1210,1
3143,847,1
190,45,1
1627,84,1
101382,21,0
48755,482,0
1488,128,1
1179,1224,1
87066,270,0
39125,24,0
4073,256,1
17,351,1
45490,87,0
36966,351,0
686,809,1
52164,44,0
77889,776,0
31969,464,0
3871,961,1
2040,327,1
35212,189,0
72535,364,0
910,520,1
56179,91,0
1536,36,1
2446,654,1
302,37,1
52276,21,0
194,787,1
2820,98,1
1591,844,1
1455,65,1
2549,942,1
51107,114,0
64624,242,0
3595,434,1
96801,1164,0
96991,97,0
26531,173,0
323,109,1
3006,623,1
2451,783,1
2102,21,1
1832,256,1
24576,35,0
61988,292,0
105168,58,0
73287,73,0
1475,283,1
233,253,1
27045,76,0
85545,1339,0
256,71,1
58014,654,0
98788,114,0
5730,4,1
2885,883,1
45325,215,0
3275,639,1
102620,156,0
50160,21,0
66217,1,0
948,2,1
48,1194,1
103616,767,0
65270,729,0
29446,33,0
917,0,1
26177,80,0
41288,33,0
841,1198,1
100238,282,0
1671,21,1
557,155,1
1664,57,1
81022,175,0
157,654,1
94,800,1
66620,431,0
2021,256,1
25218,1253,0
2969,16,1
576,831,1
101641,263,0
1380,221,1
77355,129,0
423,71,1
92586,306,0
90963,125,0
2149,1200,1
1304,1207,1
2412,125,1
11456,58,0
14993,213,0
1419,128,1
1010,13,1
96725,137,0
55944,877,0
78701,1269,0
2446,41,1
2002,12,1
3236,40,1
95087,18,0
43651,21,0
52062,424,0
3910,147,0
38867,2,0
285,8,1
97223,1217,0
67408,89,0
1937,504,0
5978,37,1
1604,145,1
2659,282,1
105468,431,0
4237,39,1
1536,744,1
779,776,1
15470,282,0
5287,57,1
1406,109,1
413,1010,1
67325,885,0
31008,125,0
784,41,1
54247,405,0
647,45,1
108,878,1
5055,1197,1
93870,318,0
2045,376,1
40869,114,0
96981,61,0
56,138,1
2085,298,1
36996,844,0
97994,256,0
23738,1194,0
86579,64,0
5389,14,1
2232,78,0
1690,111,1
79619,9,0
20650,9,0
313,1200,1
3002,1202,1
4649,362,1
88,47,1
90312,69,0
675,920,1
71146,16,0
19745,79,0
5708,1198,1
1401,45,1
3224,269,1
67,1210,1
1188,388,1
6012,318,1
3248,610,1
3543,205,1
1971,67,1
31,910,1
1517,138,1
437,248,1
8623,41,0
125,233,1
373,6,1
21200,36,0
97131,424,0
96613,1193,0
40433,177,0
89611,6,0
1350,248,1
1455,606,1
92328,242,0
1362,78,1
548,234,1
2162,128,1
670,304,0
4313,21,1
29966,500,0
55696,98,0
30934,189,0
5093,40,0
56,173,1
77647,107,0
32901,12,0
31597,45,0
41484,213,0
46031,769,0
3580,41,1
586,40,1
51272,258,0
2561,892,1
302,40,1
96848,246,0
2040,798,1
43482,203,0
2909,194,1
65284,491,0
2374,362,1
57467,13,0
101749,37,0
71956,150,0
1693,1202,1
84682,231,0
1171,145,1
52017,177,0
112,12,1
14235,130,0
3101,1394,1
15126,54,0
43318,1197,0
912,65,1
41827,38,0
47,828,1
4589,362,1
22581,264,0
20058,13,0
1429,394,1
70331,344,0
2459,431,0
34424,456,0
6268,253,0
26211,1411,0
84948,114,0
966,217,1
266,449,1
460,80,1
29566,12,0
10304,245,0
27708,130,0
104042,21,0
746,13,1
90100,150,0
3136,258,1
256,504,1
2525,246,1
4154,989,1
8862,0,0
1163,91,1
4462,220,1
71681,844,0
93545,175,0
10299,394,0
83500,456,0
249,487,1
30,593,1
32672,21,0
66644,835,0
42464,4,0
3378,41,1
39695,78,0
3340,1,1
90514,1193,0
14451,394,0
568,4,1
2275,859,1
12792,15,0
25917,37,0
70,386,1
103582,281,0
30326,0,0
81811,1200,0
17297,487,0
36601,1198,0
589,61,1
1243,995,1
90375,207,0
1374,87,1
2300,33,1
92885,1340,0
88960,429,0
48000,440,0
78630,144,0
8812,305,0
4351,1433,1
54802,1012,0
5910,394,1
3528,5,1
82519,65,0
60548,1210,0
5190,616,0
2209,1198,1
413,145,1
85649,6,0
1366,245,1
22427,438,0
22753,946,0
21857,460,0
33621,175,0
678,15,0
59460,39,0
2885,45,1
137,283,1
108,61,1
58777,376,0
34555,953,0
81807,882,0
4519,45,1
5775,1124,1
70035,1200,0
52652,177,0
2599,58,1
29450,125,0
78879,776,0
77528,194,0
28134,128,0
15075,24,0
80902,714,0
43731,823,0
28442,3,0
3015,194,1
39497,481,0
46686,35,0
71492,913,0
2789,39,1
3524,40,1
13802,24,0
2543,92,0
2434,339,1
3578,333,0
4567,130,1
26823,29,0
40468,821,0
99283,1245,0
5404,175,1
1462,29,1
231,5,1
2244,98,1
66376,878,0
2919,806,1
618,442,1
2304,129,1
90114,408,0
629,379,1
564,315,1
108,200,1
4594,217,0
37575,379,0
68739,192,0
2845,194,1
1471,1194,1
1272,438,1
29617,91,0
70278,9,0
32582,172,0
39152,21,0
31,33,1
50399,71,0
2175,12,1
62135,175,0
3365,24,1
3628,9,1
592,693,1
3047,1396,1
215,270,1
78491,256,0
910,157,1
2751,144,1
437,340,1
2476,1198,1
3176,41,1
55353,9,0
47321,9,0
27530,24,0
32188,109,0
4062,318,0
1350,456,1
25756,253,0
222,175,1
8756,949,0
27,300,1
34232,304,0
578,886,1
1701,129,1
25649,568,0
328,45,1
92416,139,0
99877,255,0
3543,41,1
188,339,1
559,248,1
1614,213,1
559,73,1
102653,1197,0
26,174,1
4220,58,1
3310,391,1
84310,139,0
55483,715,0
52446,621,0
26,183,1
25597,965,0
71594,284,0
20284,248,0
100956,128,0
7035,192,0
1930,78,1
222,259,1
4486,41,1
1365,13,1
41292,78,0
11,14,1
80286,431,0
1796,45,1
853,114,1
85697,456,0
2469,220,1
73,305,1
14081,318,0
52644,880,0
32100,1207,0
365,40,1
45687,809,0
71473,37,0
43324,29,0
1552,468,0
5978,351,1
4094,878,1
131,1197,1
53899,190,0
16896,156,0
49801,72,0
644,1234,1
3064,57,1
34564,0,0
3936,306,1
910,153,1
1640,784,1
49,288,1
1365,506,1
424,109,1
5978,205,1
304,107,1
1555,344,1
13927,0,0
30607,180,0
32737,429,0
85,151,1
169,110,1
53,481,1
95649,47,0
1467,88,1
8133,58,0
1556,12,1
100572,728,0
98014,910,0
2579,50,1
579,150,1
24641,423,0
74260,269,0
225,621,1
103512,0,0
549,1197,1
17248,531,0
3120,1202,1
77070,56,0
742,109,1
3653,124,1
163,955,1
12052,41,0
4542,21,1
163,945,1
24358,297,0
4301,13,0
2765,13,1
809,1194,1
851,776,1
18528,173,0
20,6,1
2428,233,1
15780,82,0
85729,193,0
3714,177,0
50856,72,0
64234,394,0
437,1245,1
552,13,1
784,68,1
2471,76,1
2565,321,1
58146,778,0
100,40,1
138,37,1
33805,13,0
1520,1122,1
50276,47,0
901,282,1
1075,431,1
83550,39,0
1631,68,1
3284,45,1
2956,13,1
47994,246,0
54717,111,0
7738,878,0
27528,98,0
945,529,1
31,776,1
29466,1396,0
61937,41,0
36685,246,0
11405,16,0
2709,145,1
90396,9,0
23055,114,0
54992,186,0
25871,909,0
3906,1210,1
4791,49,0
62590,878,0
3277,202,1
1205,12,1
99284,263,0
85635,207,0
917,41,1
84932,776,0
1957,409,1
103392,47,0
59695,118,0
1367,61,1
81,394,1
3300,45,1
62640,1197,0
34972,1075,0
54045,790,0
618,814,1
41247,98,0
58457,1197,0
32392,129,0
49326,1,0
2126,424,1
1689,186,1
1691,41,1
385,48,1
52274,4,0
75893,17,0
2819,281,1
53178,57,0
52453,1023,0
1632,155,1
972,13,1
1979,217,1
29222,3,0
304,40,1
92,283,1
70,175,1
46563,946,0
4615,15,0
1856,118,0
437,600,1
467,1029,1
17869,33,0
37677,40,0
5453,425,1
2817,202,1
3529,71,1
29764,37,0
913,129,1
14,29,1
32867,57,0
1791,61,1
35753,150,0
4047,961,1
75400,145,0
1851,21,1
14372,139,0
5973,431,1
25684,45,0
1163,1200,1
54233,41,0
5445,1439,1
5031,145,1
77259,78,0
89417,91,0
27822,456,0
80820,390,0
94796,179,0
474,1200,1
7,808,1
36592,0,0
93387,502,0
3065,24,1
21629,282,0
4114,621,1
640,643,1
552,602,1
315,795,1
5352,1197,1
2345,129,1
105500,177,0
57858,207,0
559,89,1
1980,82,1
96838,460,0
85645,39,0
24448,994,0
1794,45,1
38,340,1
18058,4,0
85834,191,0
97914,171,0
1501,4,1
1919,24,1
49047,177,0
578,19,1
61218,1197,0
85,246,1
7,1,1
1915,315,1
443,1124,1
4014,431,1
233,21,1
28379,172,0
1636,962,1
42014,186,0
1543,65,1
74760,1,0
4901,1210,1
153,882,1
60594,504,0
2964,1255,1
293,139,1
775,1194,1
1536,9,1
691,35,1
5313,92,1
17320,64,0
5057,57,1
56368,189,0
53276,39,0
4669,409,1
587,828,1
68119,430,0
2412,21,1
49397,205,0
9116,118,0
3242,150,1
91012,173,0
17,305,1
70407,1333,0
95699,486,0
2456,16,1
1182,80,1
54224,17,0
3097,129,1
23656,306,0
1660,61,1
1617,776,1
1677,282,1
92712,98,0
163,17,1
2643,157,1
23308,646,0
47167,1218,0
29,196,1
73,154,1
11142,1197,0
898,44,1
2045,175,1
155,126,1
707,109,1
64723,177,0
379,40,1
104153,318,0
53,253,1
88888,626,0
68780,169,0
1631,9,1
1367,71,1
14189,57,0
38290,1198,0
70141,1075,0
4738,64,0
64596,19,0
552,438,1
82430,376,0
1164,40,1
1945,399,1
1910,506,1
5757,5,1
823,1396,1
73184,40,0
3076,961,1
336,125,1
1722,105,1
1279,1197,1
1615,1394,1
2364,41,1
4362,431,1
33133,681,0
37520,17,0
1832,175,1
2097,40,1
25254,4,0
648,375,0
36195,1197,0
302,246,1
236,327,1
6396,41,0
2248,1224,1
101927,54,0
1689,24,1
1136,252,1
4511,68,1
299,1423,1
1433,24,1
103491,89,0
52365,72,0
21,783,1
795,927,0
82628,36,0
2175,39,0
3561,45,1
2605,17,1
100620,67,0
1618,253,1
1074,394,1
313,217,1
360,41,1
39346,97,0
88116,458,0
62267,89,0
65081,905,0
22395,180,0
2372,150,1
1381,12,1
52252,45,0
896,910,1
64789,50,0
894,177,1
80394,205,0
3122,109,1
29132,35,0
575,45,1
67377,1,0
46456,607,0
898,1199,1
1184,91,1
557,548,1
1501,76,1
4694,21,1
1491,859,1
461,64,1
1691,57,1
327,114,1
327,69,1
291,1,1
78986,431,0
676,317,1
1363,9,1
61250,186,0
2820,568,1
3064,150,1
465,394,1
63666,141,0
1366,207,1
3480,35,1
11727,621,0
40012,9,0
191,1315,1
105646,40,0
16843,1224,0
176,1413,1
59032,41,0
7710,40,0
7276,1050,0
82543,109,0
578,668,1
45026,1339,0
1596,463,1
578,150,1
12376,124,0
63222,822,0
98262,21,0
3512,4,0
574,451,1
302,248,1
1640,783,1
86565,21,0
1365,158,1
2281,24,1
2033,600,1
2521,431,1
74714,57,0
518,180,1
2034,91,1
82925,76,0
124,820,1
42528,21,0
3529,501,1
87907,1198,0
990,16,1
1530,114,1
84939,961,0
101626,8,0
1693,1,1
5083,538,0
23,394,1
101357,109,0
78699,39,0
2018,579,1
51860,4,0
62999,109,0
35720,431,0
82829,886,0
41818,953,0
1400,97,1
8513,173,0
85519,141,0
54,352,1
157,930,1
39516,78,0
25986,256,0
5978,233,1
4303,4,1
227,352,1
101,1199,1
335,224,1
2435,220,1
5566,215,1
1708,82,1
497,580,1
6094,0,1
67400,1025,0
96558,109,0
77613,18,0
48920,98,0
72829,170,0
2000,58,1
81264,29,0
3193,29,1
1491,424,1
101001,0,0
58,1023,1
784,73,1
7999,68,0
1231,1243,1
1022,79,1
724,124,1
38,9,1
52873,787,0
5057,172,1
5276,98,1
48891,24,0
934,269,1
389,18,1
1536,38,1
48303,74,0
18586,114,0
3060,447,1
5710,1199,0
4247,39,1
1700,9,1
55027,1196,0
61301,47,0
995,555,1
536,220,1
13910,776,0
618,1226,1
4376,394,1
1480,137,1
3937,125,0
95216,35,0
1289,1196,1
1264,12,1
2678,9,1
681,169,1
47895,233,0
86201,263,0
724,189,1
31492,155,0
445,905,1
853,150,1
49586,76,0
85936,615,0
66556,248,0
38439,909,0
1350,201,1
10219,1207,0
4417,44,1
1464,21,1
1455,1415,1
101,510,1
68489,33,0
101093,255,0
2364,76,1
42301,1,0
23648,431,0
102609,209,0
88583,1198,0
45273,38,0
81223,1356,0
5949,297,1
47840,89,0
3165,521,1
3227,89,1
42486,47,0
1176,175,1
71764,394,0
35771,954,0
40468,764,0
7890,194,0
50249,1456,0
3025,40,1
1175,344,1
2953,1124,1
944,1249,1
58540,173,0
306,905,1
18308,72,0
3866,21,1
14670,598,0
2357,21,1
85,292,1
2526,37,0
2920,431,1
1390,109,1
841,124,1
71921,233,0
49021,39,0
22880,431,0
67213,253,0
148,3,1
6423,91,0
546,139,1
1699,171,1
17305,1200,0
34930,140,0
68618,270,0
23735,776,0
5646,269,1
3859,458,0
35228,109,0
85455,203,0
86275,47,0
75297,394,0
54388,438,0
581,394,1
96412,273,0
94667,114,0
1690,456,1
4079,1043,1
3523,403,1
84026,468,0
459,21,1
63646,24,0
98239,948,0
65184,45,0
58627,5,0
10643,41,0
1078,18,1
1465,150,1
29545,72,0
2881,269,1
58809,431,0
4565,1,1
102,1300,1
93070,13,0
314,431,1
56983,39,0
8768,44,0
1631,621,1
559,91,1
204,1439,1
11544,171,0
35831,431,0
3540,0,1
942,491,1
77100,21,0
5672,256,1
587,124,1
41057,24,0
1175,821,1
36917,114,0
2618,784,1
127,15,1
4605,78,1
9272,88,0
25,231,1
2673,822,1
1205,525,1
4362,1200,1
87099,12,0
19659,478,0
172,784,1
10081,256,0
890,33,1
212,305,1
84564,394,0
2815,1261,1
103307,15,0
469,64,1
57676,207,0
36847,942,0
61708,9,0
1739,965,1
5944,61,1
2820,149,1
41776,177,0
1668,546,1
40128,1012,0
4288,473,1
86481,269,0
6563,4,0
63568,114,0
2956,91,1
61,44,1
49925,157,0
4978,1196,1
3605,997,1
24289,39,0
95419,0,0
29527,460,0
3134,21,1
747,189,1
72772,1200,0
14394,217,0
1615,282,1
21,45,1
13636,1073,0
62641,12,0
65298,61,0
1650,429,1
1697,424,1
93468,424,0
987,235,1
79018,109,0
332,58,1
3601,109,1
63215,529,0
5042,1197,1
5057,160,1
488,302,1
101763,981,0
2441,24,1
1334,152,1
336,263,1
46894,318,0
3882,181,0
552,190,1
218,17,1
74897,776,0
1691,621,1
69480,961,0
1779,82,1
83704,91,0
2532,28,1
86068,1198,0
33289,44,0
4878,1347,1
20119,521,0
24389,307,0
32594,255,0
280,865,1
20252,616,0
2268,9,1
2510,1396,1
76830,61,0
3324,455,1
4442,394,1
128,73,1
580,205,0
2273,823,1
88508,607,0
85373,229,0
1240,283,1
2233,47,1
82616,38,0
25179,207,0
1990,206,1
302,615,1
49,776,1
91612,4,0
2750,24,1
4031,518,0
44884,248,0
4527,151,1
68033,456,0
295,5,1
5304,1198,1
3542,78,1
1491,155,1
8787,297,0
56234,1210,0
26313,29,0
96340,583,0
70771,45,0
1783,61,1
3344,38,1
30976,1193,0
1773,21,1
809,1210,0
1520,128,1
102451,583,0
56453,269,0
56887,258,0
70438,245,0
11918,1210,0
101518,569,0
17282,270,0
5156,21,1
75143,1198,0
559,21,1
63326,78,0
32053,4,0
3064,38,1
1188,248,1
66313,150,0
473,47,1
2323,382,0
1399,937,1
66120,171,0
1078,220,1
10079,150,0
2673,1371,1
18292,363,0
60320,246,0
98025,150,0
1491,71,1
65379,98,0
557,578,1
64732,67,0
3653,431,1
67131,884,0
90468,109,0
910,504,1
3229,1197,1
16912,237,0
1141,303,1
902,711,1
2554,1194,1
559,968,1
1536,33,1
1690,13,1
47499,394,0
37599,56,0
2100,124,0
128,67,1
92404,139,0
1521,955,1
289,282,1
2668,114,1
966,200,1
724,88,1
101214,670,0
72894,39,0
1374,92,1
4892,1196,1
995,561,1
734,344,1
4688,87,0
2439,276,1
1367,205,1
53986,125,0
4811,1194,1
51218,859,0
1078,905,1
14178,288,0
992,45,1
996,78,1
30952,685,0
99419,98,0
127,431,1
468,744,1
66816,255,0
612,9,1
82855,401,0
351,823,1
80641,805,0
100587,45,0
912,245,1
47108,1210,0
37062,17,0
1366,91,1
22724,125,0
281,818,1
86542,67,0
28925,21,0
9362,1210,0
33600,456,0
1691,775,1
39,124,1
1249,621,1
56245,76,0
70626,64,0
23046,47,0
19446,200,0
61556,8,0
101067,501,0
103123,1249,0
124,944,1
1668,445,1
233,884,1
35939,44,0
22554,1394,0
2412,35,1
4514,129,1
57990,67,0
92862,9,0
38962,35,0
4425,543,0
79,16,1
2260,156,1
4293,4,1
124,73,1
103225,217,0
45386,570,0
317,21,1
117,4,1
21868,424,0
3574,570,1
18571,9,0
29468,776,0
3500,249,0
23740,961,0
71521,17,0
5046,1207,1
54564,671,0
1615,48,1
285,124,1
1638,24,1
5636,4,1
2905,36,1
154,231,1
552,510,1
887,281,1
2497,109,1
37137,238,0
89869,246,0
53456,78,0
1808,4,1
3088,9,1
21996,69,0
2017,392,1
43790,955,0
41722,392,0
3101,282,1
56,411,1
33477,944,0
1632,33,1
67718,91,0
65137,9,0
98098,859,0
37560,91,0
183,57,1
2627,362,1
17077,948,0
27229,431,0
56020,45,0
55166,303,0
57639,54,0
7025,17,0
64385,109,0
61247,1334,0
91043,35,0
64906,441,0
1521,956,1
21591,78,0
38614,109,0
59505,186,0
704,248,1
593,621,1
60870,97,0
82023,794,0
90476,154,0
30024,140,0
2374,130,1
31468,1197,0
63844,171,0
1455,344,1
3831,882,1
61,217,1
1350,877,1
346,40,1
2554,776,1
1123,362,1
61,1200,1
84465,1207,0
233,24,1
66910,97,0
6751,0,0
2755,217,1
10155,21,0
71,776,1
5984,1457,1
5508,3,1
65812,133,0
249,965,1
66897,0,0
98564,921,0
3478,35,1
488,342,1
49,177,1
68972,394,0
1349,9,1
2594,17,1
2438,394,1
54811,61,0
54501,109,0
1455,251,1
51904,84,0
2440,74,1
33845,510,0
1350,217,1
102417,270,0
53475,941,0
71898,13,0
97866,71,0
549,177,1
6087,39,1
1336,327,1
2521,53,1
31323,24,0
93151,128,0
5088,1197,1
92,791,1
270,270,1
304,12,0
1655,140,1
39651,21,0
102530,256,0
127,237,1
15131,542,0
11696,214,0
2519,220,1
46943,0,0
1172,256,1
90613,468,0
24431,503,0
68197,28,0
406,394,1
19699,138,0
44330,252,0
32251,24,0
3346,35,1
64079,98,0
41541,71,0
2852,882,1
26,800,1
39706,431,0
69174,145,0
92,288,1
2126,114,1
85296,877,0
103639,1143,0
32094,71,0
3366,503,1
14478,173,0
500,71,1
552,118,1
3738,685,0
33155,151,0
67636,480,0
20472,82,0
105008,282,0
1651,13,1
5013,214,0
1352,13,1
61913,327,0
15845,118,0
2642,859,1
5775,118,0
124,67,1
327,54,1
2428,21,1
70026,1227,0
2549,951,1
2502,78,1
35763,80,0
75,1199,1
45865,91,0
4962,1210,1
13434,47,0
103059,394,0
74714,97,0
59720,13,0
11649,394,0
29631,1197,0
3197,150,1
49968,202,0
50638,229,0
3336,21,1
76,24,1
67737,71,0
91147,141,0
4221,0,1
25,1005,1
82020,203,0
1934,1194,1
917,256,1
4418,394,1
149,1029,1
4528,21,1
555,431,1
1061,21,1
2606,256,1
80445,21,0
97999,1245,0
66837,57,0
13289,149,0
1510,82,1
56264,68,0
1501,502,1
26768,580,0
105627,179,0
53278,189,0
289,31,1
101569,9,0
591,154,1
1517,190,1
88453,1472,0
47268,58,0
102114,44,0
2412,258,1
457,109,1
73,818,1
91715,36,0
142,221,0
86,344,1
44293,14,0
78400,1448,0
92112,259,0
18672,1132,0
2168,460,1
4840,1236,1
79295,76,0
2353,425,1
57380,38,0
547,321,1
39198,352,0
53062,546,0
47419,47,0
93246,3,0
1077,820,1
124,954,1
5142,431,1
640,361,1
87233,431,0
66822,41,0
64116,144,0
1544,44,1
21404,323,0
634,905,1
9423,968,0
72909,201,0
76922,376,0
60112,180,0
437,44,1
7755,39,0
26622,582,0
10857,21,0
103414,13,0
29617,92,0
64802,251,0
423,728,1
59006,21,0
103829,1400,0
39104,220,0
48854,41,0
98838,1466,0
69060,41,0
62904,814,0
4447,1200,1
302,68,1
3064,21,1
42241,58,0
73514,41,0
14229,394,0
7451,44,0
1363,252,1
613,1198,1
5195,1227,1
437,607,1
67636,823,0
3629,1198,1
358,64,1
1010,9,1
93006,150,0
4253,27,1
11016,12,0
389,877,0
4175,44,1
26,97,1
74977,800,0
60693,1194,0
53450,9,0
6022,140,1
60881,431,0
3429,488,1
4476,88,1
2732,179,1
803,109,1
1367,504,1
1367,72,1
5002,1197,1
246,880,0
1618,882,1
1349,4,1
575,205,1
63303,877,0
214,3,1
2441,1394,1
80279,344,0
15059,1196,0
43900,79,0
179,639,1
228,9,1
13815,179,0
71259,21,0
53663,1284,0
6172,1197,1
108,1083,1
12,213,1
4858,1198,0
96975,21,0
63456,478,0
72778,936,0
84132,61,0
91190,139,0
4018,1057,1
9737,217,0
312,97,1
32229,33,0
351,784,1
2333,1197,1
37731,40,0
1322,281,1
2937,846,1
5490,783,1
320,1023,1
82633,1425,0
101,207,1
26,58,1
92,945,1
14141,1207,0
423,193,1
91696,302,0
4163,878,1
2997,109,1
1227,44,1
65641,255,0
53,157,1
38450,58,0
1393,47,1
1040,38,1
2754,41,1
4346,45,1
21666,31,0
15849,36,0
88585,233,0
3513,917,0
267,1210,1
71638,820,0
34128,315,0
3865,128,1
623,47,0
3218,39,1
651,302,0
817,256,1
53366,91,0
53249,252,0
3969,128,1
98452,41,0
1614,4,1
54083,91,0
1360,109,1
125,245,1
3237,21,1
59406,391,0
586,420,1
99078,109,0
1778,78,1
272,1396,1
15846,942,0
56,44,1
59740,39,0
3860,321,0
50425,155,0
50544,623,0
415,41,1
14770,150,0
837,109,1
30776,38,0
593,35,1
4188,776,1
900,47,1
3101,1124,1
111,963,1
26581,89,0
72991,247,0
16777,245,0
3745,486,1
8673,1198,0
2885,67,1
1476,430,1
2446,74,1
966,201,1
3026,225,1
100695,206,0
98318,72,0
49061,685,0
1541,738,1
16978,1124,0
88566,502,0
95360,285,0
49075,1210,0
88235,458,0
2005,13,1
3257,1207,1
60605,65,0
54010,401,0
5048,1197,1
306,212,1
20333,657,0
67687,69,0
55671,9,0
2174,57,1
140,221,1
5660,256,1
22052,217,0
894,74,1
1690,9,1
1464,39,1
76045,269,0
56246,84,0
12364,140,0
14038,124,0
50551,177,0
58107,35,0
101,1256,1
3624,40,1
2812,139,1
35525,953,0
30298,755,0
5562,39,1
58642,438,0
72133,341,0
15601,21,0
83,1082,1
98628,269,0
3622,431,1
1487,913,1
57998,455,0
5162,44,0
578,171,1
79330,24,0
4938,1207,1
59816,157,0
31200,1194,0
2785,217,0
61817,13,0
67820,951,0
55078,209,0
1288,253,1
17255,776,0
586,147,1
92843,21,0
1367,1199,1
67500,153,0
445,78,1
497,946,1
1699,37,1
46438,175,0
1351,128,1
2439,172,1
18680,217,0
5554,1197,1
56,36,1
1739,97,1
3107,928,0
38942,9,0
102110,45,0
137,883,1
75,882,1
71141,905,0
81696,880,0
81443,9,0
587,172,1
902,68,1
101836,950,0
1723,44,1
2110,38,0
75100,15,0
75,97,1
73928,1198,0
54658,203,0
3361,656,1
365,97,1
2703,217,1
618,961,1
80525,1,0
1695,945,1
57311,776,0
253,217,1
2027,423,1
365,171,1
3856,214,1
28480,58,0
65297,57,0
65299,84,0
562,438,1
1524,431,1
79243,74,0
60913,138,0
543,39,1
2126,264,1
60650,894,0
28231,1194,0
64260,859,0
6248,40,0
3527,124,1
97349,40,0
79537,256,0
2406,109,1
3080,180,1
36902,78,0
20699,231,0
1204,9,1
313,403,1
11679,58,0
255,47,1
16907,16,0
21119,217,0
81558,114,0
69570,201,0
22941,158,0
62075,61,0
3304,270,1
306,44,1
23993,400,0
4342,267,1
5513,45,0
8190,17,0
2663,82,1
1644,45,1
2240,263,1
5514,12,1
32,242,1
3971,177,1
9737,65,0
2120,137,1
34611,109,0
51171,1207,0
39,327,1
813,150,1
2660,170,1
86605,173,0
79147,44,0
6328,889,0
1569,152,1
5671,1456,1
552,40,1
91026,72,0
927,171,1
28305,252,0
15830,252,0
77761,89,0
91917,673,0
439,173,1
102360,140,0
6059,36,1
5978,661,1
4737,3,1
55733,190,0
191,65,1
5441,1124,1
1712,458,1
2122,109,1
156,47,1
34735,1315,0
100757,111,0
737,109,1
300,1450,1
44247,1197,0
32261,214,0
938,37,1
5426,693,1
1749,1394,1
3563,942,1
200,590,1
32282,776,0
103,18,1
644,1193,1
22600,114,0
2281,13,1
681,698,1
67293,259,0
342,534,1
3197,873,1
1640,138,1
60735,45,0
94061,884,0
3376,40,1
1130,190,1
995,437,1
72864,12,0
68067,91,0
1620,519,1
917,231,1
2149,47,1
85131,15,0
48417,196,0
94333,8,0
40575,621,0
21007,24,0
84310,205,0
1146,1122,1
716,1194,1
2567,109,1
24701,150,0
24286,58,0
1035,821,1
253,207,1
56456,318,0
157,245,1
67616,44,0
46304,109,0
33713,350,0
91832,73,0
16810,867,0
93779,1,0
66772,1194,0
47463,1207,0
44146,590,0
2094,808,1
2453,724,1
31478,64,0
3213,45,1
59229,859,0
854,256,1
1674,177,1
2713,114,1
1077,527,1
2848,78,1
30879,215,0
70320,179,0
91186,1435,0
65821,44,0
635,423,1
1366,1200,1
2911,1318,1
2788,206,1
253,921,1
18055,1194,0
81654,230,0
21309,98,0
8274,47,0
101583,38,0
26929,78,0
27510,342,0
313,4,1
44878,207,0
938,173,1
144,2,1
461,29,1
14052,769,0
1169,97,1
562,175,1
104316,44,0
22582,1197,0
5308,44,1
227,73,1
86838,220,0
98006,961,0
55483,21,0
3794,877,1
10,47,1
919,1124,1
77376,247,0
5340,9,1
1350,180,1
32533,1072,0
1957,145,1
105468,138,0
101,245,1
5221,1197,1
24834,1196,0
4123,91,0
44233,894,0
38864,9,0
1808,128,1
2158,331,1
5296,37,1
13729,89,0
1618,12,1
87843,344,0
60814,529,0
88029,1004,0
2208,846,1
62364,1200,0
27,1193,1
2703,207,1
66890,256,0
91168,3,0
8680,1,0
85,884,1
1589,376,1
3249,800,1
289,221,1
85229,339,0
1945,1196,1
1536,282,1
313,36,1
71147,1311,0
42278,79,0
40390,681,0
557,205,1
1491,207,1
57269,18,0
207,39,1
41949,312,0
1701,1207,1
69117,44,0
2374,1207,1
65688,98,0
5035,1210,1
56,45,1
59562,114,0
60119,344,0
2519,140,1
22293,909,0
173,800,1
50218,24,0
19827,239,0
561,175,1
82481,506,0
378,206,1
73767,45,0
557,288,1
63824,961,0
2948,270,1
5143,1197,1
54603,1226,0
66240,351,0
73281,6,0
1674,54,1
96196,24,0
3187,41,1
52430,172,0
207,943,1
20868,40,0
33434,213,0
2829,281,1
74505,174,0
772,1197,1
5007,1197,1
1334,394,1
888,21,1
48002,150,0
456,156,1
114,884,1
1225,1198,1
78334,21,0
58538,1200,0
49134,35,0
10188,38,0
44153,12,0
3101,58,1
1768,205,1
26269,140,0
71886,1155,0
4101,877,1
97372,97,0
1934,47,1
24357,58,0
47631,98,0
95789,17,0
87787,878,0
4201,621,1
46547,877,0
60368,128,0
173,1197,1
3578,292,1
10824,487,0
1275,39,1
24124,92,0
2948,269,1
3464,13,1
287,305,1
1773,776,1
1691,21,1
1445,424,1
56050,89,0
60785,57,0
327,12,1
12134,283,0
4644,364,1
15791,154,0
85572,92,0
434,394,1
5421,693,1
94123,693,0
83904,621,0
2640,98,1
43892,72,0
3041,9,1
91259,945,0
62848,304,0
266,321,1
2122,61,1
1318,154,1
31241,40,0
4798,1210,1
14110,21,0
16641,180,0
910,882,1
3116,172,1
3036,173,1
1872,45,1
28518,47,0
58500,21,0
2461,394,1
2307,621,1
7593,91,0
3493,91,1
18879,376,0
2905,252,1
1336,605,1
226,1202,1
35894,538,0
966,790,1
3005,169,1
2554,269,1
2666,1,0
228,480,1
23420,776,0
23732,89,0
426,21,1
809,47,1
1033,394,1
54008,229,0
95242,48,0
2384,270,1
39379,548,0
3472,1396,0
1528,78,1
75875,1200,0
20443,1307,0
67325,1129,0
1074,1227,1
317,1073,1
59083,103,0
1471,246,1
36233,517,0
3223,61,1
1517,1480,1
1865,57,1
467,1200,1
1401,234,1
80474,9,0
73558,344,0
459,776,1
32,40,1
332,344,1
924,37,1
3292,82,1
389,1197,1
1114,417,1
2868,362,1
2232,458,1
603,5,0
5057,793,1
1807,288,1
86684,435,0
1491,504,1
5238,41,1
2559,344,1
31923,431,0
45766,930,0
65375,0,0
74332,6,0
1035,177,1
11335,231,0
1971,253,1
590,157,1
1632,205,1
95616,776,0
6055,41,1
2739,429,1
3693,40,1
134,201,1
1344,65,1
456,97,1
72122,486,0
76802,172,0
2364,35,1
3527,125,1
10592,171,0
227,24,1
92288,438,0
5901,84,1
10440,150,0
59507,31,0
69023,791,0
93263,78,0
54,213,1
97287,41,0
81970,996,0
8522,1197,0
5166,1202,1
41886,36,0
85245,21,0
4427,15,1
114,98,1
91817,270,0
53,673,1
2997,29,1
583,150,1
2360,61,1
65391,1221,0
33057,40,0
1284,1338,0
163,190,1
3406,6,1
2435,140,1
58906,21,0
3246,227,1
101,200,1
82315,21,0
69087,109,0
34528,339,0
1403,21,1
5673,4,0
104071,114,0
157,600,1
219,64,1
99489,363,0
2428,1210,1
59341,125,0
105334,1210,0
53528,40,0
77839,431,0
20481,847,0
134,217,1
1724,58,1
4322,456,1
890,253,1
225,503,1
6238,9,1
4929,1198,1
12113,1224,0
29160,1197,0
12058,305,0
909,438,1
358,0,1
64856,974,0
73544,177,0
66781,21,0
1530,177,1
100034,4,0
20479,313,0
5343,264,1
86175,71,0
45402,485,0
1333,776,1
48002,394,0
1098,3,1
591,217,1
2754,859,1
3218,41,1
1791,948,1
13953,39,0
78421,403,0
387,247,1
588,820,1
2125,13,1
136,27,1
225,57,1
45879,529,0
90652,58,0
19990,128,0
2897,478,1
591,1200,1
1243,364,1
1019,460,1
2228,174,1
39551,78,0
1937,1200,1
86950,73,0
100611,256,0
945,376,1
120,16,1
62350,394,0
5423,693,1
983,47,1
63250,18,0
1062,138,1
73045,281,0
18273,431,0
101128,24,0
358,35,1
4662,29,1
6344,45,0
154,504,1
2605,1017,1
31987,886,0
300,409,1
24184,1197,0
42968,80,0
28525,1299,0
5993,56,1
1796,44,1
306,1155,1
74401,220,0
1521,950,1
557,429,1
318,786,1
18284,74,0
2997,1394,1
65307,394,0
7563,149,0
2210,394,1
2440,520,1
311,64,1
9348,270,0
54140,98,0
47912,1086,0
8467,270,0
154,126,1
884,253,1
1364,207,1
101350,253,0
1238,220,1
2531,399,1
49339,352,0
60820,1151,0
115,217,1
285,401,1
65355,878,0
328,15,1
134,58,1
284,234,1
14404,9,0
2599,362,0
3249,685,1
2455,1196,1
3599,89,1
1448,36,1
4529,89,1
1678,21,1
74665,318,0
3480,503,1
11403,481,0
81765,1093,0
18090,47,0
1249,114,1
104799,282,0
2563,27,1
56178,259,0
3536,215,1
97290,942,0
78609,906,0
4838,1197,1
1631,41,1
482,112,1
56778,283,0
23,454,1
584,445,1
552,1102,1
3204,17,1
1030,270,1
6562,394,0
5057,171,1
15630,281,0
1690,58,1
54175,67,0
3578,98,1
580,27,1
1169,382,1
22406,35,0
1614,661,1
49091,0,0
66004,138,0
1399,282,1
5073,158,1
74486,192,0
74212,114,0
61,647,1
6195,376,1
2655,1210,1
47294,61,0
239,41,1
23782,139,0
90148,269,0
225,68,1
73306,903,0
248,213,1
42,17,1
64097,45,0
931,917,1
44998,109,0
26476,33,0
195,410,1
1847,424,1
99867,247,0
52795,269,0
41820,173,0
2517,220,1
66009,158,0
3916,1343,1
72398,58,0
18282,47,0
60427,460,0
159,1198,1
4022,175,1
3243,5,1
2434,9,1
542,111,1
10029,114,0
592,309,1
4393,394,1
2825,130,1
69201,995,0
2196,21,1
1139,37,1
258,531,1
1398,946,1
93265,608,0
103920,40,0
91148,2,0
19383,5,0
499,1147,1
1476,449,1
1372,66,0
1363,205,1
691,461,1
63936,39,0
2453,252,1
41642,0,0
73482,433,0
1269,1207,1
2608,191,1
82987,304,0
1517,53,1
3600,1384,1
54,13,1
105987,375,0
71949,456,0
2045,17,1
1930,3,1
88976,140,0
3845,606,1
498,281,1
61,3,1
51799,45,0
10860,1124,0
55421,91,0
369,1200,1
3819,460,1
70457,0,0
70504,41,0
15837,466,0
5473,177,1
101,67,1
548,61,1
60323,9,0
50222,837,0
2430,35,1
106417,252,0
45985,212,0
4603,16,1
69614,139,0
93899,973,0
652,47,1
101496,258,0
4982,1210,1
2485,40,1
14310,376,0
7109,786,0
500,306,1
38478,233,0
1618,288,1
66782,175,0
56,189,1
2554,37,1
15688,281,0
82811,111,0
63506,1124,0
6162,41,1
784,76,1
584,29,1
7734,68,0
18732,82,0
3453,14,0
1768,4,1
13312,47,0
5806,1197,1
2403,194,1
4578,944,1
26954,606,0
27078,305,0
5220,801,1
4345,4,1
5233,1198,1
3671,138,1
2565,376,1
54032,192,0
125,38,1
9352,107,0
5677,376,1
26,456,1
32050,38,0
101164,1193,0
49882,9,0
21708,717,0
100541,776,0
3261,17,1
2789,114,1
55948,189,0
79876,795,0
137,1074,1
44341,621,0
1348,9,1
2643,153,1
1850,91,1
48617,58,0
26,1280,1
1259,273,1
55359,1207,0
4786,1197,1
72574,437,0
102906,87,0
3764,1197,0
313,242,1
561,1234,1
83102,283,0
96490,114,0
35108,39,0
91833,245,0
94794,109,0
105694,305,0
81087,114,0
1399,255,1
2660,57,1
75129,350,0
2435,282,1
27982,65,0
5057,36,1
1333,1124,1
10966,245,0
5179,1176,0
3033,318,1
23,1461,1
38345,951,0
30426,105,0
72760,447,0
23218,21,0
75504,252,0
5389,138,1
1631,21,1
155,878,1
102246,594,0
1175,820,1
2082,887,1
188,619,1
1211,256,1
101369,1133,0
1650,89,1
1749,6,1
16362,403,0
2959,141,0
91948,36,0
13636,68,0
62717,58,0
61078,1012,0
2386,21,1
1279,1198,1
2448,1227,1
2412,467,1
3370,1198,1
2468,1207,1
910,180,1
29131,44,0
60408,621,0
1374,8,1
1911,1304,1
6004,269,1
1074,130,1
1648,82,1
68154,433,0
18683,89,0
976,9,1
99536,37,0
57673,692,0
2049,232,1
84452,45,0
4553,362,1
2885,525,1
508,47,0
50477,788,0
24688,394,0
89873,61,0
102,13,1
1039,1415,1
1964,47,1
40204,259,0
76306,39,0
46471,529,0
82421,391,0
851,21,1
1455,529,1
47553,269,0
76570,109,0
70440,519,0
26076,431,0
3173,9,1
320,1124,1
243,53,1
347,1198,1
33297,776,0
19681,44,0
1370,256,1
1120,124,1
837,152,1
1637,74,1
1979,37,1
4288,1396,1
105968,38,0
25868,149,0
41877,199,0
1650,258,1
1089,97,0
87856,1134,0
63597,9,0
1672,4,1
14471,40,0
1406,47,1
19449,109,0
801,17,1
157,153,1
3346,776,1
40846,822,0
17476,175,0
61173,621,0
3101,172,1
327,231,1
43736,344,0
5791,38,1
36515,40,0
62876,40,0
2688,288,1
60202,258,0
43499,961,0
66911,3,0
45061,1207,0
1501,503,1
20061,21,0
19582,91,0
30137,327,0
7822,109,0
73,91,1
58586,1245,0
61632,140,0
66,245,1
22647,97,0
10347,18,0
1226,58,1
2004,280,1
1078,140,1
2367,344,1
58758,21,0
5231,1198,1
23010,124,0
2676,256,1
81931,84,0
258,654,1
68,29,1
69478,621,0
346,351,1
1897,1197,1
2099,47,1
1775,91,1
231,8,1
70217,119,0
62379,141,0
63217,319,0
3286,783,1
106,485,1
3946,742,1
5136,80,0
92178,37,0
75,177,1
15790,124,0
987,1138,1
752,434,1
5779,460,1
2795,276,1
9523,468,0
5321,217,1
14983,538,0
467,45,1
11905,263,0
883,186,1
422,17,1
56604,322,0
37969,1,0
82013,541,0
559,1299,1
793,362,1
2822,38,1
2289,12,1
1622,433,1
31,173,1
38840,45,0
43532,283,0
31,24,1
77120,391,0
4544,36,0
2446,284,1
1519,177,1
562,4,1
4569,1124,1
69808,809,0
1418,141,1
97022,91,0
3192,80,1
889,44,1
96006,1,0
4345,35,1
795,315,1
53060,776,0
98874,408,0
2446,72,1
85193,409,0
105293,89,0
342,205,1
27926,877,0
250,0,1
4518,203,1
5558,54,1
61604,58,0
81617,199,0
97605,1027,0
557,263,1
3128,180,1
374,110,1
26,394,1
94843,13,0
23087,6,0
77881,788,0
37371,324,0
377,616,1
245,18,1
644,1198,1
3771,16,1
36768,98,0
83660,844,0
2439,45,1
1791,24,1
1616,247,1
6003,1456,1
1706,460,1
439,171,1
2205,283,1
27244,621,0
59883,388,0
577,13,1
1957,408,1
90087,68,0
304,139,1
25573,24,0
31177,961,0
78915,281,0
1530,68,1
18269,1062,0
987,264,1
33786,44,0
85394,35,0
679,217,1
1462,1,1
1041,1226,1
22204,458,0
5758,1197,1
2455,91,1
60269,175,0
286,78,1
40960,430,0
1092,263,1
121,191,1
89182,1197,0
561,776,1
376,543,1
2898,269,1
3112,309,1
699,3,1
2167,488,1
15161,321,0
987,89,1
35144,125,0
97679,3,0
30699,124,0
2403,776,1
152,247,1
213,304,1
2204,309,1
11243,129,0
759,84,1
68658,985,0
98351,118,0
48088,109,0
1758,460,1
93741,38,0
4018,1197,1
2168,458,1
1333,37,0
53,114,1
78279,304,0
5222,502,1
2102,602,1
3101,602,1
3333,882,1
84355,822,0
12708,349,0
5250,1405,0
2126,40,1
96168,202,0
79138,21,0
94571,1198,0
1967,194,1
582,316,1
1473,44,1
34368,61,0
11,1207,1
35883,67,0
18634,882,0
72717,232,0
8050,189,0
53974,57,0
92126,40,0
1364,379,1
910,158,1
33429,39,0
2853,1252,1
1102,1198,1
76891,256,0
1204,21,1
5938,447,1
1937,145,1
20327,44,0
101732,265,0
16520,352,0
86023,500,0
54701,1339,0
313,973,1
1434,89,1
90914,431,0
4202,282,1
854,961,1
20821,114,0
133,47,1
615,5,1
910,352,1
2570,1315,1
182,5,1
59365,6,0
16523,305,0
105,3,1
46242,129,0
5339,6,1
47532,487,0
24457,192,0
1130,152,1
36219,9,0
82802,1196,0
91209,729,0
4512,4,1
101921,344,0
568,129,1
85107,9,0
894,114,1
1403,456,1
63948,889,0
11582,1197,0
225,74,1
9231,138,0
618,391,1
406,1210,1
76197,157,0
81307,246,0
70963,72,0
20210,150,0
103813,197,0
2549,73,1
71496,776,0
56712,9,0
2608,518,1
24133,529,0
99087,8,0
2848,76,1
17422,76,0
2126,1244,1
890,217,1
1350,40,1
83,524,1
233,9,1
35016,431,0
52485,29,0
877,1466,1
1399,45,1
618,843,1
1333,308,1
74246,654,0
92862,961,0
4471,776,0
12543,456,0
779,704,1
380,47,1
68626,220,0
966,179,1
455,1,1
77449,546,0
45455,1197,0
1066,194,1
59903,621,0
65704,362,0
1448,252,1
378,464,1
23747,949,0
2678,21,1
254,1207,1
13193,109,0
45204,430,0
23675,152,0
90253,71,0
97990,58,0
764,224,1
45,776,1
4641,961,1
1361,109,1
115,621,1
80180,41,0
5027,1118,1
5336,1197,1
80926,9,0
2189,67,1
2462,776,1
25696,1253,0
1019,382,1
2908,91,1
43742,39,0
4146,445,0
3664,33,1
1243,1322,1
84999,351,0
2213,150,1
16484,1227,0
562,1226,1
2698,13,1
61491,68,0
73,177,1
86341,192,0
25225,12,0
3628,283,1
75,39,1
1910,263,1
2206,643,1
789,534,1
18406,114,0
1916,462,1
6224,484,1
35197,155,0
2379,24,1
1078,1155,1
456,76,1
5304,97,0
99355,621,0
497,292,1
1781,776,1
1508,82,1
51751,784,0
29426,149,0
10842,270,0
590,156,1
304,17,1
83,877,1
3856,1124,1
103207,73,0
15278,677,0
1533,521,1
182,1075,1
1411,1193,1
5340,114,1
91397,220,0
42940,9,0
3263,9,1
2468,433,1
18623,64,0
306,192,1
52081,157,0
6953,191,0
90,47,1
95028,1207,0
5761,109,0
53824,826,0
89067,351,0
42044,1210,0
4657,1147,1
99423,1245,0
10454,1197,0
13454,5,0
78775,220,0
6055,0,1
18630,317,0
41730,175,0
72124,1044,0
39187,39,0
2167,304,0
1465,431,1
34919,103,0
2549,69,1
7705,1197,0
33706,21,0
1045,44,1
5944,1075,1
1354,39,1
1528,1394,1
1517,1433,1
45438,361,0
588,1138,1
1807,205,1
8197,54,0
84358,206,0
69099,189,0
8551,124,0
29835,1200,0
3400,38,1
92153,776,0
983,438,1
45925,21,0
5738,145,1
83,13,1
1647,305,1
25888,911,0
1226,68,1
9177,224,0
1505,728,1
188,524,1
4925,1198,1
2708,82,1
52922,401,0
19581,217,0
92296,33,0
258,41,1
261,950,1
22063,634,0
2126,157,1
2189,76,1
623,175,1
618,78,1
62949,247,0
51,1198,1
102649,808,0
3664,38,1
95738,177,0
944,424,1
942,392,1
71489,21,0
87402,12,0
159,0,1
948,3,1
40173,109,0
53,141,1
91975,961,0
28230,39,0
55935,502,0
61121,109,0
54464,33,0
23317,252,0
81175,791,0
1107,141,1
58270,0,0
83,523,1
2169,0,1
93105,1075,0
42075,76,0
108,24,1
2475,880,1
98338,78,0
4439,109,1
73,1394,1
2458,109,1
1691,13,1
35,1138,1
66244,65,0
4291,477,1
912,114,1
27418,6,0
809,124,1
3744,743,1
3644,1012,1
917,321,1
43794,82,0
8635,4,0
34169,109,0
28256,455,0
84323,1258,0
27665,776,0
70649,1313,0
87119,206,0
25323,270,0
2842,78,1
52520,98,0
2210,0,1
552,972,1
89622,1431,0
56,1124,1
88192,17,0
84442,114,0
18231,82,0
987,151,1
2170,944,0
463,403,1
518,253,1
1333,79,1
3587,39,1
49434,69,0
4749,431,1
52458,394,0
94988,203,0
317,297,1
225,45,1
3574,374,1
5332,13,1
5316,9,1
17237,12,0
1465,282,1
4647,1421,0
39507,13,0
681,681,1
67139,340,0
902,710,1
44652,37,0
20336,24,0
70185,1210,0
487,327,1
76919,969,0
2175,64,1
89547,474,0
38879,255,0
2583,109,1
300,1210,1
71547,16,0
29046,682,0
70552,9,0
97394,1074,0
106,434,1
76663,504,0
562,376,1
2215,0,1
2402,776,1
2045,327,1
2021,281,1
8238,994,0
910,45,1
471,1198,1
35478,158,0
4627,347,1
77175,1124,0
3257,16,1
2442,305,1
6111,5,0
3340,1075,0
89,160,1
6864,66,0
30913,153,0
64573,69,0
965,474,1
396,214,1
75135,784,0
3113,98,1
85,206,1
724,24,1
79116,61,0
89037,913,0
423,1143,1
3286,156,0
48004,403,0
4318,21,1
104638,1200,0
85350,1178,0
6207,458,1
618,124,1
4503,78,1
227,501,1
1173,31,1
59411,351,0
61290,9,0
732,84,1
95043,151,0
200,1210,1
1691,114,1
1872,233,1
1517,1210,1
917,87,1
1268,177,1
462,394,1
118,776,1
67308,217,0
591,776,1
14824,214,0
60085,125,0
53114,114,0
669,109,1
4486,40,1
64244,639,0
34718,859,0
1508,656,1
342,252,1
3303,58,1
84923,98,0
7991,170,0
375,318,1
3092,194,1
75,621,1
1708,13,1
61,6,1
3072,1197,1
229,621,1
83262,40,0
57906,1063,0
17078,0,0
33341,1222,0
1197,65,1
66441,89,0
14625,247,0
22949,45,0
94894,776,0
12026,9,0
557,129,1
45274,283,0
104,800,1
66738,0,0
2698,71,1
40270,128,0
104947,318,0
597,109,1
40771,234,0
3187,40,1
60317,776,0
85557,29,0
30574,44,0
50275,557,0
1536,40,1
75410,177,0
60162,220,0
1366,171,1
78048,270,0
2618,1197,1
39431,579,0
422,270,1
4345,283,1
3129,58,1
82342,309,0
194,1200,1
943,150,0
44873,206,0
12203,151,0
2022,69,1
910,156,1
227,37,1
73595,61,0
1204,621,1
51075,44,0
66608,581,0
152,78,1
7581,1258,0
546,66,1
1040,35,1
98288,160,0
22258,995,0
5512,40,1
47902,258,0
2060,1207,1
2659,9,1
25742,114,0
346,24,1
16089,318,0
31512,57,0
1614,1043,1
35426,58,0
83823,57,0
4513,431,1
586,558,1
679,202,1
38900,158,0
2052,1394,1
18651,118,0
4778,1413,0
19386,9,0
44245,4,0
5351,265,1
256,776,1
317,105,1
1689,523,1
43621,41,0
644,114,1
1615,129,1
1365,57,1
102328,24,0
2602,64,1
3714,918,1
2449,776,1
1434,233,1
59203,255,0
5720,114,1
2946,21,1
59308,1073,0
105330,1124,0
96749,220,0
101145,431,0
69,344,1
50335,129,0
105167,21,0
651,220,1
29249,342,0
443,1207,1
413,1207,1
5948,434,1
1336,468,1
91030,905,0
96564,173,0
29408,6,0
884,38,1
34752,1324,0
929,0,1
137,21,1
37905,147,0
296,399,1
13796,327,0
87097,233,0
1071,47,1
32895,21,0
55022,9,0
73704,776,0
66,12,1
37592,607,0
2440,264,1
2830,5,0
1732,33,1
1788,177,1
437,246,1
75532,53,0
36975,1196,0
12788,36,0
1631,45,1
561,125,1
35163,35,0
17029,487,0
214,47,1
924,352,1
557,351,1
62973,15,0
383,270,1
32539,125,0
62030,109,0
7868,150,0
172,190,1
51479,53,0
61831,1151,0
55420,927,0
50610,581,0
94518,882,0
960,220,1
78889,160,0
90294,169,0
748,682,1
4687,347,0
1368,1012,1
26,19,1
1235,783,1
4173,4,1
1336,1200,1
91695,13,0
2066,438,1
80614,234,0
1656,109,1
85939,18,0
51718,321,0
3977,462,1
103112,394,0
60008,151,0
83535,956,0
1812,45,1
813,13,1
6782,776,0
2811,669,1
128,92,1
3051,44,1
78749,409,0
29,776,1
79995,1194,0
1760,89,1
423,859,1
5217,1198,1
96,31,1
28604,139,0
51952,109,0
19794,429,0
5329,1197,1
247,305,1
2975,1269,1
62460,29,0
2820,248,1
183,253,1
66061,456,0
437,57,1
62686,18,0
2390,18,1
2602,177,1
76099,45,0
44307,114,0
9951,12,0
74550,1210,0
1529,743,1
226,431,1
68164,330,0
225,98,1
1240,40,1
41019,155,0
58110,1198,0
46090,1307,0
112,220,1
23233,894,0
50366,152,0
2064,8,1
63888,58,0
5765,45,1
1689,98,1
2194,263,1
95004,91,0
4653,362,1
78562,40,0
42597,33,0
44771,80,0
19782,61,0
3490,45,1
10314,9,0
4346,252,1
2418,639,1
35634,13,0
2189,438,1
44047,394,0
6029,1200,1
93919,283,0
32,809,1
1500,41,1
49089,1412,0
1472,375,1
285,837,1
987,19,1
106236,414,0
1537,129,1
2439,44,1
98482,69,0
59322,65,0
124,276,1
1881,114,1
1461,352,1
42712,458,0
2949,53,1
3649,58,1
99390,905,0
1465,98,1
26777,351,0
1337,780,1
34788,109,0
3845,543,1
128,44,1
4230,394,1
5308,45,1
53839,776,0
85585,1207,0
15774,1198,0
48519,437,0
65199,40,0
29863,29,0
4687,125,1
5718,21,0
3160,109,1
53,202,1
4853,1196,1
1481,150,0
5461,501,0
18512,171,0
4425,394,1
43736,263,0
32872,35,0
923,233,1
55297,41,0
2711,128,1
66700,5,0
17119,24,0
9610,41,0
386,31,1
83468,109,0
99198,175,0
644,694,1
85977,425,0
64044,401,0
21418,39,0
64908,74,0
1414,21,1
5551,1197,1
2052,78,1
500,561,1
258,24,1
47183,158,0
5978,1412,1
67068,3,0
56,456,1
50587,1197,0
93659,21,0
29900,172,0
849,41,1
48664,39,0
4886,173,0
320,221,1
2457,589,1
34705,283,0
49,97,1
2171,150,1
98411,503,0
2362,1124,1
96111,394,0
33477,44,0
94279,282,0
34909,460,0
1448,37,1
58486,776,0
101279,39,0
68491,1197,0
75,673,1
85573,783,0
55562,78,0
39003,89,0
49883,392,0
79254,776,0
10921,57,0
5038,1378,1
74096,319,0
19773,217,0
53677,542,0
784,24,1
38898,41,0
25054,207,0
6262,125,0
18991,811,0
5095,1207,1
92845,21,0
77931,152,0
33494,15,0
78251,152,0
1134,4,0
2986,347,1
50206,71,0
233,73,1
3589,961,1
59796,16,0
1350,155,1
5560,13,1
87133,220,0
4704,315,1
65769,904,0
81381,24,0
40185,776,0
23506,9,0
3925,488,1
4763,84,1
1465,45,1
4418,388,1
55162,463,0
61657,31,0
21184,3,0
7145,138,0
53979,12,0
97817,1207,0
933,776,1
40330,1202,0
267,18,1
2779,40,1
853,1025,1
74628,175,0
1163,245,1
211,80,1
1151,172,1
7649,481,0
36977,282,0
6268,41,0
1070,180,1
30514,1210,0
29307,318,0
2989,66,1
2978,78,1
74458,942,0
1321,344,1
47628,231,0
98935,177,0
52229,233,0
63766,1296,0
3480,502,1
56051,878,0
31785,546,0
2884,1198,1
54138,35,0
4635,408,1
3353,38,1
3512,256,0
97985,35,0
511,175,1
100085,402,0
69396,114,0
14265,91,0
17720,789,0
1626,80,1
50100,109,0
591,98,1
22436,1366,0
1117,221,1
60822,1202,0
359,65,1
25317,13,0
429,6,1
61,1222,1
74272,304,0
581,843,1
48280,58,0
80804,769,0
66,141,1
188,615,1
90366,150,0
11429,78,0
2515,479,0
233,173,1
902,0,1
3367,424,1
5720,859,1
26442,9,0
90110,78,0
100213,97,0
27237,1237,0
4406,44,1
174,109,1
885,12,1
1647,865,1
256,72,1
644,13,1
2503,47,1
1356,109,1
1618,234,1
1509,114,1
64925,173,0
4897,1224,1
35561,38,0
26,213,1
134,1074,1
1004,1124,1
67758,100,0
1160,64,0
983,838,1
11840,1207,0
908,808,1
5025,1193,1
1228,21,1
2485,64,1
50,1193,1
65319,1197,0
95252,976,0
46331,9,0
3133,114,1
22914,1224,0
2251,433,1
38436,1200,0
97238,1193,0
1484,1369,1
8123,458,0
61641,114,0
88341,1194,0
4511,69,1
31390,551,0
75,911,1
2562,394,1
1350,171,1
2750,89,1
105828,877,0
3293,44,0
4640,517,1
69481,98,0
26985,13,0
53962,776,0
71120,614,0
105600,882,0
327,401,1
95405,227,0
32059,16,0
76128,524,0
76731,0,0
1689,35,1
4534,36,0
9228,945,0
1349,97,1
89392,58,0
18004,24,0
16791,4,0
53,76,1
39535,114,0
4493,394,0
78824,237,0
77396,673,0
21072,130,0
4405,177,0
77761,681,0
78562,44,0
98575,248,0
103596,444,0
2537,220,1
46896,37,0
20072,1283,0
28927,456,0
549,1207,1
942,6,1
48206,282,0
104467,78,0
3343,78,1
102835,44,0
5925,394,1
25658,207,0
38088,878,0
76,510,1
1276,283,0
28155,431,0
68055,41,0
103553,820,0
2796,124,1
63412,110,0
1463,78,1
90740,74,0
1381,45,1
1937,798,1
1868,203,1
5409,214,1
1037,6,1
57731,128,0
5512,1210,0
3138,44,1
346,568,1
95470,410,0
94819,0,0
2428,283,1
11682,74,0
3034,169,1
92096,9,0
86543,1032,0
85104,744,0
23803,456,0
96997,351,0
2565,76,1
72751,248,0
2575,1198,1
121,1124,1
9938,791,0
80699,1237,0
97527,3,0
3691,239,1
60303,431,0
1309,1229,1
49931,58,0
2227,1207,1
17075,431,0
30925,669,0
4944,282,0
1035,924,1
1008,150,1
2046,989,1
74727,158,0
3344,327,0
87898,321,0
47451,109,0
1450,114,1
33655,177,0
17122,252,0
22475,145,0
4116,21,1
15623,322,0
85890,441,0
99768,44,0
1018,1,1
62,262,1
2467,1198,1
1504,186,1
149,1222,1
91841,460,0
48218,89,0
74653,44,0
1501,24,1
86647,13,0
6115,431,1
53282,302,0
96500,6,0
187,191,1
281,362,1
103838,282,0
77235,80,0
4578,954,1
64514,942,0
2022,71,1
253,157,1
66012,128,0
83381,141,0
13104,64,0
58767,458,0
784,248,1
79357,1237,0
1074,1224,1
77108,281,0
17813,114,0
45579,404,0
42602,288,0
222,1054,1
99995,394,0
1631,984,1
15709,13,0
81890,305,0
1333,729,1
20016,1207,0
896,456,1
349,6,1
629,58,1
5895,394,1
2956,6,1
7131,9,0
1335,152,1
192,362,0
206,109,1
561,61,1
474,15,1
3358,53,1
7447,472,0
3064,37,1
71762,97,0
27180,256,0
62245,3,0
6062,189,0
992,44,1
831,109,1
35568,404,0
68110,1207,0
26004,217,0
2084,478,1
72292,269,0
82453,186,0
45325,1194,0
456,155,1
103569,221,0
61283,114,0
73687,221,0
1836,44,1
3814,878,1
784,157,1
3810,1124,1
115,283,1
1981,57,1
679,340,1
57145,54,0
44757,150,0
2126,352,1
8821,14,0
7029,466,0
1536,21,1
81121,58,0
59131,207,0
100578,73,0
19339,21,0
1146,877,1
36054,16,0
41589,47,0
549,114,1
55487,97,0
10499,288,0
2321,9,1
2636,79,1
27097,109,0
2446,154,1
328,44,1
97689,109,0
2084,1076,1
5449,1394,1
10713,9,0
1601,203,1
72106,776,0
102206,177,0
79161,45,0
99535,69,0
87746,98,0
41995,84,0
6243,403,1
57564,36,0
6249,351,1
11868,87,0
884,429,1
43020,150,0
20188,149,0
5583,58,1
31338,128,0
4742,424,1
85120,1257,0
681,58,1
560,40,0
84405,89,0
87813,948,0
70593,288,0
917,171,1
49034,1456,0
551,685,1
1658,737,1
70551,1198,0
2518,1207,1
65946,58,0
3559,456,1
2061,1093,1
28265,342,0
2369,149,1
97782,245,0
38002,38,0
96077,621,0
43254,194,0
47,0,1
681,926,1
138,207,1
1971,177,1
423,171,0
50821,225,0
2225,331,1
320,119,1
2412,0,1
1115,333,1
108,150,1
569,145,1
32142,961,0
92627,27,0
49711,1075,0
385,631,1
4171,931,1
102396,877,0
70128,344,0
2549,1194,1
10118,795,0
378,150,1
49822,78,0
884,33,1
3109,661,1
33836,9,0
285,419,1
76,40,1
70200,1210,0
4724,5,1
1659,87,1
77782,91,0
682,58,1
377,18,1
94261,13,0
94638,1202,0
53418,150,0
300,109,1
57235,379,0
4486,614,0
73775,487,0
4496,41,1
575,951,1
5400,809,1
4552,57,0
18445,84,0
73916,39,0
292,394,1
2572,744,1
456,89,1
61367,13,0
66513,253,0
950,466,1
22015,17,0
39804,91,0
5364,173,1
65194,431,0
29603,80,0
52128,4,0
49399,91,0
11725,1198,0
2929,217,1
81248,12,0
3028,0,1
26325,33,0
100770,621,0
72562,69,0
16226,340,0
503,69,1
10810,1017,0
10507,76,0
94396,1207,0
127,352,1
226,29,1
4544,24,1
947,256,1
94039,951,0
522,191,1
91305,1366,0
207,1199,1
8938,53,0
2440,984,1
70089,458,0
29461,217,0
39929,0,0
17985,263,0
76218,255,0
587,1194,1
91861,16,0
1981,288,1
2006,1224,0
48835,65,0
75649,877,0
88,195,1
1521,946,1
25680,138,0
3783,424,0
49,205,1
1850,791,0
8707,172,0
2017,431,1
1511,256,1
315,109,1
59698,130,0
320,21,1
1142,379,1
54489,502,0
8707,950,0
7245,247,0
79228,192,0
2386,196,1
5059,129,1
112,47,1
5366,6,1
53440,4,0
227,883,1
682,44,1
94877,9,0
18174,682,0
1172,1394,0
6244,9,1
1171,130,1
4392,686,1
28855,74,0
100928,221,0
18101,245,0
1179,1227,1
85581,233,0
3644,40,1
5463,394,1
752,968,1
2421,1124,1
2848,382,1
77892,65,0
4003,877,1
6287,44,0
90468,180,0
98976,654,0
2804,150,1
66265,961,0
89549,24,0
1019,381,1
971,1197,0
157,233,1
78649,37,0
53462,38,0
86503,189,0
15780,543,0
279,84,1
285,672,1
54517,21,0
2817,281,1
1776,487,1
2956,21,1
1136,945,1
100921,61,0
2885,288,1
33932,621,0
56892,78,0
6156,654,1
1650,13,1
52205,98,0
4828,1296,1
247,170,1
13962,173,0
2236,1207,1
80472,220,0
92690,315,0
17458,114,0
3634,89,1
15530,21,0
4093,877,1
78663,24,0
97498,477,0
6110,58,0
41898,9,0
6165,110,1
2770,205,1
76,33,1
955,429,0
5700,882,1
78359,600,0
1497,1124,1
1636,283,1
98234,45,0
16160,179,0
4848,1196,1
16820,431,0
29857,451,0
18071,465,0
73,548,1
3294,340,1
674,9,0
511,194,1
993,169,1
1348,531,1
2045,194,1
5586,3,1
72280,174,0
46673,12,0
3591,248,1
51836,761,0
1598,125,1
4345,61,1
41411,579,0
261,946,1
70576,1400,0
45407,962,0
33071,363,0
948,80,1
95706,2,0
71004,109,0
2046,392,1
4277,282,1
261,941,1
103145,248,0
17611,180,0
1986,82,1
2728,171,1
791,269,1
1870,41,1
18848,1299,0
1364,40,1
3936,798,1
1645,177,1
61818,621,0
4493,21,1
103122,312,0
3580,61,1
92244,4,0
11134,194,0
18292,98,0
2561,12,1
809,4,1
3876,263,1
3014,269,1
207,98,1
80027,529,0
58198,47,0
1559,468,1
44576,491,0
45,97,1
102066,564,0
15479,137,0
1850,57,1
2906,1207,1
1615,1200,1
88584,29,0
1640,18,1
35022,281,0
995,1236,1
15156,128,0
3123,394,0
724,671,1
5264,1210,0
2065,48,1
3800,109,0
89,0,1
1362,45,1
32280,431,0
59859,177,0
10,57,1
578,173,1
17651,130,0
3173,776,1
473,15,1
45285,13,0
57232,21,0
68759,1004,0
2610,468,1
44740,1280,0
77450,45,0
32662,431,0
81703,1199,0
42349,233,0
91221,256,0
63411,1456,0
2646,220,0
83628,784,0
15113,65,0
182,1200,1
69848,6,0
152,89,1
45235,909,0
5787,9,1
75276,798,0
55068,884,0
67873,968,0
1708,39,1
67148,80,0
68756,424,0
73873,1,0
103648,1196,0
1398,98,1
67879,363,0
1305,8,1
2848,404,1
65403,57,0
591,548,1
29509,918,0
3923,230,1
92898,621,0
43897,58,0
66857,283,0
1693,170,1
2802,776,1
29754,937,0
44274,47,0
47086,177,0
1739,1207,1
5556,21,1
34506,39,0
29,109,1
2820,973,1
227,621,1
4842,1194,1
13156,928,0
33471,179,0
81992,776,0
58178,548,0
4137,621,1
44,1124,1
42173,252,0
1693,1060,1
579,21,1
884,503,1
115,151,1
2126,235,1
1031,173,1
1620,78,1
5319,12,0
12202,98,0
3599,248,1
300,331,1
31764,776,0
1990,21,1
917,1194,1
59032,245,0
3133,38,1
50882,37,0
96927,109,0
1264,78,1
2131,97,1
10757,744,0
2618,18,1
514,305,1
503,246,1
104581,639,0
48327,0,0
71700,18,0
59799,39,0
1708,403,1
149,39,1
342,114,1
94392,21,0
96321,105,0
88465,47,0
24611,1391,0
114,45,1
1321,431,1
3286,214,1
1159,40,1
425,1207,1
3431,180,1
1092,400,1
40976,461,0
52,13,1
2862,78,1
2928,41,0
48951,172,0
25177,189,0
45375,1194,0
77386,9,0
2964,431,1
87452,431,0
3300,44,1
1320,58,0
155,1280,1
31,98,1
372,754,1
845,1198,1
10,1,1
902,72,1
77030,956,0
2115,173,1
5871,742,1
168,215,1
11716,247,0
22524,242,0
256,24,1
2461,803,1
1035,374,1
4755,0,1
98064,600,0
1188,39,1
253,71,1
17153,248,0
62686,47,0
38127,538,0
194,12,1
31523,18,0
63913,456,0
23806,54,0
73,247,1
545,364,1
35023,30,0
92739,394,0
2786,40,1
944,98,1
2534,458,1
32916,12,0
87783,41,0
2131,456,1
1651,150,0
1910,401,1
588,13,1
81816,78,0
5033,806,0
3694,394,1
2608,39,1
21101,171,0
100573,40,0
75145,806,0
1287,488,1
97200,98,0
133,203,1
1582,1200,1
3070,129,1
884,36,1
30745,153,0
54,100,1
94926,15,0
178,776,1
1205,541,1
66767,423,0
641,419,1
4552,6,1
267,1207,1
1501,351,1
3685,40,1
73818,9,0
20620,24,0
60073,175,0
60360,105,0
784,252,1
89660,243,0
3333,502,1
3138,76,1
83149,170,0
135,969,1
76882,109,0
42761,124,0
46334,47,0
233,151,1
62474,76,0
32892,67,0
841,1194,1
26689,1023,0
548,33,1
8652,114,0
11564,84,0
1830,78,1
16765,18,0
456,1412,1
1364,61,1
110,431,1
19225,58,0
11823,174,0
1791,941,1
53682,220,0
34358,734,0
71,36,1
12017,308,0
2439,205,1
9411,468,0
313,5,1
2405,3,1
998,41,0
3580,98,1
4453,1456,1
69934,114,0
1677,9,1
4455,686,1
2280,542,1
5319,40,0
146,29,1
52809,39,0
16455,109,0
2554,342,1
2503,259,1
1444,150,1
4347,150,1
16237,305,0
5208,1387,1
61985,429,0
270,784,1
44442,195,0
1471,245,1
1074,344,1
586,344,1
560,194,1
5054,80,1
1571,382,1
73259,16,0
10,249,1
53203,3,0
2991,458,1
89795,0,0
182,97,1
105632,337,0
105050,776,0
24769,80,0
51639,61,0
859,16,0
2839,1023,0
20395,394,0
74587,91,0
5337,309,1
26038,394,0
1,3,1
70,265,1
41255,283,0
2517,58,0
47748,9,0
2885,595,1
103105,1210,0
52060,1198,0
29644,29,0
1136,5,1
67693,859,0
38692,82,0
9345,58,0
2381,1207,1
72216,47,0
1393,109,1
105366,917,0
97873,157,0
6605,65,0
19809,13,0
701,394,0
183,463,1
1074,50,1
17355,264,0
724,424,1
52565,44,0
28761,4,0
124,13,1
3041,58,1
3891,128,1
75331,1194,0
233,503,1
1368,141,1
17546,321,0
61264,40,0
42,18,1
76,157,1
96801,1276,0
69925,309,0
130,109,1
18227,103,0
2092,169,1
2468,486,1
2932,231,0
54965,4,0
3378,283,1
2088,657,1
1837,61,1
58795,177,0
30742,44,0
70620,31,0
1161,38,1
42496,823,0
676,1315,1
3605,3,1
95443,270,0
61025,76,0
1484,1269,1
52722,1456,0
1503,177,1
884,263,1
49,682,1
42664,1405,0
1650,233,1
82485,98,0
5995,141,1
71239,152,0
105794,394,0
433,1207,1
5899,643,1
39721,39,0
96496,45,0
32108,1196,0
77335,58,0
552,21,1
38990,1040,0
262,19,1
28571,1124,0
131,109,1
2843,1396,1
3578,58,1
26437,348,0
2719,98,0
5430,1396,1
11394,431,0
52488,501,0
4425,318,0
64077,220,0
4963,1196,1
89063,65,0
1055,1193,1
765,98,1
206,1347,1
99846,1210,0
4484,215,1
841,464,1
51427,776,0
65012,12,0
518,252,1
496,44,1
75059,818,0
1684,761,1
20165,518,0
13170,347,0
99125,38,0
3144,57,1
287,109,1
19077,21,0
98467,39,0
1367,263,1
24898,309,0
1533,472,1
61771,1198,0
209,1224,1
63465,259,0
46542,636,0
1429,80,1
105469,68,0
41440,859,0
68908,61,0
220,15,1
4396,394,1
1395,64,1
85067,24,0
2216,905,1
80226,38,0
3531,480,1
92726,9,0
75,245,1
2732,180,1
552,1269,1
1401,1199,1
1519,288,1
35538,40,0
2428,35,1
1216,776,1
18845,449,0
3676,109,1
5651,1197,1
61040,200,0
49542,246,0
557,54,1
1945,880,1
10452,202,0
582,141,1
56,282,1
2876,391,1
101125,327,0
980,4,1
20466,155,0
105901,246,0
1067,194,1
1318,114,1
86581,21,0
65,58,1
19241,150,0
1456,203,1
1398,58,1
31022,45,0
1452,787,1
2410,331,1
91433,89,0
4852,1030,1
102682,21,0
144,1124,1
646,84,1
2373,150,1
44636,88,0
34352,9,0
25628,17,0
100912,29,0
92881,114,0
1019,458,1
85519,253,0
102127,8,0
315,631,1
1455,3,1
2488,109,1
11154,1198,0
82323,994,0
1768,207,1
1548,344,1
7306,57,0
2374,227,1
59844,44,0
94791,282,0
4259,4,1
3802,844,1
5053,431,1
91822,243,0
95684,1396,0
686,431,1
16152,961,0
1298,24,1
2471,73,1
883,247,1
95780,990,0
72609,109,0
102573,206,0
33381,39,0
97641,1051,0
2433,1122,1
1467,903,1
69170,24,0
613,181,1
585,175,1
2389,1198,1
87882,155,0
108,1073,1
73508,455,0
30399,69,0
1318,98,1
7141,114,0
102,177,1
6062,1217,1
257,894,1
98686,776,0
12764,0,0
6719,1197,0
618,410,1
72692,953,0
1275,41,1
2,1396,1
34329,948,0
2937,636,1
1477,24,1
5765,253,1
80676,12,0
187,480,1
440,78,0
5901,171,0
32298,776,0
2527,239,1
85856,327,0
236,4,1
105851,306,0
561,564,1
751,256,1
2189,569,1
26205,1200,0
32699,21,0
2771,40,1
2696,45,1
68456,38,0
6043,458,1
134,1075,1
70570,911,0
64160,955,0
912,97,1
100517,258,0
81824,431,0
6338,71,0
1937,270,1
12745,13,0
2823,950,1
102358,41,0
91206,160,0
868,65,1
1975,186,1
262,24,1
17238,859,0
81511,621,0
50292,24,0
3780,58,0
2412,160,1
2618,80,1
75,170,1
4351,403,1
3811,795,1
2485,1062,1
2302,560,1
1235,394,1
2458,47,1
9136,199,0
74770,1197,0
3585,288,1
50979,39,0
170,269,1
24219,4,0
1040,24,1
1208,57,1
686,304,1
19064,78,0
11788,24,0
5864,21,1
20911,41,0
81777,156,0
312,231,1
698,84,1
1646,16,0
39089,245,0
72666,41,0
85,150,1
83768,24,0
4910,1196,1
2558,31,1
642,468,1
1154,177,1
225,883,1
77691,6,0
1179,1198,1
8824,153,0
724,654,1
1781,47,1
58393,481,0
85036,352,0
91107,1301,0
6541,125,0
3911,877,1
541,309,1
37504,5,0
67971,4,0
2562,458,1
883,246,1
300,583,1
1078,190,1
1362,426,1
92540,84,0
1562,221,1
5632,58,1
90093,600,0
1269,1198,1
1490,521,1
1333,344,1
91808,78,0
1090,1093,1
55859,109,0
2967,917,1
56028,200,0
52068,98,0
56162,557,0
967,78,1
5920,158,1
59730,13,0
14191,9,0
2351,87,1
56,454,1
320,3,1
11853,78,0
4684,614,0
2114,321,1
84849,351,0
71703,58,0
47015,98,0
53792,105,0
83724,1207,0
54777,217,0
80079,272,0
3591,150,1
104651,245,0
93311,24,0
456,248,1
128,153,1
2165,21,1
5363,1194,1
58096,194,0
48446,24,0
21817,452,0
97021,798,0
1491,776,1
11513,17,0
2536,636,1
4452,431,1
91516,114,0
71530,21,0
686,1352,1
1443,21,1
1179,4,1
1455,111,1
2374,610,1
336,961,1
54999,58,0
204,122,1
56,1075,1
552,783,1
1907,45,1
9238,12,0
1637,69,1
42433,109,0
88857,39,0
75,594,1
41188,394,0
417,192,1
1674,776,1
4762,128,1
104943,4,0
104041,776,0
13095,78,0
4607,270,1
20767,595,0
3569,259,1
225,40,1
39368,233,0
1644,207,1
369,15,1
1367,179,1
139,647,1
5044,1207,1
1214,464,1
58364,150,0
36,0,1
923,217,1
31393,1196,0
51557,172,0
67277,905,0
43527,114,0
82757,39,0
102069,501,0
300,263,1
103550,798,0
69280,68,0
1197,69,1
99790,458,0
1425,522,1
1398,67,1
38529,50,0
87588,130,0
84613,1198,0
1364,12,1
249,376,1
586,919,1
27473,114,0
56,431,1
3527,401,1
2967,452,1
15245,78,0
2349,128,1
262,173,1
44157,24,0
92178,270,0
33268,305,0
827,394,1
5911,394,1
28991,253,0
593,9,1
91494,352,0
71646,105,0
60662,171,0
67768,91,0
4291,41,1
376,623,1
36554,433,0
77452,429,0
92888,252,0
4363,220,1
1218,1122,1
351,139,1
3481,109,0
4973,1196,1
1130,438,1
101214,76,0
36377,776,0
44380,39,0
1661,9,1
1850,201,1
5532,78,1
42962,200,0
1957,783,1
2446,671,1
32633,4,0
927,255,1
25056,394,0
2194,217,1
2371,19,1
88630,304,0
2788,58,1
98389,12,0
182,1396,1
3489,776,0
1314,36,1
1297,431,1
88719,270,0
313,1151,1
2671,57,1
222,9,1
44449,8,0
17745,1430,0
50823,246,0
37,835,1
105612,124,0
22054,36,0
26769,172,0
233,177,1
841,1224,1
98526,21,0
100433,9,0
2659,283,1
84898,9,0
65120,37,0
3543,150,1
876,194,1
14338,331,0
105081,12,0
124,71,1
456,157,1
101499,44,0
591,157,1
11444,68,0
2505,129,1
98273,761,0
557,21,1
576,374,1
339,80,1
546,906,1
104,107,1
3294,776,1
1204,205,1
427,466,1
86915,965,0
18303,21,0
37952,961,0
5584,1198,1
4383,2,0
287,220,1
98378,431,0
2350,455,1
57866,431,0
3598,150,1
4332,39,1
58083,1197,0
1077,528,1
676,749,1
13513,431,0
84051,78,0
59726,1199,0
336,12,1
557,151,1
55808,252,0
3116,109,1
3277,464,1
3236,776,1
19995,823,0
67837,817,0
6201,776,1
1264,217,1
2474,1207,1
1605,394,1
557,671,1
104002,1227,0
3105,12,1
9674,78,0
60495,65,0
38284,73,0
8295,946,0
4325,657,1
578,67,1
11265,643,0
89708,69,0
9301,194,0
10317,18,0
27513,468,0
2386,44,1
2175,1010,1
681,936,1
306,238,1
666,109,1
99719,15,0
6290,40,0
43316,892,0
69189,477,0
1650,0,1
4169,16,1
9910,776,0
65317,1197,0
1426,13,1
1465,233,1
4787,1197,1
52,551,1
50289,13,0
4121,776,1
1163,1197,1
912,98,1
76262,4,0
3107,488,1
108,158,1
90079,1256,0
225,456,1
28958,1263,0
9926,65,0
100403,72,0
28846,474,0
2449,17,1
3219,9,1
62618,203,0
70,928,1
39025,114,0
115,247,1
557,0,1
26310,15,0
554,273,1
9652,193,0
1463,45,1
1033,177,1
72628,118,0
59928,156,0
679,12,1
329,1196,0
627,1237,1
1471,114,1
11910,24,0
56559,551,0
11749,285,0
410,318,1
544,53,0
33959,213,0
12295,140,0
55617,961,0
53131,464,0
6675,180,0
898,38,1
1399,150,1
387,248,1
4049,878,1
105887,37,0
93429,61,0
65806,201,0
15564,177,0
3422,78,1
32703,431,0
197,248,1
1631,13,1
38863,9,0
48500,138,0
500,992,1
41763,1198,0
46934,878,0
94358,376,0
78800,150,0
5057,1075,1
4043,877,1
1032,8,1
207,953,1
10250,445,0
2223,1198,1
19321,177,0
36753,946,0
2680,1363,1
46263,820,0
8970,173,0
19565,111,0
4513,961,1
5494,1151,1
2495,12,1
74918,40,0
77377,1197,0
1982,45,1
92634,72,0
2842,0,1
79486,510,0
66166,24,0
20,229,1
74876,45,0
430,150,1
21552,255,0
63898,139,0
50237,5,0
56918,18,0
3047,78,1
1314,39,1
64512,45,0
93773,40,0
85,248,1
1929,137,1
31170,783,0
85872,798,0
175,269,1
2976,4,1
2386,1413,1
485,65,1
1017,125,1
2823,956,1
14444,33,0
95928,221,0
1660,246,1
3057,39,1
80870,109,0
302,73,1
851,0,1
82062,1224,0
94135,0,0
302,39,1
1372,285,1
30696,1075,0
99655,182,0
500,685,1
137,520,1
98388,639,0
1362,245,1
52495,214,0
68544,546,0
262,124,1
1618,37,1
371,9,1
5962,1197,1
13062,177,0
578,252,1
1365,272,1
105072,153,0
157,76,1
65654,18,0
102938,859,0
60821,1194,0
49639,264,0
100838,170,0
56764,44,0
2862,403,1
20683,661,0
77798,318,0
43131,403,0
2035,264,1
100360,913,0
2423,1032,1
57579,68,0
56942,16,0
5561,930,0
1363,206,1
77923,15,0
103766,280,0
8876,92,0
2870,53,1
966,882,1
105946,124,0
552,141,1
256,1005,1
6991,1047,0
2334,13,1
39137,38,0
102615,1198,0
8881,990,0
1105,0,1
18947,1334,0
70478,1207,0
3574,373,1
154,72,1
1442,859,1
40896,4,0
2956,304,1
273,169,1
34961,351,0
91014,9,0
154,76,1
378,621,1
1433,98,1
4275,1,1
5042,1207,1
2794,9,1
986,460,1
3101,670,1
49,681,1
104415,776,0
99352,503,0
1637,643,1
1442,58,1
12853,13,0
238,351,1
284,18,1
60140,24,0
2181,220,1
70766,82,0
63693,29,0
53,776,1
27645,76,0
4386,1210,1
4812,1210,1
71943,78,0
59049,54,0
104646,233,0
443,53,1
248,215,1
336,1194,1
2530,1,1
4354,37,1
4411,64,1
1812,466,1
37630,109,0
93633,41,0
2788,207,1
104885,318,0
7750,0,0
3869,1461,1
71973,1086,0
37177,823,0
5238,39,1
987,660,1
5640,820,1
4395,394,1
60343,47,0
89208,61,0
1886,47,1
57420,256,0
2820,186,1
1600,739,1
1843,24,1
621,247,0
3493,177,1
5054,1197,1
96687,31,0
500,199,1
76318,79,0
103447,150,0
28024,88,0
5978,13,1
2885,72,1
376,788,1
76260,47,0
641,175,1
1616,621,1
1265,78,1
2043,194,1
52420,403,0
28850,248,0
19037,69,0
33254,3,0
4269,724,1
2882,270,1
33859,270,0
998,409,1
12536,483,0
4560,39,1
618,381,1
1350,105,1
2189,69,1
578,776,1
29168,98,0
1661,205,1
49138,1197,0
5717,66,0
10600,431,0
4032,878,1
702,109,1
88097,155,0
55875,78,0
3708,899,1
13771,9,0
285,1133,1
32678,67,0
30023,40,0
1615,39,1
85,9,1
281,317,1
59424,21,0
999,27,1
557,35,1
387,39,1
15142,13,0
40853,468,0
302,153,1
46873,429,0
65649,44,0
1336,124,1
1223,194,1
2033,263,1
2559,184,1
2607,82,1
1518,269,1
3580,39,1
67660,29,0
1306,220,1
98329,202,0
3578,61,1
559,263,1
68900,437,0
578,965,1
89310,36,0
90872,38,0
714,220,1
78279,41,0
1791,949,1
2434,150,1
93049,431,0
1348,177,1
64665,203,0
54486,9,0
1838,1377,1
521,308,1
83069,4,0
1043,57,1
22955,24,0
4543,44,1
85029,73,0
4634,129,1
30902,783,0
34268,158,0
557,337,1
3633,431,1
56,174,1
1742,72,1
10099,302,0
856,190,1
34299,39,0
18202,795,0
53,24,1
87981,352,0
56333,306,0
922,21,1
74567,109,0
618,368,1
4326,21,1
78913,114,0
30102,15,0
1504,233,1
56813,784,0
51327,945,0
783,283,1
4399,795,1
9642,129,0
94887,12,0
84726,105,0
1108,150,1
3500,47,1
79666,429,0
3480,151,1
19719,813,0
1836,9,1
90359,13,0
2852,105,1
1366,456,1
21167,35,0
48587,37,0
12804,0,0
3928,877,1
1000,961,1
1493,292,1
1526,220,1
42048,41,0
346,233,1
90283,5,0
233,205,1
39214,1200,0
9178,776,0
59577,40,0
227,252,1
2561,91,1
240,1200,1
1456,31,1
2471,502,1
21021,1,0
65,410,1
317,201,1
3539,137,1
559,56,1
25787,1198,0
12312,21,0
81,119,1
56079,31,0
89573,877,0
1616,9,1
75415,1249,0
7485,1193,0
208,1194,1
52648,79,0
98715,76,0
1754,1261,0
21,44,1
37766,82,0
261,951,1
417,894,1
46727,44,0
78701,820,0
63363,206,0
22715,198,0
1464,57,1
3589,592,1
2463,1234,1
4873,1196,1
2905,759,1
21471,13,0
884,68,1
2467,18,1
1531,8,1
889,525,1
19,431,1
114,776,1
1531,5,1
4070,878,1
42334,160,0
14353,548,0
34328,1198,0
686,47,1
28908,518,0
913,3,0
2043,72,1
1910,58,1
1782,1197,1
30893,13,0
103361,449,0
1207,877,1
5296,501,0
4823,344,0
1111,452,1
2725,36,1
86365,1124,0
910,21,1
49139,121,0
1401,44,1
21369,97,0
285,1131,1
1462,1194,1
2340,61,1
99879,61,0
85813,252,0
3940,16,1
39142,130,0
26913,501,0
335,776,1
1367,74,1
63740,41,0
626,8,1
2053,1207,0
3208,173,1
37856,186,0
51906,109,0
1541,45,1
31808,460,0
48015,282,0
2920,29,1
84617,776,0
73205,337,0
1333,1198,1
104388,344,0
1668,12,1
1631,69,1
25093,12,0
2374,1198,1
29000,192,0
8626,0,0
157,1138,1
2043,1090,1
15380,233,0
5179,1198,1
58855,0,0
703,109,1
3009,1207,1
36432,1198,0
45796,9,0
40221,878,0
219,29,1
5431,433,1
87409,533,0
88191,520,0
255,1,1
55725,189,0
91835,5,0
917,47,1
5309,9,1
2929,466,1
16484,87,0
99120,84,0
1806,433,1
24961,29,0
18867,173,0
1527,45,1
889,97,1
262,73,1
2439,206,1
42246,154,0
64934,194,0
1035,39,1
1081,1255,1
43462,1307,0
69174,231,0
5775,1207,1
96086,246,0
1664,40,1
29,229,1
5484,1,1
5057,205,1
2446,247,1
374,147,1
3919,16,1
82393,183,0
2034,24,1
312,491,1
912,263,1
511,620,0
586,561,1
982,1,1
3333,114,1
33226,21,0
4693,776,1
4517,180,1
336,78,1
3093,5,1
34471,253,0
182,6,1
95968,180,0
9492,1322,0
1023,79,1
4331,256,1
2549,114,1
40435,58,0
1350,61,1
42908,78,0
98178,1203,0
1298,431,1
25498,234,0
74789,593,0
101,882,1
100022,12,0
46222,759,0
9939,247,0
54862,212,0
1288,156,1
727,1207,1
128,45,1
5389,518,1
219,350,1
2519,150,1
256,621,1
1216,458,0
934,174,1
3482,1210,0
2821,650,1
2855,194,1
1521,57,1
1695,950,1
416,1472,1
31715,253,0
97417,13,0
86162,6,0
2471,98,1
3063,92,1
12514,58,0
49029,1197,0
69034,954,0
16879,458,0
1739,905,1
39,431,1
94265,431,0
5271,6,1
41928,6,0
1104,445,1
93472,379,0
85741,647,0
71668,1210,0
336,1396,1
57146,817,0
76495,109,0
4316,0,1
1746,1207,1
21406,220,0
42065,8,0
423,68,1
389,80,1
917,217,1
1603,24,1
37086,9,0
83585,111,0
778,45,1
675,76,1
1078,58,1
57547,205,0
2428,41,1
1819,282,1
1807,45,0
20371,21,0
128,74,1
809,1,1
288,66,1
46789,100,0
954,961,1
1194,21,1
38446,21,0
20069,252,0
74808,78,0
2446,76,1
96208,73,0
42649,744,0
3400,9,1
81321,29,0
34943,910,0
437,769,1
35859,124,0
1750,458,1
37674,156,0
889,79,0
5119,1197,1
43277,24,0
16453,350,0
92244,175,0
84349,621,0
85908,58,0
62928,880,0
106214,351,0
33665,460,0
70,411,1
1796,21,1
4965,1196,1
76511,886,0
1000,53,1
61128,500,0
106341,41,0
94012,486,0
1030,784,1
917,1148,1
4029,636,1
11250,9,0
1812,177,1
3841,76,1
200,65,1
58010,382,0
2979,175,1
31917,91,0
5720,44,1
2244,47,0
2476,307,1
28717,318,0
20994,220,0
27198,878,0
15610,269,0
55621,1197,0
73698,488,0
1768,21,1
491,305,1
48862,253,0
383,1,1
14199,243,0
157,78,1
996,431,1
480,1198,1
22259,1207,0
55275,1199,0
422,15,1
70356,281,0
20225,897,0
10805,9,0
1742,69,1
37296,602,0
86749,98,0
3868,805,1
1365,4,1
6013,688,1
15189,89,0
74631,30,0
3695,21,1
105967,319,0
34274,29,0
1136,139,1
7067,551,0
83758,401,0
1162,1394,1
29355,997,0
2880,21,1
67002,144,0
45266,3,0
5228,1391,1
34658,1196,0
5890,5,1
33736,273,0
36686,15,0
79764,107,0
629,27,1
5676,229,1
1837,793,1
65566,37,0
2817,21,1
17821,506,0
3135,124,1
3543,39,1
1205,234,1
22116,37,0
100526,4,0
105426,91,0
422,64,1
98662,110,0
23740,114,0
89911,13,0
2970,835,1
1288,246,1
1163,169,1
1183,270,1
50380,504,0
2889,693,1
14955,98,0
38293,1257,0
22752,45,0
9057,155,0
43385,394,0
32637,30,0
207,44,1
41310,795,0
557,339,1
63623,417,0
27795,38,0
1227,283,1
15286,74,0
73912,671,0
29076,344,0
1674,859,1
327,885,1
21584,194,0
55012,0,0
262,245,1
875,29,1
4193,97,1
1664,35,1
39512,205,0
59934,170,0
58361,24,0
94692,36,0
912,36,1
15,18,1
1034,1085,1
44849,80,0
49861,16,0
993,1396,1
3890,776,1
24074,114,0
208,612,1
53085,21,0
100789,454,0
86155,966,0
1810,16,1
1614,109,1
94272,253,0
423,1122,1
898,24,1
2461,1116,1
26083,281,0
56358,1090,0
2820,654,1
346,41,1
4501,39,1
5191,1224,1
1288,98,1
80859,39,0
2057,776,1
78241,1364,0
44776,78,0
583,170,1
86371,8,0
82246,259,0
53,69,1
467,1197,1
76332,29,0
734,482,1
95473,1207,0
2939,145,1
54276,248,0
419,844,1
34993,865,0
81789,234,0
1348,98,1
88567,324,0
313,6,1
9041,379,0
42388,739,0
12386,551,0
2045,53,1
95514,431,0
1195,61,1
2485,615,0
4708,40,1
100304,1381,0
1708,40,1
88042,362,0
18,1276,1
80027,431,0
70896,1224,0
84952,152,0
1183,431,1
1865,9,1
71453,429,0
2766,776,1
70027,217,0
256,58,1
2950,304,1
88190,18,0
41048,65,0
64575,1377,0
5269,477,0
10758,24,0
69508,40,0
972,82,1
22147,74,0
67505,98,0
14893,270,0
783,37,1
11855,1207,0
28913,114,0
5509,194,0
95055,24,0
62764,263,0
100741,253,0
1269,17,1
49312,1196,0
30068,259,0
2088,1261,1
4881,1210,1
127,172,1
24782,1456,0
2558,1207,1
1030,221,1
58692,249,0
944,172,1
14527,56,0
272,229,1
46580,57,0
15334,247,0
998,407,1
2364,12,1
44752,1197,0
3634,282,1
105450,525,0
6248,9,1
1525,305,1
1131,1197,1
1812,44,1
63753,152,0
5099,33,0
100106,37,0
437,235,1
3764,33,0
25,13,1
1219,15,1
8666,1198,0
3910,61,1
2516,152,1
6558,109,0
45000,454,0
43696,0,0
61,122,1
55233,45,0
83404,394,0
53241,76,0
128,887,1
86517,98,0
74429,41,0
60887,91,0
1508,1124,1
6001,174,0
222,776,1
2885,951,1
3853,583,1
10687,1197,0
87988,74,0
32875,109,0
1760,180,1
2381,1194,1
77561,9,0
23286,74,0
43808,89,0
42296,57,0
18,642,1
24320,281,0
377,221,1
622,78,1
104912,1415,0
138,114,1
8700,327,0
21685,317,0
188,1199,1
4808,16,0
37210,78,0
1035,24,1
336,546,1
31594,194,0
3265,111,1
51917,4,0
15086,9,0
1979,247,1
70792,40,0
32298,1198,0
3124,177,0
91245,44,0
2605,823,1
1146,1155,1
451,13,1
5312,431,1
1456,21,1
853,621,1
5618,114,1
1511,82,1
72635,140,0
31,37,1
7481,410,0
41688,152,0
54211,520,0
105199,12,0
2665,82,1
10965,202,0
127,73,1
70738,184,0
44981,452,0
46214,78,0
53140,41,0
1699,21,1
42013,31,0
229,1124,1
58285,24,0
232,29,1
72284,1122,0
3237,791,1
40743,1207,0
21274,1102,0
21646,141,0
55378,13,0
377,759,1
53321,78,0
2453,68,1
1758,784,1
995,433,1
3113,0,0
46734,15,0
654,109,1
1477,21,1
172,124,1
3876,36,1
557,282,1
5057,35,1
95567,968,0
50504,65,0
102962,41,0
526,305,1
14273,205,0
94230,943,0
40826,64,0
6771,1,0
43698,201,0
88597,177,0
22020,172,0
102696,125,0
90714,673,0
21716,39,0
81629,318,0
1367,520,1
575,91,1
37097,150,0
65855,431,0
64285,953,0
80303,24,0
2446,68,1
67312,44,0
96805,24,0
76,391,1
5310,541,1
1636,114,1
102077,156,0
1368,172,1
5903,129,0
69624,1,0
4487,881,1
3161,80,1
2526,109,1
21881,214,0
82339,80,0
63140,153,0
28300,122,0
1160,21,1
2421,823,1
104696,1207,0
54871,150,0
4667,170,0
3378,951,1
56498,3,0
29892,263,0
59776,110,0
75246,1202,0
1641,220,1
1092,44,1
323,394,1
1602,13,1
25532,1207,0
4304,1197,1
2439,97,1
9271,39,0
6500,379,0
101625,29,0
2912,40,1
56477,53,0
2130,6,1
18,931,1
99930,806,0
89241,1,0
55480,40,0
71424,1210,0
1872,19,1
4324,4,1
423,945,1
78247,252,0
103848,924,0
213,1227,1
1632,21,1
94074,177,0
2544,460,1
61,776,1
2061,1200,1
2428,18,1
77181,309,0
71814,783,0
54,342,1
1538,1207,1
23849,61,0
3195,0,1
1465,40,1
172,5,1
25,263,1
39823,730,0
2503,464,1
21302,255,0
5631,969,1
41081,905,0
90664,44,0
1798,21,1
128,401,1
418,109,1
60301,36,0
21585,503,0
17863,80,0
85030,5,0
99251,461,0
3578,9,1
36079,98,0
893,423,1
2402,9,1
96867,128,0
45163,623,0
175,621,0
49288,251,0
5148,1207,1
59503,1124,0
64689,21,0
7838,141,0
4781,170,0
2849,363,1
207,57,1
51226,56,0
104550,13,0
3378,944,1
2212,9,1
365,264,1
1081,1124,1
96601,33,0
2043,45,1
42,50,1
180,1,1
4387,344,1
2825,137,1
6025,1197,1
22863,258,0
35193,17,0
74255,80,0
86771,39,0
3801,233,1
187,518,1
54630,264,0
28270,153,0
112,1207,1
59802,89,0
29132,883,0
2558,282,1
406,312,1
74924,89,0
90937,4,0
7806,47,0
5738,150,0
14647,91,0
123,109,1
747,233,1
26,172,1
10,12,1
1055,4,1
578,41,1
53466,282,0
2699,89,1
4120,878,1
5348,78,1
95037,1218,0
6101,319,1
3740,232,1
86921,9,0
101003,304,0
2820,363,1
6568,97,0
1399,177,1
91270,352,0
18370,949,0
1843,89,1
1464,948,0
52568,28,0
57085,255,0
2439,114,1
95213,39,0
1781,522,1
1070,9,1
559,548,1
4461,424,1
93724,40,0
2043,429,1
59378,943,0
106141,24,0
108,621,1
97324,1,0
1018,1196,1
6208,41,1
2616,0,0
96219,1147,0
39472,58,0
61696,1197,0
52688,5,0
471,1324,1
35144,9,0
71364,1396,0
5022,1224,1
3253,1314,0
1755,111,1
590,141,1
38384,145,0
31604,36,0
12988,942,0
63826,80,0
43562,40,0
5757,6,1
3101,283,1
92466,56,0
3588,643,1
100445,233,0
72352,9,0
30673,31,0
28389,877,0
63337,1396,0
54528,239,0
22067,105,0
56571,80,0
3074,1197,1
63407,45,0
3853,347,1
618,1185,1
1674,21,1
225,884,1
3519,203,1
552,961,1
32503,351,0
2493,84,1
1707,363,1
96121,464,0
182,82,1
69853,1198,0
106234,82,0
104212,247,0
616,1412,1
5027,344,1
62811,79,0
2186,1,1
1345,1207,1
2446,189,1
96784,1012,0
346,12,1
4485,9,1
430,882,1
69233,631,0
1904,175,1
995,269,1
69935,9,0
612,98,1
155,663,1
78903,305,0
15347,140,0
69136,21,0
29396,150,0
266,1038,1
41423,930,0
2971,73,1
80360,133,0
18520,73,0
8098,458,0
9404,1197,0
1247,41,1
97718,910,0
56933,109,0
5951,33,1
3193,431,1
156,258,1
15074,205,0
10244,47,0
5489,431,1
95460,3,0
81241,150,0
80592,12,0
96334,160,0
1701,258,1
1897,80,1
10584,41,0
5995,465,1
49195,1207,0
78293,522,0
809,458,1
66973,14,0
21950,460,0
108,1082,1
3687,288,1
79535,433,0
2167,468,1
285,1134,1
1136,408,1
6593,4,0
4566,1198,1
591,24,1
101426,1197,0
752,1258,1
4555,0,1
1364,945,1
1419,79,1
7030,344,0
26869,431,0
62471,9,0
14109,468,0
27090,40,0
62121,97,0
423,944,1
679,245,1
2618,1207,1
2559,45,1
1448,253,1
48152,1016,0
5251,8,1
70336,177,0
1616,776,1
30833,503,0
3480,45,1
91190,217,0
578,37,1
557,791,1
1029,39,1
3780,232,1
22814,1066,0
51535,1207,0
17062,623,0
2652,180,1
3738,109,1
47432,180,0
1632,206,1
2012,267,1
55692,460,0
1905,583,1
5386,693,1
7868,37,0
62289,282,0
2554,270,1
68585,431,0
2442,431,1
45804,16,0
2639,347,1
1674,74,1
3100,64,1
1847,24,1
37570,465,0
3599,245,1
915,231,1
59773,114,0
2518,270,1
23932,315,0
25406,8,0
23409,155,0
3563,9,1
3240,401,1
99886,339,0
898,9,1
261,424,1
66086,943,0
13528,78,0
2974,79,1
60,220,1
33957,1198,0
50690,114,0
1703,92,1
54555,252,0
14689,36,0
83223,4,0
72733,213,0
2643,155,1
99314,456,0
48613,5,0
3036,9,1
83382,1207,0
2170,961,1
1708,12,1
3235,464,0
285,1074,1
30627,88,0
83777,82,0
5929,394,1
56922,21,0
72071,1220,0
1367,44,1
3101,1261,1
557,259,1
4339,21,1
1661,160,1
3210,1194,1
87147,76,0
3135,58,1
252,1337,1
7887,486,0
859,37,0
23427,47,0
73,231,1
82698,1244,0
26224,619,0
81084,950,0
84795,0,0
1035,435,1
82,177,1
2371,36,1
489,220,1
94420,139,0
38871,283,0
67495,501,0
222,61,1
2412,288,1
67931,50,0
25779,21,0
4267,460,1
2771,39,1
1136,76,1
1651,35,1
1102,1199,1
80462,189,0
4865,1198,1
49007,621,0
93085,207,0
336,91,1
549,109,1
96313,109,0
188,1074,1
46743,1300,0
53264,171,0
1690,177,1
88706,905,0
870,39,1
262,501,1
66070,379,0
76742,44,0
68026,89,0
548,882,1
4630,905,1
1616,579,1
102496,16,0
64958,776,0
1661,98,1
8088,763,0
91920,1396,0
200,812,1
2831,186,1
47287,305,0
1614,29,1
96145,145,0
2929,1448,1
102033,209,0
549,3,1
227,464,1
76051,1303,0
6242,306,1
103735,818,0
61824,523,0
76522,125,0
25268,558,0
37726,40,0
764,644,1
40485,169,0
2956,45,1
60522,878,0
2602,21,1
86869,207,0
51143,154,0
77550,39,0
1631,154,1
40495,201,0
67714,468,0
67385,16,0
979,17,1
3877,232,1
2655,269,1
101,352,1
1617,0,1
64840,382,0
47893,877,0
938,38,1
1354,351,1
30360,39,0
1644,0,1
890,0,1
4639,546,0
2473,224,1
2126,41,1
180,109,1
42605,401,0
3263,620,1
3398,6,1
76788,138,0
64486,600,0
18316,207,0
16905,454,0
56323,35,0
59149,9,0
30041,97,0
65853,1024,0
59766,263,0
1490,18,1
20726,205,0
65404,936,0
206,213,1
40584,21,0
55962,13,0
1123,130,1
77757,53,0
2029,593,1
12393,1,0
361,300,1
90313,0,0
74309,636,0
91585,84,0
1664,9,1
16407,44,0
224,1,1
575,24,1
55857,47,0
23028,1185,0
45028,877,0
93536,3,0
78415,13,0
10675,1197,0
557,233,1
313,227,1
27805,1296,0
72112,363,0
88317,41,0
35272,145,0
71731,1207,0
910,255,1
497,945,1
87016,74,0
28597,206,0
1464,791,1
72759,296,0
127,1199,1
45978,150,0
4486,13,1
500,431,1
90762,98,0
27303,89,0
14877,910,0
83335,1421,0
1052,0,1
1660,424,1
1398,951,1
157,124,1
1312,41,1
1465,429,1
27512,431,0
67518,61,0
51525,230,0
67575,520,0
80016,73,0
4708,39,1
921,21,1
261,859,1
2022,72,1
90577,269,0
98438,201,0
31425,29,0
1398,950,1
39,662,1
23804,1017,0
4177,245,1
652,15,1
9980,12,0
1695,948,1
19234,41,0
1463,814,1
3645,203,1
339,1124,1
3329,253,1
2503,121,1
4236,283,1
37988,29,0
2993,114,1
285,1158,1
48571,827,0
33167,965,0
17421,0,0
14320,776,0
3679,431,1
98341,256,0
82181,73,0
5468,177,0
37453,882,0
65787,1197,0
4832,431,1
2860,221,1
542,1080,1
1615,0,1
104843,179,0
1416,1207,1
5364,67,1
1400,61,1
39652,217,0
3008,1207,1
1676,13,1
934,78,1
1783,160,1
1032,683,1
576,373,1
65755,246,0
72789,19,0
86554,309,0
3217,21,1
1317,21,1
188,456,1
98181,541,0
81205,776,0
1752,21,1
67,269,1
54289,1323,0
94945,125,0
66408,14,0
4358,904,1
1825,394,1
5266,21,0
46148,917,0
724,234,1
61225,87,0
1205,292,1
95955,0,0
82861,803,0
26545,44,0
5973,809,1
91,76,1
35463,431,0
115,297,1
44617,1251,0
948,47,1
44369,6,0
1981,283,1
995,379,1
1863,1207,1
3626,315,1
556,330,1
100543,1202,0
33180,17,0
83,776,1
85786,870,0
423,114,1
1030,892,1
105917,517,0
96232,438,0
5015,1197,1
75228,109,0
48059,882,0
70214,911,0
76242,47,0
3680,431,1
313,64,1
3550,424,1
19235,8,0
18848,233,0
64548,246,0
1831,41,1
73240,458,0
70610,122,0
70793,616,0
4391,452,1
14388,154,0
583,951,1
1616,620,1
3101,456,1
1631,44,1
365,503,1
91685,859,0
9159,632,0
61149,189,0
103881,456,0
1398,24,1
33439,1197,0
95906,141,0
577,205,1
58,220,1
25545,40,0
3773,194,1
104995,880,0
115,272,1
51719,41,0
53613,776,0
83453,35,0
76591,6,0
84461,67,0
71703,801,0
67320,776,0
1350,156,1
4294,40,1
15056,58,0
52592,21,0
66757,56,0
1380,151,1
1282,41,0
85,520,1
1078,111,1
222,229,1
86433,394,0
2134,376,1
91426,9,0
1078,64,1
105855,597,0
3173,37,1
469,270,1
11357,36,0
2439,352,1
6192,1198,0
96061,844,0
52978,37,0
68577,1207,0
1491,156,1
686,195,1
1699,150,1
134,885,1
836,109,1
2549,955,1
71745,460,0
1825,21,1
44400,105,0
47399,877,0
2300,150,1
1348,520,1
912,124,1
130,1193,1
95672,47,0
2222,636,1
106044,209,0
90372,456,0
90981,139,0
5729,362,1
39010,884,0
54742,621,0
43762,111,0
29908,72,0
9478,138,0
682,252,1
474,220,1
1445,233,1
1611,435,1
63136,520,0
59354,1200,0
22661,39,0
3746,848,1
27619,980,0
102877,288,0
76,661,1
25079,827,0
31983,1198,0
40188,40,0
35666,1101,0
75949,468,0
2386,114,1
26,9,1
518,1054,1
37993,263,0
71427,956,0
13624,1010,0
987,248,1
37237,1124,0
35608,78,0
69974,252,0
18211,1198,0
56981,5,0
24245,80,0
60841,97,0
37364,911,0
3649,68,0
893,1054,1
93066,37,0
3565,215,1
2248,145,1
626,92,1
2259,175,1
75568,58,0
89463,114,0
18181,89,0
96892,175,0
1333,1207,1
128,155,1
34006,1024,0
421,522,1
50357,510,0
1280,379,1
85219,206,0
578,247,1
52,24,1
2177,177,0
1603,91,1
27569,40,0
1468,482,0
23303,424,0
84711,189,0
32742,24,0
2885,941,1
12480,9,0
45240,44,0
1508,1207,1
995,560,1
1833,3,1
877,163,1
45265,47,0
1897,1207,1
17285,401,0
1139,283,1
62327,1197,0
85524,64,0
75413,882,0
106095,39,0
2430,693,1
74723,69,0
88384,61,0
4342,1023,1
53501,21,0
910,97,1
5461,183,1
88302,661,0
31334,150,0
39774,38,0
1517,47,1
336,9,1
2428,1433,1
2885,501,1
4537,57,1
3241,270,1
616,12,1
238,654,1
41309,114,0
102959,379,0
4662,332,1
376,145,1
88134,9,0
1123,138,1
98796,57,0
94041,344,0
222,28,1
752,431,1
948,430,1
95228,1198,0
42303,175,0
71708,776,0
40792,231,0
1448,172,1
1204,45,0
3175,24,1
317,253,1
3581,175,1
40980,1196,0
33332,114,0
154,67,1
63875,17,0
250,805,1
1486,460,1
47717,179,0
101,501,1
72411,12,0
55066,3,0
23395,45,0
56651,13,0
84124,456,0
1545,431,1
3615,97,1
1089,129,1
68418,39,0
1367,57,1
26320,84,0
279,518,0
11572,29,0
93873,270,0
23581,109,0
1386,177,0
101799,91,0
1336,817,1
197,1200,1
2834,437,1
233,172,1
80979,1012,0
1163,203,1
336,458,1
330,1207,1
465,130,1
8,808,1
57922,1319,0
1484,262,0
30213,28,0
586,1177,1
81693,206,0
52242,9,0
127,283,1
5238,592,0
92836,347,0
79322,192,0
33222,310,0
704,125,1
154,125,1
103785,9,0
138,33,1
992,954,1
44762,1,0
8849,477,0
3688,78,1
36618,282,0
42653,398,0
236,41,1
3566,114,1
1365,255,1
388,205,1
65712,878,0
2005,248,1
435,16,1
52811,177,0
27927,904,0
58198,193,0
2386,47,1
413,1237,1
552,19,1
912,171,1
55180,172,0
1045,114,1
55077,961,0
724,40,1
103190,98,0
2438,206,0
83955,111,0
42037,953,0
170,270,1
5,8,1
94826,792,0
1387,215,1
68722,158,0
101,45,1
1123,29,1
2018,930,1
52062,80,0
11748,882,0
43419,878,0
21200,252,0
2194,1394,1
1651,12,1
1432,41,1
1978,376,1
557,401,1
3127,13,1
314,333,1
1017,79,1
187,190,1
4514,403,1
18705,424,0
557,818,1
917,503,1
84097,1075,0
65891,109,0
45382,194,0
71,61,1
90424,157,0
587,91,1
456,12,1
36042,656,0
884,776,1
25378,220,0
40698,1408,0
2381,17,1
4757,4,1
4172,256,1
1365,33,1
100535,878,0
4962,245,0
902,154,1
172,487,1
1820,217,1
47600,160,0
76,177,1
33870,1207,0
1934,100,1
2251,61,1
22711,13,0
78485,548,0
1695,953,1
6627,1,0
377,1198,1
5731,1217,1
96093,1236,0
49,9,1
1370,429,1
85129,3,0
71921,12,0
2878,194,1
57408,98,0
65679,791,0
3039,1,1
58760,401,0
1380,158,1
48935,776,0
3589,175,1
5632,35,1
3468,58,1
97550,171,0
92195,331,0
11154,58,0
575,541,1
4294,911,1
19849,793,0
1463,312,1
5534,192,1
4485,58,1
1350,202,1
17371,1074,0
34202,44,0
80864,84,0
44218,177,0
561,13,1
99466,109,0
25447,776,0
2698,859,1
233,158,1
15570,17,0
31361,394,0
2700,89,1
59526,769,0
4065,878,1
36435,249,0
1521,951,1
4095,877,1
784,21,1
4177,248,1
36310,220,0
5999,784,1
52710,87,0
1352,877,1
43083,273,0
3778,147,1
262,681,1
191,1198,1
64591,1207,0
59954,0,0
49817,6,0
283,258,1
26437,347,0
68287,282,0
39264,98,0
1189,41,1
4088,877,1
38872,488,0
1915,913,1
5951,35,1
20813,183,0
1459,431,1
499,543,1
3597,9,1
14924,175,0
1622,2,1
3414,24,1
75337,9,0
2017,501,1
2820,150,1
20875,321,0
40589,327,0
1501,72,1
2924,1197,1
1832,391,1
50885,621,0
101765,41,0
74253,449,0
2373,61,1
56442,180,0
103155,1200,0
2176,6,1
67372,207,0
59304,1198,0
1111,583,1
724,98,1
77602,171,0
105415,800,0
45406,362,0
23299,67,0
1084,1396,1
15806,464,0
87861,690,0
6007,1198,1
88785,501,0
912,91,1
32364,21,0
56155,429,0
3208,38,1
1410,109,1
2898,1210,1
67219,203,0
148,110,1
549,614,1
28063,1200,0
87496,1222,0
104312,885,0
3597,40,1
10996,71,0
8556,1210,0
92792,109,0
70778,220,0
1366,255,1
45639,172,0
4565,1194,1
25498,1196,0
9907,179,0
519,24,1
51649,229,0
30144,1073,0
97060,138,0
8708,141,0
67978,941,0
1426,54,1
1312,39,1
1195,137,1
1939,269,1
2574,445,1
6989,1200,0
89257,233,0
2441,36,1
578,884,1
1350,1199,1
133,196,1
41432,9,0
729,529,1
768,190,0
62097,995,0
14408,1207,0
105626,158,0
18216,206,0
75727,252,0
94510,12,0
47035,9,0
13431,877,0
46739,621,0
1684,776,1
93888,538,0
2022,504,1
83329,272,0
706,109,1
1528,1194,1
1632,61,1
83483,24,0
67458,47,0
87787,61,0
917,220,1
96580,214,0
42112,40,0
100497,192,0
4831,1210,1
25,45,1
2043,149,1
1264,259,0
1207,255,1
2005,234,1
77947,87,0
979,53,1
335,14,1
69786,248,0
61787,877,0
83626,543,0
3901,877,1
1000,76,1
33526,109,0
312,886,1
190,464,1
463,221,1
106400,461,0
188,150,1
19,47,1
2298,15,0
983,152,1
182,800,1
88110,45,0
37598,109,0
3235,78,1
66,429,1
2095,394,1
103078,186,0
3876,342,1
102434,431,0
1341,109,1
66735,201,0
1306,1197,1
100,246,1
85170,170,0
50246,9,0
3916,899,1
1401,39,1
54488,3,0
557,1290,1
57861,592,0
6172,0,1
77154,9,0
25180,189,0
32979,431,0
88212,621,0
6018,1495,1
37,239,1
76460,4,0
4402,41,1
115,248,1
16489,288,0
593,233,1
106377,192,0
1753,673,1
90855,122,0
1611,109,1
557,775,1
91065,175,0
2956,323,1
8602,21,0
82147,996,0
29342,16,0
85333,97,0
90789,693,0
95956,6,0
54763,568,0
4899,205,0
845,1193,0
93,460,1
74931,17,0
267,80,1
1805,297,1
1437,80,1
3188,53,1
1277,145,0
3252,9,1
24646,456,0
78823,44,0
1959,517,1
87552,190,0
3597,233,1
42628,1,0
2971,74,1
984,47,1
128,582,1
1465,58,1
85,1245,1
91034,394,0
42407,173,0
966,171,1
100462,318,0
1501,74,1
315,64,1
3009,39,1
104446,352,0
52526,27,0
155,1443,1
888,1139,1
5720,35,1
2785,9,1
62376,133,0
1171,18,1
930,40,1
77289,1482,0
10118,40,0
9299,5,0
105072,518,0
439,177,1
2461,877,1
1381,1199,1
4152,109,1
12764,761,0
508,247,1
912,21,1
5093,1227,1
53159,44,0
30426,327,0
3791,431,1
3916,194,1
46023,21,0
3597,39,1
14770,9,0
96258,663,0
29499,138,0
52684,48,0
4983,1197,0
159,1200,1
572,1415,1
16950,98,0
2545,9,1
1521,538,1
227,1074,1
24513,206,0
36310,205,0
992,97,1
313,196,1
552,119,1
2858,615,1
38375,160,0
556,114,0
1552,39,1
12450,114,0
3402,288,1
2428,258,1
29998,280,0
64977,21,0
1167,256,1
51,1124,1
99949,882,0
954,175,1
79098,217,0
2853,462,1
44,191,1
1709,403,1
91451,181,0
2321,776,1
99510,21,0
319,138,1
2378,109,1
77945,927,0
97571,1207,0
60260,18,0
377,270,1
12811,510,0
41539,944,0
91189,17,0
64861,1216,0
1465,21,1
1348,206,1
29547,172,0
545,817,1
2049,634,1
549,213,1
87934,246,0
2468,878,1
898,33,1
209,1313,1
547,661,1
289,3,1
320,203,1
456,247,1
4721,431,1
65615,784,0
10229,1012,0
157,263,1
98802,288,0
1979,248,1
280,859,1
76004,21,0
1290,394,1
8354,139,0
5473,205,1
49726,13,0
70446,38,0
4643,344,1
41410,12,0
5069,1207,1
987,263,1
5459,961,0
321,18,1
54105,69,0
84171,579,0
45417,158,0
93887,460,0
15736,40,0
1444,105,1
3282,598,1
20727,58,0
65738,269,0
71669,477,0
5222,501,1
5100,190,1
7,111,1
83237,438,0
44893,45,0
987,247,1
48500,41,0
50871,45,0
423,950,1
355,39,1
60971,741,0
65968,869,0
2908,150,1
704,247,1
884,9,1
1205,885,1
87546,905,0
457,33,0
69643,199,0
66347,765,0
42585,504,0
94812,19,0
2076,12,1
1367,40,1
3563,946,1
13653,1299,0
579,341,1
3252,76,1
518,207,1
1035,125,1
60004,217,0
99479,9,0
90525,72,0
233,181,1
29657,776,0
2602,140,1
2576,1193,1
29328,91,0
25025,253,0
1207,0,1
500,1234,1
71529,256,0
327,24,1
157,337,1
2672,45,1
94124,859,0
77099,654,0
5452,112,1
61381,1207,0
100495,40,0
77848,344,0
91947,957,0
1272,175,1
473,1339,1
94252,517,0
805,109,1
883,177,1
99085,316,0
1760,91,1
346,671,1
1224,1124,1
2343,175,1
8798,1196,0
2784,1207,1
268,21,1
106046,38,0
93918,255,0
2438,518,1
76792,339,0
48920,111,0
3187,98,1
3253,2,0
94028,1074,0
3841,44,1
378,45,1
304,394,1
225,464,1
40572,458,0
35016,12,0
1156,5,1
53484,364,0
31892,621,0
70023,292,0
5183,58,0
12792,21,0
2084,394,1
346,401,1
25620,1318,0
70905,950,0
6718,12,0
4232,877,1
704,269,1
92976,229,0
4751,21,1
3399,150,1
5574,1428,1
1551,24,1
31796,6,0
53792,251,0
103318,256,0
167,177,1
346,37,1
1898,583,1
86346,89,0
11,394,1
157,548,1
61707,98,0
63390,220,0
2619,394,1
33011,543,0
23,17,1
1759,480,1
38699,13,0
1551,739,0
20765,169,0
1440,111,1
2549,68,1
70027,194,0
1362,776,1
104386,177,0
3808,877,1
106203,109,0
2485,13,1
4706,431,1
1305,194,0
3897,29,1
313,248,1
2820,673,1
58819,820,0
104124,35,0
10076,710,0
108,252,1
83374,1210,0
71028,217,0
46701,506,0
2122,399,1
100129,39,0
1426,98,1
355,40,1
42372,47,0
2072,78,0
68260,961,0
884,231,1
53996,569,0
80246,109,0
78406,27,0
439,61,1
42022,73,0
1363,4,1
577,1199,1
13118,431,0
2045,68,1
61686,152,0
24580,41,0
11828,12,0
46701,518,0
104429,160,0
624,379,1
261,943,1
50826,21,0
602,109,1
1466,140,1
130,258,1
49829,1,0
36623,92,0
830,976,1
55514,1199,0
3014,460,1
52632,97,0
629,529,1
48778,961,0
39005,460,0
1631,12,1
72097,1224,0
227,1073,1
57572,1197,0
376,1122,1
85280,36,0
3346,114,1
53,12,1
578,172,1
262,217,1
909,145,1
2412,36,1
16895,297,0
83316,98,0
1674,69,1
74670,1027,0
5749,4,1
2186,246,1
76750,73,0
106,30,1
139,282,1
12306,57,0
2908,885,1
68241,1124,0
7973,693,0
96241,145,0
159,18,1
36586,1197,0
641,417,1
6055,217,1
3523,329,1
651,109,1
1996,452,1
85,593,1
81392,40,0
44202,955,0
100967,196,0
566,91,0
101,35,1
188,180,1
56229,45,0
51510,252,0
14027,186,0
49813,636,0
66945,12,0
22540,35,0
27782,798,0
3640,4,1
3284,951,1
1464,177,1
5016,175,1
55112,41,0
124,941,1
188,245,1
12525,264,0
75,233,1
64883,460,0
15770,231,0
81403,17,0
3122,44,1
76647,21,0
1798,44,1
4342,149,1
1056,149,1
4354,35,1
54800,58,0
1851,40,1
410,87,1
1035,91,1
53,21,1
26439,35,0
1487,315,1
29325,78,0
3804,877,1
8845,74,0
552,29,1
74017,150,0
2504,17,1
31144,1122,0
85794,74,0
77082,109,0
1907,44,1
9552,6,0
561,685,1
328,6,0
922,282,1
22271,456,0
64256,1194,0
1157,0,1
95371,1245,0
57596,245,0
72952,124,0
50551,1198,0
84777,206,0
497,949,1
2428,61,1
45907,1207,0
65529,58,0
69969,1075,0
63186,67,0
35205,202,0
105479,220,0
1616,97,1
331,114,1
571,961,1
2716,248,1
1399,73,1
68237,352,0
77908,13,0
106418,339,0
83591,394,0
105529,33,0
2389,270,1
49127,621,0
4834,109,1
500,91,1
306,331,1
28068,859,0
119,776,1
2131,21,1
19844,98,0
25003,69,0
14812,363,0
182,129,1
1075,111,1
56133,217,0
81162,431,0
63564,98,0
19856,98,0
64080,84,0
46224,541,0
67522,40,0
3256,18,1
4057,878,1
1467,403,1
824,80,1
305,80,1
115,36,1
68432,434,0
4194,18,1
818,961,1
73660,859,0
1701,68,1
1195,82,1
3312,172,0
1367,69,1
564,675,1
1354,233,1
5583,41,1
54,15,1
249,229,1
1674,253,1
12047,6,0
2725,38,1
618,386,1
36621,82,0
40782,283,0
46933,37,0
73,45,1
44623,882,0
930,1012,1
10248,21,0
66694,282,0
95005,58,0
44145,36,0
65275,45,0
42166,4,0
71576,48,0
1788,870,1
1365,206,1
39730,784,0
612,1210,1
289,8,1
55985,6,0
55663,247,0
81,800,1
13883,194,0
39850,71,0
93613,663,0
2757,21,1
36264,109,0
61299,245,0
222,431,1
488,1417,1
9525,66,0
101,237,1
45311,1396,0
43930,256,0
81866,40,0
1739,138,1
1365,98,1
262,506,1
50708,0,0
23687,1194,0
5577,150,1
7493,5,0
910,1199,1
2651,169,1
31733,744,0
2885,157,1
51846,650,0
50647,205,0
78988,18,0
332,13,1
437,255,1
22779,230,0
23139,246,0
92,520,1
36865,91,0
3563,61,1
332,114,1
2018,578,1
58661,82,0
13545,12,0
18621,24,0
3162,40,1
27153,67,0
33240,41,0
5720,217,1
458,621,1
73,89,1
300,462,1
255,431,1
2434,177,1
25416,330,0
3646,1,1
2716,24,1
11190,1011,0
5431,249,1
76499,942,0
13853,5,0
66261,39,0
5198,149,0
85281,109,0
101483,247,0
67477,285,0
6052,961,1
2386,195,1
85,35,1
36086,9,0
43608,905,0
98297,57,0
21901,16,0
229,283,1
437,61,1
888,815,1
87350,15,0
188,76,1
25742,738,0
884,501,1
58602,21,0
67128,284,0
100652,193,0
1426,282,1
85201,363,0
49,564,1
96231,728,0
135,270,1
2932,1196,1
9538,29,0
106245,65,0
5520,47,0
1078,203,1
5246,1210,1
995,129,1
100704,57,0
39344,1124,0
2440,283,1
5723,435,0
98968,636,0
586,438,1
73888,114,0
1648,47,1
377,17,1
13120,35,0
2444,245,1
3159,15,1
90702,41,0
64414,347,0
3494,150,1
1285,944,0
2440,189,1
79172,297,0
18135,283,0
977,4,1
20290,29,0
3535,465,1
901,678,1
92117,89,0
44968,1456,0
157,596,1
16060,1394,0
4237,40,1
72449,6,0
25512,283,0
31,909,1
105929,262,0
368,109,1
3157,21,1
88302,13,0
49476,5,0
65739,153,0
1630,19,1
428,5,1
228,97,1
2738,91,1
1752,61,1
5210,1012,1
5308,351,0
6886,1363,0
2279,1,1
898,105,1
3014,520,0
2429,878,1
4762,403,0
42899,464,0
1057,114,1
87810,78,0
6844,9,0
820,194,1
59924,623,0
883,671,1
36075,89,0
67978,172,0
2440,594,1
46224,344,0
2310,173,1
94136,9,0
9755,586,0
297,313,1
1882,9,1
15386,1207,0
57089,114,0
542,913,1
32830,57,0
99162,78,0
39262,128,0
3229,233,1
349,995,1
44731,221,0
388,1197,1
1457,65,1
5344,424,1
36642,1456,0
19534,1200,0
2885,180,1
92164,58,0
113,1210,1
2373,1207,1
50122,78,0
2716,91,1
45146,1200,0
1628,109,1
43930,776,0
262,207,1
100726,129,0
1472,281,1
60159,394,0
841,1202,1
35622,704,0
29243,21,0
44071,331,0
6029,24,0
48,21,1
17045,180,0
29233,686,0
2251,84,1
104956,103,0
55468,138,0
314,776,1
3089,431,1
35706,397,0
36074,256,0
61840,40,0
78579,282,0
61,129,1
48982,91,0
285,673,1
68375,233,0
944,114,1
2440,252,1
969,172,1
21300,529,0
983,423,1
1674,68,1
4476,403,1
1374,515,1
9825,1207,0
18490,177,0
912,58,1
3120,1224,1
54692,724,0
21830,170,0
2689,91,1
2544,844,1
101551,943,0
995,995,1
31,9,1
4944,1196,1
95244,410,0
225,1075,1
37827,33,0
157,431,1
57283,587,0
2790,1365,1
60514,109,0
508,207,1
106073,58,0
128,76,1
3273,28,1
49403,431,0
4731,431,1
76936,169,0
12657,39,0
194,404,1
76839,80,0
3080,12,1
2677,621,1
20149,233,0
2515,173,0
99642,21,0
2461,1473,1
564,12,1
60769,41,0
16587,823,0
76338,233,0
63849,39,0
4164,877,1
557,403,1
98036,92,0
456,74,1
3061,91,1
724,41,1
207,951,1
2920,3,1
77442,4,0
4732,39,1
33251,183,0
83770,253,0
578,551,1
50574,172,0
58975,58,0
1401,1249,1
57084,73,0
1539,1207,1
1171,837,1
32198,121,0
86144,344,0
233,247,1
64169,1198,0
157,351,1
2385,109,1
1277,16,1
1492,246,0
60401,39,0
94887,479,0
84945,206,0
1465,551,1
24280,943,0
103,577,1
1491,89,1
26,776,1
72114,220,0
1448,171,1
30819,37,0
85619,137,0
1812,58,1
103536,17,0
1203,61,1
44333,263,0
2236,394,1
162,1366,1
98753,245,0
18470,344,0
11847,1200,0
2990,169,1
86642,91,0
2097,41,1
2820,196,1
63212,928,0
312,89,1
28694,255,0
83442,207,0
55052,80,0
11538,283,0
1540,308,1
5096,47,1
26821,21,0
80859,41,0
39073,776,0
21168,18,0
4250,1197,0
59146,327,0
5209,217,1
101743,394,0
45416,1263,0
52184,1165,0
179,823,1
79027,67,0
883,429,1
1690,38,1
4634,258,1
48919,124,0
78436,282,0
104282,0,0
38465,889,0
2439,1012,1
25731,456,0
91529,190,0
83840,424,0
503,57,1
987,39,1
61721,1197,0
1850,886,1
245,784,1
47780,9,0
8329,844,0
10924,590,0
2736,253,0
74696,18,0
104633,41,0
5230,1197,1
3716,878,1
1350,264,1
13739,47,0
3101,21,1
2034,40,1
33830,38,0
4303,1494,1
86556,21,0
25745,0,0
89489,413,0
101,252,1
103064,41,0
3110,1408,1
3635,47,1
2671,171,1
228,1040,1
1950,44,1
70360,619,0
1350,179,1
1618,337,1
809,31,1
2412,1394,1
2,806,1
557,886,1
11985,316,0
145,269,1
28567,92,0
1487,950,0
68748,65,0
48983,821,0
804,1202,1
79701,38,0
3131,1207,1
3103,1012,0
92570,9,0
89964,1198,0
3985,4,1
47493,5,0
1475,21,1
75973,40,0
1366,39,1
542,373,1
45314,391,0
68203,217,0
2429,251,1
2310,456,1
1776,170,1
3501,45,1
30984,82,0
28899,501,0
4481,255,1
729,1145,1
4546,583,1
1101,78,1
45352,21,0
559,217,1
3639,273,1
21039,21,0
52191,809,0
63,927,1
877,442,1
82765,4,0
5321,13,1
3252,114,1
89029,892,0
49189,68,0
91197,18,0
70594,1222,0
62624,503,0
51753,173,0
358,1,1
16710,82,0
4199,69,1
40685,114,0
57038,616,0
593,177,1
105429,283,0
31741,84,0
16888,9,0
4365,394,1
39540,344,0
143,181,1
283,5,1
6018,129,0
69664,361,0
3021,9,1
586,776,1
35753,795,0
101,852,1
43235,150,0
89797,445,0
43255,78,0
4635,1337,1
3643,78,1
2664,41,0
25137,859,0
1517,139,1
3051,253,1
5978,352,1
3857,109,1
1944,41,1
1214,270,0
26137,1457,0
92579,477,0
4345,776,1
41321,246,0
21,150,1
60847,238,0
2105,29,1
2820,118,1
83630,283,0
53037,221,0
974,431,1
274,98,1
1327,234,0
8462,300,0
13290,270,0
36638,114,0
86785,9,0
496,45,1
62536,39,0
2854,82,1
32202,98,0
12867,230,0
51472,4,0
61328,501,0
1493,114,1
73488,292,0
37345,447,0
89565,68,0
4853,503,0
49651,230,0
557,40,1
780,36,1
313,673,1
192,4,1
557,235,1
1910,673,1
500,327,1
3333,944,1
52616,97,0
1062,92,1
225,501,1
17441,251,0
848,926,1
67753,98,0
3587,56,1
155,181,1
5220,482,1
1691,937,1
1691,61,1
18352,57,0
6056,39,1
45238,128,0
542,41,1
3679,776,1
500,468,1
19359,491,0
503,44,1
960,784,1
125,248,1
783,177,1
5850,114,1
3585,57,1
17367,1221,0
104831,482,0
65247,776,0
456,91,1
49299,233,0
25455,80,0
2885,859,1
1036,4,1
76962,15,0
5222,74,1
4589,1075,0
415,259,1
81552,206,0
47165,246,0
969,12,1
13744,189,0
4016,776,1
3153,41,1
78980,13,0
140,647,1
59745,76,0
60989,288,0
6181,21,1
58841,256,0
2786,58,1
104136,281,0
6063,39,1
378,506,1
54789,1448,0
8287,129,0
11380,61,0
89662,783,0
361,29,1
85330,29,0
46340,44,0
62379,0,0
47660,220,0
16461,288,0
2462,221,1
5989,859,1
313,33,1
96158,68,0
55719,920,0
57606,45,0
928,263,1
6929,252,0
1695,943,1
4847,84,0
43888,177,0
86722,1217,0
729,376,1
1159,45,1
228,225,1
134,12,1
81318,13,0
133,1193,1
841,445,1
1365,207,1
70041,6,0
5791,33,1
8313,351,0
57715,124,0
37929,194,0
48712,1025,0
18897,1388,0
42769,3,0
1426,292,1
86140,501,0
1032,258,1
82511,6,0
36720,776,0
3161,1207,1
81350,207,0
24694,35,0
801,144,1
37452,68,0
15017,150,0
76,911,1
3051,776,1
55518,1207,0
83236,54,0
8229,339,0
98129,21,0
2115,431,1
38342,884,0
83221,58,0
52780,58,0
4293,431,1
3360,39,1
103977,491,0
74,119,1
433,394,1
18977,8,0
65450,64,0
35638,114,0
942,961,1
2451,17,1
2428,124,1
6154,180,0
62576,822,0
64374,307,0
57279,177,0
99386,617,0
50591,35,0
38025,1210,0
104737,45,0
346,35,1
68664,1196,0
5686,1224,1
85958,351,0
90501,68,0
67770,246,0
3652,763,1
58424,151,0
2817,189,1
934,12,1
2448,394,1
58092,91,0
679,160,1
49974,1199,0
65191,487,0
576,433,1
4177,1249,1
31883,114,0
68911,548,0
227,217,1
222,404,1
60880,4,0
62541,57,0
2936,430,1
2086,264,1
712,109,1
62716,0,0
38099,57,0
41496,61,0
24534,114,0
559,340,1
3400,247,1
3044,4,1
9626,722,0
50387,1122,0
2131,150,1
4678,431,1
24388,36,0
85,205,1
34448,229,0
1503,97,1
46033,68,0
65658,805,0
8860,17,0
102829,24,0
4162,878,1
2920,1210,1
32433,39,0
557,39,1
50138,140,0
92121,24,0
286,145,1
618,364,1
225,172,1
240,28,1
853,44,1
396,6,0
2913,152,1
111,283,1
34786,109,0
3333,504,1
2549,944,1
7154,5,0
2088,259,1
3007,401,1
24336,1197,0
31154,420,0
87638,882,0
103512,292,0
65001,172,0
16973,784,0
79617,73,0
60013,41,0
12160,392,0
1367,776,1
74592,44,0
8066,362,0
969,1027,1
73768,109,0
52008,1238,0
623,194,1
56587,1124,0
2161,843,1
2033,37,1
82612,109,0
5819,961,1
6082,1198,1
2283,24,1
61047,114,0
610,1202,1
4555,21,1
28729,24,0
103719,89,0
5988,1467,1
28149,72,0
11004,36,0
21219,1015,0
583,946,1
52246,5,0
5774,251,1
258,207,1
10068,91,0
61403,47,0
188,89,1
86466,18,0
45497,37,0
1159,13,1
2519,109,1
58683,179,0
24060,21,0
2804,38,1
1636,520,1
233,578,1
22199,205,0
71182,118,0
3972,16,1
1476,163,1
57778,8,0
567,394,1
93362,17,0
9463,97,0
95857,16,0
54847,141,0
8069,581,0
80417,21,0
71292,220,0
5997,394,1
1464,41,1
44780,33,0
236,256,1
829,327,1
74474,65,0
83077,48,0
31327,859,0
567,207,0
89197,344,0
938,58,1
1888,12,1
101161,877,0
4069,885,1
315,9,1
1896,145,1
6833,33,0
50820,130,0
2686,1094,1
350,5,1
5358,9,1
1615,203,1
4578,255,1
884,171,1
56170,6,0
61,109,1
2177,203,1
63061,44,0
80096,21,0
33666,1197,0
80034,21,0
4677,58,1
54414,129,0
5978,12,1
45930,456,0
93725,253,0
4936,1198,1
3162,233,1
90278,1198,0
6226,6,1
68945,15,0
41142,423,0
100333,181,0
26623,331,0
3138,253,1
1630,12,1
5057,791,1
1089,265,1
67628,91,0
15344,394,0
85631,407,0
102,776,1
32724,937,0
71443,429,0
2054,21,1
48621,150,0
2554,1017,1
4706,394,0
68126,45,0
57394,1207,0
59460,40,0
4104,87,1
89078,403,0
68162,36,0
23111,21,0
80613,72,0
1365,205,1
85686,9,0
20592,58,0
1717,186,1
84862,1207,0
871,256,1
4340,3,0
44615,431,0
7220,179,0
21086,91,0
33438,434,0
2017,503,1
1136,6,1
2196,41,1
36380,91,0
139,221,1
81897,45,0
82989,578,0
86544,1,0
60219,40,0
225,9,1
1616,24,1
225,885,1
4673,61,0
3400,76,1
33163,89,0
99621,1458,0
4610,1196,1
902,579,1
56415,157,0
40216,693,0
20530,174,0
1078,152,1
70,391,1
2289,776,1
2248,138,1
4672,362,1
50315,35,0
29993,882,0
2145,776,1
29742,1193,0
441,47,1
1159,97,1
4775,282,0
79498,1210,0
21518,64,0
38645,1094,0
46852,13,0
1889,29,1
2017,97,1
5040,107,1
20975,39,0
6056,57,1
39390,156,0
2822,37,1
46471,791,0
22695,41,0
2003,114,1
39458,859,0
3300,464,1
1689,13,1
45898,89,0
105241,153,0
5485,913,1
577,424,1
84669,1394,0
21684,200,0
39518,4,0
734,109,1
1074,18,1
4463,9,1
5408,47,1
47,6,1
3240,6,1
101747,269,0
1163,1185,1
50756,776,0
3154,1194,1
29494,501,0
1647,430,1
346,13,1
100333,180,0
95907,141,0
6036,1394,0
80177,89,0
548,150,1
71768,233,0
276,12,1
105021,776,0
14,1193,1
56318,1197,0
780,179,1
2576,109,1
87454,460,0
43746,1194,0
13798,264,0
1701,21,1
36496,12,0
32086,56,0
38765,5,0
344,47,1
42415,170,0
91653,40,0
3333,941,1
87305,220,0
90035,64,0
44233,147,0
57904,39,0
78061,844,0
4366,138,1
5720,9,1
17769,473,0
98499,29,0
73274,12,0
48234,935,0
4481,36,1
4566,107,1
104917,200,0
2848,238,1
4289,434,1
1612,382,1
591,141,1
2434,21,1
87004,364,0
38252,206,0
18449,331,0
302,74,1
5578,517,1
80067,39,0
39274,45,0
1535,194,1
95390,74,0
101445,214,0
60570,321,0
1030,98,0
96072,1217,0
2607,269,1
982,1200,1
96457,139,0
33461,8,0
1836,98,1
40580,217,0
945,1030,1
1398,955,1
59975,125,0
15004,394,0
229,481,1
4378,0,1
3153,13,1
49496,791,0
1604,468,1
2446,252,1
1631,74,1
559,61,1
50817,791,0
1615,109,1
3521,24,1
99840,5,0
1968,175,1
33803,517,0
103525,41,0
79926,281,0
33946,217,0
50648,8,0
1982,859,1
14973,581,0
3601,220,1
522,80,1
33020,89,0
11560,78,0
84778,21,0
14992,917,0
48084,776,0
53448,119,0
44127,1177,0
1207,150,1
280,269,1
1615,581,1
5871,519,1
15563,207,0
79515,1396,0
5720,150,1
3057,41,1
43467,61,0
4489,9,1
27027,154,0
69773,73,0
942,5,1
80036,944,0
95116,1200,0
497,481,1
938,9,1
352,53,1
13194,109,0
31850,40,0
1281,197,1
2170,885,0
1077,821,1
934,3,1
1232,194,1
60389,153,0
1336,798,1
1504,217,1
358,33,1
500,45,1
105942,91,0
4384,931,0
4475,332,0
559,292,1
72503,6,0
99632,152,0
93442,1200,0
71833,248,0
1119,431,1
100507,8,0
2128,1220,1
351,483,1
58707,623,0
1636,61,1
829,21,1
59164,1198,0
3045,1210,1
575,948,1
557,98,1
58776,394,0
3928,878,1
23155,118,0
12808,543,0
71773,40,0
860,109,1
33248,160,0
65915,35,0
9202,15,0
50859,205,0
84054,24,0
42705,882,0
61,182,1
1620,21,0
784,156,1
104170,0,0
87176,391,0
3307,245,1
94856,647,0
144,31,1
78221,56,0
2717,318,1
45467,776,0
135,1207,1
3346,37,1
4999,44,1
77745,39,0
92,35,1
3209,12,1
39580,151,0
349,596,1
3127,40,1
75454,1197,0
655,109,1
2504,18,1
2673,821,1
1758,1124,1
253,776,1
3710,1,1
290,6,1
56,177,1
90913,141,0
31600,194,0
3872,636,1
4635,409,1
79604,229,0
1749,433,1
559,114,1
78599,3,0
1631,37,1
96751,130,0
29870,31,0
107,218,1
73013,44,0
87071,1198,0
105561,643,0
25999,440,0
327,151,1
3151,41,1
118,31,1
1965,201,0
106372,125,0
8507,214,0
1650,253,1
2903,152,1
104242,519,0
75273,235,0
39736,1224,0
102641,9,0
861,109,1
39435,1224,0
2568,0,1
1367,1194,1
211,1124,1
2612,80,1
437,21,1
987,41,1
11952,64,0
1442,221,1
21317,431,0
27105,882,0
3903,878,1
16419,175,0
25170,6,0
209,138,1
1370,434,1
124,44,1
20134,449,0
1398,776,1
1455,444,1
19715,44,0
83,292,1
97301,431,0
423,69,1
207,288,1
21754,17,0
112,203,1
9514,376,0
33005,376,0
92878,431,0
59422,464,0
14845,6,0
28214,480,0
93790,1134,0
4232,878,1
1001,394,1
77807,172,0
2058,1207,1
20369,394,0
2607,133,1
102330,806,0
38410,0,0
2868,783,1
74864,45,0
3504,114,1
336,209,1
49573,6,0
1856,91,0
62846,0,0
75,58,1
2384,1,1
25080,173,0
93948,455,0
1647,584,1
20239,24,0
82134,145,0
66189,33,0
246,621,1
32704,173,0
61232,15,0
96709,878,0
1668,39,1
43781,112,0
96853,74,0
549,80,1
1081,769,1
327,217,1
21436,409,0
987,281,1
227,884,1
2118,41,1
99351,407,0
305,1207,1
2993,424,0
49060,65,0
2458,795,1
90867,1396,0
71973,109,0
249,683,1
97461,883,0
313,246,1
85137,3,0
1474,109,1
1205,981,1
486,1207,1
415,258,1
76913,1385,0
35857,141,0
92267,97,0
96577,91,0
2815,149,1
11266,180,0
923,621,1
22968,541,0
35015,776,0
79250,4,0
61063,124,0
20795,39,0
63450,61,0
3229,431,1
2096,58,1
254,190,1
26366,431,0
1501,45,1
53936,253,0
4586,1396,1
46573,175,0
44481,24,0
2574,64,1
2559,1202,1
3714,13,0
49004,1,0
2938,451,1
5635,1202,1
1699,38,1
87486,232,0
1563,27,1
96357,80,0
2289,882,1
477,47,1
61682,1085,0
1742,74,1
644,246,1
240,431,1
14587,1224,0
13,47,1
129,111,1
336,878,1
1090,878,1
103046,3,0
3514,305,1
4247,911,1
80047,484,0
559,45,1
1188,13,1
101,57,1
204,29,1
9019,76,0
442,1124,1
93628,407,0
2908,233,1
42474,913,0
40768,13,0
73645,889,0
917,9,1
102228,1,0
85538,13,0
79940,458,0
23122,464,0
58004,1193,0
4304,1198,1
66086,247,0
4015,98,1
313,38,1
11022,918,0
55628,98,0
1461,39,1
82249,13,0
53459,578,0
12888,351,0
4376,44,1
5996,44,0
76824,37,0
644,89,1
890,114,1
924,105,1
19414,776,0
97474,246,0
10169,150,0
53175,76,0
10574,98,0
78362,114,0
19371,18,0
32029,145,0
4022,160,1
97492,1197,0
100,502,1
31590,144,0
2170,306,1
559,207,1
9125,1194,0
52179,58,0
97901,105,0
40954,9,0
41976,194,0
88808,248,0
102801,180,0
81285,21,0
75879,156,0
26,220,1
94276,551,0
5749,256,1
3651,68,0
1340,109,1
3097,170,1
11944,948,0
486,623,1
1374,305,1
4677,9,1
32893,9,0
56465,47,0
7053,288,0
2374,394,1
1835,114,1
60533,61,0
21012,297,0
376,462,1
98843,65,0
624,244,1
6594,151,0
1798,35,1
1674,72,1
413,53,1
943,48,1
97020,344,0
2334,255,1
1631,276,1
20321,155,0
233,502,1
5592,1197,1
3143,583,1
33099,109,0
3699,160,0
90,100,1
32755,61,0
618,13,1
34866,999,0
8293,1196,0
26,733,1
70,383,1
75060,776,0
42,1207,1
1063,58,1
4520,230,1
4008,87,1
102260,247,0
49913,877,0
912,221,1
3587,61,1
24971,1193,0
104319,221,0
4691,434,1
3618,614,1
56320,61,0
1010,41,1
66548,152,0
4641,149,0
31872,13,0
79348,1193,0
1362,880,1
1123,1198,1
1631,1007,1
83942,1001,0
437,608,1
1365,37,1
43803,45,0
2232,130,1
95558,1011,0
40497,40,0
35447,114,0
1243,238,1
4637,844,1
55112,1074,0
2,776,1
1242,18,1
61521,926,0
101,909,1
36409,35,0
227,339,1
54982,98,0
751,281,1
25130,21,0
2661,57,1
23248,114,0
89216,1194,0
3414,13,1
65981,362,0
1062,58,1
588,349,1
90291,327,0
1535,175,1
4329,327,0
3569,258,1
25421,1230,0
91761,1272,0
500,776,1
56,149,1
78847,245,0
50240,431,0
1366,114,1
31013,1197,0
1367,67,1
11125,217,0
3016,6,1
51306,0,0
283,129,1
587,215,1
2823,776,1
200,362,1
1643,65,1
61318,6,0
1644,6,1
1883,150,1
84389,58,0
311,29,1
1195,9,1
64966,411,0
95929,950,0
13751,379,0
78047,897,0
5448,877,1
75772,269,0
49,201,1
41479,80,0
191,344,1
70363,619,0
21795,776,0
3030,147,1
4578,950,1
44152,82,0
587,171,1
1643,18,1
1102,65,1
102813,35,0
53,502,1
730,408,1
43230,71,0
3121,152,1
4707,40,1
1288,1257,1
93847,606,0
42629,53,0
115,481,1
2640,21,1
578,621,1
16644,172,0
36937,956,0
557,984,1
101941,247,0
1035,510,1
44435,1394,0
81203,69,0
42843,247,0
1463,1226,1
13283,317,0
2355,194,1
209,145,1
2346,40,0
84468,252,0
262,36,1
25623,1210,0
69522,941,0
38276,38,0
915,599,1
1637,72,1
83080,18,0
87069,35,0
2559,621,1
5993,1207,0
80196,114,0
51554,256,0
82866,1076,0
9330,8,0
1197,1198,1
104236,456,0
85727,40,0
1400,776,1
387,424,1
95721,14,0
29,1197,1
81069,78,0
1401,58,1
26,403,1
82305,247,0
93868,9,0
76034,215,0
7960,47,0
61,114,1
86269,1227,0
70624,256,0
508,98,1
901,918,1
20758,8,0
83144,177,0
104260,45,0
98197,64,0
4091,877,1
252,65,1
6063,40,1
2434,340,1
42904,78,0
4306,40,1
1616,13,1
233,38,1
19205,270,0
471,1122,1
257,152,1
2241,800,1
197,217,1
2631,8,1
884,73,1
32,41,1
1620,24,1
100565,16,0
2014,776,0
1758,45,1
92712,917,0
23044,283,0
57662,1289,0
34652,394,0
332,379,1
1466,1,1
15109,466,0
69,180,1
2796,478,1
1518,3,1
43411,67,0
42028,89,0
104782,776,0
46480,269,0
8497,78,0
35741,431,0
1398,456,1
6229,177,1
58893,61,0
1400,523,1
77559,202,0
640,224,1
84979,177,0
93912,40,0
1872,41,1
2189,44,1
78844,177,0
47629,0,0
82431,16,0
44055,35,0
78330,683,0
16989,154,0
302,401,1
4733,170,1
1283,5,1
14882,910,0
67742,24,0
518,179,1
35447,793,0
1910,21,1
336,462,1
104165,145,0
519,37,1
105424,953,0
389,823,1
10944,45,0
1140,152,1
1508,518,1
44050,1372,0
207,177,1
78481,13,0
4411,823,1
2820,88,1
14649,557,0
17604,501,0
68625,179,0
2618,17,1
19750,1207,0
29594,501,0
1644,21,1
30260,252,0
887,776,1
4565,522,1
96613,284,0
39691,13,0
67323,9,0
1369,6,1
890,180,1
924,35,1
51863,1456,0
2468,616,1
39832,78,0
29081,88,0
12198,79,0
59329,21,0
238,13,1
332,8,1
577,206,1
1279,1207,0
82882,53,0
552,546,1
69844,1197,0
17641,1465,0
29396,269,0
100998,974,0
38200,1207,0
105672,776,0
108,263,1
124,510,1
85166,263,0
5363,1,1
97132,951,0
111,0,1
76583,263,0
47185,76,0
2428,1196,1
2386,304,1
3333,71,1
3048,21,1
2737,246,1
76375,149,0
2485,196,1
2538,1241,0
88568,4,0
167,76,1
13256,833,0
1235,270,1
49564,13,0
58843,408,0
784,710,1
10753,65,0
100314,80,0
1367,39,1
11056,21,0
4234,21,1
100714,1405,0
1720,1,1
103461,518,0
245,783,1
17191,232,0
54706,578,0
635,37,0
66465,12,0
12232,61,0
87377,283,0
3534,78,1
2144,961,1
1350,35,1
246,1244,1
20462,1207,0
88817,231,0
2120,1218,1
3558,29,1
98000,61,0
6882,918,0
893,150,1
63297,40,0
1461,424,1
76925,215,0
1173,344,1
66961,800,0
518,44,1
3634,13,1
56,154,1
104488,1394,0
1503,58,1
10383,686,0
351,238,1
657,109,1
1120,125,1
20926,942,0
60885,82,0
265,53,1
78009,0,0
677,794,0
52119,1400,0
4418,1227,1
53178,394,0
3650,435,1
1000,145,1
7432,78,0
966,69,1
2620,244,1
58277,394,0
793,1207,1
1732,37,1
26695,0,0
1367,456,1
1753,401,1
2126,776,0
159,137,1
912,246,1
3562,820,1
22826,65,0
1081,1194,1
320,65,1
212,199,1
3627,40,1
3585,9,1
2018,13,1
85,233,1
45208,0,0
55848,191,0
16733,190,0
99912,998,0
1044,221,1
3702,362,1
61580,1289,0
58910,776,0
589,45,1
3010,253,1
336,199,1
30836,220,0
261,24,1
61999,424,0
351,776,1
4291,39,1
304,1017,1
61680,12,0
66,39,1
45869,36,0
88361,13,0
94114,150,0
2422,784,1
88826,40,0
54,41,1
79264,98,0
72405,1198,0
12999,220,0
64867,21,0
105281,114,0
55008,186,0
100821,72,0
4634,331,1
917,192,1
73,892,1
3599,91,1
1364,896,1
1797,283,1
53718,33,0
61,0,1
1159,263,1
1350,728,1
1650,776,1
21734,152,0
285,125,1
94765,821,0
722,173,1
76598,183,0
1737,1207,1
94805,21,0
415,1210,1
35627,207,0
1174,9,1
1742,1207,0
423,951,1
33052,376,0
97873,460,0
56630,1194,0
32005,859,0
45859,502,0
890,456,1
77391,715,0
385,8,0
2847,8,1
40146,231,0
32304,97,0
67314,109,0
67007,17,0
14309,468,0
1350,233,1
138,288,1
575,949,1
36799,1012,0
5063,109,1
27865,431,0
934,518,1
81616,13,0
1073,783,1
37461,21,0
3097,172,1
90090,12,0
52,247,1
5978,569,1
55953,424,0
80,27,1
1659,364,1
75740,643,0
1037,129,1
105035,73,0
1552,12,1
884,72,1
15022,91,0
2823,158,1
85042,233,0
32427,195,0
20250,0,0
68682,36,0
4069,884,1
1114,1194,1
68701,1245,0
1383,80,1
85291,141,0
81984,128,0
39218,6,0
20311,304,0
52919,1396,0
809,2,1
650,205,0
22540,362,0
6161,256,1
50,15,1
1401,340,1
2560,109,1
70004,82,0
46793,57,0
3924,16,1
66481,951,0
256,38,1
103981,438,0
784,114,1
99529,0,0
49398,555,0
67218,35,0
233,41,1
987,1285,1
39097,315,0
96064,41,0
96998,401,0
20213,394,0
18498,38,0
647,458,1
59556,739,0
222,1210,1
57793,33,0
2260,367,1
104933,431,0
134,74,1
2469,16,1
99050,264,0
103067,1471,0
82580,171,0
72504,1,0
77431,74,0
94813,149,0
83,150,1
14833,91,0
2519,129,1
74150,1207,0
70717,217,0
22369,233,0
968,1094,1
2464,309,1
39681,926,0
4401,1296,1
56332,40,0
6055,24,1
578,177,1
100064,464,0
285,417,1
47160,69,0
426,1076,1
45918,179,0
1084,169,1
13965,45,0
1387,880,1
103517,149,0
16553,259,0
784,91,1
1367,429,1
37510,122,0
1077,408,1
91227,194,0
85,24,1
226,39,1
1884,21,1
50552,39,0
258,13,1
2212,58,1
3366,501,1
37123,150,0
60304,13,0
2544,458,1
70,776,0
93441,80,0
68584,40,0
7244,179,0
1908,1094,1
2467,1207,1
87,79,1
75435,217,0
2355,175,1
1956,1,1
23299,76,0
43300,35,0
1584,190,1
50527,69,0
40826,362,0
1304,16,1
1393,4,1
97128,859,0
52397,41,0
63061,153,0
2422,18,1
33957,39,0
91090,375,0
99927,877,0
42848,1207,0
2043,73,1
78025,1194,0
52142,234,0
1106,79,1
2165,78,1
76485,1439,0
25768,1083,0
20786,21,0
1957,407,1
16897,217,0
1033,1026,1
1485,1197,1
36603,394,0
3058,477,1
55338,233,0
44633,24,0
2917,555,1
4209,800,1
236,39,1
2616,1396,1
97709,1,0
46307,61,0
4566,517,1
20385,21,0
91118,220,0
73487,48,0
43450,823,0
82543,80,0
187,140,1
35800,173,0
2115,41,1
91388,458,0
105795,1394,0
47113,13,0
2189,306,1
50591,502,0
437,789,1
3164,114,1
79119,65,0
2463,555,1
997,58,1
304,45,1
114,105,1
31005,623,0
45698,152,0
119,0,1
73572,138,0
1070,201,1
104154,546,0
2174,394,1
23218,456,0
28608,1,0
47248,17,0
853,177,1
7220,256,0
1661,58,1
929,13,1
1036,451,1
16725,462,0
14809,447,0
2307,776,1
931,905,1
542,309,1
302,569,1
4481,1249,1
105887,35,0
2128,153,1
623,798,1
94318,74,0
13916,298,0
584,21,1
89736,114,0
1824,217,1
39364,1197,0
51776,39,0
4441,1076,1
63377,18,0
34753,1453,0
53,401,1
15440,160,0
587,1467,1
63224,1210,0
106131,0,0
67831,501,0
68504,270,0
36914,40,0
85811,431,0
3876,150,1
825,80,1
508,21,1
